date,market,ticker,community,ari_stability
2010-07-07,bovespa,ABEV3.SA,0,1.0
2010-07-07,bovespa,B3SA3.SA,4,1.0
2010-07-07,bovespa,BBAS3.SA,0,1.0
2010-07-07,bovespa,BBDC3.SA,0,1.0
2010-07-07,bovespa,BBDC4.SA,0,1.0
2010-07-07,bovespa,BEEF3.SA,0,1.0
2010-07-07,bovespa,CMIG4.SA,4,1.0
2010-07-07,bovespa,CSAN3.SA,3,1.0
2010-07-07,bovespa,CSNA3.SA,0,1.0
2010-07-07,bovespa,CYRE3.SA,3,1.0
2010-07-07,bovespa,DXCO3.SA,4,1.0
2010-07-07,bovespa,ENEV3.SA,4,1.0
2010-07-07,bovespa,EZTC3.SA,3,1.0
2010-07-07,bovespa,FLRY3.SA,4,1.0
2010-07-07,bovespa,GGBR4.SA,4,1.0
2010-07-07,bovespa,ITSA4.SA,0,1.0
2010-07-07,bovespa,ITUB4.SA,0,1.0
2010-07-07,bovespa,LREN3.SA,4,1.0
2010-07-07,bovespa,MRVE3.SA,3,1.0
2010-07-07,bovespa,MULT3.SA,4,1.0
2010-07-07,bovespa,PETR3.SA,1,1.0
2010-07-07,bovespa,PETR4.SA,1,1.0
2010-07-07,bovespa,PSSA3.SA,5,1.0
2010-07-07,bovespa,RADL3.SA,3,1.0
2010-07-07,bovespa,RENT3.SA,3,1.0
2010-07-07,bovespa,SANB11.SA,4,1.0
2010-07-07,bovespa,SBSP3.SA,3,1.0
2010-07-07,bovespa,SMTO3.SA,4,1.0
2010-07-07,bovespa,SUZB3.SA,4,1.0
2010-07-07,bovespa,TOTS3.SA,0,1.0
2010-07-07,bovespa,UGPA3.SA,4,1.0
2010-07-07,bovespa,USIM5.SA,4,1.0
2010-07-07,bovespa,VALE3.SA,4,1.0
2010-07-07,bovespa,WEGE3.SA,0,1.0
2010-07-07,bovespa,YDUQ3.SA,1,1.0
2010-08-06,bovespa,ABEV3.SA,1,0.11658438471384165
2010-08-06,bovespa,B3SA3.SA,3,0.11658438471384165
2010-08-06,bovespa,BBAS3.SA,2,0.11658438471384165
2010-08-06,bovespa,BBDC3.SA,2,0.11658438471384165
2010-08-06,bovespa,BBDC4.SA,2,0.11658438471384165
2010-08-06,bovespa,BEEF3.SA,3,0.11658438471384165
2010-08-06,bovespa,CMIG4.SA,0,0.11658438471384165
2010-08-06,bovespa,CSAN3.SA,3,0.11658438471384165
2010-08-06,bovespa,CSNA3.SA,0,0.11658438471384165
2010-08-06,bovespa,CYRE3.SA,0,0.11658438471384165
2010-08-06,bovespa,DXCO3.SA,3,0.11658438471384165
2010-08-06,bovespa,ENEV3.SA,3,0.11658438471384165
2010-08-06,bovespa,EZTC3.SA,3,0.11658438471384165
2010-08-06,bovespa,FLRY3.SA,2,0.11658438471384165
2010-08-06,bovespa,GGBR4.SA,0,0.11658438471384165
2010-08-06,bovespa,ITSA4.SA,2,0.11658438471384165
2010-08-06,bovespa,ITUB4.SA,2,0.11658438471384165
2010-08-06,bovespa,LREN3.SA,3,0.11658438471384165
2010-08-06,bovespa,MRVE3.SA,2,0.11658438471384165
2010-08-06,bovespa,MULT3.SA,2,0.11658438471384165
2010-08-06,bovespa,PETR3.SA,1,0.11658438471384165
2010-08-06,bovespa,PETR4.SA,1,0.11658438471384165
2010-08-06,bovespa,PSSA3.SA,0,0.11658438471384165
2010-08-06,bovespa,RADL3.SA,3,0.11658438471384165
2010-08-06,bovespa,RENT3.SA,3,0.11658438471384165
2010-08-06,bovespa,SANB11.SA,3,0.11658438471384165
2010-08-06,bovespa,SBSP3.SA,0,0.11658438471384165
2010-08-06,bovespa,SMTO3.SA,0,0.11658438471384165
2010-08-06,bovespa,SUZB3.SA,0,0.11658438471384165
2010-08-06,bovespa,TOTS3.SA,2,0.11658438471384165
2010-08-06,bovespa,UGPA3.SA,2,0.11658438471384165
2010-08-06,bovespa,USIM5.SA,0,0.11658438471384165
2010-08-06,bovespa,VALE3.SA,0,0.11658438471384165
2010-08-06,bovespa,WEGE3.SA,3,0.11658438471384165
2010-08-06,bovespa,YDUQ3.SA,1,0.11658438471384165
2010-09-06,bovespa,ABEV3.SA,0,0.243559109150507
2010-09-06,bovespa,B3SA3.SA,2,0.243559109150507
2010-09-06,bovespa,BBAS3.SA,1,0.243559109150507
2010-09-06,bovespa,BBDC3.SA,1,0.243559109150507
2010-09-06,bovespa,BBDC4.SA,1,0.243559109150507
2010-09-06,bovespa,BEEF3.SA,2,0.243559109150507
2010-09-06,bovespa,CMIG4.SA,3,0.243559109150507
2010-09-06,bovespa,CSAN3.SA,2,0.243559109150507
2010-09-06,bovespa,CSNA3.SA,3,0.243559109150507
2010-09-06,bovespa,CYRE3.SA,3,0.243559109150507
2010-09-06,bovespa,DXCO3.SA,2,0.243559109150507
2010-09-06,bovespa,ENEV3.SA,1,0.243559109150507
2010-09-06,bovespa,EZTC3.SA,2,0.243559109150507
2010-09-06,bovespa,FLRY3.SA,2,0.243559109150507
2010-09-06,bovespa,GGBR4.SA,3,0.243559109150507
2010-09-06,bovespa,ITSA4.SA,1,0.243559109150507
2010-09-06,bovespa,ITUB4.SA,1,0.243559109150507
2010-09-06,bovespa,LREN3.SA,3,0.243559109150507
2010-09-06,bovespa,MRVE3.SA,0,0.243559109150507
2010-09-06,bovespa,MULT3.SA,1,0.243559109150507
2010-09-06,bovespa,PETR3.SA,0,0.243559109150507
2010-09-06,bovespa,PETR4.SA,0,0.243559109150507
2010-09-06,bovespa,PSSA3.SA,1,0.243559109150507
2010-09-06,bovespa,RADL3.SA,1,0.243559109150507
2010-09-06,bovespa,RENT3.SA,2,0.243559109150507
2010-09-06,bovespa,SANB11.SA,1,0.243559109150507
2010-09-06,bovespa,SBSP3.SA,0,0.243559109150507
2010-09-06,bovespa,SMTO3.SA,3,0.243559109150507
2010-09-06,bovespa,SUZB3.SA,3,0.243559109150507
2010-09-06,bovespa,TOTS3.SA,0,0.243559109150507
2010-09-06,bovespa,UGPA3.SA,2,0.243559109150507
2010-09-06,bovespa,USIM5.SA,0,0.243559109150507
2010-09-06,bovespa,VALE3.SA,0,0.243559109150507
2010-09-06,bovespa,WEGE3.SA,2,0.243559109150507
2010-09-06,bovespa,YDUQ3.SA,2,0.243559109150507
2010-10-06,bovespa,ABEV3.SA,0,0.25376582570926903
2010-10-06,bovespa,B3SA3.SA,3,0.25376582570926903
2010-10-06,bovespa,BBAS3.SA,0,0.25376582570926903
2010-10-06,bovespa,BBDC3.SA,0,0.25376582570926903
2010-10-06,bovespa,BBDC4.SA,2,0.25376582570926903
2010-10-06,bovespa,BEEF3.SA,3,0.25376582570926903
2010-10-06,bovespa,CMIG4.SA,0,0.25376582570926903
2010-10-06,bovespa,CSAN3.SA,3,0.25376582570926903
2010-10-06,bovespa,CSNA3.SA,0,0.25376582570926903
2010-10-06,bovespa,CYRE3.SA,2,0.25376582570926903
2010-10-06,bovespa,DXCO3.SA,3,0.25376582570926903
2010-10-06,bovespa,ENEV3.SA,0,0.25376582570926903
2010-10-06,bovespa,EZTC3.SA,0,0.25376582570926903
2010-10-06,bovespa,FLRY3.SA,3,0.25376582570926903
2010-10-06,bovespa,GGBR4.SA,0,0.25376582570926903
2010-10-06,bovespa,ITSA4.SA,2,0.25376582570926903
2010-10-06,bovespa,ITUB4.SA,2,0.25376582570926903
2010-10-06,bovespa,LREN3.SA,0,0.25376582570926903
2010-10-06,bovespa,MRVE3.SA,2,0.25376582570926903
2010-10-06,bovespa,MULT3.SA,2,0.25376582570926903
2010-10-06,bovespa,PETR3.SA,0,0.25376582570926903
2010-10-06,bovespa,PETR4.SA,0,0.25376582570926903
2010-10-06,bovespa,PSSA3.SA,2,0.25376582570926903
2010-10-06,bovespa,RADL3.SA,3,0.25376582570926903
2010-10-06,bovespa,RENT3.SA,3,0.25376582570926903
2010-10-06,bovespa,SANB11.SA,2,0.25376582570926903
2010-10-06,bovespa,SBSP3.SA,0,0.25376582570926903
2010-10-06,bovespa,SMTO3.SA,0,0.25376582570926903
2010-10-06,bovespa,SUZB3.SA,0,0.25376582570926903
2010-10-06,bovespa,TOTS3.SA,0,0.25376582570926903
2010-10-06,bovespa,UGPA3.SA,3,0.25376582570926903
2010-10-06,bovespa,USIM5.SA,0,0.25376582570926903
2010-10-06,bovespa,VALE3.SA,0,0.25376582570926903
2010-10-06,bovespa,WEGE3.SA,0,0.25376582570926903
2010-10-06,bovespa,YDUQ3.SA,3,0.25376582570926903
2010-11-08,bovespa,ABEV3.SA,0,0.13133989401968205
2010-11-08,bovespa,B3SA3.SA,2,0.13133989401968205
2010-11-08,bovespa,BBAS3.SA,0,0.13133989401968205
2010-11-08,bovespa,BBDC3.SA,0,0.13133989401968205
2010-11-08,bovespa,BBDC4.SA,2,0.13133989401968205
2010-11-08,bovespa,BEEF3.SA,1,0.13133989401968205
2010-11-08,bovespa,CMIG4.SA,1,0.13133989401968205
2010-11-08,bovespa,CSAN3.SA,4,0.13133989401968205
2010-11-08,bovespa,CSNA3.SA,1,0.13133989401968205
2010-11-08,bovespa,CYRE3.SA,2,0.13133989401968205
2010-11-08,bovespa,DXCO3.SA,4,0.13133989401968205
2010-11-08,bovespa,ENEV3.SA,3,0.13133989401968205
2010-11-08,bovespa,EZTC3.SA,2,0.13133989401968205
2010-11-08,bovespa,FLRY3.SA,4,0.13133989401968205
2010-11-08,bovespa,GGBR4.SA,1,0.13133989401968205
2010-11-08,bovespa,ITSA4.SA,3,0.13133989401968205
2010-11-08,bovespa,ITUB4.SA,0,0.13133989401968205
2010-11-08,bovespa,LREN3.SA,4,0.13133989401968205
2010-11-08,bovespa,MRVE3.SA,2,0.13133989401968205
2010-11-08,bovespa,MULT3.SA,2,0.13133989401968205
2010-11-08,bovespa,PETR3.SA,1,0.13133989401968205
2010-11-08,bovespa,PETR4.SA,1,0.13133989401968205
2010-11-08,bovespa,PSSA3.SA,4,0.13133989401968205
2010-11-08,bovespa,RADL3.SA,4,0.13133989401968205
2010-11-08,bovespa,RENT3.SA,3,0.13133989401968205
2010-11-08,bovespa,SANB11.SA,4,0.13133989401968205
2010-11-08,bovespa,SBSP3.SA,1,0.13133989401968205
2010-11-08,bovespa,SMTO3.SA,1,0.13133989401968205
2010-11-08,bovespa,SUZB3.SA,4,0.13133989401968205
2010-11-08,bovespa,TOTS3.SA,4,0.13133989401968205
2010-11-08,bovespa,UGPA3.SA,4,0.13133989401968205
2010-11-08,bovespa,USIM5.SA,1,0.13133989401968205
2010-11-08,bovespa,VALE3.SA,0,0.13133989401968205
2010-11-08,bovespa,WEGE3.SA,0,0.13133989401968205
2010-11-08,bovespa,YDUQ3.SA,3,0.13133989401968205
2010-12-08,bovespa,ABEV3.SA,2,0.4731059363725812
2010-12-08,bovespa,B3SA3.SA,2,0.4731059363725812
2010-12-08,bovespa,BBAS3.SA,1,0.4731059363725812
2010-12-08,bovespa,BBDC3.SA,1,0.4731059363725812
2010-12-08,bovespa,BBDC4.SA,2,0.4731059363725812
2010-12-08,bovespa,BEEF3.SA,0,0.4731059363725812
2010-12-08,bovespa,CMIG4.SA,0,0.4731059363725812
2010-12-08,bovespa,CSAN3.SA,3,0.4731059363725812
2010-12-08,bovespa,CSNA3.SA,0,0.4731059363725812
2010-12-08,bovespa,CYRE3.SA,2,0.4731059363725812
2010-12-08,bovespa,DXCO3.SA,1,0.4731059363725812
2010-12-08,bovespa,ENEV3.SA,1,0.4731059363725812
2010-12-08,bovespa,EZTC3.SA,2,0.4731059363725812
2010-12-08,bovespa,FLRY3.SA,3,0.4731059363725812
2010-12-08,bovespa,GGBR4.SA,0,0.4731059363725812
2010-12-08,bovespa,ITSA4.SA,1,0.4731059363725812
2010-12-08,bovespa,ITUB4.SA,1,0.4731059363725812
2010-12-08,bovespa,LREN3.SA,2,0.4731059363725812
2010-12-08,bovespa,MRVE3.SA,2,0.4731059363725812
2010-12-08,bovespa,MULT3.SA,2,0.4731059363725812
2010-12-08,bovespa,PETR3.SA,0,0.4731059363725812
2010-12-08,bovespa,PETR4.SA,0,0.4731059363725812
2010-12-08,bovespa,PSSA3.SA,3,0.4731059363725812
2010-12-08,bovespa,RADL3.SA,3,0.4731059363725812
2010-12-08,bovespa,RENT3.SA,1,0.4731059363725812
2010-12-08,bovespa,SANB11.SA,1,0.4731059363725812
2010-12-08,bovespa,SBSP3.SA,0,0.4731059363725812
2010-12-08,bovespa,SMTO3.SA,0,0.4731059363725812
2010-12-08,bovespa,SUZB3.SA,2,0.4731059363725812
2010-12-08,bovespa,TOTS3.SA,2,0.4731059363725812
2010-12-08,bovespa,UGPA3.SA,3,0.4731059363725812
2010-12-08,bovespa,USIM5.SA,0,0.4731059363725812
2010-12-08,bovespa,VALE3.SA,0,0.4731059363725812
2010-12-08,bovespa,WEGE3.SA,1,0.4731059363725812
2010-12-08,bovespa,YDUQ3.SA,1,0.4731059363725812
2011-01-10,bovespa,ABEV3.SA,2,0.3250376200949184
2011-01-10,bovespa,B3SA3.SA,1,0.3250376200949184
2011-01-10,bovespa,BBAS3.SA,3,0.3250376200949184
2011-01-10,bovespa,BBDC3.SA,2,0.3250376200949184
2011-01-10,bovespa,BBDC4.SA,2,0.3250376200949184
2011-01-10,bovespa,BEEF3.SA,0,0.3250376200949184
2011-01-10,bovespa,CMIG4.SA,0,0.3250376200949184
2011-01-10,bovespa,CSAN3.SA,1,0.3250376200949184
2011-01-10,bovespa,CSNA3.SA,0,0.3250376200949184
2011-01-10,bovespa,CYRE3.SA,3,0.3250376200949184
2011-01-10,bovespa,DXCO3.SA,3,0.3250376200949184
2011-01-10,bovespa,ENEV3.SA,1,0.3250376200949184
2011-01-10,bovespa,EZTC3.SA,3,0.3250376200949184
2011-01-10,bovespa,FLRY3.SA,1,0.3250376200949184
2011-01-10,bovespa,GGBR4.SA,0,0.3250376200949184
2011-01-10,bovespa,ITSA4.SA,3,0.3250376200949184
2011-01-10,bovespa,ITUB4.SA,1,0.3250376200949184
2011-01-10,bovespa,LREN3.SA,2,0.3250376200949184
2011-01-10,bovespa,MRVE3.SA,3,0.3250376200949184
2011-01-10,bovespa,MULT3.SA,3,0.3250376200949184
2011-01-10,bovespa,PETR3.SA,0,0.3250376200949184
2011-01-10,bovespa,PETR4.SA,0,0.3250376200949184
2011-01-10,bovespa,PSSA3.SA,2,0.3250376200949184
2011-01-10,bovespa,RADL3.SA,2,0.3250376200949184
2011-01-10,bovespa,RENT3.SA,3,0.3250376200949184
2011-01-10,bovespa,SANB11.SA,2,0.3250376200949184
2011-01-10,bovespa,SBSP3.SA,0,0.3250376200949184
2011-01-10,bovespa,SMTO3.SA,3,0.3250376200949184
2011-01-10,bovespa,SUZB3.SA,2,0.3250376200949184
2011-01-10,bovespa,TOTS3.SA,3,0.3250376200949184
2011-01-10,bovespa,UGPA3.SA,1,0.3250376200949184
2011-01-10,bovespa,USIM5.SA,0,0.3250376200949184
2011-01-10,bovespa,VALE3.SA,0,0.3250376200949184
2011-01-10,bovespa,WEGE3.SA,2,0.3250376200949184
2011-01-10,bovespa,YDUQ3.SA,3,0.3250376200949184
2011-02-09,bovespa,ABEV3.SA,1,0.35258710498900336
2011-02-09,bovespa,B3SA3.SA,3,0.35258710498900336
2011-02-09,bovespa,BBAS3.SA,1,0.35258710498900336
2011-02-09,bovespa,BBDC3.SA,1,0.35258710498900336
2011-02-09,bovespa,BBDC4.SA,1,0.35258710498900336
2011-02-09,bovespa,BEEF3.SA,2,0.35258710498900336
2011-02-09,bovespa,CMIG4.SA,0,0.35258710498900336
2011-02-09,bovespa,CSAN3.SA,3,0.35258710498900336
2011-02-09,bovespa,CSNA3.SA,0,0.35258710498900336
2011-02-09,bovespa,CYRE3.SA,2,0.35258710498900336
2011-02-09,bovespa,DXCO3.SA,3,0.35258710498900336
2011-02-09,bovespa,ENEV3.SA,1,0.35258710498900336
2011-02-09,bovespa,EZTC3.SA,2,0.35258710498900336
2011-02-09,bovespa,FLRY3.SA,3,0.35258710498900336
2011-02-09,bovespa,GGBR4.SA,0,0.35258710498900336
2011-02-09,bovespa,ITSA4.SA,1,0.35258710498900336
2011-02-09,bovespa,ITUB4.SA,1,0.35258710498900336
2011-02-09,bovespa,LREN3.SA,1,0.35258710498900336
2011-02-09,bovespa,MRVE3.SA,3,0.35258710498900336
2011-02-09,bovespa,MULT3.SA,2,0.35258710498900336
2011-02-09,bovespa,PETR3.SA,0,0.35258710498900336
2011-02-09,bovespa,PETR4.SA,0,0.35258710498900336
2011-02-09,bovespa,PSSA3.SA,1,0.35258710498900336
2011-02-09,bovespa,RADL3.SA,3,0.35258710498900336
2011-02-09,bovespa,RENT3.SA,2,0.35258710498900336
2011-02-09,bovespa,SANB11.SA,1,0.35258710498900336
2011-02-09,bovespa,SBSP3.SA,0,0.35258710498900336
2011-02-09,bovespa,SMTO3.SA,2,0.35258710498900336
2011-02-09,bovespa,SUZB3.SA,1,0.35258710498900336
2011-02-09,bovespa,TOTS3.SA,3,0.35258710498900336
2011-02-09,bovespa,UGPA3.SA,3,0.35258710498900336
2011-02-09,bovespa,USIM5.SA,0,0.35258710498900336
2011-02-09,bovespa,VALE3.SA,0,0.35258710498900336
2011-02-09,bovespa,WEGE3.SA,3,0.35258710498900336
2011-02-09,bovespa,YDUQ3.SA,1,0.35258710498900336
2011-03-14,bovespa,ABEV3.SA,1,0.24887285843101895
2011-03-14,bovespa,B3SA3.SA,2,0.24887285843101895
2011-03-14,bovespa,BBAS3.SA,1,0.24887285843101895
2011-03-14,bovespa,BBDC3.SA,1,0.24887285843101895
2011-03-14,bovespa,BBDC4.SA,1,0.24887285843101895
2011-03-14,bovespa,BEEF3.SA,2,0.24887285843101895
2011-03-14,bovespa,CMIG4.SA,0,0.24887285843101895
2011-03-14,bovespa,CSAN3.SA,0,0.24887285843101895
2011-03-14,bovespa,CSNA3.SA,2,0.24887285843101895
2011-03-14,bovespa,CYRE3.SA,2,0.24887285843101895
2011-03-14,bovespa,DXCO3.SA,2,0.24887285843101895
2011-03-14,bovespa,ENEV3.SA,1,0.24887285843101895
2011-03-14,bovespa,EZTC3.SA,2,0.24887285843101895
2011-03-14,bovespa,FLRY3.SA,2,0.24887285843101895
2011-03-14,bovespa,GGBR4.SA,2,0.24887285843101895
2011-03-14,bovespa,ITSA4.SA,1,0.24887285843101895
2011-03-14,bovespa,ITUB4.SA,1,0.24887285843101895
2011-03-14,bovespa,LREN3.SA,2,0.24887285843101895
2011-03-14,bovespa,MRVE3.SA,2,0.24887285843101895
2011-03-14,bovespa,MULT3.SA,2,0.24887285843101895
2011-03-14,bovespa,PETR3.SA,0,0.24887285843101895
2011-03-14,bovespa,PETR4.SA,0,0.24887285843101895
2011-03-14,bovespa,PSSA3.SA,1,0.24887285843101895
2011-03-14,bovespa,RADL3.SA,2,0.24887285843101895
2011-03-14,bovespa,RENT3.SA,2,0.24887285843101895
2011-03-14,bovespa,SANB11.SA,0,0.24887285843101895
2011-03-14,bovespa,SBSP3.SA,0,0.24887285843101895
2011-03-14,bovespa,SMTO3.SA,0,0.24887285843101895
2011-03-14,bovespa,SUZB3.SA,2,0.24887285843101895
2011-03-14,bovespa,TOTS3.SA,2,0.24887285843101895
2011-03-14,bovespa,UGPA3.SA,2,0.24887285843101895
2011-03-14,bovespa,USIM5.SA,2,0.24887285843101895
2011-03-14,bovespa,VALE3.SA,0,0.24887285843101895
2011-03-14,bovespa,WEGE3.SA,0,0.24887285843101895
2011-03-14,bovespa,YDUQ3.SA,1,0.24887285843101895
2011-04-12,bovespa,ABEV3.SA,2,0.41885232784641785
2011-04-12,bovespa,B3SA3.SA,2,0.41885232784641785
2011-04-12,bovespa,BBAS3.SA,2,0.41885232784641785
2011-04-12,bovespa,BBDC3.SA,2,0.41885232784641785
2011-04-12,bovespa,BBDC4.SA,2,0.41885232784641785
2011-04-12,bovespa,BEEF3.SA,0,0.41885232784641785
2011-04-12,bovespa,CMIG4.SA,0,0.41885232784641785
2011-04-12,bovespa,CSAN3.SA,0,0.41885232784641785
2011-04-12,bovespa,CSNA3.SA,0,0.41885232784641785
2011-04-12,bovespa,CYRE3.SA,0,0.41885232784641785
2011-04-12,bovespa,DXCO3.SA,0,0.41885232784641785
2011-04-12,bovespa,ENEV3.SA,2,0.41885232784641785
2011-04-12,bovespa,EZTC3.SA,0,0.41885232784641785
2011-04-12,bovespa,FLRY3.SA,0,0.41885232784641785
2011-04-12,bovespa,GGBR4.SA,0,0.41885232784641785
2011-04-12,bovespa,ITSA4.SA,1,0.41885232784641785
2011-04-12,bovespa,ITUB4.SA,2,0.41885232784641785
2011-04-12,bovespa,LREN3.SA,0,0.41885232784641785
2011-04-12,bovespa,MRVE3.SA,0,0.41885232784641785
2011-04-12,bovespa,MULT3.SA,0,0.41885232784641785
2011-04-12,bovespa,PETR3.SA,0,0.41885232784641785
2011-04-12,bovespa,PETR4.SA,0,0.41885232784641785
2011-04-12,bovespa,PSSA3.SA,2,0.41885232784641785
2011-04-12,bovespa,RADL3.SA,0,0.41885232784641785
2011-04-12,bovespa,RENT3.SA,0,0.41885232784641785
2011-04-12,bovespa,SANB11.SA,2,0.41885232784641785
2011-04-12,bovespa,SBSP3.SA,0,0.41885232784641785
2011-04-12,bovespa,SMTO3.SA,0,0.41885232784641785
2011-04-12,bovespa,SUZB3.SA,0,0.41885232784641785
2011-04-12,bovespa,TOTS3.SA,0,0.41885232784641785
2011-04-12,bovespa,UGPA3.SA,0,0.41885232784641785
2011-04-12,bovespa,USIM5.SA,0,0.41885232784641785
2011-04-12,bovespa,VALE3.SA,0,0.41885232784641785
2011-04-12,bovespa,WEGE3.SA,0,0.41885232784641785
2011-04-12,bovespa,YDUQ3.SA,2,0.41885232784641785
2011-05-13,bovespa,ABEV3.SA,1,0.3720454695367296
2011-05-13,bovespa,B3SA3.SA,2,0.3720454695367296
2011-05-13,bovespa,BBAS3.SA,1,0.3720454695367296
2011-05-13,bovespa,BBDC3.SA,1,0.3720454695367296
2011-05-13,bovespa,BBDC4.SA,1,0.3720454695367296
2011-05-13,bovespa,BEEF3.SA,2,0.3720454695367296
2011-05-13,bovespa,CMIG4.SA,0,0.3720454695367296
2011-05-13,bovespa,CSAN3.SA,0,0.3720454695367296
2011-05-13,bovespa,CSNA3.SA,0,0.3720454695367296
2011-05-13,bovespa,CYRE3.SA,2,0.3720454695367296
2011-05-13,bovespa,DXCO3.SA,2,0.3720454695367296
2011-05-13,bovespa,ENEV3.SA,0,0.3720454695367296
2011-05-13,bovespa,EZTC3.SA,2,0.3720454695367296
2011-05-13,bovespa,FLRY3.SA,2,0.3720454695367296
2011-05-13,bovespa,GGBR4.SA,0,0.3720454695367296
2011-05-13,bovespa,ITSA4.SA,1,0.3720454695367296
2011-05-13,bovespa,ITUB4.SA,1,0.3720454695367296
2011-05-13,bovespa,LREN3.SA,2,0.3720454695367296
2011-05-13,bovespa,MRVE3.SA,2,0.3720454695367296
2011-05-13,bovespa,MULT3.SA,2,0.3720454695367296
2011-05-13,bovespa,PETR3.SA,0,0.3720454695367296
2011-05-13,bovespa,PETR4.SA,0,0.3720454695367296
2011-05-13,bovespa,PSSA3.SA,1,0.3720454695367296
2011-05-13,bovespa,RADL3.SA,0,0.3720454695367296
2011-05-13,bovespa,RENT3.SA,2,0.3720454695367296
2011-05-13,bovespa,SANB11.SA,1,0.3720454695367296
2011-05-13,bovespa,SBSP3.SA,0,0.3720454695367296
2011-05-13,bovespa,SMTO3.SA,0,0.3720454695367296
2011-05-13,bovespa,SUZB3.SA,2,0.3720454695367296
2011-05-13,bovespa,TOTS3.SA,2,0.3720454695367296
2011-05-13,bovespa,UGPA3.SA,0,0.3720454695367296
2011-05-13,bovespa,USIM5.SA,0,0.3720454695367296
2011-05-13,bovespa,VALE3.SA,0,0.3720454695367296
2011-05-13,bovespa,WEGE3.SA,0,0.3720454695367296
2011-05-13,bovespa,YDUQ3.SA,1,0.3720454695367296
2011-06-13,bovespa,ABEV3.SA,1,0.5073460035045154
2011-06-13,bovespa,B3SA3.SA,1,0.5073460035045154
2011-06-13,bovespa,BBAS3.SA,2,0.5073460035045154
2011-06-13,bovespa,BBDC3.SA,2,0.5073460035045154
2011-06-13,bovespa,BBDC4.SA,2,0.5073460035045154
2011-06-13,bovespa,BEEF3.SA,1,0.5073460035045154
2011-06-13,bovespa,CMIG4.SA,0,0.5073460035045154
2011-06-13,bovespa,CSAN3.SA,2,0.5073460035045154
2011-06-13,bovespa,CSNA3.SA,0,0.5073460035045154
2011-06-13,bovespa,CYRE3.SA,1,0.5073460035045154
2011-06-13,bovespa,DXCO3.SA,1,0.5073460035045154
2011-06-13,bovespa,ENEV3.SA,2,0.5073460035045154
2011-06-13,bovespa,EZTC3.SA,1,0.5073460035045154
2011-06-13,bovespa,FLRY3.SA,1,0.5073460035045154
2011-06-13,bovespa,GGBR4.SA,0,0.5073460035045154
2011-06-13,bovespa,ITSA4.SA,2,0.5073460035045154
2011-06-13,bovespa,ITUB4.SA,2,0.5073460035045154
2011-06-13,bovespa,LREN3.SA,1,0.5073460035045154
2011-06-13,bovespa,MRVE3.SA,1,0.5073460035045154
2011-06-13,bovespa,MULT3.SA,1,0.5073460035045154
2011-06-13,bovespa,PETR3.SA,0,0.5073460035045154
2011-06-13,bovespa,PETR4.SA,0,0.5073460035045154
2011-06-13,bovespa,PSSA3.SA,1,0.5073460035045154
2011-06-13,bovespa,RADL3.SA,2,0.5073460035045154
2011-06-13,bovespa,RENT3.SA,1,0.5073460035045154
2011-06-13,bovespa,SANB11.SA,2,0.5073460035045154
2011-06-13,bovespa,SBSP3.SA,0,0.5073460035045154
2011-06-13,bovespa,SMTO3.SA,2,0.5073460035045154
2011-06-13,bovespa,SUZB3.SA,1,0.5073460035045154
2011-06-13,bovespa,TOTS3.SA,1,0.5073460035045154
2011-06-13,bovespa,UGPA3.SA,2,0.5073460035045154
2011-06-13,bovespa,USIM5.SA,0,0.5073460035045154
2011-06-13,bovespa,VALE3.SA,0,0.5073460035045154
2011-06-13,bovespa,WEGE3.SA,0,0.5073460035045154
2011-06-13,bovespa,YDUQ3.SA,1,0.5073460035045154
2011-07-13,bovespa,ABEV3.SA,1,0.558718224131758
2011-07-13,bovespa,B3SA3.SA,2,0.558718224131758
2011-07-13,bovespa,BBAS3.SA,1,0.558718224131758
2011-07-13,bovespa,BBDC3.SA,1,0.558718224131758
2011-07-13,bovespa,BBDC4.SA,1,0.558718224131758
2011-07-13,bovespa,BEEF3.SA,2,0.558718224131758
2011-07-13,bovespa,CMIG4.SA,0,0.558718224131758
2011-07-13,bovespa,CSAN3.SA,2,0.558718224131758
2011-07-13,bovespa,CSNA3.SA,0,0.558718224131758
2011-07-13,bovespa,CYRE3.SA,2,0.558718224131758
2011-07-13,bovespa,DXCO3.SA,2,0.558718224131758
2011-07-13,bovespa,ENEV3.SA,0,0.558718224131758
2011-07-13,bovespa,EZTC3.SA,2,0.558718224131758
2011-07-13,bovespa,FLRY3.SA,2,0.558718224131758
2011-07-13,bovespa,GGBR4.SA,0,0.558718224131758
2011-07-13,bovespa,ITSA4.SA,0,0.558718224131758
2011-07-13,bovespa,ITUB4.SA,1,0.558718224131758
2011-07-13,bovespa,LREN3.SA,2,0.558718224131758
2011-07-13,bovespa,MRVE3.SA,2,0.558718224131758
2011-07-13,bovespa,MULT3.SA,2,0.558718224131758
2011-07-13,bovespa,PETR3.SA,0,0.558718224131758
2011-07-13,bovespa,PETR4.SA,0,0.558718224131758
2011-07-13,bovespa,PSSA3.SA,2,0.558718224131758
2011-07-13,bovespa,RADL3.SA,1,0.558718224131758
2011-07-13,bovespa,RENT3.SA,2,0.558718224131758
2011-07-13,bovespa,SANB11.SA,1,0.558718224131758
2011-07-13,bovespa,SBSP3.SA,0,0.558718224131758
2011-07-13,bovespa,SMTO3.SA,2,0.558718224131758
2011-07-13,bovespa,SUZB3.SA,2,0.558718224131758
2011-07-13,bovespa,TOTS3.SA,2,0.558718224131758
2011-07-13,bovespa,UGPA3.SA,1,0.558718224131758
2011-07-13,bovespa,USIM5.SA,0,0.558718224131758
2011-07-13,bovespa,VALE3.SA,0,0.558718224131758
2011-07-13,bovespa,WEGE3.SA,0,0.558718224131758
2011-07-13,bovespa,YDUQ3.SA,1,0.558718224131758
2011-08-11,bovespa,ABEV3.SA,1,0.15496411216619857
2011-08-11,bovespa,B3SA3.SA,3,0.15496411216619857
2011-08-11,bovespa,BBAS3.SA,1,0.15496411216619857
2011-08-11,bovespa,BBDC3.SA,1,0.15496411216619857
2011-08-11,bovespa,BBDC4.SA,1,0.15496411216619857
2011-08-11,bovespa,BEEF3.SA,3,0.15496411216619857
2011-08-11,bovespa,CMIG4.SA,1,0.15496411216619857
2011-08-11,bovespa,CSAN3.SA,1,0.15496411216619857
2011-08-11,bovespa,CSNA3.SA,0,0.15496411216619857
2011-08-11,bovespa,CYRE3.SA,3,0.15496411216619857
2011-08-11,bovespa,DXCO3.SA,1,0.15496411216619857
2011-08-11,bovespa,ENEV3.SA,0,0.15496411216619857
2011-08-11,bovespa,EZTC3.SA,3,0.15496411216619857
2011-08-11,bovespa,FLRY3.SA,0,0.15496411216619857
2011-08-11,bovespa,GGBR4.SA,0,0.15496411216619857
2011-08-11,bovespa,ITSA4.SA,1,0.15496411216619857
2011-08-11,bovespa,ITUB4.SA,1,0.15496411216619857
2011-08-11,bovespa,LREN3.SA,3,0.15496411216619857
2011-08-11,bovespa,MRVE3.SA,3,0.15496411216619857
2011-08-11,bovespa,MULT3.SA,3,0.15496411216619857
2011-08-11,bovespa,PETR3.SA,0,0.15496411216619857
2011-08-11,bovespa,PETR4.SA,0,0.15496411216619857
2011-08-11,bovespa,PSSA3.SA,0,0.15496411216619857
2011-08-11,bovespa,RADL3.SA,0,0.15496411216619857
2011-08-11,bovespa,RENT3.SA,3,0.15496411216619857
2011-08-11,bovespa,SANB11.SA,1,0.15496411216619857
2011-08-11,bovespa,SBSP3.SA,0,0.15496411216619857
2011-08-11,bovespa,SMTO3.SA,1,0.15496411216619857
2011-08-11,bovespa,SUZB3.SA,0,0.15496411216619857
2011-08-11,bovespa,TOTS3.SA,0,0.15496411216619857
2011-08-11,bovespa,UGPA3.SA,0,0.15496411216619857
2011-08-11,bovespa,USIM5.SA,0,0.15496411216619857
2011-08-11,bovespa,VALE3.SA,0,0.15496411216619857
2011-08-11,bovespa,WEGE3.SA,1,0.15496411216619857
2011-08-11,bovespa,YDUQ3.SA,0,0.15496411216619857
2011-09-12,bovespa,ABEV3.SA,2,0.1768912347163547
2011-09-12,bovespa,B3SA3.SA,2,0.1768912347163547
2011-09-12,bovespa,BBAS3.SA,1,0.1768912347163547
2011-09-12,bovespa,BBDC3.SA,0,0.1768912347163547
2011-09-12,bovespa,BBDC4.SA,0,0.1768912347163547
2011-09-12,bovespa,BEEF3.SA,2,0.1768912347163547
2011-09-12,bovespa,CMIG4.SA,2,0.1768912347163547
2011-09-12,bovespa,CSAN3.SA,2,0.1768912347163547
2011-09-12,bovespa,CSNA3.SA,2,0.1768912347163547
2011-09-12,bovespa,CYRE3.SA,2,0.1768912347163547
2011-09-12,bovespa,DXCO3.SA,0,0.1768912347163547
2011-09-12,bovespa,ENEV3.SA,2,0.1768912347163547
2011-09-12,bovespa,EZTC3.SA,2,0.1768912347163547
2011-09-12,bovespa,FLRY3.SA,2,0.1768912347163547
2011-09-12,bovespa,GGBR4.SA,2,0.1768912347163547
2011-09-12,bovespa,ITSA4.SA,0,0.1768912347163547
2011-09-12,bovespa,ITUB4.SA,0,0.1768912347163547
2011-09-12,bovespa,LREN3.SA,2,0.1768912347163547
2011-09-12,bovespa,MRVE3.SA,2,0.1768912347163547
2011-09-12,bovespa,MULT3.SA,2,0.1768912347163547
2011-09-12,bovespa,PETR3.SA,2,0.1768912347163547
2011-09-12,bovespa,PETR4.SA,2,0.1768912347163547
2011-09-12,bovespa,PSSA3.SA,2,0.1768912347163547
2011-09-12,bovespa,RADL3.SA,2,0.1768912347163547
2011-09-12,bovespa,RENT3.SA,2,0.1768912347163547
2011-09-12,bovespa,SANB11.SA,0,0.1768912347163547
2011-09-12,bovespa,SBSP3.SA,2,0.1768912347163547
2011-09-12,bovespa,SMTO3.SA,2,0.1768912347163547
2011-09-12,bovespa,SUZB3.SA,2,0.1768912347163547
2011-09-12,bovespa,TOTS3.SA,2,0.1768912347163547
2011-09-12,bovespa,UGPA3.SA,2,0.1768912347163547
2011-09-12,bovespa,USIM5.SA,2,0.1768912347163547
2011-09-12,bovespa,VALE3.SA,2,0.1768912347163547
2011-09-12,bovespa,WEGE3.SA,0,0.1768912347163547
2011-09-12,bovespa,YDUQ3.SA,0,0.1768912347163547
2011-10-11,bovespa,ABEV3.SA,0,0.601717312774822
2011-10-11,bovespa,B3SA3.SA,0,0.601717312774822
2011-10-11,bovespa,BBAS3.SA,0,0.601717312774822
2011-10-11,bovespa,BBDC3.SA,2,0.601717312774822
2011-10-11,bovespa,BBDC4.SA,2,0.601717312774822
2011-10-11,bovespa,BEEF3.SA,0,0.601717312774822
2011-10-11,bovespa,CMIG4.SA,2,0.601717312774822
2011-10-11,bovespa,CSAN3.SA,2,0.601717312774822
2011-10-11,bovespa,CSNA3.SA,0,0.601717312774822
2011-10-11,bovespa,CYRE3.SA,0,0.601717312774822
2011-10-11,bovespa,DXCO3.SA,2,0.601717312774822
2011-10-11,bovespa,ENEV3.SA,0,0.601717312774822
2011-10-11,bovespa,EZTC3.SA,0,0.601717312774822
2011-10-11,bovespa,FLRY3.SA,0,0.601717312774822
2011-10-11,bovespa,GGBR4.SA,0,0.601717312774822
2011-10-11,bovespa,ITSA4.SA,2,0.601717312774822
2011-10-11,bovespa,ITUB4.SA,2,0.601717312774822
2011-10-11,bovespa,LREN3.SA,0,0.601717312774822
2011-10-11,bovespa,MRVE3.SA,0,0.601717312774822
2011-10-11,bovespa,MULT3.SA,0,0.601717312774822
2011-10-11,bovespa,PETR3.SA,0,0.601717312774822
2011-10-11,bovespa,PETR4.SA,0,0.601717312774822
2011-10-11,bovespa,PSSA3.SA,0,0.601717312774822
2011-10-11,bovespa,RADL3.SA,0,0.601717312774822
2011-10-11,bovespa,RENT3.SA,0,0.601717312774822
2011-10-11,bovespa,SANB11.SA,2,0.601717312774822
2011-10-11,bovespa,SBSP3.SA,0,0.601717312774822
2011-10-11,bovespa,SMTO3.SA,0,0.601717312774822
2011-10-11,bovespa,SUZB3.SA,0,0.601717312774822
2011-10-11,bovespa,TOTS3.SA,0,0.601717312774822
2011-10-11,bovespa,UGPA3.SA,2,0.601717312774822
2011-10-11,bovespa,USIM5.SA,0,0.601717312774822
2011-10-11,bovespa,VALE3.SA,0,0.601717312774822
2011-10-11,bovespa,WEGE3.SA,2,0.601717312774822
2011-10-11,bovespa,YDUQ3.SA,2,0.601717312774822
2011-11-11,bovespa,ABEV3.SA,0,0.1351557957751028
2011-11-11,bovespa,B3SA3.SA,3,0.1351557957751028
2011-11-11,bovespa,BBAS3.SA,2,0.1351557957751028
2011-11-11,bovespa,BBDC3.SA,2,0.1351557957751028
2011-11-11,bovespa,BBDC4.SA,2,0.1351557957751028
2011-11-11,bovespa,BEEF3.SA,2,0.1351557957751028
2011-11-11,bovespa,CMIG4.SA,2,0.1351557957751028
2011-11-11,bovespa,CSAN3.SA,2,0.1351557957751028
2011-11-11,bovespa,CSNA3.SA,0,0.1351557957751028
2011-11-11,bovespa,CYRE3.SA,3,0.1351557957751028
2011-11-11,bovespa,DXCO3.SA,3,0.1351557957751028
2011-11-11,bovespa,ENEV3.SA,0,0.1351557957751028
2011-11-11,bovespa,EZTC3.SA,3,0.1351557957751028
2011-11-11,bovespa,FLRY3.SA,2,0.1351557957751028
2011-11-11,bovespa,GGBR4.SA,0,0.1351557957751028
2011-11-11,bovespa,ITSA4.SA,2,0.1351557957751028
2011-11-11,bovespa,ITUB4.SA,2,0.1351557957751028
2011-11-11,bovespa,LREN3.SA,2,0.1351557957751028
2011-11-11,bovespa,MRVE3.SA,3,0.1351557957751028
2011-11-11,bovespa,MULT3.SA,2,0.1351557957751028
2011-11-11,bovespa,PETR3.SA,0,0.1351557957751028
2011-11-11,bovespa,PETR4.SA,0,0.1351557957751028
2011-11-11,bovespa,PSSA3.SA,0,0.1351557957751028
2011-11-11,bovespa,RADL3.SA,1,0.1351557957751028
2011-11-11,bovespa,RENT3.SA,3,0.1351557957751028
2011-11-11,bovespa,SANB11.SA,2,0.1351557957751028
2011-11-11,bovespa,SBSP3.SA,1,0.1351557957751028
2011-11-11,bovespa,SMTO3.SA,0,0.1351557957751028
2011-11-11,bovespa,SUZB3.SA,0,0.1351557957751028
2011-11-11,bovespa,TOTS3.SA,1,0.1351557957751028
2011-11-11,bovespa,UGPA3.SA,2,0.1351557957751028
2011-11-11,bovespa,USIM5.SA,0,0.1351557957751028
2011-11-11,bovespa,VALE3.SA,0,0.1351557957751028
2011-11-11,bovespa,WEGE3.SA,1,0.1351557957751028
2011-11-11,bovespa,YDUQ3.SA,2,0.1351557957751028
2011-12-13,bovespa,ABEV3.SA,0,0.4591835390512824
2011-12-13,bovespa,B3SA3.SA,2,0.4591835390512824
2011-12-13,bovespa,BBAS3.SA,1,0.4591835390512824
2011-12-13,bovespa,BBDC3.SA,1,0.4591835390512824
2011-12-13,bovespa,BBDC4.SA,1,0.4591835390512824
2011-12-13,bovespa,BEEF3.SA,2,0.4591835390512824
2011-12-13,bovespa,CMIG4.SA,1,0.4591835390512824
2011-12-13,bovespa,CSAN3.SA,1,0.4591835390512824
2011-12-13,bovespa,CSNA3.SA,0,0.4591835390512824
2011-12-13,bovespa,CYRE3.SA,2,0.4591835390512824
2011-12-13,bovespa,DXCO3.SA,2,0.4591835390512824
2011-12-13,bovespa,ENEV3.SA,0,0.4591835390512824
2011-12-13,bovespa,EZTC3.SA,2,0.4591835390512824
2011-12-13,bovespa,FLRY3.SA,1,0.4591835390512824
2011-12-13,bovespa,GGBR4.SA,0,0.4591835390512824
2011-12-13,bovespa,ITSA4.SA,1,0.4591835390512824
2011-12-13,bovespa,ITUB4.SA,1,0.4591835390512824
2011-12-13,bovespa,LREN3.SA,2,0.4591835390512824
2011-12-13,bovespa,MRVE3.SA,2,0.4591835390512824
2011-12-13,bovespa,MULT3.SA,2,0.4591835390512824
2011-12-13,bovespa,PETR3.SA,0,0.4591835390512824
2011-12-13,bovespa,PETR4.SA,0,0.4591835390512824
2011-12-13,bovespa,PSSA3.SA,0,0.4591835390512824
2011-12-13,bovespa,RADL3.SA,1,0.4591835390512824
2011-12-13,bovespa,RENT3.SA,2,0.4591835390512824
2011-12-13,bovespa,SANB11.SA,1,0.4591835390512824
2011-12-13,bovespa,SBSP3.SA,1,0.4591835390512824
2011-12-13,bovespa,SMTO3.SA,1,0.4591835390512824
2011-12-13,bovespa,SUZB3.SA,2,0.4591835390512824
2011-12-13,bovespa,TOTS3.SA,1,0.4591835390512824
2011-12-13,bovespa,UGPA3.SA,1,0.4591835390512824
2011-12-13,bovespa,USIM5.SA,0,0.4591835390512824
2011-12-13,bovespa,VALE3.SA,0,0.4591835390512824
2011-12-13,bovespa,WEGE3.SA,1,0.4591835390512824
2011-12-13,bovespa,YDUQ3.SA,1,0.4591835390512824
2012-01-12,bovespa,ABEV3.SA,3,0.5176219749634537
2012-01-12,bovespa,B3SA3.SA,3,0.5176219749634537
2012-01-12,bovespa,BBAS3.SA,1,0.5176219749634537
2012-01-12,bovespa,BBDC3.SA,1,0.5176219749634537
2012-01-12,bovespa,BBDC4.SA,1,0.5176219749634537
2012-01-12,bovespa,BEEF3.SA,3,0.5176219749634537
2012-01-12,bovespa,CMIG4.SA,1,0.5176219749634537
2012-01-12,bovespa,CSAN3.SA,1,0.5176219749634537
2012-01-12,bovespa,CSNA3.SA,0,0.5176219749634537
2012-01-12,bovespa,CYRE3.SA,3,0.5176219749634537
2012-01-12,bovespa,DXCO3.SA,3,0.5176219749634537
2012-01-12,bovespa,ENEV3.SA,0,0.5176219749634537
2012-01-12,bovespa,EZTC3.SA,3,0.5176219749634537
2012-01-12,bovespa,FLRY3.SA,1,0.5176219749634537
2012-01-12,bovespa,GGBR4.SA,0,0.5176219749634537
2012-01-12,bovespa,ITSA4.SA,1,0.5176219749634537
2012-01-12,bovespa,ITUB4.SA,1,0.5176219749634537
2012-01-12,bovespa,LREN3.SA,1,0.5176219749634537
2012-01-12,bovespa,MRVE3.SA,3,0.5176219749634537
2012-01-12,bovespa,MULT3.SA,3,0.5176219749634537
2012-01-12,bovespa,PETR3.SA,0,0.5176219749634537
2012-01-12,bovespa,PETR4.SA,0,0.5176219749634537
2012-01-12,bovespa,PSSA3.SA,0,0.5176219749634537
2012-01-12,bovespa,RADL3.SA,0,0.5176219749634537
2012-01-12,bovespa,RENT3.SA,3,0.5176219749634537
2012-01-12,bovespa,SANB11.SA,1,0.5176219749634537
2012-01-12,bovespa,SBSP3.SA,3,0.5176219749634537
2012-01-12,bovespa,SMTO3.SA,1,0.5176219749634537
2012-01-12,bovespa,SUZB3.SA,3,0.5176219749634537
2012-01-12,bovespa,TOTS3.SA,3,0.5176219749634537
2012-01-12,bovespa,UGPA3.SA,1,0.5176219749634537
2012-01-12,bovespa,USIM5.SA,0,0.5176219749634537
2012-01-12,bovespa,VALE3.SA,0,0.5176219749634537
2012-01-12,bovespa,WEGE3.SA,3,0.5176219749634537
2012-01-12,bovespa,YDUQ3.SA,1,0.5176219749634537
2012-02-13,bovespa,ABEV3.SA,2,0.17895823186994134
2012-02-13,bovespa,B3SA3.SA,2,0.17895823186994134
2012-02-13,bovespa,BBAS3.SA,2,0.17895823186994134
2012-02-13,bovespa,BBDC3.SA,2,0.17895823186994134
2012-02-13,bovespa,BBDC4.SA,2,0.17895823186994134
2012-02-13,bovespa,BEEF3.SA,0,0.17895823186994134
2012-02-13,bovespa,CMIG4.SA,2,0.17895823186994134
2012-02-13,bovespa,CSAN3.SA,2,0.17895823186994134
2012-02-13,bovespa,CSNA3.SA,0,0.17895823186994134
2012-02-13,bovespa,CYRE3.SA,0,0.17895823186994134
2012-02-13,bovespa,DXCO3.SA,2,0.17895823186994134
2012-02-13,bovespa,ENEV3.SA,0,0.17895823186994134
2012-02-13,bovespa,EZTC3.SA,0,0.17895823186994134
2012-02-13,bovespa,FLRY3.SA,2,0.17895823186994134
2012-02-13,bovespa,GGBR4.SA,0,0.17895823186994134
2012-02-13,bovespa,ITSA4.SA,2,0.17895823186994134
2012-02-13,bovespa,ITUB4.SA,2,0.17895823186994134
2012-02-13,bovespa,LREN3.SA,0,0.17895823186994134
2012-02-13,bovespa,MRVE3.SA,0,0.17895823186994134
2012-02-13,bovespa,MULT3.SA,0,0.17895823186994134
2012-02-13,bovespa,PETR3.SA,0,0.17895823186994134
2012-02-13,bovespa,PETR4.SA,0,0.17895823186994134
2012-02-13,bovespa,PSSA3.SA,0,0.17895823186994134
2012-02-13,bovespa,RADL3.SA,2,0.17895823186994134
2012-02-13,bovespa,RENT3.SA,2,0.17895823186994134
2012-02-13,bovespa,SANB11.SA,2,0.17895823186994134
2012-02-13,bovespa,SBSP3.SA,1,0.17895823186994134
2012-02-13,bovespa,SMTO3.SA,0,0.17895823186994134
2012-02-13,bovespa,SUZB3.SA,2,0.17895823186994134
2012-02-13,bovespa,TOTS3.SA,2,0.17895823186994134
2012-02-13,bovespa,UGPA3.SA,2,0.17895823186994134
2012-02-13,bovespa,USIM5.SA,0,0.17895823186994134
2012-02-13,bovespa,VALE3.SA,0,0.17895823186994134
2012-02-13,bovespa,WEGE3.SA,2,0.17895823186994134
2012-02-13,bovespa,YDUQ3.SA,2,0.17895823186994134
2012-03-16,bovespa,ABEV3.SA,1,0.20892295597484276
2012-03-16,bovespa,B3SA3.SA,0,0.20892295597484276
2012-03-16,bovespa,BBAS3.SA,1,0.20892295597484276
2012-03-16,bovespa,BBDC3.SA,1,0.20892295597484276
2012-03-16,bovespa,BBDC4.SA,1,0.20892295597484276
2012-03-16,bovespa,BEEF3.SA,1,0.20892295597484276
2012-03-16,bovespa,CMIG4.SA,0,0.20892295597484276
2012-03-16,bovespa,CSAN3.SA,1,0.20892295597484276
2012-03-16,bovespa,CSNA3.SA,0,0.20892295597484276
2012-03-16,bovespa,CYRE3.SA,2,0.20892295597484276
2012-03-16,bovespa,DXCO3.SA,0,0.20892295597484276
2012-03-16,bovespa,ENEV3.SA,2,0.20892295597484276
2012-03-16,bovespa,EZTC3.SA,2,0.20892295597484276
2012-03-16,bovespa,FLRY3.SA,1,0.20892295597484276
2012-03-16,bovespa,GGBR4.SA,0,0.20892295597484276
2012-03-16,bovespa,ITSA4.SA,1,0.20892295597484276
2012-03-16,bovespa,ITUB4.SA,1,0.20892295597484276
2012-03-16,bovespa,LREN3.SA,2,0.20892295597484276
2012-03-16,bovespa,MRVE3.SA,2,0.20892295597484276
2012-03-16,bovespa,MULT3.SA,2,0.20892295597484276
2012-03-16,bovespa,PETR3.SA,0,0.20892295597484276
2012-03-16,bovespa,PETR4.SA,0,0.20892295597484276
2012-03-16,bovespa,PSSA3.SA,1,0.20892295597484276
2012-03-16,bovespa,RADL3.SA,1,0.20892295597484276
2012-03-16,bovespa,RENT3.SA,0,0.20892295597484276
2012-03-16,bovespa,SANB11.SA,2,0.20892295597484276
2012-03-16,bovespa,SBSP3.SA,0,0.20892295597484276
2012-03-16,bovespa,SMTO3.SA,0,0.20892295597484276
2012-03-16,bovespa,SUZB3.SA,0,0.20892295597484276
2012-03-16,bovespa,TOTS3.SA,1,0.20892295597484276
2012-03-16,bovespa,UGPA3.SA,1,0.20892295597484276
2012-03-16,bovespa,USIM5.SA,0,0.20892295597484276
2012-03-16,bovespa,VALE3.SA,0,0.20892295597484276
2012-03-16,bovespa,WEGE3.SA,1,0.20892295597484276
2012-03-16,bovespa,YDUQ3.SA,1,0.20892295597484276
2012-04-17,bovespa,ABEV3.SA,2,0.23164875371598445
2012-04-17,bovespa,B3SA3.SA,1,0.23164875371598445
2012-04-17,bovespa,BBAS3.SA,1,0.23164875371598445
2012-04-17,bovespa,BBDC3.SA,2,0.23164875371598445
2012-04-17,bovespa,BBDC4.SA,2,0.23164875371598445
2012-04-17,bovespa,BEEF3.SA,2,0.23164875371598445
2012-04-17,bovespa,CMIG4.SA,0,0.23164875371598445
2012-04-17,bovespa,CSAN3.SA,2,0.23164875371598445
2012-04-17,bovespa,CSNA3.SA,0,0.23164875371598445
2012-04-17,bovespa,CYRE3.SA,3,0.23164875371598445
2012-04-17,bovespa,DXCO3.SA,3,0.23164875371598445
2012-04-17,bovespa,ENEV3.SA,3,0.23164875371598445
2012-04-17,bovespa,EZTC3.SA,3,0.23164875371598445
2012-04-17,bovespa,FLRY3.SA,1,0.23164875371598445
2012-04-17,bovespa,GGBR4.SA,0,0.23164875371598445
2012-04-17,bovespa,ITSA4.SA,1,0.23164875371598445
2012-04-17,bovespa,ITUB4.SA,1,0.23164875371598445
2012-04-17,bovespa,LREN3.SA,3,0.23164875371598445
2012-04-17,bovespa,MRVE3.SA,3,0.23164875371598445
2012-04-17,bovespa,MULT3.SA,3,0.23164875371598445
2012-04-17,bovespa,PETR3.SA,0,0.23164875371598445
2012-04-17,bovespa,PETR4.SA,0,0.23164875371598445
2012-04-17,bovespa,PSSA3.SA,0,0.23164875371598445
2012-04-17,bovespa,RADL3.SA,1,0.23164875371598445
2012-04-17,bovespa,RENT3.SA,3,0.23164875371598445
2012-04-17,bovespa,SANB11.SA,1,0.23164875371598445
2012-04-17,bovespa,SBSP3.SA,1,0.23164875371598445
2012-04-17,bovespa,SMTO3.SA,0,0.23164875371598445
2012-04-17,bovespa,SUZB3.SA,1,0.23164875371598445
2012-04-17,bovespa,TOTS3.SA,1,0.23164875371598445
2012-04-17,bovespa,UGPA3.SA,1,0.23164875371598445
2012-04-17,bovespa,USIM5.SA,0,0.23164875371598445
2012-04-17,bovespa,VALE3.SA,0,0.23164875371598445
2012-04-17,bovespa,WEGE3.SA,0,0.23164875371598445
2012-04-17,bovespa,YDUQ3.SA,3,0.23164875371598445
2012-05-17,bovespa,ABEV3.SA,0,0.1479908190880751
2012-05-17,bovespa,B3SA3.SA,2,0.1479908190880751
2012-05-17,bovespa,BBAS3.SA,1,0.1479908190880751
2012-05-17,bovespa,BBDC3.SA,1,0.1479908190880751
2012-05-17,bovespa,BBDC4.SA,1,0.1479908190880751
2012-05-17,bovespa,BEEF3.SA,2,0.1479908190880751
2012-05-17,bovespa,CMIG4.SA,0,0.1479908190880751
2012-05-17,bovespa,CSAN3.SA,2,0.1479908190880751
2012-05-17,bovespa,CSNA3.SA,0,0.1479908190880751
2012-05-17,bovespa,CYRE3.SA,2,0.1479908190880751
2012-05-17,bovespa,DXCO3.SA,0,0.1479908190880751
2012-05-17,bovespa,ENEV3.SA,2,0.1479908190880751
2012-05-17,bovespa,EZTC3.SA,2,0.1479908190880751
2012-05-17,bovespa,FLRY3.SA,1,0.1479908190880751
2012-05-17,bovespa,GGBR4.SA,0,0.1479908190880751
2012-05-17,bovespa,ITSA4.SA,1,0.1479908190880751
2012-05-17,bovespa,ITUB4.SA,1,0.1479908190880751
2012-05-17,bovespa,LREN3.SA,0,0.1479908190880751
2012-05-17,bovespa,MRVE3.SA,2,0.1479908190880751
2012-05-17,bovespa,MULT3.SA,0,0.1479908190880751
2012-05-17,bovespa,PETR3.SA,0,0.1479908190880751
2012-05-17,bovespa,PETR4.SA,0,0.1479908190880751
2012-05-17,bovespa,PSSA3.SA,1,0.1479908190880751
2012-05-17,bovespa,RADL3.SA,2,0.1479908190880751
2012-05-17,bovespa,RENT3.SA,0,0.1479908190880751
2012-05-17,bovespa,SANB11.SA,1,0.1479908190880751
2012-05-17,bovespa,SBSP3.SA,0,0.1479908190880751
2012-05-17,bovespa,SMTO3.SA,0,0.1479908190880751
2012-05-17,bovespa,SUZB3.SA,1,0.1479908190880751
2012-05-17,bovespa,TOTS3.SA,2,0.1479908190880751
2012-05-17,bovespa,UGPA3.SA,0,0.1479908190880751
2012-05-17,bovespa,USIM5.SA,0,0.1479908190880751
2012-05-17,bovespa,VALE3.SA,0,0.1479908190880751
2012-05-17,bovespa,WEGE3.SA,1,0.1479908190880751
2012-05-17,bovespa,YDUQ3.SA,2,0.1479908190880751
2012-06-18,bovespa,ABEV3.SA,3,0.07479014724095225
2012-06-18,bovespa,B3SA3.SA,0,0.07479014724095225
2012-06-18,bovespa,BBAS3.SA,3,0.07479014724095225
2012-06-18,bovespa,BBDC3.SA,3,0.07479014724095225
2012-06-18,bovespa,BBDC4.SA,3,0.07479014724095225
2012-06-18,bovespa,BEEF3.SA,3,0.07479014724095225
2012-06-18,bovespa,CMIG4.SA,3,0.07479014724095225
2012-06-18,bovespa,CSAN3.SA,3,0.07479014724095225
2012-06-18,bovespa,CSNA3.SA,1,0.07479014724095225
2012-06-18,bovespa,CYRE3.SA,0,0.07479014724095225
2012-06-18,bovespa,DXCO3.SA,0,0.07479014724095225
2012-06-18,bovespa,ENEV3.SA,2,0.07479014724095225
2012-06-18,bovespa,EZTC3.SA,2,0.07479014724095225
2012-06-18,bovespa,FLRY3.SA,2,0.07479014724095225
2012-06-18,bovespa,GGBR4.SA,1,0.07479014724095225
2012-06-18,bovespa,ITSA4.SA,2,0.07479014724095225
2012-06-18,bovespa,ITUB4.SA,2,0.07479014724095225
2012-06-18,bovespa,LREN3.SA,0,0.07479014724095225
2012-06-18,bovespa,MRVE3.SA,0,0.07479014724095225
2012-06-18,bovespa,MULT3.SA,3,0.07479014724095225
2012-06-18,bovespa,PETR3.SA,1,0.07479014724095225
2012-06-18,bovespa,PETR4.SA,1,0.07479014724095225
2012-06-18,bovespa,PSSA3.SA,2,0.07479014724095225
2012-06-18,bovespa,RADL3.SA,3,0.07479014724095225
2012-06-18,bovespa,RENT3.SA,2,0.07479014724095225
2012-06-18,bovespa,SANB11.SA,2,0.07479014724095225
2012-06-18,bovespa,SBSP3.SA,1,0.07479014724095225
2012-06-18,bovespa,SMTO3.SA,2,0.07479014724095225
2012-06-18,bovespa,SUZB3.SA,3,0.07479014724095225
2012-06-18,bovespa,TOTS3.SA,3,0.07479014724095225
2012-06-18,bovespa,UGPA3.SA,1,0.07479014724095225
2012-06-18,bovespa,USIM5.SA,1,0.07479014724095225
2012-06-18,bovespa,VALE3.SA,0,0.07479014724095225
2012-06-18,bovespa,WEGE3.SA,1,0.07479014724095225
2012-06-18,bovespa,YDUQ3.SA,2,0.07479014724095225
2012-07-18,bovespa,ABEV3.SA,4,0.20550073483098888
2012-07-18,bovespa,B3SA3.SA,3,0.20550073483098888
2012-07-18,bovespa,BBAS3.SA,2,0.20550073483098888
2012-07-18,bovespa,BBDC3.SA,2,0.20550073483098888
2012-07-18,bovespa,BBDC4.SA,2,0.20550073483098888
2012-07-18,bovespa,BEEF3.SA,3,0.20550073483098888
2012-07-18,bovespa,CMIG4.SA,4,0.20550073483098888
2012-07-18,bovespa,CSAN3.SA,1,0.20550073483098888
2012-07-18,bovespa,CSNA3.SA,4,0.20550073483098888
2012-07-18,bovespa,CYRE3.SA,3,0.20550073483098888
2012-07-18,bovespa,DXCO3.SA,3,0.20550073483098888
2012-07-18,bovespa,ENEV3.SA,1,0.20550073483098888
2012-07-18,bovespa,EZTC3.SA,1,0.20550073483098888
2012-07-18,bovespa,FLRY3.SA,1,0.20550073483098888
2012-07-18,bovespa,GGBR4.SA,4,0.20550073483098888
2012-07-18,bovespa,ITSA4.SA,4,0.20550073483098888
2012-07-18,bovespa,ITUB4.SA,4,0.20550073483098888
2012-07-18,bovespa,LREN3.SA,3,0.20550073483098888
2012-07-18,bovespa,MRVE3.SA,3,0.20550073483098888
2012-07-18,bovespa,MULT3.SA,2,0.20550073483098888
2012-07-18,bovespa,PETR3.SA,0,0.20550073483098888
2012-07-18,bovespa,PETR4.SA,0,0.20550073483098888
2012-07-18,bovespa,PSSA3.SA,1,0.20550073483098888
2012-07-18,bovespa,RADL3.SA,0,0.20550073483098888
2012-07-18,bovespa,RENT3.SA,1,0.20550073483098888
2012-07-18,bovespa,SANB11.SA,4,0.20550073483098888
2012-07-18,bovespa,SBSP3.SA,1,0.20550073483098888
2012-07-18,bovespa,SMTO3.SA,0,0.20550073483098888
2012-07-18,bovespa,SUZB3.SA,0,0.20550073483098888
2012-07-18,bovespa,TOTS3.SA,2,0.20550073483098888
2012-07-18,bovespa,UGPA3.SA,0,0.20550073483098888
2012-07-18,bovespa,USIM5.SA,4,0.20550073483098888
2012-07-18,bovespa,VALE3.SA,0,0.20550073483098888
2012-07-18,bovespa,WEGE3.SA,1,0.20550073483098888
2012-07-18,bovespa,YDUQ3.SA,1,0.20550073483098888
2012-08-16,bovespa,ABEV3.SA,1,0.3781041388518024
2012-08-16,bovespa,B3SA3.SA,3,0.3781041388518024
2012-08-16,bovespa,BBAS3.SA,2,0.3781041388518024
2012-08-16,bovespa,BBDC3.SA,2,0.3781041388518024
2012-08-16,bovespa,BBDC4.SA,2,0.3781041388518024
2012-08-16,bovespa,BEEF3.SA,3,0.3781041388518024
2012-08-16,bovespa,CMIG4.SA,1,0.3781041388518024
2012-08-16,bovespa,CSAN3.SA,2,0.3781041388518024
2012-08-16,bovespa,CSNA3.SA,1,0.3781041388518024
2012-08-16,bovespa,CYRE3.SA,3,0.3781041388518024
2012-08-16,bovespa,DXCO3.SA,3,0.3781041388518024
2012-08-16,bovespa,ENEV3.SA,3,0.3781041388518024
2012-08-16,bovespa,EZTC3.SA,1,0.3781041388518024
2012-08-16,bovespa,FLRY3.SA,1,0.3781041388518024
2012-08-16,bovespa,GGBR4.SA,1,0.3781041388518024
2012-08-16,bovespa,ITSA4.SA,1,0.3781041388518024
2012-08-16,bovespa,ITUB4.SA,1,0.3781041388518024
2012-08-16,bovespa,LREN3.SA,3,0.3781041388518024
2012-08-16,bovespa,MRVE3.SA,3,0.3781041388518024
2012-08-16,bovespa,MULT3.SA,2,0.3781041388518024
2012-08-16,bovespa,PETR3.SA,0,0.3781041388518024
2012-08-16,bovespa,PETR4.SA,0,0.3781041388518024
2012-08-16,bovespa,PSSA3.SA,1,0.3781041388518024
2012-08-16,bovespa,RADL3.SA,1,0.3781041388518024
2012-08-16,bovespa,RENT3.SA,3,0.3781041388518024
2012-08-16,bovespa,SANB11.SA,1,0.3781041388518024
2012-08-16,bovespa,SBSP3.SA,2,0.3781041388518024
2012-08-16,bovespa,SMTO3.SA,1,0.3781041388518024
2012-08-16,bovespa,SUZB3.SA,0,0.3781041388518024
2012-08-16,bovespa,TOTS3.SA,2,0.3781041388518024
2012-08-16,bovespa,UGPA3.SA,1,0.3781041388518024
2012-08-16,bovespa,USIM5.SA,1,0.3781041388518024
2012-08-16,bovespa,VALE3.SA,0,0.3781041388518024
2012-08-16,bovespa,WEGE3.SA,1,0.3781041388518024
2012-08-16,bovespa,YDUQ3.SA,1,0.3781041388518024
2012-09-17,bovespa,ABEV3.SA,0,0.6006711409395973
2012-09-17,bovespa,B3SA3.SA,2,0.6006711409395973
2012-09-17,bovespa,BBAS3.SA,2,0.6006711409395973
2012-09-17,bovespa,BBDC3.SA,2,0.6006711409395973
2012-09-17,bovespa,BBDC4.SA,2,0.6006711409395973
2012-09-17,bovespa,BEEF3.SA,0,0.6006711409395973
2012-09-17,bovespa,CMIG4.SA,1,0.6006711409395973
2012-09-17,bovespa,CSAN3.SA,2,0.6006711409395973
2012-09-17,bovespa,CSNA3.SA,1,0.6006711409395973
2012-09-17,bovespa,CYRE3.SA,3,0.6006711409395973
2012-09-17,bovespa,DXCO3.SA,3,0.6006711409395973
2012-09-17,bovespa,ENEV3.SA,3,0.6006711409395973
2012-09-17,bovespa,EZTC3.SA,1,0.6006711409395973
2012-09-17,bovespa,FLRY3.SA,1,0.6006711409395973
2012-09-17,bovespa,GGBR4.SA,1,0.6006711409395973
2012-09-17,bovespa,ITSA4.SA,1,0.6006711409395973
2012-09-17,bovespa,ITUB4.SA,1,0.6006711409395973
2012-09-17,bovespa,LREN3.SA,3,0.6006711409395973
2012-09-17,bovespa,MRVE3.SA,3,0.6006711409395973
2012-09-17,bovespa,MULT3.SA,2,0.6006711409395973
2012-09-17,bovespa,PETR3.SA,0,0.6006711409395973
2012-09-17,bovespa,PETR4.SA,0,0.6006711409395973
2012-09-17,bovespa,PSSA3.SA,1,0.6006711409395973
2012-09-17,bovespa,RADL3.SA,0,0.6006711409395973
2012-09-17,bovespa,RENT3.SA,3,0.6006711409395973
2012-09-17,bovespa,SANB11.SA,1,0.6006711409395973
2012-09-17,bovespa,SBSP3.SA,1,0.6006711409395973
2012-09-17,bovespa,SMTO3.SA,1,0.6006711409395973
2012-09-17,bovespa,SUZB3.SA,0,0.6006711409395973
2012-09-17,bovespa,TOTS3.SA,1,0.6006711409395973
2012-09-17,bovespa,UGPA3.SA,1,0.6006711409395973
2012-09-17,bovespa,USIM5.SA,1,0.6006711409395973
2012-09-17,bovespa,VALE3.SA,0,0.6006711409395973
2012-09-17,bovespa,WEGE3.SA,1,0.6006711409395973
2012-09-17,bovespa,YDUQ3.SA,1,0.6006711409395973
2012-10-17,bovespa,ABEV3.SA,0,0.29870758078471715
2012-10-17,bovespa,B3SA3.SA,0,0.29870758078471715
2012-10-17,bovespa,BBAS3.SA,3,0.29870758078471715
2012-10-17,bovespa,BBDC3.SA,3,0.29870758078471715
2012-10-17,bovespa,BBDC4.SA,3,0.29870758078471715
2012-10-17,bovespa,BEEF3.SA,0,0.29870758078471715
2012-10-17,bovespa,CMIG4.SA,0,0.29870758078471715
2012-10-17,bovespa,CSAN3.SA,0,0.29870758078471715
2012-10-17,bovespa,CSNA3.SA,2,0.29870758078471715
2012-10-17,bovespa,CYRE3.SA,0,0.29870758078471715
2012-10-17,bovespa,DXCO3.SA,0,0.29870758078471715
2012-10-17,bovespa,ENEV3.SA,3,0.29870758078471715
2012-10-17,bovespa,EZTC3.SA,2,0.29870758078471715
2012-10-17,bovespa,FLRY3.SA,2,0.29870758078471715
2012-10-17,bovespa,GGBR4.SA,2,0.29870758078471715
2012-10-17,bovespa,ITSA4.SA,2,0.29870758078471715
2012-10-17,bovespa,ITUB4.SA,2,0.29870758078471715
2012-10-17,bovespa,LREN3.SA,3,0.29870758078471715
2012-10-17,bovespa,MRVE3.SA,0,0.29870758078471715
2012-10-17,bovespa,MULT3.SA,3,0.29870758078471715
2012-10-17,bovespa,PETR3.SA,1,0.29870758078471715
2012-10-17,bovespa,PETR4.SA,1,0.29870758078471715
2012-10-17,bovespa,PSSA3.SA,2,0.29870758078471715
2012-10-17,bovespa,RADL3.SA,0,0.29870758078471715
2012-10-17,bovespa,RENT3.SA,0,0.29870758078471715
2012-10-17,bovespa,SANB11.SA,2,0.29870758078471715
2012-10-17,bovespa,SBSP3.SA,0,0.29870758078471715
2012-10-17,bovespa,SMTO3.SA,0,0.29870758078471715
2012-10-17,bovespa,SUZB3.SA,1,0.29870758078471715
2012-10-17,bovespa,TOTS3.SA,0,0.29870758078471715
2012-10-17,bovespa,UGPA3.SA,0,0.29870758078471715
2012-10-17,bovespa,USIM5.SA,2,0.29870758078471715
2012-10-17,bovespa,VALE3.SA,0,0.29870758078471715
2012-10-17,bovespa,WEGE3.SA,2,0.29870758078471715
2012-10-17,bovespa,YDUQ3.SA,2,0.29870758078471715
2012-11-19,bovespa,ABEV3.SA,1,0.18266409879406628
2012-11-19,bovespa,B3SA3.SA,3,0.18266409879406628
2012-11-19,bovespa,BBAS3.SA,2,0.18266409879406628
2012-11-19,bovespa,BBDC3.SA,2,0.18266409879406628
2012-11-19,bovespa,BBDC4.SA,2,0.18266409879406628
2012-11-19,bovespa,BEEF3.SA,1,0.18266409879406628
2012-11-19,bovespa,CMIG4.SA,3,0.18266409879406628
2012-11-19,bovespa,CSAN3.SA,2,0.18266409879406628
2012-11-19,bovespa,CSNA3.SA,1,0.18266409879406628
2012-11-19,bovespa,CYRE3.SA,3,0.18266409879406628
2012-11-19,bovespa,DXCO3.SA,3,0.18266409879406628
2012-11-19,bovespa,ENEV3.SA,3,0.18266409879406628
2012-11-19,bovespa,EZTC3.SA,3,0.18266409879406628
2012-11-19,bovespa,FLRY3.SA,3,0.18266409879406628
2012-11-19,bovespa,GGBR4.SA,1,0.18266409879406628
2012-11-19,bovespa,ITSA4.SA,1,0.18266409879406628
2012-11-19,bovespa,ITUB4.SA,1,0.18266409879406628
2012-11-19,bovespa,LREN3.SA,3,0.18266409879406628
2012-11-19,bovespa,MRVE3.SA,3,0.18266409879406628
2012-11-19,bovespa,MULT3.SA,2,0.18266409879406628
2012-11-19,bovespa,PETR3.SA,0,0.18266409879406628
2012-11-19,bovespa,PETR4.SA,0,0.18266409879406628
2012-11-19,bovespa,PSSA3.SA,3,0.18266409879406628
2012-11-19,bovespa,RADL3.SA,3,0.18266409879406628
2012-11-19,bovespa,RENT3.SA,3,0.18266409879406628
2012-11-19,bovespa,SANB11.SA,1,0.18266409879406628
2012-11-19,bovespa,SBSP3.SA,3,0.18266409879406628
2012-11-19,bovespa,SMTO3.SA,2,0.18266409879406628
2012-11-19,bovespa,SUZB3.SA,0,0.18266409879406628
2012-11-19,bovespa,TOTS3.SA,2,0.18266409879406628
2012-11-19,bovespa,UGPA3.SA,1,0.18266409879406628
2012-11-19,bovespa,USIM5.SA,1,0.18266409879406628
2012-11-19,bovespa,VALE3.SA,0,0.18266409879406628
2012-11-19,bovespa,WEGE3.SA,1,0.18266409879406628
2012-11-19,bovespa,YDUQ3.SA,3,0.18266409879406628
2012-12-19,bovespa,ABEV3.SA,2,0.05035734822968865
2012-12-19,bovespa,B3SA3.SA,1,0.05035734822968865
2012-12-19,bovespa,BBAS3.SA,0,0.05035734822968865
2012-12-19,bovespa,BBDC3.SA,2,0.05035734822968865
2012-12-19,bovespa,BBDC4.SA,2,0.05035734822968865
2012-12-19,bovespa,BEEF3.SA,0,0.05035734822968865
2012-12-19,bovespa,CMIG4.SA,1,0.05035734822968865
2012-12-19,bovespa,CSAN3.SA,0,0.05035734822968865
2012-12-19,bovespa,CSNA3.SA,0,0.05035734822968865
2012-12-19,bovespa,CYRE3.SA,0,0.05035734822968865
2012-12-19,bovespa,DXCO3.SA,0,0.05035734822968865
2012-12-19,bovespa,ENEV3.SA,0,0.05035734822968865
2012-12-19,bovespa,EZTC3.SA,1,0.05035734822968865
2012-12-19,bovespa,FLRY3.SA,0,0.05035734822968865
2012-12-19,bovespa,GGBR4.SA,0,0.05035734822968865
2012-12-19,bovespa,ITSA4.SA,0,0.05035734822968865
2012-12-19,bovespa,ITUB4.SA,0,0.05035734822968865
2012-12-19,bovespa,LREN3.SA,0,0.05035734822968865
2012-12-19,bovespa,MRVE3.SA,1,0.05035734822968865
2012-12-19,bovespa,MULT3.SA,0,0.05035734822968865
2012-12-19,bovespa,PETR3.SA,1,0.05035734822968865
2012-12-19,bovespa,PETR4.SA,1,0.05035734822968865
2012-12-19,bovespa,PSSA3.SA,0,0.05035734822968865
2012-12-19,bovespa,RADL3.SA,0,0.05035734822968865
2012-12-19,bovespa,RENT3.SA,0,0.05035734822968865
2012-12-19,bovespa,SANB11.SA,0,0.05035734822968865
2012-12-19,bovespa,SBSP3.SA,1,0.05035734822968865
2012-12-19,bovespa,SMTO3.SA,1,0.05035734822968865
2012-12-19,bovespa,SUZB3.SA,0,0.05035734822968865
2012-12-19,bovespa,TOTS3.SA,1,0.05035734822968865
2012-12-19,bovespa,UGPA3.SA,0,0.05035734822968865
2012-12-19,bovespa,USIM5.SA,0,0.05035734822968865
2012-12-19,bovespa,VALE3.SA,0,0.05035734822968865
2012-12-19,bovespa,WEGE3.SA,2,0.05035734822968865
2012-12-19,bovespa,YDUQ3.SA,0,0.05035734822968865
2013-01-23,bovespa,ABEV3.SA,2,0.09485583224115335
2013-01-23,bovespa,B3SA3.SA,3,0.09485583224115335
2013-01-23,bovespa,BBAS3.SA,2,0.09485583224115335
2013-01-23,bovespa,BBDC3.SA,2,0.09485583224115335
2013-01-23,bovespa,BBDC4.SA,2,0.09485583224115335
2013-01-23,bovespa,BEEF3.SA,3,0.09485583224115335
2013-01-23,bovespa,CMIG4.SA,3,0.09485583224115335
2013-01-23,bovespa,CSAN3.SA,0,0.09485583224115335
2013-01-23,bovespa,CSNA3.SA,0,0.09485583224115335
2013-01-23,bovespa,CYRE3.SA,3,0.09485583224115335
2013-01-23,bovespa,DXCO3.SA,3,0.09485583224115335
2013-01-23,bovespa,ENEV3.SA,3,0.09485583224115335
2013-01-23,bovespa,EZTC3.SA,3,0.09485583224115335
2013-01-23,bovespa,FLRY3.SA,0,0.09485583224115335
2013-01-23,bovespa,GGBR4.SA,0,0.09485583224115335
2013-01-23,bovespa,ITSA4.SA,2,0.09485583224115335
2013-01-23,bovespa,ITUB4.SA,2,0.09485583224115335
2013-01-23,bovespa,LREN3.SA,3,0.09485583224115335
2013-01-23,bovespa,MRVE3.SA,3,0.09485583224115335
2013-01-23,bovespa,MULT3.SA,3,0.09485583224115335
2013-01-23,bovespa,PETR3.SA,1,0.09485583224115335
2013-01-23,bovespa,PETR4.SA,1,0.09485583224115335
2013-01-23,bovespa,PSSA3.SA,2,0.09485583224115335
2013-01-23,bovespa,RADL3.SA,3,0.09485583224115335
2013-01-23,bovespa,RENT3.SA,3,0.09485583224115335
2013-01-23,bovespa,SANB11.SA,2,0.09485583224115335
2013-01-23,bovespa,SBSP3.SA,3,0.09485583224115335
2013-01-23,bovespa,SMTO3.SA,0,0.09485583224115335
2013-01-23,bovespa,SUZB3.SA,0,0.09485583224115335
2013-01-23,bovespa,TOTS3.SA,3,0.09485583224115335
2013-01-23,bovespa,UGPA3.SA,0,0.09485583224115335
2013-01-23,bovespa,USIM5.SA,0,0.09485583224115335
2013-01-23,bovespa,VALE3.SA,0,0.09485583224115335
2013-01-23,bovespa,WEGE3.SA,2,0.09485583224115335
2013-01-23,bovespa,YDUQ3.SA,2,0.09485583224115335
2013-02-26,bovespa,ABEV3.SA,2,0.5092154239649543
2013-02-26,bovespa,B3SA3.SA,3,0.5092154239649543
2013-02-26,bovespa,BBAS3.SA,2,0.5092154239649543
2013-02-26,bovespa,BBDC3.SA,2,0.5092154239649543
2013-02-26,bovespa,BBDC4.SA,2,0.5092154239649543
2013-02-26,bovespa,BEEF3.SA,2,0.5092154239649543
2013-02-26,bovespa,CMIG4.SA,3,0.5092154239649543
2013-02-26,bovespa,CSAN3.SA,0,0.5092154239649543
2013-02-26,bovespa,CSNA3.SA,0,0.5092154239649543
2013-02-26,bovespa,CYRE3.SA,3,0.5092154239649543
2013-02-26,bovespa,DXCO3.SA,0,0.5092154239649543
2013-02-26,bovespa,ENEV3.SA,3,0.5092154239649543
2013-02-26,bovespa,EZTC3.SA,3,0.5092154239649543
2013-02-26,bovespa,FLRY3.SA,3,0.5092154239649543
2013-02-26,bovespa,GGBR4.SA,0,0.5092154239649543
2013-02-26,bovespa,ITSA4.SA,2,0.5092154239649543
2013-02-26,bovespa,ITUB4.SA,2,0.5092154239649543
2013-02-26,bovespa,LREN3.SA,3,0.5092154239649543
2013-02-26,bovespa,MRVE3.SA,3,0.5092154239649543
2013-02-26,bovespa,MULT3.SA,0,0.5092154239649543
2013-02-26,bovespa,PETR3.SA,1,0.5092154239649543
2013-02-26,bovespa,PETR4.SA,1,0.5092154239649543
2013-02-26,bovespa,PSSA3.SA,2,0.5092154239649543
2013-02-26,bovespa,RADL3.SA,0,0.5092154239649543
2013-02-26,bovespa,RENT3.SA,0,0.5092154239649543
2013-02-26,bovespa,SANB11.SA,2,0.5092154239649543
2013-02-26,bovespa,SBSP3.SA,3,0.5092154239649543
2013-02-26,bovespa,SMTO3.SA,3,0.5092154239649543
2013-02-26,bovespa,SUZB3.SA,0,0.5092154239649543
2013-02-26,bovespa,TOTS3.SA,3,0.5092154239649543
2013-02-26,bovespa,UGPA3.SA,0,0.5092154239649543
2013-02-26,bovespa,USIM5.SA,0,0.5092154239649543
2013-02-26,bovespa,VALE3.SA,0,0.5092154239649543
2013-02-26,bovespa,WEGE3.SA,2,0.5092154239649543
2013-02-26,bovespa,YDUQ3.SA,2,0.5092154239649543
2013-03-27,bovespa,ABEV3.SA,1,0.22798408199656414
2013-03-27,bovespa,B3SA3.SA,0,0.22798408199656414
2013-03-27,bovespa,BBAS3.SA,1,0.22798408199656414
2013-03-27,bovespa,BBDC3.SA,1,0.22798408199656414
2013-03-27,bovespa,BBDC4.SA,1,0.22798408199656414
2013-03-27,bovespa,BEEF3.SA,3,0.22798408199656414
2013-03-27,bovespa,CMIG4.SA,0,0.22798408199656414
2013-03-27,bovespa,CSAN3.SA,1,0.22798408199656414
2013-03-27,bovespa,CSNA3.SA,2,0.22798408199656414
2013-03-27,bovespa,CYRE3.SA,2,0.22798408199656414
2013-03-27,bovespa,DXCO3.SA,2,0.22798408199656414
2013-03-27,bovespa,ENEV3.SA,2,0.22798408199656414
2013-03-27,bovespa,EZTC3.SA,2,0.22798408199656414
2013-03-27,bovespa,FLRY3.SA,3,0.22798408199656414
2013-03-27,bovespa,GGBR4.SA,2,0.22798408199656414
2013-03-27,bovespa,ITSA4.SA,1,0.22798408199656414
2013-03-27,bovespa,ITUB4.SA,1,0.22798408199656414
2013-03-27,bovespa,LREN3.SA,2,0.22798408199656414
2013-03-27,bovespa,MRVE3.SA,2,0.22798408199656414
2013-03-27,bovespa,MULT3.SA,1,0.22798408199656414
2013-03-27,bovespa,PETR3.SA,0,0.22798408199656414
2013-03-27,bovespa,PETR4.SA,0,0.22798408199656414
2013-03-27,bovespa,PSSA3.SA,3,0.22798408199656414
2013-03-27,bovespa,RADL3.SA,2,0.22798408199656414
2013-03-27,bovespa,RENT3.SA,2,0.22798408199656414
2013-03-27,bovespa,SANB11.SA,3,0.22798408199656414
2013-03-27,bovespa,SBSP3.SA,2,0.22798408199656414
2013-03-27,bovespa,SMTO3.SA,0,0.22798408199656414
2013-03-27,bovespa,SUZB3.SA,0,0.22798408199656414
2013-03-27,bovespa,TOTS3.SA,0,0.22798408199656414
2013-03-27,bovespa,UGPA3.SA,1,0.22798408199656414
2013-03-27,bovespa,USIM5.SA,2,0.22798408199656414
2013-03-27,bovespa,VALE3.SA,0,0.22798408199656414
2013-03-27,bovespa,WEGE3.SA,1,0.22798408199656414
2013-03-27,bovespa,YDUQ3.SA,3,0.22798408199656414
2013-04-26,bovespa,ABEV3.SA,2,0.25456389452332656
2013-04-26,bovespa,B3SA3.SA,1,0.25456389452332656
2013-04-26,bovespa,BBAS3.SA,2,0.25456389452332656
2013-04-26,bovespa,BBDC3.SA,2,0.25456389452332656
2013-04-26,bovespa,BBDC4.SA,2,0.25456389452332656
2013-04-26,bovespa,BEEF3.SA,3,0.25456389452332656
2013-04-26,bovespa,CMIG4.SA,1,0.25456389452332656
2013-04-26,bovespa,CSAN3.SA,0,0.25456389452332656
2013-04-26,bovespa,CSNA3.SA,3,0.25456389452332656
2013-04-26,bovespa,CYRE3.SA,3,0.25456389452332656
2013-04-26,bovespa,DXCO3.SA,0,0.25456389452332656
2013-04-26,bovespa,ENEV3.SA,2,0.25456389452332656
2013-04-26,bovespa,EZTC3.SA,0,0.25456389452332656
2013-04-26,bovespa,FLRY3.SA,2,0.25456389452332656
2013-04-26,bovespa,GGBR4.SA,0,0.25456389452332656
2013-04-26,bovespa,ITSA4.SA,2,0.25456389452332656
2013-04-26,bovespa,ITUB4.SA,2,0.25456389452332656
2013-04-26,bovespa,LREN3.SA,0,0.25456389452332656
2013-04-26,bovespa,MRVE3.SA,3,0.25456389452332656
2013-04-26,bovespa,MULT3.SA,0,0.25456389452332656
2013-04-26,bovespa,PETR3.SA,1,0.25456389452332656
2013-04-26,bovespa,PETR4.SA,1,0.25456389452332656
2013-04-26,bovespa,PSSA3.SA,2,0.25456389452332656
2013-04-26,bovespa,RADL3.SA,2,0.25456389452332656
2013-04-26,bovespa,RENT3.SA,0,0.25456389452332656
2013-04-26,bovespa,SANB11.SA,2,0.25456389452332656
2013-04-26,bovespa,SBSP3.SA,3,0.25456389452332656
2013-04-26,bovespa,SMTO3.SA,1,0.25456389452332656
2013-04-26,bovespa,SUZB3.SA,0,0.25456389452332656
2013-04-26,bovespa,TOTS3.SA,1,0.25456389452332656
2013-04-26,bovespa,UGPA3.SA,0,0.25456389452332656
2013-04-26,bovespa,USIM5.SA,3,0.25456389452332656
2013-04-26,bovespa,VALE3.SA,0,0.25456389452332656
2013-04-26,bovespa,WEGE3.SA,2,0.25456389452332656
2013-04-26,bovespa,YDUQ3.SA,2,0.25456389452332656
2013-05-28,bovespa,ABEV3.SA,2,0.4340285915162878
2013-05-28,bovespa,B3SA3.SA,1,0.4340285915162878
2013-05-28,bovespa,BBAS3.SA,2,0.4340285915162878
2013-05-28,bovespa,BBDC3.SA,2,0.4340285915162878
2013-05-28,bovespa,BBDC4.SA,2,0.4340285915162878
2013-05-28,bovespa,BEEF3.SA,1,0.4340285915162878
2013-05-28,bovespa,CMIG4.SA,1,0.4340285915162878
2013-05-28,bovespa,CSAN3.SA,1,0.4340285915162878
2013-05-28,bovespa,CSNA3.SA,0,0.4340285915162878
2013-05-28,bovespa,CYRE3.SA,0,0.4340285915162878
2013-05-28,bovespa,DXCO3.SA,0,0.4340285915162878
2013-05-28,bovespa,ENEV3.SA,0,0.4340285915162878
2013-05-28,bovespa,EZTC3.SA,0,0.4340285915162878
2013-05-28,bovespa,FLRY3.SA,1,0.4340285915162878
2013-05-28,bovespa,GGBR4.SA,0,0.4340285915162878
2013-05-28,bovespa,ITSA4.SA,2,0.4340285915162878
2013-05-28,bovespa,ITUB4.SA,2,0.4340285915162878
2013-05-28,bovespa,LREN3.SA,0,0.4340285915162878
2013-05-28,bovespa,MRVE3.SA,0,0.4340285915162878
2013-05-28,bovespa,MULT3.SA,1,0.4340285915162878
2013-05-28,bovespa,PETR3.SA,1,0.4340285915162878
2013-05-28,bovespa,PETR4.SA,1,0.4340285915162878
2013-05-28,bovespa,PSSA3.SA,2,0.4340285915162878
2013-05-28,bovespa,RADL3.SA,2,0.4340285915162878
2013-05-28,bovespa,RENT3.SA,0,0.4340285915162878
2013-05-28,bovespa,SANB11.SA,2,0.4340285915162878
2013-05-28,bovespa,SBSP3.SA,0,0.4340285915162878
2013-05-28,bovespa,SMTO3.SA,1,0.4340285915162878
2013-05-28,bovespa,SUZB3.SA,1,0.4340285915162878
2013-05-28,bovespa,TOTS3.SA,1,0.4340285915162878
2013-05-28,bovespa,UGPA3.SA,1,0.4340285915162878
2013-05-28,bovespa,USIM5.SA,0,0.4340285915162878
2013-05-28,bovespa,VALE3.SA,0,0.4340285915162878
2013-05-28,bovespa,WEGE3.SA,2,0.4340285915162878
2013-05-28,bovespa,YDUQ3.SA,2,0.4340285915162878
2013-06-27,bovespa,ABEV3.SA,1,0.4029367307277046
2013-06-27,bovespa,B3SA3.SA,0,0.4029367307277046
2013-06-27,bovespa,BBAS3.SA,1,0.4029367307277046
2013-06-27,bovespa,BBDC3.SA,1,0.4029367307277046
2013-06-27,bovespa,BBDC4.SA,1,0.4029367307277046
2013-06-27,bovespa,BEEF3.SA,0,0.4029367307277046
2013-06-27,bovespa,CMIG4.SA,0,0.4029367307277046
2013-06-27,bovespa,CSAN3.SA,3,0.4029367307277046
2013-06-27,bovespa,CSNA3.SA,3,0.4029367307277046
2013-06-27,bovespa,CYRE3.SA,3,0.4029367307277046
2013-06-27,bovespa,DXCO3.SA,3,0.4029367307277046
2013-06-27,bovespa,ENEV3.SA,3,0.4029367307277046
2013-06-27,bovespa,EZTC3.SA,3,0.4029367307277046
2013-06-27,bovespa,FLRY3.SA,1,0.4029367307277046
2013-06-27,bovespa,GGBR4.SA,3,0.4029367307277046
2013-06-27,bovespa,ITSA4.SA,1,0.4029367307277046
2013-06-27,bovespa,ITUB4.SA,1,0.4029367307277046
2013-06-27,bovespa,LREN3.SA,3,0.4029367307277046
2013-06-27,bovespa,MRVE3.SA,3,0.4029367307277046
2013-06-27,bovespa,MULT3.SA,3,0.4029367307277046
2013-06-27,bovespa,PETR3.SA,0,0.4029367307277046
2013-06-27,bovespa,PETR4.SA,0,0.4029367307277046
2013-06-27,bovespa,PSSA3.SA,3,0.4029367307277046
2013-06-27,bovespa,RADL3.SA,1,0.4029367307277046
2013-06-27,bovespa,RENT3.SA,3,0.4029367307277046
2013-06-27,bovespa,SANB11.SA,1,0.4029367307277046
2013-06-27,bovespa,SBSP3.SA,3,0.4029367307277046
2013-06-27,bovespa,SMTO3.SA,0,0.4029367307277046
2013-06-27,bovespa,SUZB3.SA,0,0.4029367307277046
2013-06-27,bovespa,TOTS3.SA,3,0.4029367307277046
2013-06-27,bovespa,UGPA3.SA,3,0.4029367307277046
2013-06-27,bovespa,USIM5.SA,3,0.4029367307277046
2013-06-27,bovespa,VALE3.SA,0,0.4029367307277046
2013-06-27,bovespa,WEGE3.SA,1,0.4029367307277046
2013-06-27,bovespa,YDUQ3.SA,3,0.4029367307277046
2013-07-29,bovespa,ABEV3.SA,1,0.31907559353303877
2013-07-29,bovespa,B3SA3.SA,2,0.31907559353303877
2013-07-29,bovespa,BBAS3.SA,1,0.31907559353303877
2013-07-29,bovespa,BBDC3.SA,1,0.31907559353303877
2013-07-29,bovespa,BBDC4.SA,1,0.31907559353303877
2013-07-29,bovespa,BEEF3.SA,4,0.31907559353303877
2013-07-29,bovespa,CMIG4.SA,2,0.31907559353303877
2013-07-29,bovespa,CSAN3.SA,2,0.31907559353303877
2013-07-29,bovespa,CSNA3.SA,0,0.31907559353303877
2013-07-29,bovespa,CYRE3.SA,3,0.31907559353303877
2013-07-29,bovespa,DXCO3.SA,4,0.31907559353303877
2013-07-29,bovespa,ENEV3.SA,3,0.31907559353303877
2013-07-29,bovespa,EZTC3.SA,3,0.31907559353303877
2013-07-29,bovespa,FLRY3.SA,0,0.31907559353303877
2013-07-29,bovespa,GGBR4.SA,0,0.31907559353303877
2013-07-29,bovespa,ITSA4.SA,1,0.31907559353303877
2013-07-29,bovespa,ITUB4.SA,1,0.31907559353303877
2013-07-29,bovespa,LREN3.SA,3,0.31907559353303877
2013-07-29,bovespa,MRVE3.SA,3,0.31907559353303877
2013-07-29,bovespa,MULT3.SA,2,0.31907559353303877
2013-07-29,bovespa,PETR3.SA,0,0.31907559353303877
2013-07-29,bovespa,PETR4.SA,0,0.31907559353303877
2013-07-29,bovespa,PSSA3.SA,4,0.31907559353303877
2013-07-29,bovespa,RADL3.SA,1,0.31907559353303877
2013-07-29,bovespa,RENT3.SA,3,0.31907559353303877
2013-07-29,bovespa,SANB11.SA,1,0.31907559353303877
2013-07-29,bovespa,SBSP3.SA,2,0.31907559353303877
2013-07-29,bovespa,SMTO3.SA,2,0.31907559353303877
2013-07-29,bovespa,SUZB3.SA,4,0.31907559353303877
2013-07-29,bovespa,TOTS3.SA,2,0.31907559353303877
2013-07-29,bovespa,UGPA3.SA,2,0.31907559353303877
2013-07-29,bovespa,USIM5.SA,0,0.31907559353303877
2013-07-29,bovespa,VALE3.SA,0,0.31907559353303877
2013-07-29,bovespa,WEGE3.SA,1,0.31907559353303877
2013-07-29,bovespa,YDUQ3.SA,3,0.31907559353303877
2013-08-27,bovespa,ABEV3.SA,2,0.6061542117143875
2013-08-27,bovespa,B3SA3.SA,3,0.6061542117143875
2013-08-27,bovespa,BBAS3.SA,2,0.6061542117143875
2013-08-27,bovespa,BBDC3.SA,2,0.6061542117143875
2013-08-27,bovespa,BBDC4.SA,2,0.6061542117143875
2013-08-27,bovespa,BEEF3.SA,0,0.6061542117143875
2013-08-27,bovespa,CMIG4.SA,3,0.6061542117143875
2013-08-27,bovespa,CSAN3.SA,3,0.6061542117143875
2013-08-27,bovespa,CSNA3.SA,0,0.6061542117143875
2013-08-27,bovespa,CYRE3.SA,1,0.6061542117143875
2013-08-27,bovespa,DXCO3.SA,3,0.6061542117143875
2013-08-27,bovespa,ENEV3.SA,2,0.6061542117143875
2013-08-27,bovespa,EZTC3.SA,1,0.6061542117143875
2013-08-27,bovespa,FLRY3.SA,0,0.6061542117143875
2013-08-27,bovespa,GGBR4.SA,0,0.6061542117143875
2013-08-27,bovespa,ITSA4.SA,2,0.6061542117143875
2013-08-27,bovespa,ITUB4.SA,2,0.6061542117143875
2013-08-27,bovespa,LREN3.SA,1,0.6061542117143875
2013-08-27,bovespa,MRVE3.SA,1,0.6061542117143875
2013-08-27,bovespa,MULT3.SA,3,0.6061542117143875
2013-08-27,bovespa,PETR3.SA,0,0.6061542117143875
2013-08-27,bovespa,PETR4.SA,0,0.6061542117143875
2013-08-27,bovespa,PSSA3.SA,1,0.6061542117143875
2013-08-27,bovespa,RADL3.SA,3,0.6061542117143875
2013-08-27,bovespa,RENT3.SA,1,0.6061542117143875
2013-08-27,bovespa,SANB11.SA,2,0.6061542117143875
2013-08-27,bovespa,SBSP3.SA,3,0.6061542117143875
2013-08-27,bovespa,SMTO3.SA,0,0.6061542117143875
2013-08-27,bovespa,SUZB3.SA,3,0.6061542117143875
2013-08-27,bovespa,TOTS3.SA,3,0.6061542117143875
2013-08-27,bovespa,UGPA3.SA,3,0.6061542117143875
2013-08-27,bovespa,USIM5.SA,0,0.6061542117143875
2013-08-27,bovespa,VALE3.SA,0,0.6061542117143875
2013-08-27,bovespa,WEGE3.SA,2,0.6061542117143875
2013-08-27,bovespa,YDUQ3.SA,1,0.6061542117143875
2013-09-25,bovespa,ABEV3.SA,2,0.24660408034824566
2013-09-25,bovespa,B3SA3.SA,2,0.24660408034824566
2013-09-25,bovespa,BBAS3.SA,3,0.24660408034824566
2013-09-25,bovespa,BBDC3.SA,3,0.24660408034824566
2013-09-25,bovespa,BBDC4.SA,3,0.24660408034824566
2013-09-25,bovespa,BEEF3.SA,1,0.24660408034824566
2013-09-25,bovespa,CMIG4.SA,2,0.24660408034824566
2013-09-25,bovespa,CSAN3.SA,3,0.24660408034824566
2013-09-25,bovespa,CSNA3.SA,0,0.24660408034824566
2013-09-25,bovespa,CYRE3.SA,0,0.24660408034824566
2013-09-25,bovespa,DXCO3.SA,2,0.24660408034824566
2013-09-25,bovespa,ENEV3.SA,2,0.24660408034824566
2013-09-25,bovespa,EZTC3.SA,0,0.24660408034824566
2013-09-25,bovespa,FLRY3.SA,0,0.24660408034824566
2013-09-25,bovespa,GGBR4.SA,0,0.24660408034824566
2013-09-25,bovespa,ITSA4.SA,2,0.24660408034824566
2013-09-25,bovespa,ITUB4.SA,2,0.24660408034824566
2013-09-25,bovespa,LREN3.SA,0,0.24660408034824566
2013-09-25,bovespa,MRVE3.SA,0,0.24660408034824566
2013-09-25,bovespa,MULT3.SA,0,0.24660408034824566
2013-09-25,bovespa,PETR3.SA,1,0.24660408034824566
2013-09-25,bovespa,PETR4.SA,1,0.24660408034824566
2013-09-25,bovespa,PSSA3.SA,0,0.24660408034824566
2013-09-25,bovespa,RADL3.SA,2,0.24660408034824566
2013-09-25,bovespa,RENT3.SA,0,0.24660408034824566
2013-09-25,bovespa,SANB11.SA,3,0.24660408034824566
2013-09-25,bovespa,SBSP3.SA,2,0.24660408034824566
2013-09-25,bovespa,SMTO3.SA,1,0.24660408034824566
2013-09-25,bovespa,SUZB3.SA,1,0.24660408034824566
2013-09-25,bovespa,TOTS3.SA,3,0.24660408034824566
2013-09-25,bovespa,UGPA3.SA,0,0.24660408034824566
2013-09-25,bovespa,USIM5.SA,0,0.24660408034824566
2013-09-25,bovespa,VALE3.SA,0,0.24660408034824566
2013-09-25,bovespa,WEGE3.SA,2,0.24660408034824566
2013-09-25,bovespa,YDUQ3.SA,0,0.24660408034824566
2013-10-24,bovespa,ABEV3.SA,2,0.14185703758290347
2013-10-24,bovespa,B3SA3.SA,2,0.14185703758290347
2013-10-24,bovespa,BBAS3.SA,2,0.14185703758290347
2013-10-24,bovespa,BBDC3.SA,2,0.14185703758290347
2013-10-24,bovespa,BBDC4.SA,2,0.14185703758290347
2013-10-24,bovespa,BEEF3.SA,1,0.14185703758290347
2013-10-24,bovespa,CMIG4.SA,2,0.14185703758290347
2013-10-24,bovespa,CSAN3.SA,2,0.14185703758290347
2013-10-24,bovespa,CSNA3.SA,1,0.14185703758290347
2013-10-24,bovespa,CYRE3.SA,2,0.14185703758290347
2013-10-24,bovespa,DXCO3.SA,2,0.14185703758290347
2013-10-24,bovespa,ENEV3.SA,2,0.14185703758290347
2013-10-24,bovespa,EZTC3.SA,2,0.14185703758290347
2013-10-24,bovespa,FLRY3.SA,2,0.14185703758290347
2013-10-24,bovespa,GGBR4.SA,1,0.14185703758290347
2013-10-24,bovespa,ITSA4.SA,2,0.14185703758290347
2013-10-24,bovespa,ITUB4.SA,2,0.14185703758290347
2013-10-24,bovespa,LREN3.SA,2,0.14185703758290347
2013-10-24,bovespa,MRVE3.SA,1,0.14185703758290347
2013-10-24,bovespa,MULT3.SA,2,0.14185703758290347
2013-10-24,bovespa,PETR3.SA,1,0.14185703758290347
2013-10-24,bovespa,PETR4.SA,1,0.14185703758290347
2013-10-24,bovespa,PSSA3.SA,2,0.14185703758290347
2013-10-24,bovespa,RADL3.SA,2,0.14185703758290347
2013-10-24,bovespa,RENT3.SA,2,0.14185703758290347
2013-10-24,bovespa,SANB11.SA,2,0.14185703758290347
2013-10-24,bovespa,SBSP3.SA,2,0.14185703758290347
2013-10-24,bovespa,SMTO3.SA,1,0.14185703758290347
2013-10-24,bovespa,SUZB3.SA,1,0.14185703758290347
2013-10-24,bovespa,TOTS3.SA,2,0.14185703758290347
2013-10-24,bovespa,UGPA3.SA,2,0.14185703758290347
2013-10-24,bovespa,USIM5.SA,1,0.14185703758290347
2013-10-24,bovespa,VALE3.SA,1,0.14185703758290347
2013-10-24,bovespa,WEGE3.SA,2,0.14185703758290347
2013-10-24,bovespa,YDUQ3.SA,2,0.14185703758290347
2013-11-26,bovespa,ABEV3.SA,3,0.3702062205073389
2013-11-26,bovespa,B3SA3.SA,2,0.3702062205073389
2013-11-26,bovespa,BBAS3.SA,2,0.3702062205073389
2013-11-26,bovespa,BBDC3.SA,3,0.3702062205073389
2013-11-26,bovespa,BBDC4.SA,3,0.3702062205073389
2013-11-26,bovespa,BEEF3.SA,0,0.3702062205073389
2013-11-26,bovespa,CMIG4.SA,2,0.3702062205073389
2013-11-26,bovespa,CSAN3.SA,2,0.3702062205073389
2013-11-26,bovespa,CSNA3.SA,0,0.3702062205073389
2013-11-26,bovespa,CYRE3.SA,1,0.3702062205073389
2013-11-26,bovespa,DXCO3.SA,2,0.3702062205073389
2013-11-26,bovespa,ENEV3.SA,2,0.3702062205073389
2013-11-26,bovespa,EZTC3.SA,1,0.3702062205073389
2013-11-26,bovespa,FLRY3.SA,3,0.3702062205073389
2013-11-26,bovespa,GGBR4.SA,0,0.3702062205073389
2013-11-26,bovespa,ITSA4.SA,2,0.3702062205073389
2013-11-26,bovespa,ITUB4.SA,2,0.3702062205073389
2013-11-26,bovespa,LREN3.SA,1,0.3702062205073389
2013-11-26,bovespa,MRVE3.SA,0,0.3702062205073389
2013-11-26,bovespa,MULT3.SA,3,0.3702062205073389
2013-11-26,bovespa,PETR3.SA,0,0.3702062205073389
2013-11-26,bovespa,PETR4.SA,0,0.3702062205073389
2013-11-26,bovespa,PSSA3.SA,1,0.3702062205073389
2013-11-26,bovespa,RADL3.SA,2,0.3702062205073389
2013-11-26,bovespa,RENT3.SA,1,0.3702062205073389
2013-11-26,bovespa,SANB11.SA,3,0.3702062205073389
2013-11-26,bovespa,SBSP3.SA,2,0.3702062205073389
2013-11-26,bovespa,SMTO3.SA,0,0.3702062205073389
2013-11-26,bovespa,SUZB3.SA,0,0.3702062205073389
2013-11-26,bovespa,TOTS3.SA,2,0.3702062205073389
2013-11-26,bovespa,UGPA3.SA,1,0.3702062205073389
2013-11-26,bovespa,USIM5.SA,0,0.3702062205073389
2013-11-26,bovespa,VALE3.SA,0,0.3702062205073389
2013-11-26,bovespa,WEGE3.SA,3,0.3702062205073389
2013-11-26,bovespa,YDUQ3.SA,1,0.3702062205073389
2013-12-27,bovespa,ABEV3.SA,3,0.4990833772630353
2013-12-27,bovespa,B3SA3.SA,2,0.4990833772630353
2013-12-27,bovespa,BBAS3.SA,2,0.4990833772630353
2013-12-27,bovespa,BBDC3.SA,3,0.4990833772630353
2013-12-27,bovespa,BBDC4.SA,3,0.4990833772630353
2013-12-27,bovespa,BEEF3.SA,0,0.4990833772630353
2013-12-27,bovespa,CMIG4.SA,2,0.4990833772630353
2013-12-27,bovespa,CSAN3.SA,2,0.4990833772630353
2013-12-27,bovespa,CSNA3.SA,0,0.4990833772630353
2013-12-27,bovespa,CYRE3.SA,1,0.4990833772630353
2013-12-27,bovespa,DXCO3.SA,2,0.4990833772630353
2013-12-27,bovespa,ENEV3.SA,2,0.4990833772630353
2013-12-27,bovespa,EZTC3.SA,1,0.4990833772630353
2013-12-27,bovespa,FLRY3.SA,1,0.4990833772630353
2013-12-27,bovespa,GGBR4.SA,0,0.4990833772630353
2013-12-27,bovespa,ITSA4.SA,2,0.4990833772630353
2013-12-27,bovespa,ITUB4.SA,2,0.4990833772630353
2013-12-27,bovespa,LREN3.SA,1,0.4990833772630353
2013-12-27,bovespa,MRVE3.SA,1,0.4990833772630353
2013-12-27,bovespa,MULT3.SA,1,0.4990833772630353
2013-12-27,bovespa,PETR3.SA,0,0.4990833772630353
2013-12-27,bovespa,PETR4.SA,0,0.4990833772630353
2013-12-27,bovespa,PSSA3.SA,3,0.4990833772630353
2013-12-27,bovespa,RADL3.SA,3,0.4990833772630353
2013-12-27,bovespa,RENT3.SA,1,0.4990833772630353
2013-12-27,bovespa,SANB11.SA,3,0.4990833772630353
2013-12-27,bovespa,SBSP3.SA,2,0.4990833772630353
2013-12-27,bovespa,SMTO3.SA,2,0.4990833772630353
2013-12-27,bovespa,SUZB3.SA,0,0.4990833772630353
2013-12-27,bovespa,TOTS3.SA,1,0.4990833772630353
2013-12-27,bovespa,UGPA3.SA,3,0.4990833772630353
2013-12-27,bovespa,USIM5.SA,0,0.4990833772630353
2013-12-27,bovespa,VALE3.SA,0,0.4990833772630353
2013-12-27,bovespa,WEGE3.SA,3,0.4990833772630353
2013-12-27,bovespa,YDUQ3.SA,1,0.4990833772630353
2014-01-29,bovespa,ABEV3.SA,3,0.2418047134275272
2014-01-29,bovespa,B3SA3.SA,2,0.2418047134275272
2014-01-29,bovespa,BBAS3.SA,3,0.2418047134275272
2014-01-29,bovespa,BBDC3.SA,3,0.2418047134275272
2014-01-29,bovespa,BBDC4.SA,3,0.2418047134275272
2014-01-29,bovespa,BEEF3.SA,0,0.2418047134275272
2014-01-29,bovespa,CMIG4.SA,3,0.2418047134275272
2014-01-29,bovespa,CSAN3.SA,2,0.2418047134275272
2014-01-29,bovespa,CSNA3.SA,0,0.2418047134275272
2014-01-29,bovespa,CYRE3.SA,0,0.2418047134275272
2014-01-29,bovespa,DXCO3.SA,2,0.2418047134275272
2014-01-29,bovespa,ENEV3.SA,2,0.2418047134275272
2014-01-29,bovespa,EZTC3.SA,0,0.2418047134275272
2014-01-29,bovespa,FLRY3.SA,3,0.2418047134275272
2014-01-29,bovespa,GGBR4.SA,0,0.2418047134275272
2014-01-29,bovespa,ITSA4.SA,2,0.2418047134275272
2014-01-29,bovespa,ITUB4.SA,2,0.2418047134275272
2014-01-29,bovespa,LREN3.SA,0,0.2418047134275272
2014-01-29,bovespa,MRVE3.SA,2,0.2418047134275272
2014-01-29,bovespa,MULT3.SA,2,0.2418047134275272
2014-01-29,bovespa,PETR3.SA,0,0.2418047134275272
2014-01-29,bovespa,PETR4.SA,0,0.2418047134275272
2014-01-29,bovespa,PSSA3.SA,0,0.2418047134275272
2014-01-29,bovespa,RADL3.SA,3,0.2418047134275272
2014-01-29,bovespa,RENT3.SA,0,0.2418047134275272
2014-01-29,bovespa,SANB11.SA,2,0.2418047134275272
2014-01-29,bovespa,SBSP3.SA,3,0.2418047134275272
2014-01-29,bovespa,SMTO3.SA,2,0.2418047134275272
2014-01-29,bovespa,SUZB3.SA,0,0.2418047134275272
2014-01-29,bovespa,TOTS3.SA,2,0.2418047134275272
2014-01-29,bovespa,UGPA3.SA,0,0.2418047134275272
2014-01-29,bovespa,USIM5.SA,0,0.2418047134275272
2014-01-29,bovespa,VALE3.SA,0,0.2418047134275272
2014-01-29,bovespa,WEGE3.SA,3,0.2418047134275272
2014-01-29,bovespa,YDUQ3.SA,3,0.2418047134275272
2014-02-27,bovespa,ABEV3.SA,3,0.16860340771369503
2014-02-27,bovespa,B3SA3.SA,2,0.16860340771369503
2014-02-27,bovespa,BBAS3.SA,2,0.16860340771369503
2014-02-27,bovespa,BBDC3.SA,2,0.16860340771369503
2014-02-27,bovespa,BBDC4.SA,3,0.16860340771369503
2014-02-27,bovespa,BEEF3.SA,0,0.16860340771369503
2014-02-27,bovespa,CMIG4.SA,3,0.16860340771369503
2014-02-27,bovespa,CSAN3.SA,2,0.16860340771369503
2014-02-27,bovespa,CSNA3.SA,0,0.16860340771369503
2014-02-27,bovespa,CYRE3.SA,4,0.16860340771369503
2014-02-27,bovespa,DXCO3.SA,4,0.16860340771369503
2014-02-27,bovespa,ENEV3.SA,2,0.16860340771369503
2014-02-27,bovespa,EZTC3.SA,4,0.16860340771369503
2014-02-27,bovespa,FLRY3.SA,0,0.16860340771369503
2014-02-27,bovespa,GGBR4.SA,0,0.16860340771369503
2014-02-27,bovespa,ITSA4.SA,2,0.16860340771369503
2014-02-27,bovespa,ITUB4.SA,2,0.16860340771369503
2014-02-27,bovespa,LREN3.SA,4,0.16860340771369503
2014-02-27,bovespa,MRVE3.SA,4,0.16860340771369503
2014-02-27,bovespa,MULT3.SA,4,0.16860340771369503
2014-02-27,bovespa,PETR3.SA,1,0.16860340771369503
2014-02-27,bovespa,PETR4.SA,1,0.16860340771369503
2014-02-27,bovespa,PSSA3.SA,3,0.16860340771369503
2014-02-27,bovespa,RADL3.SA,4,0.16860340771369503
2014-02-27,bovespa,RENT3.SA,4,0.16860340771369503
2014-02-27,bovespa,SANB11.SA,2,0.16860340771369503
2014-02-27,bovespa,SBSP3.SA,3,0.16860340771369503
2014-02-27,bovespa,SMTO3.SA,2,0.16860340771369503
2014-02-27,bovespa,SUZB3.SA,3,0.16860340771369503
2014-02-27,bovespa,TOTS3.SA,4,0.16860340771369503
2014-02-27,bovespa,UGPA3.SA,3,0.16860340771369503
2014-02-27,bovespa,USIM5.SA,0,0.16860340771369503
2014-02-27,bovespa,VALE3.SA,0,0.16860340771369503
2014-02-27,bovespa,WEGE3.SA,3,0.16860340771369503
2014-02-27,bovespa,YDUQ3.SA,2,0.16860340771369503
2014-04-01,bovespa,ABEV3.SA,3,0.22262072499039323
2014-04-01,bovespa,B3SA3.SA,2,0.22262072499039323
2014-04-01,bovespa,BBAS3.SA,2,0.22262072499039323
2014-04-01,bovespa,BBDC3.SA,2,0.22262072499039323
2014-04-01,bovespa,BBDC4.SA,2,0.22262072499039323
2014-04-01,bovespa,BEEF3.SA,0,0.22262072499039323
2014-04-01,bovespa,CMIG4.SA,0,0.22262072499039323
2014-04-01,bovespa,CSAN3.SA,2,0.22262072499039323
2014-04-01,bovespa,CSNA3.SA,0,0.22262072499039323
2014-04-01,bovespa,CYRE3.SA,0,0.22262072499039323
2014-04-01,bovespa,DXCO3.SA,0,0.22262072499039323
2014-04-01,bovespa,ENEV3.SA,0,0.22262072499039323
2014-04-01,bovespa,EZTC3.SA,0,0.22262072499039323
2014-04-01,bovespa,FLRY3.SA,0,0.22262072499039323
2014-04-01,bovespa,GGBR4.SA,0,0.22262072499039323
2014-04-01,bovespa,ITSA4.SA,2,0.22262072499039323
2014-04-01,bovespa,ITUB4.SA,2,0.22262072499039323
2014-04-01,bovespa,LREN3.SA,0,0.22262072499039323
2014-04-01,bovespa,MRVE3.SA,0,0.22262072499039323
2014-04-01,bovespa,MULT3.SA,2,0.22262072499039323
2014-04-01,bovespa,PETR3.SA,0,0.22262072499039323
2014-04-01,bovespa,PETR4.SA,0,0.22262072499039323
2014-04-01,bovespa,PSSA3.SA,0,0.22262072499039323
2014-04-01,bovespa,RADL3.SA,2,0.22262072499039323
2014-04-01,bovespa,RENT3.SA,0,0.22262072499039323
2014-04-01,bovespa,SANB11.SA,2,0.22262072499039323
2014-04-01,bovespa,SBSP3.SA,3,0.22262072499039323
2014-04-01,bovespa,SMTO3.SA,2,0.22262072499039323
2014-04-01,bovespa,SUZB3.SA,0,0.22262072499039323
2014-04-01,bovespa,TOTS3.SA,2,0.22262072499039323
2014-04-01,bovespa,UGPA3.SA,3,0.22262072499039323
2014-04-01,bovespa,USIM5.SA,0,0.22262072499039323
2014-04-01,bovespa,VALE3.SA,0,0.22262072499039323
2014-04-01,bovespa,WEGE3.SA,3,0.22262072499039323
2014-04-01,bovespa,YDUQ3.SA,2,0.22262072499039323
2014-05-05,bovespa,ABEV3.SA,2,0.06939898017919542
2014-05-05,bovespa,B3SA3.SA,2,0.06939898017919542
2014-05-05,bovespa,BBAS3.SA,3,0.06939898017919542
2014-05-05,bovespa,BBDC3.SA,3,0.06939898017919542
2014-05-05,bovespa,BBDC4.SA,2,0.06939898017919542
2014-05-05,bovespa,BEEF3.SA,0,0.06939898017919542
2014-05-05,bovespa,CMIG4.SA,3,0.06939898017919542
2014-05-05,bovespa,CSAN3.SA,2,0.06939898017919542
2014-05-05,bovespa,CSNA3.SA,0,0.06939898017919542
2014-05-05,bovespa,CYRE3.SA,2,0.06939898017919542
2014-05-05,bovespa,DXCO3.SA,2,0.06939898017919542
2014-05-05,bovespa,ENEV3.SA,0,0.06939898017919542
2014-05-05,bovespa,EZTC3.SA,2,0.06939898017919542
2014-05-05,bovespa,FLRY3.SA,2,0.06939898017919542
2014-05-05,bovespa,GGBR4.SA,0,0.06939898017919542
2014-05-05,bovespa,ITSA4.SA,2,0.06939898017919542
2014-05-05,bovespa,ITUB4.SA,2,0.06939898017919542
2014-05-05,bovespa,LREN3.SA,2,0.06939898017919542
2014-05-05,bovespa,MRVE3.SA,2,0.06939898017919542
2014-05-05,bovespa,MULT3.SA,2,0.06939898017919542
2014-05-05,bovespa,PETR3.SA,0,0.06939898017919542
2014-05-05,bovespa,PETR4.SA,0,0.06939898017919542
2014-05-05,bovespa,PSSA3.SA,2,0.06939898017919542
2014-05-05,bovespa,RADL3.SA,2,0.06939898017919542
2014-05-05,bovespa,RENT3.SA,3,0.06939898017919542
2014-05-05,bovespa,SANB11.SA,2,0.06939898017919542
2014-05-05,bovespa,SBSP3.SA,2,0.06939898017919542
2014-05-05,bovespa,SMTO3.SA,2,0.06939898017919542
2014-05-05,bovespa,SUZB3.SA,0,0.06939898017919542
2014-05-05,bovespa,TOTS3.SA,2,0.06939898017919542
2014-05-05,bovespa,UGPA3.SA,2,0.06939898017919542
2014-05-05,bovespa,USIM5.SA,0,0.06939898017919542
2014-05-05,bovespa,VALE3.SA,0,0.06939898017919542
2014-05-05,bovespa,WEGE3.SA,2,0.06939898017919542
2014-05-05,bovespa,YDUQ3.SA,3,0.06939898017919542
2014-06-03,bovespa,ABEV3.SA,4,0.13293155827796577
2014-06-03,bovespa,B3SA3.SA,3,0.13293155827796577
2014-06-03,bovespa,BBAS3.SA,2,0.13293155827796577
2014-06-03,bovespa,BBDC3.SA,1,0.13293155827796577
2014-06-03,bovespa,BBDC4.SA,2,0.13293155827796577
2014-06-03,bovespa,BEEF3.SA,0,0.13293155827796577
2014-06-03,bovespa,CMIG4.SA,1,0.13293155827796577
2014-06-03,bovespa,CSAN3.SA,2,0.13293155827796577
2014-06-03,bovespa,CSNA3.SA,0,0.13293155827796577
2014-06-03,bovespa,CYRE3.SA,3,0.13293155827796577
2014-06-03,bovespa,DXCO3.SA,1,0.13293155827796577
2014-06-03,bovespa,ENEV3.SA,1,0.13293155827796577
2014-06-03,bovespa,EZTC3.SA,3,0.13293155827796577
2014-06-03,bovespa,FLRY3.SA,3,0.13293155827796577
2014-06-03,bovespa,GGBR4.SA,0,0.13293155827796577
2014-06-03,bovespa,ITSA4.SA,2,0.13293155827796577
2014-06-03,bovespa,ITUB4.SA,2,0.13293155827796577
2014-06-03,bovespa,LREN3.SA,3,0.13293155827796577
2014-06-03,bovespa,MRVE3.SA,3,0.13293155827796577
2014-06-03,bovespa,MULT3.SA,4,0.13293155827796577
2014-06-03,bovespa,PETR3.SA,1,0.13293155827796577
2014-06-03,bovespa,PETR4.SA,1,0.13293155827796577
2014-06-03,bovespa,PSSA3.SA,1,0.13293155827796577
2014-06-03,bovespa,RADL3.SA,3,0.13293155827796577
2014-06-03,bovespa,RENT3.SA,3,0.13293155827796577
2014-06-03,bovespa,SANB11.SA,2,0.13293155827796577
2014-06-03,bovespa,SBSP3.SA,4,0.13293155827796577
2014-06-03,bovespa,SMTO3.SA,3,0.13293155827796577
2014-06-03,bovespa,SUZB3.SA,0,0.13293155827796577
2014-06-03,bovespa,TOTS3.SA,2,0.13293155827796577
2014-06-03,bovespa,UGPA3.SA,0,0.13293155827796577
2014-06-03,bovespa,USIM5.SA,0,0.13293155827796577
2014-06-03,bovespa,VALE3.SA,0,0.13293155827796577
2014-06-03,bovespa,WEGE3.SA,0,0.13293155827796577
2014-06-03,bovespa,YDUQ3.SA,2,0.13293155827796577
2014-07-04,bovespa,ABEV3.SA,3,0.4570510284011532
2014-07-04,bovespa,B3SA3.SA,3,0.4570510284011532
2014-07-04,bovespa,BBAS3.SA,2,0.4570510284011532
2014-07-04,bovespa,BBDC3.SA,2,0.4570510284011532
2014-07-04,bovespa,BBDC4.SA,2,0.4570510284011532
2014-07-04,bovespa,BEEF3.SA,0,0.4570510284011532
2014-07-04,bovespa,CMIG4.SA,1,0.4570510284011532
2014-07-04,bovespa,CSAN3.SA,2,0.4570510284011532
2014-07-04,bovespa,CSNA3.SA,0,0.4570510284011532
2014-07-04,bovespa,CYRE3.SA,3,0.4570510284011532
2014-07-04,bovespa,DXCO3.SA,1,0.4570510284011532
2014-07-04,bovespa,ENEV3.SA,1,0.4570510284011532
2014-07-04,bovespa,EZTC3.SA,3,0.4570510284011532
2014-07-04,bovespa,FLRY3.SA,3,0.4570510284011532
2014-07-04,bovespa,GGBR4.SA,0,0.4570510284011532
2014-07-04,bovespa,ITSA4.SA,2,0.4570510284011532
2014-07-04,bovespa,ITUB4.SA,2,0.4570510284011532
2014-07-04,bovespa,LREN3.SA,3,0.4570510284011532
2014-07-04,bovespa,MRVE3.SA,3,0.4570510284011532
2014-07-04,bovespa,MULT3.SA,2,0.4570510284011532
2014-07-04,bovespa,PETR3.SA,1,0.4570510284011532
2014-07-04,bovespa,PETR4.SA,1,0.4570510284011532
2014-07-04,bovespa,PSSA3.SA,2,0.4570510284011532
2014-07-04,bovespa,RADL3.SA,3,0.4570510284011532
2014-07-04,bovespa,RENT3.SA,1,0.4570510284011532
2014-07-04,bovespa,SANB11.SA,2,0.4570510284011532
2014-07-04,bovespa,SBSP3.SA,2,0.4570510284011532
2014-07-04,bovespa,SMTO3.SA,3,0.4570510284011532
2014-07-04,bovespa,SUZB3.SA,0,0.4570510284011532
2014-07-04,bovespa,TOTS3.SA,2,0.4570510284011532
2014-07-04,bovespa,UGPA3.SA,3,0.4570510284011532
2014-07-04,bovespa,USIM5.SA,0,0.4570510284011532
2014-07-04,bovespa,VALE3.SA,0,0.4570510284011532
2014-07-04,bovespa,WEGE3.SA,3,0.4570510284011532
2014-07-04,bovespa,YDUQ3.SA,3,0.4570510284011532
2014-08-05,bovespa,ABEV3.SA,3,0.7020441720542622
2014-08-05,bovespa,B3SA3.SA,3,0.7020441720542622
2014-08-05,bovespa,BBAS3.SA,2,0.7020441720542622
2014-08-05,bovespa,BBDC3.SA,2,0.7020441720542622
2014-08-05,bovespa,BBDC4.SA,2,0.7020441720542622
2014-08-05,bovespa,BEEF3.SA,0,0.7020441720542622
2014-08-05,bovespa,CMIG4.SA,1,0.7020441720542622
2014-08-05,bovespa,CSAN3.SA,2,0.7020441720542622
2014-08-05,bovespa,CSNA3.SA,0,0.7020441720542622
2014-08-05,bovespa,CYRE3.SA,3,0.7020441720542622
2014-08-05,bovespa,DXCO3.SA,0,0.7020441720542622
2014-08-05,bovespa,ENEV3.SA,1,0.7020441720542622
2014-08-05,bovespa,EZTC3.SA,1,0.7020441720542622
2014-08-05,bovespa,FLRY3.SA,3,0.7020441720542622
2014-08-05,bovespa,GGBR4.SA,0,0.7020441720542622
2014-08-05,bovespa,ITSA4.SA,2,0.7020441720542622
2014-08-05,bovespa,ITUB4.SA,2,0.7020441720542622
2014-08-05,bovespa,LREN3.SA,3,0.7020441720542622
2014-08-05,bovespa,MRVE3.SA,3,0.7020441720542622
2014-08-05,bovespa,MULT3.SA,2,0.7020441720542622
2014-08-05,bovespa,PETR3.SA,1,0.7020441720542622
2014-08-05,bovespa,PETR4.SA,1,0.7020441720542622
2014-08-05,bovespa,PSSA3.SA,3,0.7020441720542622
2014-08-05,bovespa,RADL3.SA,3,0.7020441720542622
2014-08-05,bovespa,RENT3.SA,1,0.7020441720542622
2014-08-05,bovespa,SANB11.SA,2,0.7020441720542622
2014-08-05,bovespa,SBSP3.SA,3,0.7020441720542622
2014-08-05,bovespa,SMTO3.SA,3,0.7020441720542622
2014-08-05,bovespa,SUZB3.SA,0,0.7020441720542622
2014-08-05,bovespa,TOTS3.SA,2,0.7020441720542622
2014-08-05,bovespa,UGPA3.SA,3,0.7020441720542622
2014-08-05,bovespa,USIM5.SA,0,0.7020441720542622
2014-08-05,bovespa,VALE3.SA,0,0.7020441720542622
2014-08-05,bovespa,WEGE3.SA,3,0.7020441720542622
2014-08-05,bovespa,YDUQ3.SA,3,0.7020441720542622
2014-09-03,bovespa,ABEV3.SA,2,0.17861412100412602
2014-09-03,bovespa,B3SA3.SA,4,0.17861412100412602
2014-09-03,bovespa,BBAS3.SA,2,0.17861412100412602
2014-09-03,bovespa,BBDC3.SA,2,0.17861412100412602
2014-09-03,bovespa,BBDC4.SA,2,0.17861412100412602
2014-09-03,bovespa,BEEF3.SA,2,0.17861412100412602
2014-09-03,bovespa,CMIG4.SA,1,0.17861412100412602
2014-09-03,bovespa,CSAN3.SA,2,0.17861412100412602
2014-09-03,bovespa,CSNA3.SA,0,0.17861412100412602
2014-09-03,bovespa,CYRE3.SA,2,0.17861412100412602
2014-09-03,bovespa,DXCO3.SA,1,0.17861412100412602
2014-09-03,bovespa,ENEV3.SA,2,0.17861412100412602
2014-09-03,bovespa,EZTC3.SA,2,0.17861412100412602
2014-09-03,bovespa,FLRY3.SA,4,0.17861412100412602
2014-09-03,bovespa,GGBR4.SA,0,0.17861412100412602
2014-09-03,bovespa,ITSA4.SA,2,0.17861412100412602
2014-09-03,bovespa,ITUB4.SA,2,0.17861412100412602
2014-09-03,bovespa,LREN3.SA,3,0.17861412100412602
2014-09-03,bovespa,MRVE3.SA,2,0.17861412100412602
2014-09-03,bovespa,MULT3.SA,4,0.17861412100412602
2014-09-03,bovespa,PETR3.SA,1,0.17861412100412602
2014-09-03,bovespa,PETR4.SA,1,0.17861412100412602
2014-09-03,bovespa,PSSA3.SA,1,0.17861412100412602
2014-09-03,bovespa,RADL3.SA,3,0.17861412100412602
2014-09-03,bovespa,RENT3.SA,0,0.17861412100412602
2014-09-03,bovespa,SANB11.SA,2,0.17861412100412602
2014-09-03,bovespa,SBSP3.SA,4,0.17861412100412602
2014-09-03,bovespa,SMTO3.SA,4,0.17861412100412602
2014-09-03,bovespa,SUZB3.SA,0,0.17861412100412602
2014-09-03,bovespa,TOTS3.SA,3,0.17861412100412602
2014-09-03,bovespa,UGPA3.SA,2,0.17861412100412602
2014-09-03,bovespa,USIM5.SA,0,0.17861412100412602
2014-09-03,bovespa,VALE3.SA,0,0.17861412100412602
2014-09-03,bovespa,WEGE3.SA,4,0.17861412100412602
2014-09-03,bovespa,YDUQ3.SA,3,0.17861412100412602
2014-10-02,bovespa,ABEV3.SA,2,0.20495505771775335
2014-10-02,bovespa,B3SA3.SA,3,0.20495505771775335
2014-10-02,bovespa,BBAS3.SA,2,0.20495505771775335
2014-10-02,bovespa,BBDC3.SA,2,0.20495505771775335
2014-10-02,bovespa,BBDC4.SA,2,0.20495505771775335
2014-10-02,bovespa,BEEF3.SA,2,0.20495505771775335
2014-10-02,bovespa,CMIG4.SA,3,0.20495505771775335
2014-10-02,bovespa,CSAN3.SA,2,0.20495505771775335
2014-10-02,bovespa,CSNA3.SA,0,0.20495505771775335
2014-10-02,bovespa,CYRE3.SA,3,0.20495505771775335
2014-10-02,bovespa,DXCO3.SA,3,0.20495505771775335
2014-10-02,bovespa,ENEV3.SA,3,0.20495505771775335
2014-10-02,bovespa,EZTC3.SA,3,0.20495505771775335
2014-10-02,bovespa,FLRY3.SA,2,0.20495505771775335
2014-10-02,bovespa,GGBR4.SA,0,0.20495505771775335
2014-10-02,bovespa,ITSA4.SA,2,0.20495505771775335
2014-10-02,bovespa,ITUB4.SA,2,0.20495505771775335
2014-10-02,bovespa,LREN3.SA,2,0.20495505771775335
2014-10-02,bovespa,MRVE3.SA,3,0.20495505771775335
2014-10-02,bovespa,MULT3.SA,2,0.20495505771775335
2014-10-02,bovespa,PETR3.SA,3,0.20495505771775335
2014-10-02,bovespa,PETR4.SA,3,0.20495505771775335
2014-10-02,bovespa,PSSA3.SA,3,0.20495505771775335
2014-10-02,bovespa,RADL3.SA,2,0.20495505771775335
2014-10-02,bovespa,RENT3.SA,2,0.20495505771775335
2014-10-02,bovespa,SANB11.SA,3,0.20495505771775335
2014-10-02,bovespa,SBSP3.SA,3,0.20495505771775335
2014-10-02,bovespa,SMTO3.SA,3,0.20495505771775335
2014-10-02,bovespa,SUZB3.SA,0,0.20495505771775335
2014-10-02,bovespa,TOTS3.SA,2,0.20495505771775335
2014-10-02,bovespa,UGPA3.SA,2,0.20495505771775335
2014-10-02,bovespa,USIM5.SA,0,0.20495505771775335
2014-10-02,bovespa,VALE3.SA,0,0.20495505771775335
2014-10-02,bovespa,WEGE3.SA,2,0.20495505771775335
2014-10-02,bovespa,YDUQ3.SA,2,0.20495505771775335
2014-10-31,bovespa,ABEV3.SA,3,0.3705977966407802
2014-10-31,bovespa,B3SA3.SA,1,0.3705977966407802
2014-10-31,bovespa,BBAS3.SA,2,0.3705977966407802
2014-10-31,bovespa,BBDC3.SA,2,0.3705977966407802
2014-10-31,bovespa,BBDC4.SA,2,0.3705977966407802
2014-10-31,bovespa,BEEF3.SA,2,0.3705977966407802
2014-10-31,bovespa,CMIG4.SA,1,0.3705977966407802
2014-10-31,bovespa,CSAN3.SA,2,0.3705977966407802
2014-10-31,bovespa,CSNA3.SA,0,0.3705977966407802
2014-10-31,bovespa,CYRE3.SA,1,0.3705977966407802
2014-10-31,bovespa,DXCO3.SA,2,0.3705977966407802
2014-10-31,bovespa,ENEV3.SA,1,0.3705977966407802
2014-10-31,bovespa,EZTC3.SA,1,0.3705977966407802
2014-10-31,bovespa,FLRY3.SA,3,0.3705977966407802
2014-10-31,bovespa,GGBR4.SA,0,0.3705977966407802
2014-10-31,bovespa,ITSA4.SA,2,0.3705977966407802
2014-10-31,bovespa,ITUB4.SA,2,0.3705977966407802
2014-10-31,bovespa,LREN3.SA,3,0.3705977966407802
2014-10-31,bovespa,MRVE3.SA,2,0.3705977966407802
2014-10-31,bovespa,MULT3.SA,3,0.3705977966407802
2014-10-31,bovespa,PETR3.SA,1,0.3705977966407802
2014-10-31,bovespa,PETR4.SA,1,0.3705977966407802
2014-10-31,bovespa,PSSA3.SA,2,0.3705977966407802
2014-10-31,bovespa,RADL3.SA,3,0.3705977966407802
2014-10-31,bovespa,RENT3.SA,3,0.3705977966407802
2014-10-31,bovespa,SANB11.SA,0,0.3705977966407802
2014-10-31,bovespa,SBSP3.SA,1,0.3705977966407802
2014-10-31,bovespa,SMTO3.SA,2,0.3705977966407802
2014-10-31,bovespa,SUZB3.SA,1,0.3705977966407802
2014-10-31,bovespa,TOTS3.SA,2,0.3705977966407802
2014-10-31,bovespa,UGPA3.SA,3,0.3705977966407802
2014-10-31,bovespa,USIM5.SA,0,0.3705977966407802
2014-10-31,bovespa,VALE3.SA,0,0.3705977966407802
2014-10-31,bovespa,WEGE3.SA,3,0.3705977966407802
2014-10-31,bovespa,YDUQ3.SA,3,0.3705977966407802
2014-12-02,bovespa,ABEV3.SA,2,0.35384689875562875
2014-12-02,bovespa,B3SA3.SA,1,0.35384689875562875
2014-12-02,bovespa,BBAS3.SA,2,0.35384689875562875
2014-12-02,bovespa,BBDC3.SA,2,0.35384689875562875
2014-12-02,bovespa,BBDC4.SA,2,0.35384689875562875
2014-12-02,bovespa,BEEF3.SA,2,0.35384689875562875
2014-12-02,bovespa,CMIG4.SA,0,0.35384689875562875
2014-12-02,bovespa,CSAN3.SA,2,0.35384689875562875
2014-12-02,bovespa,CSNA3.SA,0,0.35384689875562875
2014-12-02,bovespa,CYRE3.SA,1,0.35384689875562875
2014-12-02,bovespa,DXCO3.SA,1,0.35384689875562875
2014-12-02,bovespa,ENEV3.SA,0,0.35384689875562875
2014-12-02,bovespa,EZTC3.SA,1,0.35384689875562875
2014-12-02,bovespa,FLRY3.SA,2,0.35384689875562875
2014-12-02,bovespa,GGBR4.SA,0,0.35384689875562875
2014-12-02,bovespa,ITSA4.SA,2,0.35384689875562875
2014-12-02,bovespa,ITUB4.SA,2,0.35384689875562875
2014-12-02,bovespa,LREN3.SA,1,0.35384689875562875
2014-12-02,bovespa,MRVE3.SA,2,0.35384689875562875
2014-12-02,bovespa,MULT3.SA,1,0.35384689875562875
2014-12-02,bovespa,PETR3.SA,0,0.35384689875562875
2014-12-02,bovespa,PETR4.SA,0,0.35384689875562875
2014-12-02,bovespa,PSSA3.SA,2,0.35384689875562875
2014-12-02,bovespa,RADL3.SA,1,0.35384689875562875
2014-12-02,bovespa,RENT3.SA,1,0.35384689875562875
2014-12-02,bovespa,SANB11.SA,0,0.35384689875562875
2014-12-02,bovespa,SBSP3.SA,1,0.35384689875562875
2014-12-02,bovespa,SMTO3.SA,2,0.35384689875562875
2014-12-02,bovespa,SUZB3.SA,0,0.35384689875562875
2014-12-02,bovespa,TOTS3.SA,1,0.35384689875562875
2014-12-02,bovespa,UGPA3.SA,2,0.35384689875562875
2014-12-02,bovespa,USIM5.SA,0,0.35384689875562875
2014-12-02,bovespa,VALE3.SA,0,0.35384689875562875
2014-12-02,bovespa,WEGE3.SA,1,0.35384689875562875
2014-12-02,bovespa,YDUQ3.SA,1,0.35384689875562875
2015-01-06,bovespa,ABEV3.SA,3,0.34963039813253793
2015-01-06,bovespa,B3SA3.SA,2,0.34963039813253793
2015-01-06,bovespa,BBAS3.SA,2,0.34963039813253793
2015-01-06,bovespa,BBDC3.SA,3,0.34963039813253793
2015-01-06,bovespa,BBDC4.SA,3,0.34963039813253793
2015-01-06,bovespa,BEEF3.SA,3,0.34963039813253793
2015-01-06,bovespa,CMIG4.SA,0,0.34963039813253793
2015-01-06,bovespa,CSAN3.SA,2,0.34963039813253793
2015-01-06,bovespa,CSNA3.SA,0,0.34963039813253793
2015-01-06,bovespa,CYRE3.SA,2,0.34963039813253793
2015-01-06,bovespa,DXCO3.SA,2,0.34963039813253793
2015-01-06,bovespa,ENEV3.SA,0,0.34963039813253793
2015-01-06,bovespa,EZTC3.SA,2,0.34963039813253793
2015-01-06,bovespa,FLRY3.SA,2,0.34963039813253793
2015-01-06,bovespa,GGBR4.SA,0,0.34963039813253793
2015-01-06,bovespa,ITSA4.SA,2,0.34963039813253793
2015-01-06,bovespa,ITUB4.SA,2,0.34963039813253793
2015-01-06,bovespa,LREN3.SA,2,0.34963039813253793
2015-01-06,bovespa,MRVE3.SA,2,0.34963039813253793
2015-01-06,bovespa,MULT3.SA,2,0.34963039813253793
2015-01-06,bovespa,PETR3.SA,0,0.34963039813253793
2015-01-06,bovespa,PETR4.SA,0,0.34963039813253793
2015-01-06,bovespa,PSSA3.SA,2,0.34963039813253793
2015-01-06,bovespa,RADL3.SA,2,0.34963039813253793
2015-01-06,bovespa,RENT3.SA,2,0.34963039813253793
2015-01-06,bovespa,SANB11.SA,2,0.34963039813253793
2015-01-06,bovespa,SBSP3.SA,3,0.34963039813253793
2015-01-06,bovespa,SMTO3.SA,2,0.34963039813253793
2015-01-06,bovespa,SUZB3.SA,0,0.34963039813253793
2015-01-06,bovespa,TOTS3.SA,2,0.34963039813253793
2015-01-06,bovespa,UGPA3.SA,3,0.34963039813253793
2015-01-06,bovespa,USIM5.SA,0,0.34963039813253793
2015-01-06,bovespa,VALE3.SA,0,0.34963039813253793
2015-01-06,bovespa,WEGE3.SA,3,0.34963039813253793
2015-01-06,bovespa,YDUQ3.SA,2,0.34963039813253793
2015-02-04,bovespa,ABEV3.SA,4,0.23307598216516948
2015-02-04,bovespa,B3SA3.SA,3,0.23307598216516948
2015-02-04,bovespa,BBAS3.SA,2,0.23307598216516948
2015-02-04,bovespa,BBDC3.SA,4,0.23307598216516948
2015-02-04,bovespa,BBDC4.SA,2,0.23307598216516948
2015-02-04,bovespa,BEEF3.SA,4,0.23307598216516948
2015-02-04,bovespa,CMIG4.SA,4,0.23307598216516948
2015-02-04,bovespa,CSAN3.SA,1,0.23307598216516948
2015-02-04,bovespa,CSNA3.SA,0,0.23307598216516948
2015-02-04,bovespa,CYRE3.SA,3,0.23307598216516948
2015-02-04,bovespa,DXCO3.SA,3,0.23307598216516948
2015-02-04,bovespa,ENEV3.SA,0,0.23307598216516948
2015-02-04,bovespa,EZTC3.SA,3,0.23307598216516948
2015-02-04,bovespa,FLRY3.SA,4,0.23307598216516948
2015-02-04,bovespa,GGBR4.SA,0,0.23307598216516948
2015-02-04,bovespa,ITSA4.SA,2,0.23307598216516948
2015-02-04,bovespa,ITUB4.SA,2,0.23307598216516948
2015-02-04,bovespa,LREN3.SA,2,0.23307598216516948
2015-02-04,bovespa,MRVE3.SA,2,0.23307598216516948
2015-02-04,bovespa,MULT3.SA,3,0.23307598216516948
2015-02-04,bovespa,PETR3.SA,1,0.23307598216516948
2015-02-04,bovespa,PETR4.SA,1,0.23307598216516948
2015-02-04,bovespa,PSSA3.SA,2,0.23307598216516948
2015-02-04,bovespa,RADL3.SA,3,0.23307598216516948
2015-02-04,bovespa,RENT3.SA,3,0.23307598216516948
2015-02-04,bovespa,SANB11.SA,2,0.23307598216516948
2015-02-04,bovespa,SBSP3.SA,2,0.23307598216516948
2015-02-04,bovespa,SMTO3.SA,1,0.23307598216516948
2015-02-04,bovespa,SUZB3.SA,0,0.23307598216516948
2015-02-04,bovespa,TOTS3.SA,0,0.23307598216516948
2015-02-04,bovespa,UGPA3.SA,4,0.23307598216516948
2015-02-04,bovespa,USIM5.SA,0,0.23307598216516948
2015-02-04,bovespa,VALE3.SA,0,0.23307598216516948
2015-02-04,bovespa,WEGE3.SA,2,0.23307598216516948
2015-02-04,bovespa,YDUQ3.SA,2,0.23307598216516948
2015-03-09,bovespa,ABEV3.SA,2,0.6021312618265113
2015-03-09,bovespa,B3SA3.SA,1,0.6021312618265113
2015-03-09,bovespa,BBAS3.SA,2,0.6021312618265113
2015-03-09,bovespa,BBDC3.SA,2,0.6021312618265113
2015-03-09,bovespa,BBDC4.SA,2,0.6021312618265113
2015-03-09,bovespa,BEEF3.SA,1,0.6021312618265113
2015-03-09,bovespa,CMIG4.SA,1,0.6021312618265113
2015-03-09,bovespa,CSAN3.SA,0,0.6021312618265113
2015-03-09,bovespa,CSNA3.SA,0,0.6021312618265113
2015-03-09,bovespa,CYRE3.SA,1,0.6021312618265113
2015-03-09,bovespa,DXCO3.SA,1,0.6021312618265113
2015-03-09,bovespa,ENEV3.SA,0,0.6021312618265113
2015-03-09,bovespa,EZTC3.SA,1,0.6021312618265113
2015-03-09,bovespa,FLRY3.SA,2,0.6021312618265113
2015-03-09,bovespa,GGBR4.SA,0,0.6021312618265113
2015-03-09,bovespa,ITSA4.SA,2,0.6021312618265113
2015-03-09,bovespa,ITUB4.SA,2,0.6021312618265113
2015-03-09,bovespa,LREN3.SA,2,0.6021312618265113
2015-03-09,bovespa,MRVE3.SA,2,0.6021312618265113
2015-03-09,bovespa,MULT3.SA,1,0.6021312618265113
2015-03-09,bovespa,PETR3.SA,0,0.6021312618265113
2015-03-09,bovespa,PETR4.SA,0,0.6021312618265113
2015-03-09,bovespa,PSSA3.SA,2,0.6021312618265113
2015-03-09,bovespa,RADL3.SA,1,0.6021312618265113
2015-03-09,bovespa,RENT3.SA,1,0.6021312618265113
2015-03-09,bovespa,SANB11.SA,2,0.6021312618265113
2015-03-09,bovespa,SBSP3.SA,2,0.6021312618265113
2015-03-09,bovespa,SMTO3.SA,0,0.6021312618265113
2015-03-09,bovespa,SUZB3.SA,0,0.6021312618265113
2015-03-09,bovespa,TOTS3.SA,0,0.6021312618265113
2015-03-09,bovespa,UGPA3.SA,2,0.6021312618265113
2015-03-09,bovespa,USIM5.SA,0,0.6021312618265113
2015-03-09,bovespa,VALE3.SA,0,0.6021312618265113
2015-03-09,bovespa,WEGE3.SA,2,0.6021312618265113
2015-03-09,bovespa,YDUQ3.SA,2,0.6021312618265113
2015-04-08,bovespa,ABEV3.SA,2,0.24479062910872942
2015-04-08,bovespa,B3SA3.SA,0,0.24479062910872942
2015-04-08,bovespa,BBAS3.SA,2,0.24479062910872942
2015-04-08,bovespa,BBDC3.SA,0,0.24479062910872942
2015-04-08,bovespa,BBDC4.SA,0,0.24479062910872942
2015-04-08,bovespa,BEEF3.SA,2,0.24479062910872942
2015-04-08,bovespa,CMIG4.SA,0,0.24479062910872942
2015-04-08,bovespa,CSAN3.SA,0,0.24479062910872942
2015-04-08,bovespa,CSNA3.SA,0,0.24479062910872942
2015-04-08,bovespa,CYRE3.SA,2,0.24479062910872942
2015-04-08,bovespa,DXCO3.SA,0,0.24479062910872942
2015-04-08,bovespa,ENEV3.SA,0,0.24479062910872942
2015-04-08,bovespa,EZTC3.SA,2,0.24479062910872942
2015-04-08,bovespa,FLRY3.SA,2,0.24479062910872942
2015-04-08,bovespa,GGBR4.SA,0,0.24479062910872942
2015-04-08,bovespa,ITSA4.SA,2,0.24479062910872942
2015-04-08,bovespa,ITUB4.SA,2,0.24479062910872942
2015-04-08,bovespa,LREN3.SA,2,0.24479062910872942
2015-04-08,bovespa,MRVE3.SA,0,0.24479062910872942
2015-04-08,bovespa,MULT3.SA,0,0.24479062910872942
2015-04-08,bovespa,PETR3.SA,0,0.24479062910872942
2015-04-08,bovespa,PETR4.SA,0,0.24479062910872942
2015-04-08,bovespa,PSSA3.SA,2,0.24479062910872942
2015-04-08,bovespa,RADL3.SA,0,0.24479062910872942
2015-04-08,bovespa,RENT3.SA,0,0.24479062910872942
2015-04-08,bovespa,SANB11.SA,2,0.24479062910872942
2015-04-08,bovespa,SBSP3.SA,2,0.24479062910872942
2015-04-08,bovespa,SMTO3.SA,0,0.24479062910872942
2015-04-08,bovespa,SUZB3.SA,0,0.24479062910872942
2015-04-08,bovespa,TOTS3.SA,2,0.24479062910872942
2015-04-08,bovespa,UGPA3.SA,2,0.24479062910872942
2015-04-08,bovespa,USIM5.SA,0,0.24479062910872942
2015-04-08,bovespa,VALE3.SA,0,0.24479062910872942
2015-04-08,bovespa,WEGE3.SA,2,0.24479062910872942
2015-04-08,bovespa,YDUQ3.SA,2,0.24479062910872942
2015-05-11,bovespa,ABEV3.SA,4,0.22643627470633043
2015-05-11,bovespa,B3SA3.SA,3,0.22643627470633043
2015-05-11,bovespa,BBAS3.SA,2,0.22643627470633043
2015-05-11,bovespa,BBDC3.SA,3,0.22643627470633043
2015-05-11,bovespa,BBDC4.SA,3,0.22643627470633043
2015-05-11,bovespa,BEEF3.SA,2,0.22643627470633043
2015-05-11,bovespa,CMIG4.SA,4,0.22643627470633043
2015-05-11,bovespa,CSAN3.SA,1,0.22643627470633043
2015-05-11,bovespa,CSNA3.SA,0,0.22643627470633043
2015-05-11,bovespa,CYRE3.SA,2,0.22643627470633043
2015-05-11,bovespa,DXCO3.SA,3,0.22643627470633043
2015-05-11,bovespa,ENEV3.SA,0,0.22643627470633043
2015-05-11,bovespa,EZTC3.SA,2,0.22643627470633043
2015-05-11,bovespa,FLRY3.SA,1,0.22643627470633043
2015-05-11,bovespa,GGBR4.SA,0,0.22643627470633043
2015-05-11,bovespa,ITSA4.SA,3,0.22643627470633043
2015-05-11,bovespa,ITUB4.SA,2,0.22643627470633043
2015-05-11,bovespa,LREN3.SA,1,0.22643627470633043
2015-05-11,bovespa,MRVE3.SA,3,0.22643627470633043
2015-05-11,bovespa,MULT3.SA,3,0.22643627470633043
2015-05-11,bovespa,PETR3.SA,1,0.22643627470633043
2015-05-11,bovespa,PETR4.SA,1,0.22643627470633043
2015-05-11,bovespa,PSSA3.SA,2,0.22643627470633043
2015-05-11,bovespa,RADL3.SA,3,0.22643627470633043
2015-05-11,bovespa,RENT3.SA,3,0.22643627470633043
2015-05-11,bovespa,SANB11.SA,2,0.22643627470633043
2015-05-11,bovespa,SBSP3.SA,2,0.22643627470633043
2015-05-11,bovespa,SMTO3.SA,1,0.22643627470633043
2015-05-11,bovespa,SUZB3.SA,4,0.22643627470633043
2015-05-11,bovespa,TOTS3.SA,2,0.22643627470633043
2015-05-11,bovespa,UGPA3.SA,4,0.22643627470633043
2015-05-11,bovespa,USIM5.SA,0,0.22643627470633043
2015-05-11,bovespa,VALE3.SA,0,0.22643627470633043
2015-05-11,bovespa,WEGE3.SA,4,0.22643627470633043
2015-05-11,bovespa,YDUQ3.SA,4,0.22643627470633043
2015-06-10,bovespa,ABEV3.SA,3,0.31940447891905416
2015-06-10,bovespa,B3SA3.SA,4,0.31940447891905416
2015-06-10,bovespa,BBAS3.SA,2,0.31940447891905416
2015-06-10,bovespa,BBDC3.SA,2,0.31940447891905416
2015-06-10,bovespa,BBDC4.SA,3,0.31940447891905416
2015-06-10,bovespa,BEEF3.SA,2,0.31940447891905416
2015-06-10,bovespa,CMIG4.SA,4,0.31940447891905416
2015-06-10,bovespa,CSAN3.SA,1,0.31940447891905416
2015-06-10,bovespa,CSNA3.SA,0,0.31940447891905416
2015-06-10,bovespa,CYRE3.SA,2,0.31940447891905416
2015-06-10,bovespa,DXCO3.SA,4,0.31940447891905416
2015-06-10,bovespa,ENEV3.SA,0,0.31940447891905416
2015-06-10,bovespa,EZTC3.SA,2,0.31940447891905416
2015-06-10,bovespa,FLRY3.SA,1,0.31940447891905416
2015-06-10,bovespa,GGBR4.SA,0,0.31940447891905416
2015-06-10,bovespa,ITSA4.SA,2,0.31940447891905416
2015-06-10,bovespa,ITUB4.SA,2,0.31940447891905416
2015-06-10,bovespa,LREN3.SA,2,0.31940447891905416
2015-06-10,bovespa,MRVE3.SA,4,0.31940447891905416
2015-06-10,bovespa,MULT3.SA,3,0.31940447891905416
2015-06-10,bovespa,PETR3.SA,1,0.31940447891905416
2015-06-10,bovespa,PETR4.SA,1,0.31940447891905416
2015-06-10,bovespa,PSSA3.SA,3,0.31940447891905416
2015-06-10,bovespa,RADL3.SA,2,0.31940447891905416
2015-06-10,bovespa,RENT3.SA,3,0.31940447891905416
2015-06-10,bovespa,SANB11.SA,3,0.31940447891905416
2015-06-10,bovespa,SBSP3.SA,2,0.31940447891905416
2015-06-10,bovespa,SMTO3.SA,1,0.31940447891905416
2015-06-10,bovespa,SUZB3.SA,0,0.31940447891905416
2015-06-10,bovespa,TOTS3.SA,2,0.31940447891905416
2015-06-10,bovespa,UGPA3.SA,4,0.31940447891905416
2015-06-10,bovespa,USIM5.SA,0,0.31940447891905416
2015-06-10,bovespa,VALE3.SA,0,0.31940447891905416
2015-06-10,bovespa,WEGE3.SA,3,0.31940447891905416
2015-06-10,bovespa,YDUQ3.SA,2,0.31940447891905416
2015-07-10,bovespa,ABEV3.SA,2,0.15870699899219326
2015-07-10,bovespa,B3SA3.SA,3,0.15870699899219326
2015-07-10,bovespa,BBAS3.SA,4,0.15870699899219326
2015-07-10,bovespa,BBDC3.SA,3,0.15870699899219326
2015-07-10,bovespa,BBDC4.SA,3,0.15870699899219326
2015-07-10,bovespa,BEEF3.SA,3,0.15870699899219326
2015-07-10,bovespa,CMIG4.SA,3,0.15870699899219326
2015-07-10,bovespa,CSAN3.SA,3,0.15870699899219326
2015-07-10,bovespa,CSNA3.SA,0,0.15870699899219326
2015-07-10,bovespa,CYRE3.SA,2,0.15870699899219326
2015-07-10,bovespa,DXCO3.SA,3,0.15870699899219326
2015-07-10,bovespa,ENEV3.SA,2,0.15870699899219326
2015-07-10,bovespa,EZTC3.SA,2,0.15870699899219326
2015-07-10,bovespa,FLRY3.SA,0,0.15870699899219326
2015-07-10,bovespa,GGBR4.SA,0,0.15870699899219326
2015-07-10,bovespa,ITSA4.SA,3,0.15870699899219326
2015-07-10,bovespa,ITUB4.SA,2,0.15870699899219326
2015-07-10,bovespa,LREN3.SA,4,0.15870699899219326
2015-07-10,bovespa,MRVE3.SA,3,0.15870699899219326
2015-07-10,bovespa,MULT3.SA,3,0.15870699899219326
2015-07-10,bovespa,PETR3.SA,0,0.15870699899219326
2015-07-10,bovespa,PETR4.SA,0,0.15870699899219326
2015-07-10,bovespa,PSSA3.SA,4,0.15870699899219326
2015-07-10,bovespa,RADL3.SA,3,0.15870699899219326
2015-07-10,bovespa,RENT3.SA,2,0.15870699899219326
2015-07-10,bovespa,SANB11.SA,2,0.15870699899219326
2015-07-10,bovespa,SBSP3.SA,3,0.15870699899219326
2015-07-10,bovespa,SMTO3.SA,3,0.15870699899219326
2015-07-10,bovespa,SUZB3.SA,0,0.15870699899219326
2015-07-10,bovespa,TOTS3.SA,3,0.15870699899219326
2015-07-10,bovespa,UGPA3.SA,3,0.15870699899219326
2015-07-10,bovespa,USIM5.SA,0,0.15870699899219326
2015-07-10,bovespa,VALE3.SA,0,0.15870699899219326
2015-07-10,bovespa,WEGE3.SA,2,0.15870699899219326
2015-07-10,bovespa,YDUQ3.SA,2,0.15870699899219326
2015-08-10,bovespa,ABEV3.SA,2,0.2629474400364563
2015-08-10,bovespa,B3SA3.SA,3,0.2629474400364563
2015-08-10,bovespa,BBAS3.SA,3,0.2629474400364563
2015-08-10,bovespa,BBDC3.SA,3,0.2629474400364563
2015-08-10,bovespa,BBDC4.SA,3,0.2629474400364563
2015-08-10,bovespa,BEEF3.SA,3,0.2629474400364563
2015-08-10,bovespa,CMIG4.SA,3,0.2629474400364563
2015-08-10,bovespa,CSAN3.SA,3,0.2629474400364563
2015-08-10,bovespa,CSNA3.SA,0,0.2629474400364563
2015-08-10,bovespa,CYRE3.SA,2,0.2629474400364563
2015-08-10,bovespa,DXCO3.SA,2,0.2629474400364563
2015-08-10,bovespa,ENEV3.SA,3,0.2629474400364563
2015-08-10,bovespa,EZTC3.SA,2,0.2629474400364563
2015-08-10,bovespa,FLRY3.SA,3,0.2629474400364563
2015-08-10,bovespa,GGBR4.SA,0,0.2629474400364563
2015-08-10,bovespa,ITSA4.SA,2,0.2629474400364563
2015-08-10,bovespa,ITUB4.SA,2,0.2629474400364563
2015-08-10,bovespa,LREN3.SA,1,0.2629474400364563
2015-08-10,bovespa,MRVE3.SA,2,0.2629474400364563
2015-08-10,bovespa,MULT3.SA,3,0.2629474400364563
2015-08-10,bovespa,PETR3.SA,0,0.2629474400364563
2015-08-10,bovespa,PETR4.SA,0,0.2629474400364563
2015-08-10,bovespa,PSSA3.SA,3,0.2629474400364563
2015-08-10,bovespa,RADL3.SA,3,0.2629474400364563
2015-08-10,bovespa,RENT3.SA,3,0.2629474400364563
2015-08-10,bovespa,SANB11.SA,2,0.2629474400364563
2015-08-10,bovespa,SBSP3.SA,3,0.2629474400364563
2015-08-10,bovespa,SMTO3.SA,3,0.2629474400364563
2015-08-10,bovespa,SUZB3.SA,3,0.2629474400364563
2015-08-10,bovespa,TOTS3.SA,3,0.2629474400364563
2015-08-10,bovespa,UGPA3.SA,2,0.2629474400364563
2015-08-10,bovespa,USIM5.SA,0,0.2629474400364563
2015-08-10,bovespa,VALE3.SA,0,0.2629474400364563
2015-08-10,bovespa,WEGE3.SA,2,0.2629474400364563
2015-08-10,bovespa,YDUQ3.SA,3,0.2629474400364563
2015-09-09,bovespa,ABEV3.SA,2,0.28546648163962424
2015-09-09,bovespa,B3SA3.SA,3,0.28546648163962424
2015-09-09,bovespa,BBAS3.SA,3,0.28546648163962424
2015-09-09,bovespa,BBDC3.SA,3,0.28546648163962424
2015-09-09,bovespa,BBDC4.SA,3,0.28546648163962424
2015-09-09,bovespa,BEEF3.SA,0,0.28546648163962424
2015-09-09,bovespa,CMIG4.SA,3,0.28546648163962424
2015-09-09,bovespa,CSAN3.SA,3,0.28546648163962424
2015-09-09,bovespa,CSNA3.SA,0,0.28546648163962424
2015-09-09,bovespa,CYRE3.SA,1,0.28546648163962424
2015-09-09,bovespa,DXCO3.SA,1,0.28546648163962424
2015-09-09,bovespa,ENEV3.SA,2,0.28546648163962424
2015-09-09,bovespa,EZTC3.SA,1,0.28546648163962424
2015-09-09,bovespa,FLRY3.SA,2,0.28546648163962424
2015-09-09,bovespa,GGBR4.SA,0,0.28546648163962424
2015-09-09,bovespa,ITSA4.SA,1,0.28546648163962424
2015-09-09,bovespa,ITUB4.SA,2,0.28546648163962424
2015-09-09,bovespa,LREN3.SA,2,0.28546648163962424
2015-09-09,bovespa,MRVE3.SA,1,0.28546648163962424
2015-09-09,bovespa,MULT3.SA,3,0.28546648163962424
2015-09-09,bovespa,PETR3.SA,0,0.28546648163962424
2015-09-09,bovespa,PETR4.SA,0,0.28546648163962424
2015-09-09,bovespa,PSSA3.SA,3,0.28546648163962424
2015-09-09,bovespa,RADL3.SA,2,0.28546648163962424
2015-09-09,bovespa,RENT3.SA,1,0.28546648163962424
2015-09-09,bovespa,SANB11.SA,2,0.28546648163962424
2015-09-09,bovespa,SBSP3.SA,2,0.28546648163962424
2015-09-09,bovespa,SMTO3.SA,3,0.28546648163962424
2015-09-09,bovespa,SUZB3.SA,1,0.28546648163962424
2015-09-09,bovespa,TOTS3.SA,3,0.28546648163962424
2015-09-09,bovespa,UGPA3.SA,0,0.28546648163962424
2015-09-09,bovespa,USIM5.SA,0,0.28546648163962424
2015-09-09,bovespa,VALE3.SA,0,0.28546648163962424
2015-09-09,bovespa,WEGE3.SA,2,0.28546648163962424
2015-09-09,bovespa,YDUQ3.SA,1,0.28546648163962424
2015-10-08,bovespa,ABEV3.SA,2,0.1395907703270065
2015-10-08,bovespa,B3SA3.SA,3,0.1395907703270065
2015-10-08,bovespa,BBAS3.SA,2,0.1395907703270065
2015-10-08,bovespa,BBDC3.SA,2,0.1395907703270065
2015-10-08,bovespa,BBDC4.SA,3,0.1395907703270065
2015-10-08,bovespa,BEEF3.SA,0,0.1395907703270065
2015-10-08,bovespa,CMIG4.SA,0,0.1395907703270065
2015-10-08,bovespa,CSAN3.SA,3,0.1395907703270065
2015-10-08,bovespa,CSNA3.SA,0,0.1395907703270065
2015-10-08,bovespa,CYRE3.SA,2,0.1395907703270065
2015-10-08,bovespa,DXCO3.SA,3,0.1395907703270065
2015-10-08,bovespa,ENEV3.SA,0,0.1395907703270065
2015-10-08,bovespa,EZTC3.SA,2,0.1395907703270065
2015-10-08,bovespa,FLRY3.SA,0,0.1395907703270065
2015-10-08,bovespa,GGBR4.SA,0,0.1395907703270065
2015-10-08,bovespa,ITSA4.SA,2,0.1395907703270065
2015-10-08,bovespa,ITUB4.SA,2,0.1395907703270065
2015-10-08,bovespa,LREN3.SA,2,0.1395907703270065
2015-10-08,bovespa,MRVE3.SA,2,0.1395907703270065
2015-10-08,bovespa,MULT3.SA,2,0.1395907703270065
2015-10-08,bovespa,PETR3.SA,0,0.1395907703270065
2015-10-08,bovespa,PETR4.SA,0,0.1395907703270065
2015-10-08,bovespa,PSSA3.SA,2,0.1395907703270065
2015-10-08,bovespa,RADL3.SA,3,0.1395907703270065
2015-10-08,bovespa,RENT3.SA,2,0.1395907703270065
2015-10-08,bovespa,SANB11.SA,2,0.1395907703270065
2015-10-08,bovespa,SBSP3.SA,3,0.1395907703270065
2015-10-08,bovespa,SMTO3.SA,3,0.1395907703270065
2015-10-08,bovespa,SUZB3.SA,0,0.1395907703270065
2015-10-08,bovespa,TOTS3.SA,0,0.1395907703270065
2015-10-08,bovespa,UGPA3.SA,1,0.1395907703270065
2015-10-08,bovespa,USIM5.SA,0,0.1395907703270065
2015-10-08,bovespa,VALE3.SA,0,0.1395907703270065
2015-10-08,bovespa,WEGE3.SA,2,0.1395907703270065
2015-10-08,bovespa,YDUQ3.SA,2,0.1395907703270065
2015-11-10,bovespa,ABEV3.SA,3,0.20302702842611345
2015-11-10,bovespa,B3SA3.SA,3,0.20302702842611345
2015-11-10,bovespa,BBAS3.SA,3,0.20302702842611345
2015-11-10,bovespa,BBDC3.SA,3,0.20302702842611345
2015-11-10,bovespa,BBDC4.SA,3,0.20302702842611345
2015-11-10,bovespa,BEEF3.SA,0,0.20302702842611345
2015-11-10,bovespa,CMIG4.SA,2,0.20302702842611345
2015-11-10,bovespa,CSAN3.SA,3,0.20302702842611345
2015-11-10,bovespa,CSNA3.SA,0,0.20302702842611345
2015-11-10,bovespa,CYRE3.SA,2,0.20302702842611345
2015-11-10,bovespa,DXCO3.SA,3,0.20302702842611345
2015-11-10,bovespa,ENEV3.SA,3,0.20302702842611345
2015-11-10,bovespa,EZTC3.SA,2,0.20302702842611345
2015-11-10,bovespa,FLRY3.SA,2,0.20302702842611345
2015-11-10,bovespa,GGBR4.SA,0,0.20302702842611345
2015-11-10,bovespa,ITSA4.SA,2,0.20302702842611345
2015-11-10,bovespa,ITUB4.SA,2,0.20302702842611345
2015-11-10,bovespa,LREN3.SA,3,0.20302702842611345
2015-11-10,bovespa,MRVE3.SA,2,0.20302702842611345
2015-11-10,bovespa,MULT3.SA,2,0.20302702842611345
2015-11-10,bovespa,PETR3.SA,0,0.20302702842611345
2015-11-10,bovespa,PETR4.SA,0,0.20302702842611345
2015-11-10,bovespa,PSSA3.SA,3,0.20302702842611345
2015-11-10,bovespa,RADL3.SA,3,0.20302702842611345
2015-11-10,bovespa,RENT3.SA,2,0.20302702842611345
2015-11-10,bovespa,SANB11.SA,3,0.20302702842611345
2015-11-10,bovespa,SBSP3.SA,2,0.20302702842611345
2015-11-10,bovespa,SMTO3.SA,3,0.20302702842611345
2015-11-10,bovespa,SUZB3.SA,0,0.20302702842611345
2015-11-10,bovespa,TOTS3.SA,2,0.20302702842611345
2015-11-10,bovespa,UGPA3.SA,0,0.20302702842611345
2015-11-10,bovespa,USIM5.SA,0,0.20302702842611345
2015-11-10,bovespa,VALE3.SA,0,0.20302702842611345
2015-11-10,bovespa,WEGE3.SA,3,0.20302702842611345
2015-11-10,bovespa,YDUQ3.SA,0,0.20302702842611345
2015-12-10,bovespa,ABEV3.SA,2,0.10994481116762256
2015-12-10,bovespa,B3SA3.SA,3,0.10994481116762256
2015-12-10,bovespa,BBAS3.SA,3,0.10994481116762256
2015-12-10,bovespa,BBDC3.SA,3,0.10994481116762256
2015-12-10,bovespa,BBDC4.SA,3,0.10994481116762256
2015-12-10,bovespa,BEEF3.SA,2,0.10994481116762256
2015-12-10,bovespa,CMIG4.SA,3,0.10994481116762256
2015-12-10,bovespa,CSAN3.SA,2,0.10994481116762256
2015-12-10,bovespa,CSNA3.SA,0,0.10994481116762256
2015-12-10,bovespa,CYRE3.SA,2,0.10994481116762256
2015-12-10,bovespa,DXCO3.SA,2,0.10994481116762256
2015-12-10,bovespa,ENEV3.SA,0,0.10994481116762256
2015-12-10,bovespa,EZTC3.SA,3,0.10994481116762256
2015-12-10,bovespa,FLRY3.SA,2,0.10994481116762256
2015-12-10,bovespa,GGBR4.SA,0,0.10994481116762256
2015-12-10,bovespa,ITSA4.SA,2,0.10994481116762256
2015-12-10,bovespa,ITUB4.SA,2,0.10994481116762256
2015-12-10,bovespa,LREN3.SA,3,0.10994481116762256
2015-12-10,bovespa,MRVE3.SA,3,0.10994481116762256
2015-12-10,bovespa,MULT3.SA,2,0.10994481116762256
2015-12-10,bovespa,PETR3.SA,0,0.10994481116762256
2015-12-10,bovespa,PETR4.SA,0,0.10994481116762256
2015-12-10,bovespa,PSSA3.SA,3,0.10994481116762256
2015-12-10,bovespa,RADL3.SA,3,0.10994481116762256
2015-12-10,bovespa,RENT3.SA,3,0.10994481116762256
2015-12-10,bovespa,SANB11.SA,2,0.10994481116762256
2015-12-10,bovespa,SBSP3.SA,2,0.10994481116762256
2015-12-10,bovespa,SMTO3.SA,2,0.10994481116762256
2015-12-10,bovespa,SUZB3.SA,3,0.10994481116762256
2015-12-10,bovespa,TOTS3.SA,3,0.10994481116762256
2015-12-10,bovespa,UGPA3.SA,2,0.10994481116762256
2015-12-10,bovespa,USIM5.SA,0,0.10994481116762256
2015-12-10,bovespa,VALE3.SA,0,0.10994481116762256
2015-12-10,bovespa,WEGE3.SA,3,0.10994481116762256
2015-12-10,bovespa,YDUQ3.SA,3,0.10994481116762256
2016-01-14,bovespa,ABEV3.SA,2,0.3111111111111111
2016-01-14,bovespa,B3SA3.SA,2,0.3111111111111111
2016-01-14,bovespa,BBAS3.SA,1,0.3111111111111111
2016-01-14,bovespa,BBDC3.SA,2,0.3111111111111111
2016-01-14,bovespa,BBDC4.SA,1,0.3111111111111111
2016-01-14,bovespa,BEEF3.SA,2,0.3111111111111111
2016-01-14,bovespa,CMIG4.SA,3,0.3111111111111111
2016-01-14,bovespa,CSAN3.SA,2,0.3111111111111111
2016-01-14,bovespa,CSNA3.SA,0,0.3111111111111111
2016-01-14,bovespa,CYRE3.SA,2,0.3111111111111111
2016-01-14,bovespa,DXCO3.SA,2,0.3111111111111111
2016-01-14,bovespa,ENEV3.SA,0,0.3111111111111111
2016-01-14,bovespa,EZTC3.SA,2,0.3111111111111111
2016-01-14,bovespa,FLRY3.SA,2,0.3111111111111111
2016-01-14,bovespa,GGBR4.SA,0,0.3111111111111111
2016-01-14,bovespa,ITSA4.SA,2,0.3111111111111111
2016-01-14,bovespa,ITUB4.SA,2,0.3111111111111111
2016-01-14,bovespa,LREN3.SA,2,0.3111111111111111
2016-01-14,bovespa,MRVE3.SA,2,0.3111111111111111
2016-01-14,bovespa,MULT3.SA,3,0.3111111111111111
2016-01-14,bovespa,PETR3.SA,0,0.3111111111111111
2016-01-14,bovespa,PETR4.SA,0,0.3111111111111111
2016-01-14,bovespa,PSSA3.SA,3,0.3111111111111111
2016-01-14,bovespa,RADL3.SA,2,0.3111111111111111
2016-01-14,bovespa,RENT3.SA,3,0.3111111111111111
2016-01-14,bovespa,SANB11.SA,2,0.3111111111111111
2016-01-14,bovespa,SBSP3.SA,2,0.3111111111111111
2016-01-14,bovespa,SMTO3.SA,2,0.3111111111111111
2016-01-14,bovespa,SUZB3.SA,2,0.3111111111111111
2016-01-14,bovespa,TOTS3.SA,2,0.3111111111111111
2016-01-14,bovespa,UGPA3.SA,3,0.3111111111111111
2016-01-14,bovespa,USIM5.SA,0,0.3111111111111111
2016-01-14,bovespa,VALE3.SA,0,0.3111111111111111
2016-01-14,bovespa,WEGE3.SA,3,0.3111111111111111
2016-01-14,bovespa,YDUQ3.SA,1,0.3111111111111111
2016-02-17,bovespa,ABEV3.SA,1,0.20256709451575264
2016-02-17,bovespa,B3SA3.SA,3,0.20256709451575264
2016-02-17,bovespa,BBAS3.SA,0,0.20256709451575264
2016-02-17,bovespa,BBDC3.SA,3,0.20256709451575264
2016-02-17,bovespa,BBDC4.SA,3,0.20256709451575264
2016-02-17,bovespa,BEEF3.SA,1,0.20256709451575264
2016-02-17,bovespa,CMIG4.SA,2,0.20256709451575264
2016-02-17,bovespa,CSAN3.SA,2,0.20256709451575264
2016-02-17,bovespa,CSNA3.SA,0,0.20256709451575264
2016-02-17,bovespa,CYRE3.SA,2,0.20256709451575264
2016-02-17,bovespa,DXCO3.SA,3,0.20256709451575264
2016-02-17,bovespa,ENEV3.SA,3,0.20256709451575264
2016-02-17,bovespa,EZTC3.SA,2,0.20256709451575264
2016-02-17,bovespa,FLRY3.SA,1,0.20256709451575264
2016-02-17,bovespa,GGBR4.SA,0,0.20256709451575264
2016-02-17,bovespa,ITSA4.SA,2,0.20256709451575264
2016-02-17,bovespa,ITUB4.SA,2,0.20256709451575264
2016-02-17,bovespa,LREN3.SA,1,0.20256709451575264
2016-02-17,bovespa,MRVE3.SA,2,0.20256709451575264
2016-02-17,bovespa,MULT3.SA,1,0.20256709451575264
2016-02-17,bovespa,PETR3.SA,0,0.20256709451575264
2016-02-17,bovespa,PETR4.SA,0,0.20256709451575264
2016-02-17,bovespa,PSSA3.SA,2,0.20256709451575264
2016-02-17,bovespa,RADL3.SA,1,0.20256709451575264
2016-02-17,bovespa,RENT3.SA,2,0.20256709451575264
2016-02-17,bovespa,SANB11.SA,3,0.20256709451575264
2016-02-17,bovespa,SBSP3.SA,3,0.20256709451575264
2016-02-17,bovespa,SMTO3.SA,2,0.20256709451575264
2016-02-17,bovespa,SUZB3.SA,2,0.20256709451575264
2016-02-17,bovespa,TOTS3.SA,1,0.20256709451575264
2016-02-17,bovespa,UGPA3.SA,1,0.20256709451575264
2016-02-17,bovespa,USIM5.SA,0,0.20256709451575264
2016-02-17,bovespa,VALE3.SA,0,0.20256709451575264
2016-02-17,bovespa,WEGE3.SA,2,0.20256709451575264
2016-02-17,bovespa,YDUQ3.SA,0,0.20256709451575264
2016-03-17,bovespa,ABEV3.SA,4,0.3092446141259885
2016-03-17,bovespa,B3SA3.SA,3,0.3092446141259885
2016-03-17,bovespa,BBAS3.SA,0,0.3092446141259885
2016-03-17,bovespa,BBDC3.SA,4,0.3092446141259885
2016-03-17,bovespa,BBDC4.SA,0,0.3092446141259885
2016-03-17,bovespa,BEEF3.SA,4,0.3092446141259885
2016-03-17,bovespa,CMIG4.SA,1,0.3092446141259885
2016-03-17,bovespa,CSAN3.SA,4,0.3092446141259885
2016-03-17,bovespa,CSNA3.SA,0,0.3092446141259885
2016-03-17,bovespa,CYRE3.SA,0,0.3092446141259885
2016-03-17,bovespa,DXCO3.SA,0,0.3092446141259885
2016-03-17,bovespa,ENEV3.SA,1,0.3092446141259885
2016-03-17,bovespa,EZTC3.SA,3,0.3092446141259885
2016-03-17,bovespa,FLRY3.SA,4,0.3092446141259885
2016-03-17,bovespa,GGBR4.SA,0,0.3092446141259885
2016-03-17,bovespa,ITSA4.SA,3,0.3092446141259885
2016-03-17,bovespa,ITUB4.SA,1,0.3092446141259885
2016-03-17,bovespa,LREN3.SA,4,0.3092446141259885
2016-03-17,bovespa,MRVE3.SA,1,0.3092446141259885
2016-03-17,bovespa,MULT3.SA,3,0.3092446141259885
2016-03-17,bovespa,PETR3.SA,0,0.3092446141259885
2016-03-17,bovespa,PETR4.SA,0,0.3092446141259885
2016-03-17,bovespa,PSSA3.SA,3,0.3092446141259885
2016-03-17,bovespa,RADL3.SA,4,0.3092446141259885
2016-03-17,bovespa,RENT3.SA,1,0.3092446141259885
2016-03-17,bovespa,SANB11.SA,1,0.3092446141259885
2016-03-17,bovespa,SBSP3.SA,3,0.3092446141259885
2016-03-17,bovespa,SMTO3.SA,1,0.3092446141259885
2016-03-17,bovespa,SUZB3.SA,3,0.3092446141259885
2016-03-17,bovespa,TOTS3.SA,3,0.3092446141259885
2016-03-17,bovespa,UGPA3.SA,4,0.3092446141259885
2016-03-17,bovespa,USIM5.SA,0,0.3092446141259885
2016-03-17,bovespa,VALE3.SA,0,0.3092446141259885
2016-03-17,bovespa,WEGE3.SA,3,0.3092446141259885
2016-03-17,bovespa,YDUQ3.SA,0,0.3092446141259885
2016-04-18,bovespa,ABEV3.SA,3,0.14150688630839858
2016-04-18,bovespa,B3SA3.SA,1,0.14150688630839858
2016-04-18,bovespa,BBAS3.SA,1,0.14150688630839858
2016-04-18,bovespa,BBDC3.SA,2,0.14150688630839858
2016-04-18,bovespa,BBDC4.SA,2,0.14150688630839858
2016-04-18,bovespa,BEEF3.SA,3,0.14150688630839858
2016-04-18,bovespa,CMIG4.SA,1,0.14150688630839858
2016-04-18,bovespa,CSAN3.SA,1,0.14150688630839858
2016-04-18,bovespa,CSNA3.SA,2,0.14150688630839858
2016-04-18,bovespa,CYRE3.SA,1,0.14150688630839858
2016-04-18,bovespa,DXCO3.SA,2,0.14150688630839858
2016-04-18,bovespa,ENEV3.SA,0,0.14150688630839858
2016-04-18,bovespa,EZTC3.SA,1,0.14150688630839858
2016-04-18,bovespa,FLRY3.SA,0,0.14150688630839858
2016-04-18,bovespa,GGBR4.SA,2,0.14150688630839858
2016-04-18,bovespa,ITSA4.SA,1,0.14150688630839858
2016-04-18,bovespa,ITUB4.SA,1,0.14150688630839858
2016-04-18,bovespa,LREN3.SA,3,0.14150688630839858
2016-04-18,bovespa,MRVE3.SA,3,0.14150688630839858
2016-04-18,bovespa,MULT3.SA,1,0.14150688630839858
2016-04-18,bovespa,PETR3.SA,0,0.14150688630839858
2016-04-18,bovespa,PETR4.SA,0,0.14150688630839858
2016-04-18,bovespa,PSSA3.SA,2,0.14150688630839858
2016-04-18,bovespa,RADL3.SA,3,0.14150688630839858
2016-04-18,bovespa,RENT3.SA,0,0.14150688630839858
2016-04-18,bovespa,SANB11.SA,3,0.14150688630839858
2016-04-18,bovespa,SBSP3.SA,1,0.14150688630839858
2016-04-18,bovespa,SMTO3.SA,3,0.14150688630839858
2016-04-18,bovespa,SUZB3.SA,1,0.14150688630839858
2016-04-18,bovespa,TOTS3.SA,1,0.14150688630839858
2016-04-18,bovespa,UGPA3.SA,3,0.14150688630839858
2016-04-18,bovespa,USIM5.SA,2,0.14150688630839858
2016-04-18,bovespa,VALE3.SA,0,0.14150688630839858
2016-04-18,bovespa,WEGE3.SA,3,0.14150688630839858
2016-04-18,bovespa,YDUQ3.SA,3,0.14150688630839858
2016-05-18,bovespa,ABEV3.SA,3,0.23406994207251663
2016-05-18,bovespa,B3SA3.SA,2,0.23406994207251663
2016-05-18,bovespa,BBAS3.SA,1,0.23406994207251663
2016-05-18,bovespa,BBDC3.SA,2,0.23406994207251663
2016-05-18,bovespa,BBDC4.SA,2,0.23406994207251663
2016-05-18,bovespa,BEEF3.SA,2,0.23406994207251663
2016-05-18,bovespa,CMIG4.SA,1,0.23406994207251663
2016-05-18,bovespa,CSAN3.SA,3,0.23406994207251663
2016-05-18,bovespa,CSNA3.SA,0,0.23406994207251663
2016-05-18,bovespa,CYRE3.SA,1,0.23406994207251663
2016-05-18,bovespa,DXCO3.SA,2,0.23406994207251663
2016-05-18,bovespa,ENEV3.SA,1,0.23406994207251663
2016-05-18,bovespa,EZTC3.SA,1,0.23406994207251663
2016-05-18,bovespa,FLRY3.SA,2,0.23406994207251663
2016-05-18,bovespa,GGBR4.SA,0,0.23406994207251663
2016-05-18,bovespa,ITSA4.SA,1,0.23406994207251663
2016-05-18,bovespa,ITUB4.SA,1,0.23406994207251663
2016-05-18,bovespa,LREN3.SA,3,0.23406994207251663
2016-05-18,bovespa,MRVE3.SA,3,0.23406994207251663
2016-05-18,bovespa,MULT3.SA,1,0.23406994207251663
2016-05-18,bovespa,PETR3.SA,0,0.23406994207251663
2016-05-18,bovespa,PETR4.SA,0,0.23406994207251663
2016-05-18,bovespa,PSSA3.SA,1,0.23406994207251663
2016-05-18,bovespa,RADL3.SA,3,0.23406994207251663
2016-05-18,bovespa,RENT3.SA,2,0.23406994207251663
2016-05-18,bovespa,SANB11.SA,2,0.23406994207251663
2016-05-18,bovespa,SBSP3.SA,1,0.23406994207251663
2016-05-18,bovespa,SMTO3.SA,2,0.23406994207251663
2016-05-18,bovespa,SUZB3.SA,2,0.23406994207251663
2016-05-18,bovespa,TOTS3.SA,3,0.23406994207251663
2016-05-18,bovespa,UGPA3.SA,3,0.23406994207251663
2016-05-18,bovespa,USIM5.SA,0,0.23406994207251663
2016-05-18,bovespa,VALE3.SA,0,0.23406994207251663
2016-05-18,bovespa,WEGE3.SA,3,0.23406994207251663
2016-05-18,bovespa,YDUQ3.SA,2,0.23406994207251663
2016-06-17,bovespa,ABEV3.SA,3,0.1612885394065864
2016-06-17,bovespa,B3SA3.SA,3,0.1612885394065864
2016-06-17,bovespa,BBAS3.SA,0,0.1612885394065864
2016-06-17,bovespa,BBDC3.SA,3,0.1612885394065864
2016-06-17,bovespa,BBDC4.SA,2,0.1612885394065864
2016-06-17,bovespa,BEEF3.SA,0,0.1612885394065864
2016-06-17,bovespa,CMIG4.SA,2,0.1612885394065864
2016-06-17,bovespa,CSAN3.SA,0,0.1612885394065864
2016-06-17,bovespa,CSNA3.SA,0,0.1612885394065864
2016-06-17,bovespa,CYRE3.SA,2,0.1612885394065864
2016-06-17,bovespa,DXCO3.SA,3,0.1612885394065864
2016-06-17,bovespa,ENEV3.SA,3,0.1612885394065864
2016-06-17,bovespa,EZTC3.SA,2,0.1612885394065864
2016-06-17,bovespa,FLRY3.SA,3,0.1612885394065864
2016-06-17,bovespa,GGBR4.SA,0,0.1612885394065864
2016-06-17,bovespa,ITSA4.SA,2,0.1612885394065864
2016-06-17,bovespa,ITUB4.SA,2,0.1612885394065864
2016-06-17,bovespa,LREN3.SA,3,0.1612885394065864
2016-06-17,bovespa,MRVE3.SA,2,0.1612885394065864
2016-06-17,bovespa,MULT3.SA,2,0.1612885394065864
2016-06-17,bovespa,PETR3.SA,0,0.1612885394065864
2016-06-17,bovespa,PETR4.SA,0,0.1612885394065864
2016-06-17,bovespa,PSSA3.SA,3,0.1612885394065864
2016-06-17,bovespa,RADL3.SA,3,0.1612885394065864
2016-06-17,bovespa,RENT3.SA,3,0.1612885394065864
2016-06-17,bovespa,SANB11.SA,0,0.1612885394065864
2016-06-17,bovespa,SBSP3.SA,0,0.1612885394065864
2016-06-17,bovespa,SMTO3.SA,0,0.1612885394065864
2016-06-17,bovespa,SUZB3.SA,3,0.1612885394065864
2016-06-17,bovespa,TOTS3.SA,3,0.1612885394065864
2016-06-17,bovespa,UGPA3.SA,3,0.1612885394065864
2016-06-17,bovespa,USIM5.SA,0,0.1612885394065864
2016-06-17,bovespa,VALE3.SA,0,0.1612885394065864
2016-06-17,bovespa,WEGE3.SA,3,0.1612885394065864
2016-06-17,bovespa,YDUQ3.SA,2,0.1612885394065864
2016-07-18,bovespa,ABEV3.SA,2,0.1823213008736747
2016-07-18,bovespa,B3SA3.SA,0,0.1823213008736747
2016-07-18,bovespa,BBAS3.SA,1,0.1823213008736747
2016-07-18,bovespa,BBDC3.SA,1,0.1823213008736747
2016-07-18,bovespa,BBDC4.SA,1,0.1823213008736747
2016-07-18,bovespa,BEEF3.SA,2,0.1823213008736747
2016-07-18,bovespa,CMIG4.SA,1,0.1823213008736747
2016-07-18,bovespa,CSAN3.SA,0,0.1823213008736747
2016-07-18,bovespa,CSNA3.SA,0,0.1823213008736747
2016-07-18,bovespa,CYRE3.SA,1,0.1823213008736747
2016-07-18,bovespa,DXCO3.SA,1,0.1823213008736747
2016-07-18,bovespa,ENEV3.SA,1,0.1823213008736747
2016-07-18,bovespa,EZTC3.SA,1,0.1823213008736747
2016-07-18,bovespa,FLRY3.SA,0,0.1823213008736747
2016-07-18,bovespa,GGBR4.SA,0,0.1823213008736747
2016-07-18,bovespa,ITSA4.SA,1,0.1823213008736747
2016-07-18,bovespa,ITUB4.SA,1,0.1823213008736747
2016-07-18,bovespa,LREN3.SA,0,0.1823213008736747
2016-07-18,bovespa,MRVE3.SA,1,0.1823213008736747
2016-07-18,bovespa,MULT3.SA,1,0.1823213008736747
2016-07-18,bovespa,PETR3.SA,0,0.1823213008736747
2016-07-18,bovespa,PETR4.SA,0,0.1823213008736747
2016-07-18,bovespa,PSSA3.SA,1,0.1823213008736747
2016-07-18,bovespa,RADL3.SA,0,0.1823213008736747
2016-07-18,bovespa,RENT3.SA,0,0.1823213008736747
2016-07-18,bovespa,SANB11.SA,2,0.1823213008736747
2016-07-18,bovespa,SBSP3.SA,1,0.1823213008736747
2016-07-18,bovespa,SMTO3.SA,0,0.1823213008736747
2016-07-18,bovespa,SUZB3.SA,0,0.1823213008736747
2016-07-18,bovespa,TOTS3.SA,2,0.1823213008736747
2016-07-18,bovespa,UGPA3.SA,2,0.1823213008736747
2016-07-18,bovespa,USIM5.SA,0,0.1823213008736747
2016-07-18,bovespa,VALE3.SA,0,0.1823213008736747
2016-07-18,bovespa,WEGE3.SA,0,0.1823213008736747
2016-07-18,bovespa,YDUQ3.SA,1,0.1823213008736747
2016-08-16,bovespa,ABEV3.SA,1,0.3465349572046507
2016-08-16,bovespa,B3SA3.SA,0,0.3465349572046507
2016-08-16,bovespa,BBAS3.SA,2,0.3465349572046507
2016-08-16,bovespa,BBDC3.SA,2,0.3465349572046507
2016-08-16,bovespa,BBDC4.SA,2,0.3465349572046507
2016-08-16,bovespa,BEEF3.SA,0,0.3465349572046507
2016-08-16,bovespa,CMIG4.SA,2,0.3465349572046507
2016-08-16,bovespa,CSAN3.SA,0,0.3465349572046507
2016-08-16,bovespa,CSNA3.SA,0,0.3465349572046507
2016-08-16,bovespa,CYRE3.SA,2,0.3465349572046507
2016-08-16,bovespa,DXCO3.SA,0,0.3465349572046507
2016-08-16,bovespa,ENEV3.SA,1,0.3465349572046507
2016-08-16,bovespa,EZTC3.SA,2,0.3465349572046507
2016-08-16,bovespa,FLRY3.SA,0,0.3465349572046507
2016-08-16,bovespa,GGBR4.SA,0,0.3465349572046507
2016-08-16,bovespa,ITSA4.SA,2,0.3465349572046507
2016-08-16,bovespa,ITUB4.SA,2,0.3465349572046507
2016-08-16,bovespa,LREN3.SA,2,0.3465349572046507
2016-08-16,bovespa,MRVE3.SA,2,0.3465349572046507
2016-08-16,bovespa,MULT3.SA,2,0.3465349572046507
2016-08-16,bovespa,PETR3.SA,0,0.3465349572046507
2016-08-16,bovespa,PETR4.SA,0,0.3465349572046507
2016-08-16,bovespa,PSSA3.SA,2,0.3465349572046507
2016-08-16,bovespa,RADL3.SA,2,0.3465349572046507
2016-08-16,bovespa,RENT3.SA,2,0.3465349572046507
2016-08-16,bovespa,SANB11.SA,1,0.3465349572046507
2016-08-16,bovespa,SBSP3.SA,1,0.3465349572046507
2016-08-16,bovespa,SMTO3.SA,0,0.3465349572046507
2016-08-16,bovespa,SUZB3.SA,2,0.3465349572046507
2016-08-16,bovespa,TOTS3.SA,1,0.3465349572046507
2016-08-16,bovespa,UGPA3.SA,1,0.3465349572046507
2016-08-16,bovespa,USIM5.SA,0,0.3465349572046507
2016-08-16,bovespa,VALE3.SA,0,0.3465349572046507
2016-08-16,bovespa,WEGE3.SA,1,0.3465349572046507
2016-08-16,bovespa,YDUQ3.SA,2,0.3465349572046507
2016-09-15,bovespa,ABEV3.SA,3,0.4015579541389063
2016-09-15,bovespa,B3SA3.SA,1,0.4015579541389063
2016-09-15,bovespa,BBAS3.SA,2,0.4015579541389063
2016-09-15,bovespa,BBDC3.SA,3,0.4015579541389063
2016-09-15,bovespa,BBDC4.SA,3,0.4015579541389063
2016-09-15,bovespa,BEEF3.SA,0,0.4015579541389063
2016-09-15,bovespa,CMIG4.SA,2,0.4015579541389063
2016-09-15,bovespa,CSAN3.SA,0,0.4015579541389063
2016-09-15,bovespa,CSNA3.SA,0,0.4015579541389063
2016-09-15,bovespa,CYRE3.SA,2,0.4015579541389063
2016-09-15,bovespa,DXCO3.SA,2,0.4015579541389063
2016-09-15,bovespa,ENEV3.SA,2,0.4015579541389063
2016-09-15,bovespa,EZTC3.SA,2,0.4015579541389063
2016-09-15,bovespa,FLRY3.SA,0,0.4015579541389063
2016-09-15,bovespa,GGBR4.SA,0,0.4015579541389063
2016-09-15,bovespa,ITSA4.SA,2,0.4015579541389063
2016-09-15,bovespa,ITUB4.SA,2,0.4015579541389063
2016-09-15,bovespa,LREN3.SA,1,0.4015579541389063
2016-09-15,bovespa,MRVE3.SA,2,0.4015579541389063
2016-09-15,bovespa,MULT3.SA,1,0.4015579541389063
2016-09-15,bovespa,PETR3.SA,0,0.4015579541389063
2016-09-15,bovespa,PETR4.SA,0,0.4015579541389063
2016-09-15,bovespa,PSSA3.SA,1,0.4015579541389063
2016-09-15,bovespa,RADL3.SA,1,0.4015579541389063
2016-09-15,bovespa,RENT3.SA,1,0.4015579541389063
2016-09-15,bovespa,SANB11.SA,3,0.4015579541389063
2016-09-15,bovespa,SBSP3.SA,3,0.4015579541389063
2016-09-15,bovespa,SMTO3.SA,0,0.4015579541389063
2016-09-15,bovespa,SUZB3.SA,1,0.4015579541389063
2016-09-15,bovespa,TOTS3.SA,1,0.4015579541389063
2016-09-15,bovespa,UGPA3.SA,3,0.4015579541389063
2016-09-15,bovespa,USIM5.SA,0,0.4015579541389063
2016-09-15,bovespa,VALE3.SA,0,0.4015579541389063
2016-09-15,bovespa,WEGE3.SA,3,0.4015579541389063
2016-09-15,bovespa,YDUQ3.SA,1,0.4015579541389063
2016-10-17,bovespa,ABEV3.SA,2,0.3894188742351108
2016-10-17,bovespa,B3SA3.SA,3,0.3894188742351108
2016-10-17,bovespa,BBAS3.SA,2,0.3894188742351108
2016-10-17,bovespa,BBDC3.SA,2,0.3894188742351108
2016-10-17,bovespa,BBDC4.SA,2,0.3894188742351108
2016-10-17,bovespa,BEEF3.SA,2,0.3894188742351108
2016-10-17,bovespa,CMIG4.SA,3,0.3894188742351108
2016-10-17,bovespa,CSAN3.SA,0,0.3894188742351108
2016-10-17,bovespa,CSNA3.SA,0,0.3894188742351108
2016-10-17,bovespa,CYRE3.SA,3,0.3894188742351108
2016-10-17,bovespa,DXCO3.SA,3,0.3894188742351108
2016-10-17,bovespa,ENEV3.SA,3,0.3894188742351108
2016-10-17,bovespa,EZTC3.SA,3,0.3894188742351108
2016-10-17,bovespa,FLRY3.SA,0,0.3894188742351108
2016-10-17,bovespa,GGBR4.SA,0,0.3894188742351108
2016-10-17,bovespa,ITSA4.SA,2,0.3894188742351108
2016-10-17,bovespa,ITUB4.SA,2,0.3894188742351108
2016-10-17,bovespa,LREN3.SA,4,0.3894188742351108
2016-10-17,bovespa,MRVE3.SA,3,0.3894188742351108
2016-10-17,bovespa,MULT3.SA,4,0.3894188742351108
2016-10-17,bovespa,PETR3.SA,0,0.3894188742351108
2016-10-17,bovespa,PETR4.SA,0,0.3894188742351108
2016-10-17,bovespa,PSSA3.SA,2,0.3894188742351108
2016-10-17,bovespa,RADL3.SA,4,0.3894188742351108
2016-10-17,bovespa,RENT3.SA,3,0.3894188742351108
2016-10-17,bovespa,SANB11.SA,2,0.3894188742351108
2016-10-17,bovespa,SBSP3.SA,2,0.3894188742351108
2016-10-17,bovespa,SMTO3.SA,3,0.3894188742351108
2016-10-17,bovespa,SUZB3.SA,3,0.3894188742351108
2016-10-17,bovespa,TOTS3.SA,3,0.3894188742351108
2016-10-17,bovespa,UGPA3.SA,2,0.3894188742351108
2016-10-17,bovespa,USIM5.SA,0,0.3894188742351108
2016-10-17,bovespa,VALE3.SA,0,0.3894188742351108
2016-10-17,bovespa,WEGE3.SA,2,0.3894188742351108
2016-10-17,bovespa,YDUQ3.SA,4,0.3894188742351108
2016-11-17,bovespa,ABEV3.SA,3,0.11863510117709297
2016-11-17,bovespa,B3SA3.SA,2,0.11863510117709297
2016-11-17,bovespa,BBAS3.SA,3,0.11863510117709297
2016-11-17,bovespa,BBDC3.SA,3,0.11863510117709297
2016-11-17,bovespa,BBDC4.SA,3,0.11863510117709297
2016-11-17,bovespa,BEEF3.SA,0,0.11863510117709297
2016-11-17,bovespa,CMIG4.SA,3,0.11863510117709297
2016-11-17,bovespa,CSAN3.SA,3,0.11863510117709297
2016-11-17,bovespa,CSNA3.SA,0,0.11863510117709297
2016-11-17,bovespa,CYRE3.SA,0,0.11863510117709297
2016-11-17,bovespa,DXCO3.SA,3,0.11863510117709297
2016-11-17,bovespa,ENEV3.SA,2,0.11863510117709297
2016-11-17,bovespa,EZTC3.SA,0,0.11863510117709297
2016-11-17,bovespa,FLRY3.SA,0,0.11863510117709297
2016-11-17,bovespa,GGBR4.SA,0,0.11863510117709297
2016-11-17,bovespa,ITSA4.SA,2,0.11863510117709297
2016-11-17,bovespa,ITUB4.SA,2,0.11863510117709297
2016-11-17,bovespa,LREN3.SA,3,0.11863510117709297
2016-11-17,bovespa,MRVE3.SA,0,0.11863510117709297
2016-11-17,bovespa,MULT3.SA,3,0.11863510117709297
2016-11-17,bovespa,PETR3.SA,0,0.11863510117709297
2016-11-17,bovespa,PETR4.SA,0,0.11863510117709297
2016-11-17,bovespa,PSSA3.SA,3,0.11863510117709297
2016-11-17,bovespa,RADL3.SA,3,0.11863510117709297
2016-11-17,bovespa,RENT3.SA,3,0.11863510117709297
2016-11-17,bovespa,SANB11.SA,2,0.11863510117709297
2016-11-17,bovespa,SBSP3.SA,3,0.11863510117709297
2016-11-17,bovespa,SMTO3.SA,3,0.11863510117709297
2016-11-17,bovespa,SUZB3.SA,0,0.11863510117709297
2016-11-17,bovespa,TOTS3.SA,2,0.11863510117709297
2016-11-17,bovespa,UGPA3.SA,2,0.11863510117709297
2016-11-17,bovespa,USIM5.SA,0,0.11863510117709297
2016-11-17,bovespa,VALE3.SA,0,0.11863510117709297
2016-11-17,bovespa,WEGE3.SA,3,0.11863510117709297
2016-11-17,bovespa,YDUQ3.SA,3,0.11863510117709297
2016-12-16,bovespa,ABEV3.SA,2,0.32957967356997425
2016-12-16,bovespa,B3SA3.SA,2,0.32957967356997425
2016-12-16,bovespa,BBAS3.SA,3,0.32957967356997425
2016-12-16,bovespa,BBDC3.SA,3,0.32957967356997425
2016-12-16,bovespa,BBDC4.SA,3,0.32957967356997425
2016-12-16,bovespa,BEEF3.SA,0,0.32957967356997425
2016-12-16,bovespa,CMIG4.SA,3,0.32957967356997425
2016-12-16,bovespa,CSAN3.SA,0,0.32957967356997425
2016-12-16,bovespa,CSNA3.SA,0,0.32957967356997425
2016-12-16,bovespa,CYRE3.SA,1,0.32957967356997425
2016-12-16,bovespa,DXCO3.SA,3,0.32957967356997425
2016-12-16,bovespa,ENEV3.SA,3,0.32957967356997425
2016-12-16,bovespa,EZTC3.SA,1,0.32957967356997425
2016-12-16,bovespa,FLRY3.SA,2,0.32957967356997425
2016-12-16,bovespa,GGBR4.SA,0,0.32957967356997425
2016-12-16,bovespa,ITSA4.SA,2,0.32957967356997425
2016-12-16,bovespa,ITUB4.SA,2,0.32957967356997425
2016-12-16,bovespa,LREN3.SA,3,0.32957967356997425
2016-12-16,bovespa,MRVE3.SA,1,0.32957967356997425
2016-12-16,bovespa,MULT3.SA,2,0.32957967356997425
2016-12-16,bovespa,PETR3.SA,0,0.32957967356997425
2016-12-16,bovespa,PETR4.SA,0,0.32957967356997425
2016-12-16,bovespa,PSSA3.SA,3,0.32957967356997425
2016-12-16,bovespa,RADL3.SA,3,0.32957967356997425
2016-12-16,bovespa,RENT3.SA,0,0.32957967356997425
2016-12-16,bovespa,SANB11.SA,2,0.32957967356997425
2016-12-16,bovespa,SBSP3.SA,3,0.32957967356997425
2016-12-16,bovespa,SMTO3.SA,0,0.32957967356997425
2016-12-16,bovespa,SUZB3.SA,0,0.32957967356997425
2016-12-16,bovespa,TOTS3.SA,2,0.32957967356997425
2016-12-16,bovespa,UGPA3.SA,2,0.32957967356997425
2016-12-16,bovespa,USIM5.SA,0,0.32957967356997425
2016-12-16,bovespa,VALE3.SA,0,0.32957967356997425
2016-12-16,bovespa,WEGE3.SA,2,0.32957967356997425
2016-12-16,bovespa,YDUQ3.SA,3,0.32957967356997425
2017-01-17,bovespa,ABEV3.SA,3,0.22181317426596267
2017-01-17,bovespa,B3SA3.SA,3,0.22181317426596267
2017-01-17,bovespa,BBAS3.SA,1,0.22181317426596267
2017-01-17,bovespa,BBDC3.SA,3,0.22181317426596267
2017-01-17,bovespa,BBDC4.SA,3,0.22181317426596267
2017-01-17,bovespa,BEEF3.SA,0,0.22181317426596267
2017-01-17,bovespa,CMIG4.SA,3,0.22181317426596267
2017-01-17,bovespa,CSAN3.SA,1,0.22181317426596267
2017-01-17,bovespa,CSNA3.SA,0,0.22181317426596267
2017-01-17,bovespa,CYRE3.SA,2,0.22181317426596267
2017-01-17,bovespa,DXCO3.SA,3,0.22181317426596267
2017-01-17,bovespa,ENEV3.SA,3,0.22181317426596267
2017-01-17,bovespa,EZTC3.SA,2,0.22181317426596267
2017-01-17,bovespa,FLRY3.SA,1,0.22181317426596267
2017-01-17,bovespa,GGBR4.SA,0,0.22181317426596267
2017-01-17,bovespa,ITSA4.SA,3,0.22181317426596267
2017-01-17,bovespa,ITUB4.SA,1,0.22181317426596267
2017-01-17,bovespa,LREN3.SA,3,0.22181317426596267
2017-01-17,bovespa,MRVE3.SA,2,0.22181317426596267
2017-01-17,bovespa,MULT3.SA,3,0.22181317426596267
2017-01-17,bovespa,PETR3.SA,1,0.22181317426596267
2017-01-17,bovespa,PETR4.SA,1,0.22181317426596267
2017-01-17,bovespa,PSSA3.SA,2,0.22181317426596267
2017-01-17,bovespa,RADL3.SA,3,0.22181317426596267
2017-01-17,bovespa,RENT3.SA,3,0.22181317426596267
2017-01-17,bovespa,SANB11.SA,3,0.22181317426596267
2017-01-17,bovespa,SBSP3.SA,2,0.22181317426596267
2017-01-17,bovespa,SMTO3.SA,3,0.22181317426596267
2017-01-17,bovespa,SUZB3.SA,0,0.22181317426596267
2017-01-17,bovespa,TOTS3.SA,3,0.22181317426596267
2017-01-17,bovespa,UGPA3.SA,3,0.22181317426596267
2017-01-17,bovespa,USIM5.SA,0,0.22181317426596267
2017-01-17,bovespa,VALE3.SA,0,0.22181317426596267
2017-01-17,bovespa,WEGE3.SA,3,0.22181317426596267
2017-01-17,bovespa,YDUQ3.SA,2,0.22181317426596267
2017-02-16,bovespa,ABEV3.SA,2,0.2833624345223248
2017-02-16,bovespa,B3SA3.SA,2,0.2833624345223248
2017-02-16,bovespa,BBAS3.SA,1,0.2833624345223248
2017-02-16,bovespa,BBDC3.SA,1,0.2833624345223248
2017-02-16,bovespa,BBDC4.SA,2,0.2833624345223248
2017-02-16,bovespa,BEEF3.SA,0,0.2833624345223248
2017-02-16,bovespa,CMIG4.SA,3,0.2833624345223248
2017-02-16,bovespa,CSAN3.SA,1,0.2833624345223248
2017-02-16,bovespa,CSNA3.SA,0,0.2833624345223248
2017-02-16,bovespa,CYRE3.SA,4,0.2833624345223248
2017-02-16,bovespa,DXCO3.SA,4,0.2833624345223248
2017-02-16,bovespa,ENEV3.SA,2,0.2833624345223248
2017-02-16,bovespa,EZTC3.SA,4,0.2833624345223248
2017-02-16,bovespa,FLRY3.SA,2,0.2833624345223248
2017-02-16,bovespa,GGBR4.SA,0,0.2833624345223248
2017-02-16,bovespa,ITSA4.SA,2,0.2833624345223248
2017-02-16,bovespa,ITUB4.SA,2,0.2833624345223248
2017-02-16,bovespa,LREN3.SA,3,0.2833624345223248
2017-02-16,bovespa,MRVE3.SA,4,0.2833624345223248
2017-02-16,bovespa,MULT3.SA,4,0.2833624345223248
2017-02-16,bovespa,PETR3.SA,1,0.2833624345223248
2017-02-16,bovespa,PETR4.SA,1,0.2833624345223248
2017-02-16,bovespa,PSSA3.SA,2,0.2833624345223248
2017-02-16,bovespa,RADL3.SA,2,0.2833624345223248
2017-02-16,bovespa,RENT3.SA,3,0.2833624345223248
2017-02-16,bovespa,SANB11.SA,2,0.2833624345223248
2017-02-16,bovespa,SBSP3.SA,1,0.2833624345223248
2017-02-16,bovespa,SMTO3.SA,1,0.2833624345223248
2017-02-16,bovespa,SUZB3.SA,0,0.2833624345223248
2017-02-16,bovespa,TOTS3.SA,2,0.2833624345223248
2017-02-16,bovespa,UGPA3.SA,2,0.2833624345223248
2017-02-16,bovespa,USIM5.SA,0,0.2833624345223248
2017-02-16,bovespa,VALE3.SA,0,0.2833624345223248
2017-02-16,bovespa,WEGE3.SA,2,0.2833624345223248
2017-02-16,bovespa,YDUQ3.SA,2,0.2833624345223248
2017-03-21,bovespa,ABEV3.SA,1,0.43260025873221214
2017-03-21,bovespa,B3SA3.SA,2,0.43260025873221214
2017-03-21,bovespa,BBAS3.SA,3,0.43260025873221214
2017-03-21,bovespa,BBDC3.SA,2,0.43260025873221214
2017-03-21,bovespa,BBDC4.SA,2,0.43260025873221214
2017-03-21,bovespa,BEEF3.SA,0,0.43260025873221214
2017-03-21,bovespa,CMIG4.SA,3,0.43260025873221214
2017-03-21,bovespa,CSAN3.SA,1,0.43260025873221214
2017-03-21,bovespa,CSNA3.SA,0,0.43260025873221214
2017-03-21,bovespa,CYRE3.SA,1,0.43260025873221214
2017-03-21,bovespa,DXCO3.SA,1,0.43260025873221214
2017-03-21,bovespa,ENEV3.SA,2,0.43260025873221214
2017-03-21,bovespa,EZTC3.SA,1,0.43260025873221214
2017-03-21,bovespa,FLRY3.SA,2,0.43260025873221214
2017-03-21,bovespa,GGBR4.SA,0,0.43260025873221214
2017-03-21,bovespa,ITSA4.SA,2,0.43260025873221214
2017-03-21,bovespa,ITUB4.SA,2,0.43260025873221214
2017-03-21,bovespa,LREN3.SA,1,0.43260025873221214
2017-03-21,bovespa,MRVE3.SA,1,0.43260025873221214
2017-03-21,bovespa,MULT3.SA,1,0.43260025873221214
2017-03-21,bovespa,PETR3.SA,1,0.43260025873221214
2017-03-21,bovespa,PETR4.SA,1,0.43260025873221214
2017-03-21,bovespa,PSSA3.SA,2,0.43260025873221214
2017-03-21,bovespa,RADL3.SA,1,0.43260025873221214
2017-03-21,bovespa,RENT3.SA,2,0.43260025873221214
2017-03-21,bovespa,SANB11.SA,2,0.43260025873221214
2017-03-21,bovespa,SBSP3.SA,3,0.43260025873221214
2017-03-21,bovespa,SMTO3.SA,1,0.43260025873221214
2017-03-21,bovespa,SUZB3.SA,0,0.43260025873221214
2017-03-21,bovespa,TOTS3.SA,2,0.43260025873221214
2017-03-21,bovespa,UGPA3.SA,3,0.43260025873221214
2017-03-21,bovespa,USIM5.SA,0,0.43260025873221214
2017-03-21,bovespa,VALE3.SA,0,0.43260025873221214
2017-03-21,bovespa,WEGE3.SA,2,0.43260025873221214
2017-03-21,bovespa,YDUQ3.SA,2,0.43260025873221214
2017-04-20,bovespa,ABEV3.SA,2,0.15523707473881596
2017-04-20,bovespa,B3SA3.SA,2,0.15523707473881596
2017-04-20,bovespa,BBAS3.SA,1,0.15523707473881596
2017-04-20,bovespa,BBDC3.SA,2,0.15523707473881596
2017-04-20,bovespa,BBDC4.SA,2,0.15523707473881596
2017-04-20,bovespa,BEEF3.SA,1,0.15523707473881596
2017-04-20,bovespa,CMIG4.SA,0,0.15523707473881596
2017-04-20,bovespa,CSAN3.SA,1,0.15523707473881596
2017-04-20,bovespa,CSNA3.SA,1,0.15523707473881596
2017-04-20,bovespa,CYRE3.SA,0,0.15523707473881596
2017-04-20,bovespa,DXCO3.SA,2,0.15523707473881596
2017-04-20,bovespa,ENEV3.SA,0,0.15523707473881596
2017-04-20,bovespa,EZTC3.SA,0,0.15523707473881596
2017-04-20,bovespa,FLRY3.SA,0,0.15523707473881596
2017-04-20,bovespa,GGBR4.SA,1,0.15523707473881596
2017-04-20,bovespa,ITSA4.SA,2,0.15523707473881596
2017-04-20,bovespa,ITUB4.SA,2,0.15523707473881596
2017-04-20,bovespa,LREN3.SA,2,0.15523707473881596
2017-04-20,bovespa,MRVE3.SA,0,0.15523707473881596
2017-04-20,bovespa,MULT3.SA,2,0.15523707473881596
2017-04-20,bovespa,PETR3.SA,1,0.15523707473881596
2017-04-20,bovespa,PETR4.SA,1,0.15523707473881596
2017-04-20,bovespa,PSSA3.SA,0,0.15523707473881596
2017-04-20,bovespa,RADL3.SA,1,0.15523707473881596
2017-04-20,bovespa,RENT3.SA,2,0.15523707473881596
2017-04-20,bovespa,SANB11.SA,2,0.15523707473881596
2017-04-20,bovespa,SBSP3.SA,2,0.15523707473881596
2017-04-20,bovespa,SMTO3.SA,1,0.15523707473881596
2017-04-20,bovespa,SUZB3.SA,1,0.15523707473881596
2017-04-20,bovespa,TOTS3.SA,0,0.15523707473881596
2017-04-20,bovespa,UGPA3.SA,2,0.15523707473881596
2017-04-20,bovespa,USIM5.SA,1,0.15523707473881596
2017-04-20,bovespa,VALE3.SA,1,0.15523707473881596
2017-04-20,bovespa,WEGE3.SA,2,0.15523707473881596
2017-04-20,bovespa,YDUQ3.SA,0,0.15523707473881596
2017-05-23,bovespa,ABEV3.SA,3,0.11067585659741161
2017-05-23,bovespa,B3SA3.SA,4,0.11067585659741161
2017-05-23,bovespa,BBAS3.SA,1,0.11067585659741161
2017-05-23,bovespa,BBDC3.SA,3,0.11067585659741161
2017-05-23,bovespa,BBDC4.SA,3,0.11067585659741161
2017-05-23,bovespa,BEEF3.SA,3,0.11067585659741161
2017-05-23,bovespa,CMIG4.SA,3,0.11067585659741161
2017-05-23,bovespa,CSAN3.SA,2,0.11067585659741161
2017-05-23,bovespa,CSNA3.SA,0,0.11067585659741161
2017-05-23,bovespa,CYRE3.SA,2,0.11067585659741161
2017-05-23,bovespa,DXCO3.SA,2,0.11067585659741161
2017-05-23,bovespa,ENEV3.SA,4,0.11067585659741161
2017-05-23,bovespa,EZTC3.SA,2,0.11067585659741161
2017-05-23,bovespa,FLRY3.SA,2,0.11067585659741161
2017-05-23,bovespa,GGBR4.SA,0,0.11067585659741161
2017-05-23,bovespa,ITSA4.SA,3,0.11067585659741161
2017-05-23,bovespa,ITUB4.SA,2,0.11067585659741161
2017-05-23,bovespa,LREN3.SA,4,0.11067585659741161
2017-05-23,bovespa,MRVE3.SA,2,0.11067585659741161
2017-05-23,bovespa,MULT3.SA,2,0.11067585659741161
2017-05-23,bovespa,PETR3.SA,1,0.11067585659741161
2017-05-23,bovespa,PETR4.SA,1,0.11067585659741161
2017-05-23,bovespa,PSSA3.SA,3,0.11067585659741161
2017-05-23,bovespa,RADL3.SA,2,0.11067585659741161
2017-05-23,bovespa,RENT3.SA,2,0.11067585659741161
2017-05-23,bovespa,SANB11.SA,4,0.11067585659741161
2017-05-23,bovespa,SBSP3.SA,3,0.11067585659741161
2017-05-23,bovespa,SMTO3.SA,2,0.11067585659741161
2017-05-23,bovespa,SUZB3.SA,0,0.11067585659741161
2017-05-23,bovespa,TOTS3.SA,1,0.11067585659741161
2017-05-23,bovespa,UGPA3.SA,3,0.11067585659741161
2017-05-23,bovespa,USIM5.SA,0,0.11067585659741161
2017-05-23,bovespa,VALE3.SA,0,0.11067585659741161
2017-05-23,bovespa,WEGE3.SA,3,0.11067585659741161
2017-05-23,bovespa,YDUQ3.SA,1,0.11067585659741161
2017-06-21,bovespa,ABEV3.SA,3,0.26077966307851363
2017-06-21,bovespa,B3SA3.SA,2,0.26077966307851363
2017-06-21,bovespa,BBAS3.SA,1,0.26077966307851363
2017-06-21,bovespa,BBDC3.SA,3,0.26077966307851363
2017-06-21,bovespa,BBDC4.SA,3,0.26077966307851363
2017-06-21,bovespa,BEEF3.SA,3,0.26077966307851363
2017-06-21,bovespa,CMIG4.SA,1,0.26077966307851363
2017-06-21,bovespa,CSAN3.SA,3,0.26077966307851363
2017-06-21,bovespa,CSNA3.SA,0,0.26077966307851363
2017-06-21,bovespa,CYRE3.SA,4,0.26077966307851363
2017-06-21,bovespa,DXCO3.SA,3,0.26077966307851363
2017-06-21,bovespa,ENEV3.SA,1,0.26077966307851363
2017-06-21,bovespa,EZTC3.SA,4,0.26077966307851363
2017-06-21,bovespa,FLRY3.SA,3,0.26077966307851363
2017-06-21,bovespa,GGBR4.SA,0,0.26077966307851363
2017-06-21,bovespa,ITSA4.SA,2,0.26077966307851363
2017-06-21,bovespa,ITUB4.SA,2,0.26077966307851363
2017-06-21,bovespa,LREN3.SA,4,0.26077966307851363
2017-06-21,bovespa,MRVE3.SA,2,0.26077966307851363
2017-06-21,bovespa,MULT3.SA,4,0.26077966307851363
2017-06-21,bovespa,PETR3.SA,1,0.26077966307851363
2017-06-21,bovespa,PETR4.SA,1,0.26077966307851363
2017-06-21,bovespa,PSSA3.SA,3,0.26077966307851363
2017-06-21,bovespa,RADL3.SA,3,0.26077966307851363
2017-06-21,bovespa,RENT3.SA,4,0.26077966307851363
2017-06-21,bovespa,SANB11.SA,2,0.26077966307851363
2017-06-21,bovespa,SBSP3.SA,3,0.26077966307851363
2017-06-21,bovespa,SMTO3.SA,2,0.26077966307851363
2017-06-21,bovespa,SUZB3.SA,0,0.26077966307851363
2017-06-21,bovespa,TOTS3.SA,4,0.26077966307851363
2017-06-21,bovespa,UGPA3.SA,4,0.26077966307851363
2017-06-21,bovespa,USIM5.SA,0,0.26077966307851363
2017-06-21,bovespa,VALE3.SA,0,0.26077966307851363
2017-06-21,bovespa,WEGE3.SA,3,0.26077966307851363
2017-06-21,bovespa,YDUQ3.SA,2,0.26077966307851363
2017-07-20,bovespa,ABEV3.SA,3,0.20140627817063644
2017-07-20,bovespa,B3SA3.SA,2,0.20140627817063644
2017-07-20,bovespa,BBAS3.SA,2,0.20140627817063644
2017-07-20,bovespa,BBDC3.SA,3,0.20140627817063644
2017-07-20,bovespa,BBDC4.SA,3,0.20140627817063644
2017-07-20,bovespa,BEEF3.SA,3,0.20140627817063644
2017-07-20,bovespa,CMIG4.SA,1,0.20140627817063644
2017-07-20,bovespa,CSAN3.SA,0,0.20140627817063644
2017-07-20,bovespa,CSNA3.SA,0,0.20140627817063644
2017-07-20,bovespa,CYRE3.SA,2,0.20140627817063644
2017-07-20,bovespa,DXCO3.SA,2,0.20140627817063644
2017-07-20,bovespa,ENEV3.SA,2,0.20140627817063644
2017-07-20,bovespa,EZTC3.SA,2,0.20140627817063644
2017-07-20,bovespa,FLRY3.SA,2,0.20140627817063644
2017-07-20,bovespa,GGBR4.SA,0,0.20140627817063644
2017-07-20,bovespa,ITSA4.SA,2,0.20140627817063644
2017-07-20,bovespa,ITUB4.SA,2,0.20140627817063644
2017-07-20,bovespa,LREN3.SA,2,0.20140627817063644
2017-07-20,bovespa,MRVE3.SA,2,0.20140627817063644
2017-07-20,bovespa,MULT3.SA,2,0.20140627817063644
2017-07-20,bovespa,PETR3.SA,0,0.20140627817063644
2017-07-20,bovespa,PETR4.SA,0,0.20140627817063644
2017-07-20,bovespa,PSSA3.SA,3,0.20140627817063644
2017-07-20,bovespa,RADL3.SA,2,0.20140627817063644
2017-07-20,bovespa,RENT3.SA,2,0.20140627817063644
2017-07-20,bovespa,SANB11.SA,2,0.20140627817063644
2017-07-20,bovespa,SBSP3.SA,2,0.20140627817063644
2017-07-20,bovespa,SMTO3.SA,0,0.20140627817063644
2017-07-20,bovespa,SUZB3.SA,0,0.20140627817063644
2017-07-20,bovespa,TOTS3.SA,2,0.20140627817063644
2017-07-20,bovespa,UGPA3.SA,2,0.20140627817063644
2017-07-20,bovespa,USIM5.SA,0,0.20140627817063644
2017-07-20,bovespa,VALE3.SA,0,0.20140627817063644
2017-07-20,bovespa,WEGE3.SA,3,0.20140627817063644
2017-07-20,bovespa,YDUQ3.SA,2,0.20140627817063644
2017-08-18,bovespa,ABEV3.SA,3,0.1650144196106705
2017-08-18,bovespa,B3SA3.SA,2,0.1650144196106705
2017-08-18,bovespa,BBAS3.SA,2,0.1650144196106705
2017-08-18,bovespa,BBDC3.SA,3,0.1650144196106705
2017-08-18,bovespa,BBDC4.SA,2,0.1650144196106705
2017-08-18,bovespa,BEEF3.SA,0,0.1650144196106705
2017-08-18,bovespa,CMIG4.SA,2,0.1650144196106705
2017-08-18,bovespa,CSAN3.SA,1,0.1650144196106705
2017-08-18,bovespa,CSNA3.SA,0,0.1650144196106705
2017-08-18,bovespa,CYRE3.SA,1,0.1650144196106705
2017-08-18,bovespa,DXCO3.SA,3,0.1650144196106705
2017-08-18,bovespa,ENEV3.SA,2,0.1650144196106705
2017-08-18,bovespa,EZTC3.SA,1,0.1650144196106705
2017-08-18,bovespa,FLRY3.SA,1,0.1650144196106705
2017-08-18,bovespa,GGBR4.SA,0,0.1650144196106705
2017-08-18,bovespa,ITSA4.SA,2,0.1650144196106705
2017-08-18,bovespa,ITUB4.SA,2,0.1650144196106705
2017-08-18,bovespa,LREN3.SA,1,0.1650144196106705
2017-08-18,bovespa,MRVE3.SA,3,0.1650144196106705
2017-08-18,bovespa,MULT3.SA,1,0.1650144196106705
2017-08-18,bovespa,PETR3.SA,1,0.1650144196106705
2017-08-18,bovespa,PETR4.SA,1,0.1650144196106705
2017-08-18,bovespa,PSSA3.SA,0,0.1650144196106705
2017-08-18,bovespa,RADL3.SA,1,0.1650144196106705
2017-08-18,bovespa,RENT3.SA,1,0.1650144196106705
2017-08-18,bovespa,SANB11.SA,2,0.1650144196106705
2017-08-18,bovespa,SBSP3.SA,2,0.1650144196106705
2017-08-18,bovespa,SMTO3.SA,1,0.1650144196106705
2017-08-18,bovespa,SUZB3.SA,0,0.1650144196106705
2017-08-18,bovespa,TOTS3.SA,1,0.1650144196106705
2017-08-18,bovespa,UGPA3.SA,1,0.1650144196106705
2017-08-18,bovespa,USIM5.SA,0,0.1650144196106705
2017-08-18,bovespa,VALE3.SA,0,0.1650144196106705
2017-08-18,bovespa,WEGE3.SA,2,0.1650144196106705
2017-08-18,bovespa,YDUQ3.SA,3,0.1650144196106705
2017-09-18,bovespa,ABEV3.SA,2,0.47622902892097335
2017-09-18,bovespa,B3SA3.SA,2,0.47622902892097335
2017-09-18,bovespa,BBAS3.SA,1,0.47622902892097335
2017-09-18,bovespa,BBDC3.SA,2,0.47622902892097335
2017-09-18,bovespa,BBDC4.SA,2,0.47622902892097335
2017-09-18,bovespa,BEEF3.SA,1,0.47622902892097335
2017-09-18,bovespa,CMIG4.SA,0,0.47622902892097335
2017-09-18,bovespa,CSAN3.SA,1,0.47622902892097335
2017-09-18,bovespa,CSNA3.SA,0,0.47622902892097335
2017-09-18,bovespa,CYRE3.SA,1,0.47622902892097335
2017-09-18,bovespa,DXCO3.SA,1,0.47622902892097335
2017-09-18,bovespa,ENEV3.SA,2,0.47622902892097335
2017-09-18,bovespa,EZTC3.SA,1,0.47622902892097335
2017-09-18,bovespa,FLRY3.SA,1,0.47622902892097335
2017-09-18,bovespa,GGBR4.SA,0,0.47622902892097335
2017-09-18,bovespa,ITSA4.SA,2,0.47622902892097335
2017-09-18,bovespa,ITUB4.SA,2,0.47622902892097335
2017-09-18,bovespa,LREN3.SA,1,0.47622902892097335
2017-09-18,bovespa,MRVE3.SA,1,0.47622902892097335
2017-09-18,bovespa,MULT3.SA,1,0.47622902892097335
2017-09-18,bovespa,PETR3.SA,1,0.47622902892097335
2017-09-18,bovespa,PETR4.SA,1,0.47622902892097335
2017-09-18,bovespa,PSSA3.SA,2,0.47622902892097335
2017-09-18,bovespa,RADL3.SA,1,0.47622902892097335
2017-09-18,bovespa,RENT3.SA,1,0.47622902892097335
2017-09-18,bovespa,SANB11.SA,2,0.47622902892097335
2017-09-18,bovespa,SBSP3.SA,2,0.47622902892097335
2017-09-18,bovespa,SMTO3.SA,1,0.47622902892097335
2017-09-18,bovespa,SUZB3.SA,0,0.47622902892097335
2017-09-18,bovespa,TOTS3.SA,1,0.47622902892097335
2017-09-18,bovespa,UGPA3.SA,1,0.47622902892097335
2017-09-18,bovespa,USIM5.SA,0,0.47622902892097335
2017-09-18,bovespa,VALE3.SA,0,0.47622902892097335
2017-09-18,bovespa,WEGE3.SA,2,0.47622902892097335
2017-09-18,bovespa,YDUQ3.SA,1,0.47622902892097335
2017-10-17,bovespa,ABEV3.SA,3,0.13250224047297388
2017-10-17,bovespa,B3SA3.SA,3,0.13250224047297388
2017-10-17,bovespa,BBAS3.SA,4,0.13250224047297388
2017-10-17,bovespa,BBDC3.SA,3,0.13250224047297388
2017-10-17,bovespa,BBDC4.SA,3,0.13250224047297388
2017-10-17,bovespa,BEEF3.SA,4,0.13250224047297388
2017-10-17,bovespa,CMIG4.SA,1,0.13250224047297388
2017-10-17,bovespa,CSAN3.SA,3,0.13250224047297388
2017-10-17,bovespa,CSNA3.SA,0,0.13250224047297388
2017-10-17,bovespa,CYRE3.SA,1,0.13250224047297388
2017-10-17,bovespa,DXCO3.SA,2,0.13250224047297388
2017-10-17,bovespa,ENEV3.SA,1,0.13250224047297388
2017-10-17,bovespa,EZTC3.SA,1,0.13250224047297388
2017-10-17,bovespa,FLRY3.SA,1,0.13250224047297388
2017-10-17,bovespa,GGBR4.SA,0,0.13250224047297388
2017-10-17,bovespa,ITSA4.SA,2,0.13250224047297388
2017-10-17,bovespa,ITUB4.SA,2,0.13250224047297388
2017-10-17,bovespa,LREN3.SA,2,0.13250224047297388
2017-10-17,bovespa,MRVE3.SA,1,0.13250224047297388
2017-10-17,bovespa,MULT3.SA,2,0.13250224047297388
2017-10-17,bovespa,PETR3.SA,1,0.13250224047297388
2017-10-17,bovespa,PETR4.SA,1,0.13250224047297388
2017-10-17,bovespa,PSSA3.SA,4,0.13250224047297388
2017-10-17,bovespa,RADL3.SA,4,0.13250224047297388
2017-10-17,bovespa,RENT3.SA,2,0.13250224047297388
2017-10-17,bovespa,SANB11.SA,2,0.13250224047297388
2017-10-17,bovespa,SBSP3.SA,1,0.13250224047297388
2017-10-17,bovespa,SMTO3.SA,3,0.13250224047297388
2017-10-17,bovespa,SUZB3.SA,0,0.13250224047297388
2017-10-17,bovespa,TOTS3.SA,4,0.13250224047297388
2017-10-17,bovespa,UGPA3.SA,2,0.13250224047297388
2017-10-17,bovespa,USIM5.SA,0,0.13250224047297388
2017-10-17,bovespa,VALE3.SA,0,0.13250224047297388
2017-10-17,bovespa,WEGE3.SA,4,0.13250224047297388
2017-10-17,bovespa,YDUQ3.SA,1,0.13250224047297388
2017-11-15,bovespa,ABEV3.SA,0,0.259496222545531
2017-11-15,bovespa,B3SA3.SA,4,0.259496222545531
2017-11-15,bovespa,BBAS3.SA,4,0.259496222545531
2017-11-15,bovespa,BBDC3.SA,0,0.259496222545531
2017-11-15,bovespa,BBDC4.SA,0,0.259496222545531
2017-11-15,bovespa,BEEF3.SA,4,0.259496222545531
2017-11-15,bovespa,CMIG4.SA,0,0.259496222545531
2017-11-15,bovespa,CSAN3.SA,0,0.259496222545531
2017-11-15,bovespa,CSNA3.SA,0,0.259496222545531
2017-11-15,bovespa,CYRE3.SA,4,0.259496222545531
2017-11-15,bovespa,DXCO3.SA,4,0.259496222545531
2017-11-15,bovespa,ENEV3.SA,4,0.259496222545531
2017-11-15,bovespa,EZTC3.SA,4,0.259496222545531
2017-11-15,bovespa,FLRY3.SA,4,0.259496222545531
2017-11-15,bovespa,GGBR4.SA,0,0.259496222545531
2017-11-15,bovespa,ITSA4.SA,2,0.259496222545531
2017-11-15,bovespa,ITUB4.SA,2,0.259496222545531
2017-11-15,bovespa,LREN3.SA,2,0.259496222545531
2017-11-15,bovespa,MRVE3.SA,2,0.259496222545531
2017-11-15,bovespa,MULT3.SA,2,0.259496222545531
2017-11-15,bovespa,PETR3.SA,1,0.259496222545531
2017-11-15,bovespa,PETR4.SA,1,0.259496222545531
2017-11-15,bovespa,PSSA3.SA,3,0.259496222545531
2017-11-15,bovespa,RADL3.SA,3,0.259496222545531
2017-11-15,bovespa,RENT3.SA,3,0.259496222545531
2017-11-15,bovespa,SANB11.SA,2,0.259496222545531
2017-11-15,bovespa,SBSP3.SA,4,0.259496222545531
2017-11-15,bovespa,SMTO3.SA,0,0.259496222545531
2017-11-15,bovespa,SUZB3.SA,1,0.259496222545531
2017-11-15,bovespa,TOTS3.SA,4,0.259496222545531
2017-11-15,bovespa,UGPA3.SA,2,0.259496222545531
2017-11-15,bovespa,USIM5.SA,0,0.259496222545531
2017-11-15,bovespa,VALE3.SA,0,0.259496222545531
2017-11-15,bovespa,WEGE3.SA,3,0.259496222545531
2017-11-15,bovespa,YDUQ3.SA,2,0.259496222545531
2017-12-14,bovespa,ABEV3.SA,4,0.3905409438086251
2017-12-14,bovespa,B3SA3.SA,3,0.3905409438086251
2017-12-14,bovespa,BBAS3.SA,3,0.3905409438086251
2017-12-14,bovespa,BBDC3.SA,2,0.3905409438086251
2017-12-14,bovespa,BBDC4.SA,1,0.3905409438086251
2017-12-14,bovespa,BEEF3.SA,3,0.3905409438086251
2017-12-14,bovespa,CMIG4.SA,0,0.3905409438086251
2017-12-14,bovespa,CSAN3.SA,0,0.3905409438086251
2017-12-14,bovespa,CSNA3.SA,0,0.3905409438086251
2017-12-14,bovespa,CYRE3.SA,3,0.3905409438086251
2017-12-14,bovespa,DXCO3.SA,2,0.3905409438086251
2017-12-14,bovespa,ENEV3.SA,3,0.3905409438086251
2017-12-14,bovespa,EZTC3.SA,3,0.3905409438086251
2017-12-14,bovespa,FLRY3.SA,3,0.3905409438086251
2017-12-14,bovespa,GGBR4.SA,0,0.3905409438086251
2017-12-14,bovespa,ITSA4.SA,2,0.3905409438086251
2017-12-14,bovespa,ITUB4.SA,2,0.3905409438086251
2017-12-14,bovespa,LREN3.SA,2,0.3905409438086251
2017-12-14,bovespa,MRVE3.SA,3,0.3905409438086251
2017-12-14,bovespa,MULT3.SA,2,0.3905409438086251
2017-12-14,bovespa,PETR3.SA,1,0.3905409438086251
2017-12-14,bovespa,PETR4.SA,1,0.3905409438086251
2017-12-14,bovespa,PSSA3.SA,0,0.3905409438086251
2017-12-14,bovespa,RADL3.SA,2,0.3905409438086251
2017-12-14,bovespa,RENT3.SA,2,0.3905409438086251
2017-12-14,bovespa,SANB11.SA,2,0.3905409438086251
2017-12-14,bovespa,SBSP3.SA,3,0.3905409438086251
2017-12-14,bovespa,SMTO3.SA,0,0.3905409438086251
2017-12-14,bovespa,SUZB3.SA,2,0.3905409438086251
2017-12-14,bovespa,TOTS3.SA,3,0.3905409438086251
2017-12-14,bovespa,UGPA3.SA,0,0.3905409438086251
2017-12-14,bovespa,USIM5.SA,0,0.3905409438086251
2017-12-14,bovespa,VALE3.SA,0,0.3905409438086251
2017-12-14,bovespa,WEGE3.SA,2,0.3905409438086251
2017-12-14,bovespa,YDUQ3.SA,1,0.3905409438086251
2018-01-15,bovespa,ABEV3.SA,2,0.14356230453295152
2018-01-15,bovespa,B3SA3.SA,3,0.14356230453295152
2018-01-15,bovespa,BBAS3.SA,2,0.14356230453295152
2018-01-15,bovespa,BBDC3.SA,1,0.14356230453295152
2018-01-15,bovespa,BBDC4.SA,1,0.14356230453295152
2018-01-15,bovespa,BEEF3.SA,2,0.14356230453295152
2018-01-15,bovespa,CMIG4.SA,2,0.14356230453295152
2018-01-15,bovespa,CSAN3.SA,0,0.14356230453295152
2018-01-15,bovespa,CSNA3.SA,0,0.14356230453295152
2018-01-15,bovespa,CYRE3.SA,3,0.14356230453295152
2018-01-15,bovespa,DXCO3.SA,0,0.14356230453295152
2018-01-15,bovespa,ENEV3.SA,0,0.14356230453295152
2018-01-15,bovespa,EZTC3.SA,3,0.14356230453295152
2018-01-15,bovespa,FLRY3.SA,2,0.14356230453295152
2018-01-15,bovespa,GGBR4.SA,0,0.14356230453295152
2018-01-15,bovespa,ITSA4.SA,2,0.14356230453295152
2018-01-15,bovespa,ITUB4.SA,2,0.14356230453295152
2018-01-15,bovespa,LREN3.SA,2,0.14356230453295152
2018-01-15,bovespa,MRVE3.SA,3,0.14356230453295152
2018-01-15,bovespa,MULT3.SA,3,0.14356230453295152
2018-01-15,bovespa,PETR3.SA,1,0.14356230453295152
2018-01-15,bovespa,PETR4.SA,1,0.14356230453295152
2018-01-15,bovespa,PSSA3.SA,2,0.14356230453295152
2018-01-15,bovespa,RADL3.SA,3,0.14356230453295152
2018-01-15,bovespa,RENT3.SA,3,0.14356230453295152
2018-01-15,bovespa,SANB11.SA,2,0.14356230453295152
2018-01-15,bovespa,SBSP3.SA,2,0.14356230453295152
2018-01-15,bovespa,SMTO3.SA,0,0.14356230453295152
2018-01-15,bovespa,SUZB3.SA,3,0.14356230453295152
2018-01-15,bovespa,TOTS3.SA,3,0.14356230453295152
2018-01-15,bovespa,UGPA3.SA,2,0.14356230453295152
2018-01-15,bovespa,USIM5.SA,0,0.14356230453295152
2018-01-15,bovespa,VALE3.SA,0,0.14356230453295152
2018-01-15,bovespa,WEGE3.SA,3,0.14356230453295152
2018-01-15,bovespa,YDUQ3.SA,3,0.14356230453295152
2018-02-15,bovespa,ABEV3.SA,2,0.16047755639972092
2018-02-15,bovespa,B3SA3.SA,3,0.16047755639972092
2018-02-15,bovespa,BBAS3.SA,3,0.16047755639972092
2018-02-15,bovespa,BBDC3.SA,2,0.16047755639972092
2018-02-15,bovespa,BBDC4.SA,2,0.16047755639972092
2018-02-15,bovespa,BEEF3.SA,4,0.16047755639972092
2018-02-15,bovespa,CMIG4.SA,3,0.16047755639972092
2018-02-15,bovespa,CSAN3.SA,1,0.16047755639972092
2018-02-15,bovespa,CSNA3.SA,0,0.16047755639972092
2018-02-15,bovespa,CYRE3.SA,4,0.16047755639972092
2018-02-15,bovespa,DXCO3.SA,3,0.16047755639972092
2018-02-15,bovespa,ENEV3.SA,4,0.16047755639972092
2018-02-15,bovespa,EZTC3.SA,4,0.16047755639972092
2018-02-15,bovespa,FLRY3.SA,3,0.16047755639972092
2018-02-15,bovespa,GGBR4.SA,0,0.16047755639972092
2018-02-15,bovespa,ITSA4.SA,2,0.16047755639972092
2018-02-15,bovespa,ITUB4.SA,2,0.16047755639972092
2018-02-15,bovespa,LREN3.SA,2,0.16047755639972092
2018-02-15,bovespa,MRVE3.SA,4,0.16047755639972092
2018-02-15,bovespa,MULT3.SA,4,0.16047755639972092
2018-02-15,bovespa,PETR3.SA,1,0.16047755639972092
2018-02-15,bovespa,PETR4.SA,1,0.16047755639972092
2018-02-15,bovespa,PSSA3.SA,3,0.16047755639972092
2018-02-15,bovespa,RADL3.SA,3,0.16047755639972092
2018-02-15,bovespa,RENT3.SA,3,0.16047755639972092
2018-02-15,bovespa,SANB11.SA,2,0.16047755639972092
2018-02-15,bovespa,SBSP3.SA,3,0.16047755639972092
2018-02-15,bovespa,SMTO3.SA,1,0.16047755639972092
2018-02-15,bovespa,SUZB3.SA,2,0.16047755639972092
2018-02-15,bovespa,TOTS3.SA,3,0.16047755639972092
2018-02-15,bovespa,UGPA3.SA,3,0.16047755639972092
2018-02-15,bovespa,USIM5.SA,0,0.16047755639972092
2018-02-15,bovespa,VALE3.SA,0,0.16047755639972092
2018-02-15,bovespa,WEGE3.SA,2,0.16047755639972092
2018-02-15,bovespa,YDUQ3.SA,3,0.16047755639972092
2018-03-16,bovespa,ABEV3.SA,2,0.12371134020618557
2018-03-16,bovespa,B3SA3.SA,3,0.12371134020618557
2018-03-16,bovespa,BBAS3.SA,0,0.12371134020618557
2018-03-16,bovespa,BBDC3.SA,1,0.12371134020618557
2018-03-16,bovespa,BBDC4.SA,1,0.12371134020618557
2018-03-16,bovespa,BEEF3.SA,2,0.12371134020618557
2018-03-16,bovespa,CMIG4.SA,2,0.12371134020618557
2018-03-16,bovespa,CSAN3.SA,1,0.12371134020618557
2018-03-16,bovespa,CSNA3.SA,0,0.12371134020618557
2018-03-16,bovespa,CYRE3.SA,2,0.12371134020618557
2018-03-16,bovespa,DXCO3.SA,0,0.12371134020618557
2018-03-16,bovespa,ENEV3.SA,3,0.12371134020618557
2018-03-16,bovespa,EZTC3.SA,2,0.12371134020618557
2018-03-16,bovespa,FLRY3.SA,2,0.12371134020618557
2018-03-16,bovespa,GGBR4.SA,0,0.12371134020618557
2018-03-16,bovespa,ITSA4.SA,2,0.12371134020618557
2018-03-16,bovespa,ITUB4.SA,2,0.12371134020618557
2018-03-16,bovespa,LREN3.SA,3,0.12371134020618557
2018-03-16,bovespa,MRVE3.SA,3,0.12371134020618557
2018-03-16,bovespa,MULT3.SA,2,0.12371134020618557
2018-03-16,bovespa,PETR3.SA,1,0.12371134020618557
2018-03-16,bovespa,PETR4.SA,1,0.12371134020618557
2018-03-16,bovespa,PSSA3.SA,2,0.12371134020618557
2018-03-16,bovespa,RADL3.SA,3,0.12371134020618557
2018-03-16,bovespa,RENT3.SA,3,0.12371134020618557
2018-03-16,bovespa,SANB11.SA,2,0.12371134020618557
2018-03-16,bovespa,SBSP3.SA,3,0.12371134020618557
2018-03-16,bovespa,SMTO3.SA,1,0.12371134020618557
2018-03-16,bovespa,SUZB3.SA,0,0.12371134020618557
2018-03-16,bovespa,TOTS3.SA,2,0.12371134020618557
2018-03-16,bovespa,UGPA3.SA,0,0.12371134020618557
2018-03-16,bovespa,USIM5.SA,0,0.12371134020618557
2018-03-16,bovespa,VALE3.SA,0,0.12371134020618557
2018-03-16,bovespa,WEGE3.SA,0,0.12371134020618557
2018-03-16,bovespa,YDUQ3.SA,0,0.12371134020618557
2018-04-17,bovespa,ABEV3.SA,2,0.10953323245256665
2018-04-17,bovespa,B3SA3.SA,4,0.10953323245256665
2018-04-17,bovespa,BBAS3.SA,1,0.10953323245256665
2018-04-17,bovespa,BBDC3.SA,2,0.10953323245256665
2018-04-17,bovespa,BBDC4.SA,2,0.10953323245256665
2018-04-17,bovespa,BEEF3.SA,4,0.10953323245256665
2018-04-17,bovespa,CMIG4.SA,1,0.10953323245256665
2018-04-17,bovespa,CSAN3.SA,2,0.10953323245256665
2018-04-17,bovespa,CSNA3.SA,0,0.10953323245256665
2018-04-17,bovespa,CYRE3.SA,4,0.10953323245256665
2018-04-17,bovespa,DXCO3.SA,4,0.10953323245256665
2018-04-17,bovespa,ENEV3.SA,4,0.10953323245256665
2018-04-17,bovespa,EZTC3.SA,4,0.10953323245256665
2018-04-17,bovespa,FLRY3.SA,1,0.10953323245256665
2018-04-17,bovespa,GGBR4.SA,0,0.10953323245256665
2018-04-17,bovespa,ITSA4.SA,2,0.10953323245256665
2018-04-17,bovespa,ITUB4.SA,2,0.10953323245256665
2018-04-17,bovespa,LREN3.SA,3,0.10953323245256665
2018-04-17,bovespa,MRVE3.SA,4,0.10953323245256665
2018-04-17,bovespa,MULT3.SA,4,0.10953323245256665
2018-04-17,bovespa,PETR3.SA,1,0.10953323245256665
2018-04-17,bovespa,PETR4.SA,1,0.10953323245256665
2018-04-17,bovespa,PSSA3.SA,1,0.10953323245256665
2018-04-17,bovespa,RADL3.SA,3,0.10953323245256665
2018-04-17,bovespa,RENT3.SA,3,0.10953323245256665
2018-04-17,bovespa,SANB11.SA,3,0.10953323245256665
2018-04-17,bovespa,SBSP3.SA,0,0.10953323245256665
2018-04-17,bovespa,SMTO3.SA,2,0.10953323245256665
2018-04-17,bovespa,SUZB3.SA,1,0.10953323245256665
2018-04-17,bovespa,TOTS3.SA,2,0.10953323245256665
2018-04-17,bovespa,UGPA3.SA,3,0.10953323245256665
2018-04-17,bovespa,USIM5.SA,0,0.10953323245256665
2018-04-17,bovespa,VALE3.SA,0,0.10953323245256665
2018-04-17,bovespa,WEGE3.SA,3,0.10953323245256665
2018-04-17,bovespa,YDUQ3.SA,1,0.10953323245256665
2018-05-17,bovespa,ABEV3.SA,2,0.06574908406772947
2018-05-17,bovespa,B3SA3.SA,1,0.06574908406772947
2018-05-17,bovespa,BBAS3.SA,2,0.06574908406772947
2018-05-17,bovespa,BBDC3.SA,2,0.06574908406772947
2018-05-17,bovespa,BBDC4.SA,2,0.06574908406772947
2018-05-17,bovespa,BEEF3.SA,2,0.06574908406772947
2018-05-17,bovespa,CMIG4.SA,1,0.06574908406772947
2018-05-17,bovespa,CSAN3.SA,0,0.06574908406772947
2018-05-17,bovespa,CSNA3.SA,0,0.06574908406772947
2018-05-17,bovespa,CYRE3.SA,1,0.06574908406772947
2018-05-17,bovespa,DXCO3.SA,2,0.06574908406772947
2018-05-17,bovespa,ENEV3.SA,1,0.06574908406772947
2018-05-17,bovespa,EZTC3.SA,1,0.06574908406772947
2018-05-17,bovespa,FLRY3.SA,1,0.06574908406772947
2018-05-17,bovespa,GGBR4.SA,0,0.06574908406772947
2018-05-17,bovespa,ITSA4.SA,1,0.06574908406772947
2018-05-17,bovespa,ITUB4.SA,1,0.06574908406772947
2018-05-17,bovespa,LREN3.SA,1,0.06574908406772947
2018-05-17,bovespa,MRVE3.SA,1,0.06574908406772947
2018-05-17,bovespa,MULT3.SA,1,0.06574908406772947
2018-05-17,bovespa,PETR3.SA,0,0.06574908406772947
2018-05-17,bovespa,PETR4.SA,0,0.06574908406772947
2018-05-17,bovespa,PSSA3.SA,2,0.06574908406772947
2018-05-17,bovespa,RADL3.SA,1,0.06574908406772947
2018-05-17,bovespa,RENT3.SA,2,0.06574908406772947
2018-05-17,bovespa,SANB11.SA,1,0.06574908406772947
2018-05-17,bovespa,SBSP3.SA,2,0.06574908406772947
2018-05-17,bovespa,SMTO3.SA,1,0.06574908406772947
2018-05-17,bovespa,SUZB3.SA,2,0.06574908406772947
2018-05-17,bovespa,TOTS3.SA,1,0.06574908406772947
2018-05-17,bovespa,UGPA3.SA,1,0.06574908406772947
2018-05-17,bovespa,USIM5.SA,0,0.06574908406772947
2018-05-17,bovespa,VALE3.SA,0,0.06574908406772947
2018-05-17,bovespa,WEGE3.SA,0,0.06574908406772947
2018-05-17,bovespa,YDUQ3.SA,2,0.06574908406772947
2018-06-18,bovespa,ABEV3.SA,2,0.5180295915655179
2018-06-18,bovespa,B3SA3.SA,2,0.5180295915655179
2018-06-18,bovespa,BBAS3.SA,3,0.5180295915655179
2018-06-18,bovespa,BBDC3.SA,3,0.5180295915655179
2018-06-18,bovespa,BBDC4.SA,3,0.5180295915655179
2018-06-18,bovespa,BEEF3.SA,2,0.5180295915655179
2018-06-18,bovespa,CMIG4.SA,2,0.5180295915655179
2018-06-18,bovespa,CSAN3.SA,1,0.5180295915655179
2018-06-18,bovespa,CSNA3.SA,0,0.5180295915655179
2018-06-18,bovespa,CYRE3.SA,2,0.5180295915655179
2018-06-18,bovespa,DXCO3.SA,3,0.5180295915655179
2018-06-18,bovespa,ENEV3.SA,2,0.5180295915655179
2018-06-18,bovespa,EZTC3.SA,2,0.5180295915655179
2018-06-18,bovespa,FLRY3.SA,3,0.5180295915655179
2018-06-18,bovespa,GGBR4.SA,0,0.5180295915655179
2018-06-18,bovespa,ITSA4.SA,2,0.5180295915655179
2018-06-18,bovespa,ITUB4.SA,2,0.5180295915655179
2018-06-18,bovespa,LREN3.SA,2,0.5180295915655179
2018-06-18,bovespa,MRVE3.SA,2,0.5180295915655179
2018-06-18,bovespa,MULT3.SA,2,0.5180295915655179
2018-06-18,bovespa,PETR3.SA,1,0.5180295915655179
2018-06-18,bovespa,PETR4.SA,1,0.5180295915655179
2018-06-18,bovespa,PSSA3.SA,3,0.5180295915655179
2018-06-18,bovespa,RADL3.SA,2,0.5180295915655179
2018-06-18,bovespa,RENT3.SA,3,0.5180295915655179
2018-06-18,bovespa,SANB11.SA,2,0.5180295915655179
2018-06-18,bovespa,SBSP3.SA,1,0.5180295915655179
2018-06-18,bovespa,SMTO3.SA,2,0.5180295915655179
2018-06-18,bovespa,SUZB3.SA,0,0.5180295915655179
2018-06-18,bovespa,TOTS3.SA,2,0.5180295915655179
2018-06-18,bovespa,UGPA3.SA,2,0.5180295915655179
2018-06-18,bovespa,USIM5.SA,0,0.5180295915655179
2018-06-18,bovespa,VALE3.SA,0,0.5180295915655179
2018-06-18,bovespa,WEGE3.SA,2,0.5180295915655179
2018-06-18,bovespa,YDUQ3.SA,3,0.5180295915655179
2018-07-18,bovespa,ABEV3.SA,0,0.36939602202903826
2018-07-18,bovespa,B3SA3.SA,2,0.36939602202903826
2018-07-18,bovespa,BBAS3.SA,3,0.36939602202903826
2018-07-18,bovespa,BBDC3.SA,3,0.36939602202903826
2018-07-18,bovespa,BBDC4.SA,3,0.36939602202903826
2018-07-18,bovespa,BEEF3.SA,0,0.36939602202903826
2018-07-18,bovespa,CMIG4.SA,3,0.36939602202903826
2018-07-18,bovespa,CSAN3.SA,0,0.36939602202903826
2018-07-18,bovespa,CSNA3.SA,0,0.36939602202903826
2018-07-18,bovespa,CYRE3.SA,2,0.36939602202903826
2018-07-18,bovespa,DXCO3.SA,0,0.36939602202903826
2018-07-18,bovespa,ENEV3.SA,2,0.36939602202903826
2018-07-18,bovespa,EZTC3.SA,2,0.36939602202903826
2018-07-18,bovespa,FLRY3.SA,3,0.36939602202903826
2018-07-18,bovespa,GGBR4.SA,0,0.36939602202903826
2018-07-18,bovespa,ITSA4.SA,2,0.36939602202903826
2018-07-18,bovespa,ITUB4.SA,2,0.36939602202903826
2018-07-18,bovespa,LREN3.SA,2,0.36939602202903826
2018-07-18,bovespa,MRVE3.SA,2,0.36939602202903826
2018-07-18,bovespa,MULT3.SA,2,0.36939602202903826
2018-07-18,bovespa,PETR3.SA,0,0.36939602202903826
2018-07-18,bovespa,PETR4.SA,0,0.36939602202903826
2018-07-18,bovespa,PSSA3.SA,2,0.36939602202903826
2018-07-18,bovespa,RADL3.SA,2,0.36939602202903826
2018-07-18,bovespa,RENT3.SA,3,0.36939602202903826
2018-07-18,bovespa,SANB11.SA,1,0.36939602202903826
2018-07-18,bovespa,SBSP3.SA,3,0.36939602202903826
2018-07-18,bovespa,SMTO3.SA,2,0.36939602202903826
2018-07-18,bovespa,SUZB3.SA,0,0.36939602202903826
2018-07-18,bovespa,TOTS3.SA,2,0.36939602202903826
2018-07-18,bovespa,UGPA3.SA,2,0.36939602202903826
2018-07-18,bovespa,USIM5.SA,0,0.36939602202903826
2018-07-18,bovespa,VALE3.SA,0,0.36939602202903826
2018-07-18,bovespa,WEGE3.SA,3,0.36939602202903826
2018-07-18,bovespa,YDUQ3.SA,3,0.36939602202903826
2018-08-16,bovespa,ABEV3.SA,3,0.24485014156008983
2018-08-16,bovespa,B3SA3.SA,2,0.24485014156008983
2018-08-16,bovespa,BBAS3.SA,4,0.24485014156008983
2018-08-16,bovespa,BBDC3.SA,3,0.24485014156008983
2018-08-16,bovespa,BBDC4.SA,3,0.24485014156008983
2018-08-16,bovespa,BEEF3.SA,3,0.24485014156008983
2018-08-16,bovespa,CMIG4.SA,2,0.24485014156008983
2018-08-16,bovespa,CSAN3.SA,2,0.24485014156008983
2018-08-16,bovespa,CSNA3.SA,1,0.24485014156008983
2018-08-16,bovespa,CYRE3.SA,1,0.24485014156008983
2018-08-16,bovespa,DXCO3.SA,3,0.24485014156008983
2018-08-16,bovespa,ENEV3.SA,2,0.24485014156008983
2018-08-16,bovespa,EZTC3.SA,1,0.24485014156008983
2018-08-16,bovespa,FLRY3.SA,2,0.24485014156008983
2018-08-16,bovespa,GGBR4.SA,1,0.24485014156008983
2018-08-16,bovespa,ITSA4.SA,2,0.24485014156008983
2018-08-16,bovespa,ITUB4.SA,2,0.24485014156008983
2018-08-16,bovespa,LREN3.SA,2,0.24485014156008983
2018-08-16,bovespa,MRVE3.SA,1,0.24485014156008983
2018-08-16,bovespa,MULT3.SA,2,0.24485014156008983
2018-08-16,bovespa,PETR3.SA,1,0.24485014156008983
2018-08-16,bovespa,PETR4.SA,1,0.24485014156008983
2018-08-16,bovespa,PSSA3.SA,1,0.24485014156008983
2018-08-16,bovespa,RADL3.SA,2,0.24485014156008983
2018-08-16,bovespa,RENT3.SA,3,0.24485014156008983
2018-08-16,bovespa,SANB11.SA,0,0.24485014156008983
2018-08-16,bovespa,SBSP3.SA,4,0.24485014156008983
2018-08-16,bovespa,SMTO3.SA,2,0.24485014156008983
2018-08-16,bovespa,SUZB3.SA,1,0.24485014156008983
2018-08-16,bovespa,TOTS3.SA,2,0.24485014156008983
2018-08-16,bovespa,UGPA3.SA,3,0.24485014156008983
2018-08-16,bovespa,USIM5.SA,1,0.24485014156008983
2018-08-16,bovespa,VALE3.SA,1,0.24485014156008983
2018-08-16,bovespa,WEGE3.SA,3,0.24485014156008983
2018-08-16,bovespa,YDUQ3.SA,4,0.24485014156008983
2018-09-17,bovespa,ABEV3.SA,0,0.018330437182808784
2018-09-17,bovespa,B3SA3.SA,2,0.018330437182808784
2018-09-17,bovespa,BBAS3.SA,0,0.018330437182808784
2018-09-17,bovespa,BBDC3.SA,3,0.018330437182808784
2018-09-17,bovespa,BBDC4.SA,3,0.018330437182808784
2018-09-17,bovespa,BEEF3.SA,0,0.018330437182808784
2018-09-17,bovespa,CMIG4.SA,0,0.018330437182808784
2018-09-17,bovespa,CSAN3.SA,2,0.018330437182808784
2018-09-17,bovespa,CSNA3.SA,0,0.018330437182808784
2018-09-17,bovespa,CYRE3.SA,2,0.018330437182808784
2018-09-17,bovespa,DXCO3.SA,0,0.018330437182808784
2018-09-17,bovespa,ENEV3.SA,0,0.018330437182808784
2018-09-17,bovespa,EZTC3.SA,2,0.018330437182808784
2018-09-17,bovespa,FLRY3.SA,0,0.018330437182808784
2018-09-17,bovespa,GGBR4.SA,0,0.018330437182808784
2018-09-17,bovespa,ITSA4.SA,2,0.018330437182808784
2018-09-17,bovespa,ITUB4.SA,2,0.018330437182808784
2018-09-17,bovespa,LREN3.SA,0,0.018330437182808784
2018-09-17,bovespa,MRVE3.SA,2,0.018330437182808784
2018-09-17,bovespa,MULT3.SA,0,0.018330437182808784
2018-09-17,bovespa,PETR3.SA,0,0.018330437182808784
2018-09-17,bovespa,PETR4.SA,0,0.018330437182808784
2018-09-17,bovespa,PSSA3.SA,3,0.018330437182808784
2018-09-17,bovespa,RADL3.SA,2,0.018330437182808784
2018-09-17,bovespa,RENT3.SA,3,0.018330437182808784
2018-09-17,bovespa,SANB11.SA,0,0.018330437182808784
2018-09-17,bovespa,SBSP3.SA,0,0.018330437182808784
2018-09-17,bovespa,SMTO3.SA,2,0.018330437182808784
2018-09-17,bovespa,SUZB3.SA,0,0.018330437182808784
2018-09-17,bovespa,TOTS3.SA,2,0.018330437182808784
2018-09-17,bovespa,UGPA3.SA,2,0.018330437182808784
2018-09-17,bovespa,USIM5.SA,0,0.018330437182808784
2018-09-17,bovespa,VALE3.SA,0,0.018330437182808784
2018-09-17,bovespa,WEGE3.SA,2,0.018330437182808784
2018-09-17,bovespa,YDUQ3.SA,2,0.018330437182808784
2018-10-17,bovespa,ABEV3.SA,2,0.18069960459328693
2018-10-17,bovespa,B3SA3.SA,2,0.18069960459328693
2018-10-17,bovespa,BBAS3.SA,1,0.18069960459328693
2018-10-17,bovespa,BBDC3.SA,3,0.18069960459328693
2018-10-17,bovespa,BBDC4.SA,3,0.18069960459328693
2018-10-17,bovespa,BEEF3.SA,0,0.18069960459328693
2018-10-17,bovespa,CMIG4.SA,1,0.18069960459328693
2018-10-17,bovespa,CSAN3.SA,3,0.18069960459328693
2018-10-17,bovespa,CSNA3.SA,0,0.18069960459328693
2018-10-17,bovespa,CYRE3.SA,1,0.18069960459328693
2018-10-17,bovespa,DXCO3.SA,0,0.18069960459328693
2018-10-17,bovespa,ENEV3.SA,2,0.18069960459328693
2018-10-17,bovespa,EZTC3.SA,1,0.18069960459328693
2018-10-17,bovespa,FLRY3.SA,2,0.18069960459328693
2018-10-17,bovespa,GGBR4.SA,0,0.18069960459328693
2018-10-17,bovespa,ITSA4.SA,2,0.18069960459328693
2018-10-17,bovespa,ITUB4.SA,2,0.18069960459328693
2018-10-17,bovespa,LREN3.SA,2,0.18069960459328693
2018-10-17,bovespa,MRVE3.SA,1,0.18069960459328693
2018-10-17,bovespa,MULT3.SA,2,0.18069960459328693
2018-10-17,bovespa,PETR3.SA,1,0.18069960459328693
2018-10-17,bovespa,PETR4.SA,1,0.18069960459328693
2018-10-17,bovespa,PSSA3.SA,3,0.18069960459328693
2018-10-17,bovespa,RADL3.SA,2,0.18069960459328693
2018-10-17,bovespa,RENT3.SA,3,0.18069960459328693
2018-10-17,bovespa,SANB11.SA,0,0.18069960459328693
2018-10-17,bovespa,SBSP3.SA,1,0.18069960459328693
2018-10-17,bovespa,SMTO3.SA,2,0.18069960459328693
2018-10-17,bovespa,SUZB3.SA,0,0.18069960459328693
2018-10-17,bovespa,TOTS3.SA,2,0.18069960459328693
2018-10-17,bovespa,UGPA3.SA,3,0.18069960459328693
2018-10-17,bovespa,USIM5.SA,0,0.18069960459328693
2018-10-17,bovespa,VALE3.SA,0,0.18069960459328693
2018-10-17,bovespa,WEGE3.SA,2,0.18069960459328693
2018-10-17,bovespa,YDUQ3.SA,3,0.18069960459328693
2018-11-19,bovespa,ABEV3.SA,2,0.1335404422472313
2018-11-19,bovespa,B3SA3.SA,1,0.1335404422472313
2018-11-19,bovespa,BBAS3.SA,1,0.1335404422472313
2018-11-19,bovespa,BBDC3.SA,3,0.1335404422472313
2018-11-19,bovespa,BBDC4.SA,3,0.1335404422472313
2018-11-19,bovespa,BEEF3.SA,2,0.1335404422472313
2018-11-19,bovespa,CMIG4.SA,1,0.1335404422472313
2018-11-19,bovespa,CSAN3.SA,2,0.1335404422472313
2018-11-19,bovespa,CSNA3.SA,0,0.1335404422472313
2018-11-19,bovespa,CYRE3.SA,2,0.1335404422472313
2018-11-19,bovespa,DXCO3.SA,2,0.1335404422472313
2018-11-19,bovespa,ENEV3.SA,1,0.1335404422472313
2018-11-19,bovespa,EZTC3.SA,2,0.1335404422472313
2018-11-19,bovespa,FLRY3.SA,1,0.1335404422472313
2018-11-19,bovespa,GGBR4.SA,0,0.1335404422472313
2018-11-19,bovespa,ITSA4.SA,2,0.1335404422472313
2018-11-19,bovespa,ITUB4.SA,2,0.1335404422472313
2018-11-19,bovespa,LREN3.SA,3,0.1335404422472313
2018-11-19,bovespa,MRVE3.SA,2,0.1335404422472313
2018-11-19,bovespa,MULT3.SA,1,0.1335404422472313
2018-11-19,bovespa,PETR3.SA,1,0.1335404422472313
2018-11-19,bovespa,PETR4.SA,1,0.1335404422472313
2018-11-19,bovespa,PSSA3.SA,3,0.1335404422472313
2018-11-19,bovespa,RADL3.SA,2,0.1335404422472313
2018-11-19,bovespa,RENT3.SA,1,0.1335404422472313
2018-11-19,bovespa,SANB11.SA,1,0.1335404422472313
2018-11-19,bovespa,SBSP3.SA,1,0.1335404422472313
2018-11-19,bovespa,SMTO3.SA,2,0.1335404422472313
2018-11-19,bovespa,SUZB3.SA,0,0.1335404422472313
2018-11-19,bovespa,TOTS3.SA,2,0.1335404422472313
2018-11-19,bovespa,UGPA3.SA,3,0.1335404422472313
2018-11-19,bovespa,USIM5.SA,0,0.1335404422472313
2018-11-19,bovespa,VALE3.SA,0,0.1335404422472313
2018-11-19,bovespa,WEGE3.SA,3,0.1335404422472313
2018-11-19,bovespa,YDUQ3.SA,2,0.1335404422472313
2018-12-19,bovespa,ABEV3.SA,1,0.1648303549867182
2018-12-19,bovespa,B3SA3.SA,1,0.1648303549867182
2018-12-19,bovespa,BBAS3.SA,0,0.1648303549867182
2018-12-19,bovespa,BBDC3.SA,3,0.1648303549867182
2018-12-19,bovespa,BBDC4.SA,3,0.1648303549867182
2018-12-19,bovespa,BEEF3.SA,3,0.1648303549867182
2018-12-19,bovespa,CMIG4.SA,0,0.1648303549867182
2018-12-19,bovespa,CSAN3.SA,2,0.1648303549867182
2018-12-19,bovespa,CSNA3.SA,0,0.1648303549867182
2018-12-19,bovespa,CYRE3.SA,1,0.1648303549867182
2018-12-19,bovespa,DXCO3.SA,3,0.1648303549867182
2018-12-19,bovespa,ENEV3.SA,3,0.1648303549867182
2018-12-19,bovespa,EZTC3.SA,1,0.1648303549867182
2018-12-19,bovespa,FLRY3.SA,3,0.1648303549867182
2018-12-19,bovespa,GGBR4.SA,0,0.1648303549867182
2018-12-19,bovespa,ITSA4.SA,2,0.1648303549867182
2018-12-19,bovespa,ITUB4.SA,2,0.1648303549867182
2018-12-19,bovespa,LREN3.SA,2,0.1648303549867182
2018-12-19,bovespa,MRVE3.SA,1,0.1648303549867182
2018-12-19,bovespa,MULT3.SA,3,0.1648303549867182
2018-12-19,bovespa,PETR3.SA,0,0.1648303549867182
2018-12-19,bovespa,PETR4.SA,0,0.1648303549867182
2018-12-19,bovespa,PSSA3.SA,1,0.1648303549867182
2018-12-19,bovespa,RADL3.SA,2,0.1648303549867182
2018-12-19,bovespa,RENT3.SA,1,0.1648303549867182
2018-12-19,bovespa,SANB11.SA,3,0.1648303549867182
2018-12-19,bovespa,SBSP3.SA,0,0.1648303549867182
2018-12-19,bovespa,SMTO3.SA,2,0.1648303549867182
2018-12-19,bovespa,SUZB3.SA,0,0.1648303549867182
2018-12-19,bovespa,TOTS3.SA,3,0.1648303549867182
2018-12-19,bovespa,UGPA3.SA,2,0.1648303549867182
2018-12-19,bovespa,USIM5.SA,0,0.1648303549867182
2018-12-19,bovespa,VALE3.SA,0,0.1648303549867182
2018-12-19,bovespa,WEGE3.SA,2,0.1648303549867182
2018-12-19,bovespa,YDUQ3.SA,2,0.1648303549867182
2019-01-23,bovespa,ABEV3.SA,2,0.2468451712067785
2019-01-23,bovespa,B3SA3.SA,2,0.2468451712067785
2019-01-23,bovespa,BBAS3.SA,1,0.2468451712067785
2019-01-23,bovespa,BBDC3.SA,2,0.2468451712067785
2019-01-23,bovespa,BBDC4.SA,2,0.2468451712067785
2019-01-23,bovespa,BEEF3.SA,0,0.2468451712067785
2019-01-23,bovespa,CMIG4.SA,1,0.2468451712067785
2019-01-23,bovespa,CSAN3.SA,2,0.2468451712067785
2019-01-23,bovespa,CSNA3.SA,0,0.2468451712067785
2019-01-23,bovespa,CYRE3.SA,1,0.2468451712067785
2019-01-23,bovespa,DXCO3.SA,2,0.2468451712067785
2019-01-23,bovespa,ENEV3.SA,2,0.2468451712067785
2019-01-23,bovespa,EZTC3.SA,1,0.2468451712067785
2019-01-23,bovespa,FLRY3.SA,2,0.2468451712067785
2019-01-23,bovespa,GGBR4.SA,0,0.2468451712067785
2019-01-23,bovespa,ITSA4.SA,2,0.2468451712067785
2019-01-23,bovespa,ITUB4.SA,2,0.2468451712067785
2019-01-23,bovespa,LREN3.SA,2,0.2468451712067785
2019-01-23,bovespa,MRVE3.SA,1,0.2468451712067785
2019-01-23,bovespa,MULT3.SA,1,0.2468451712067785
2019-01-23,bovespa,PETR3.SA,0,0.2468451712067785
2019-01-23,bovespa,PETR4.SA,0,0.2468451712067785
2019-01-23,bovespa,PSSA3.SA,2,0.2468451712067785
2019-01-23,bovespa,RADL3.SA,2,0.2468451712067785
2019-01-23,bovespa,RENT3.SA,2,0.2468451712067785
2019-01-23,bovespa,SANB11.SA,0,0.2468451712067785
2019-01-23,bovespa,SBSP3.SA,1,0.2468451712067785
2019-01-23,bovespa,SMTO3.SA,2,0.2468451712067785
2019-01-23,bovespa,SUZB3.SA,0,0.2468451712067785
2019-01-23,bovespa,TOTS3.SA,2,0.2468451712067785
2019-01-23,bovespa,UGPA3.SA,2,0.2468451712067785
2019-01-23,bovespa,USIM5.SA,0,0.2468451712067785
2019-01-23,bovespa,VALE3.SA,0,0.2468451712067785
2019-01-23,bovespa,WEGE3.SA,2,0.2468451712067785
2019-01-23,bovespa,YDUQ3.SA,2,0.2468451712067785
2019-02-22,bovespa,ABEV3.SA,2,0.6586834934748315
2019-02-22,bovespa,B3SA3.SA,2,0.6586834934748315
2019-02-22,bovespa,BBAS3.SA,3,0.6586834934748315
2019-02-22,bovespa,BBDC3.SA,2,0.6586834934748315
2019-02-22,bovespa,BBDC4.SA,2,0.6586834934748315
2019-02-22,bovespa,BEEF3.SA,0,0.6586834934748315
2019-02-22,bovespa,CMIG4.SA,3,0.6586834934748315
2019-02-22,bovespa,CSAN3.SA,2,0.6586834934748315
2019-02-22,bovespa,CSNA3.SA,0,0.6586834934748315
2019-02-22,bovespa,CYRE3.SA,3,0.6586834934748315
2019-02-22,bovespa,DXCO3.SA,2,0.6586834934748315
2019-02-22,bovespa,ENEV3.SA,2,0.6586834934748315
2019-02-22,bovespa,EZTC3.SA,3,0.6586834934748315
2019-02-22,bovespa,FLRY3.SA,2,0.6586834934748315
2019-02-22,bovespa,GGBR4.SA,0,0.6586834934748315
2019-02-22,bovespa,ITSA4.SA,2,0.6586834934748315
2019-02-22,bovespa,ITUB4.SA,2,0.6586834934748315
2019-02-22,bovespa,LREN3.SA,2,0.6586834934748315
2019-02-22,bovespa,MRVE3.SA,3,0.6586834934748315
2019-02-22,bovespa,MULT3.SA,3,0.6586834934748315
2019-02-22,bovespa,PETR3.SA,0,0.6586834934748315
2019-02-22,bovespa,PETR4.SA,0,0.6586834934748315
2019-02-22,bovespa,PSSA3.SA,2,0.6586834934748315
2019-02-22,bovespa,RADL3.SA,2,0.6586834934748315
2019-02-22,bovespa,RENT3.SA,2,0.6586834934748315
2019-02-22,bovespa,SANB11.SA,2,0.6586834934748315
2019-02-22,bovespa,SBSP3.SA,3,0.6586834934748315
2019-02-22,bovespa,SMTO3.SA,2,0.6586834934748315
2019-02-22,bovespa,SUZB3.SA,2,0.6586834934748315
2019-02-22,bovespa,TOTS3.SA,3,0.6586834934748315
2019-02-22,bovespa,UGPA3.SA,3,0.6586834934748315
2019-02-22,bovespa,USIM5.SA,0,0.6586834934748315
2019-02-22,bovespa,VALE3.SA,0,0.6586834934748315
2019-02-22,bovespa,WEGE3.SA,2,0.6586834934748315
2019-02-22,bovespa,YDUQ3.SA,2,0.6586834934748315
2019-03-27,bovespa,ABEV3.SA,1,0.34025270758122744
2019-03-27,bovespa,B3SA3.SA,2,0.34025270758122744
2019-03-27,bovespa,BBAS3.SA,3,0.34025270758122744
2019-03-27,bovespa,BBDC3.SA,2,0.34025270758122744
2019-03-27,bovespa,BBDC4.SA,2,0.34025270758122744
2019-03-27,bovespa,BEEF3.SA,0,0.34025270758122744
2019-03-27,bovespa,CMIG4.SA,3,0.34025270758122744
2019-03-27,bovespa,CSAN3.SA,0,0.34025270758122744
2019-03-27,bovespa,CSNA3.SA,0,0.34025270758122744
2019-03-27,bovespa,CYRE3.SA,3,0.34025270758122744
2019-03-27,bovespa,DXCO3.SA,3,0.34025270758122744
2019-03-27,bovespa,ENEV3.SA,0,0.34025270758122744
2019-03-27,bovespa,EZTC3.SA,3,0.34025270758122744
2019-03-27,bovespa,FLRY3.SA,2,0.34025270758122744
2019-03-27,bovespa,GGBR4.SA,0,0.34025270758122744
2019-03-27,bovespa,ITSA4.SA,1,0.34025270758122744
2019-03-27,bovespa,ITUB4.SA,1,0.34025270758122744
2019-03-27,bovespa,LREN3.SA,1,0.34025270758122744
2019-03-27,bovespa,MRVE3.SA,3,0.34025270758122744
2019-03-27,bovespa,MULT3.SA,3,0.34025270758122744
2019-03-27,bovespa,PETR3.SA,0,0.34025270758122744
2019-03-27,bovespa,PETR4.SA,0,0.34025270758122744
2019-03-27,bovespa,PSSA3.SA,2,0.34025270758122744
2019-03-27,bovespa,RADL3.SA,1,0.34025270758122744
2019-03-27,bovespa,RENT3.SA,1,0.34025270758122744
2019-03-27,bovespa,SANB11.SA,1,0.34025270758122744
2019-03-27,bovespa,SBSP3.SA,2,0.34025270758122744
2019-03-27,bovespa,SMTO3.SA,0,0.34025270758122744
2019-03-27,bovespa,SUZB3.SA,0,0.34025270758122744
2019-03-27,bovespa,TOTS3.SA,3,0.34025270758122744
2019-03-27,bovespa,UGPA3.SA,3,0.34025270758122744
2019-03-27,bovespa,USIM5.SA,0,0.34025270758122744
2019-03-27,bovespa,VALE3.SA,0,0.34025270758122744
2019-03-27,bovespa,WEGE3.SA,2,0.34025270758122744
2019-03-27,bovespa,YDUQ3.SA,1,0.34025270758122744
2019-04-26,bovespa,ABEV3.SA,1,0.3959813771134526
2019-04-26,bovespa,B3SA3.SA,2,0.3959813771134526
2019-04-26,bovespa,BBAS3.SA,2,0.3959813771134526
2019-04-26,bovespa,BBDC3.SA,2,0.3959813771134526
2019-04-26,bovespa,BBDC4.SA,2,0.3959813771134526
2019-04-26,bovespa,BEEF3.SA,0,0.3959813771134526
2019-04-26,bovespa,CMIG4.SA,2,0.3959813771134526
2019-04-26,bovespa,CSAN3.SA,0,0.3959813771134526
2019-04-26,bovespa,CSNA3.SA,0,0.3959813771134526
2019-04-26,bovespa,CYRE3.SA,1,0.3959813771134526
2019-04-26,bovespa,DXCO3.SA,2,0.3959813771134526
2019-04-26,bovespa,ENEV3.SA,2,0.3959813771134526
2019-04-26,bovespa,EZTC3.SA,1,0.3959813771134526
2019-04-26,bovespa,FLRY3.SA,2,0.3959813771134526
2019-04-26,bovespa,GGBR4.SA,0,0.3959813771134526
2019-04-26,bovespa,ITSA4.SA,1,0.3959813771134526
2019-04-26,bovespa,ITUB4.SA,1,0.3959813771134526
2019-04-26,bovespa,LREN3.SA,1,0.3959813771134526
2019-04-26,bovespa,MRVE3.SA,1,0.3959813771134526
2019-04-26,bovespa,MULT3.SA,1,0.3959813771134526
2019-04-26,bovespa,PETR3.SA,0,0.3959813771134526
2019-04-26,bovespa,PETR4.SA,0,0.3959813771134526
2019-04-26,bovespa,PSSA3.SA,2,0.3959813771134526
2019-04-26,bovespa,RADL3.SA,2,0.3959813771134526
2019-04-26,bovespa,RENT3.SA,1,0.3959813771134526
2019-04-26,bovespa,SANB11.SA,1,0.3959813771134526
2019-04-26,bovespa,SBSP3.SA,2,0.3959813771134526
2019-04-26,bovespa,SMTO3.SA,2,0.3959813771134526
2019-04-26,bovespa,SUZB3.SA,0,0.3959813771134526
2019-04-26,bovespa,TOTS3.SA,0,0.3959813771134526
2019-04-26,bovespa,UGPA3.SA,1,0.3959813771134526
2019-04-26,bovespa,USIM5.SA,0,0.3959813771134526
2019-04-26,bovespa,VALE3.SA,0,0.3959813771134526
2019-04-26,bovespa,WEGE3.SA,2,0.3959813771134526
2019-04-26,bovespa,YDUQ3.SA,1,0.3959813771134526
2019-05-28,bovespa,ABEV3.SA,3,0.0752892419271283
2019-05-28,bovespa,B3SA3.SA,3,0.0752892419271283
2019-05-28,bovespa,BBAS3.SA,1,0.0752892419271283
2019-05-28,bovespa,BBDC3.SA,3,0.0752892419271283
2019-05-28,bovespa,BBDC4.SA,3,0.0752892419271283
2019-05-28,bovespa,BEEF3.SA,1,0.0752892419271283
2019-05-28,bovespa,CMIG4.SA,1,0.0752892419271283
2019-05-28,bovespa,CSAN3.SA,2,0.0752892419271283
2019-05-28,bovespa,CSNA3.SA,1,0.0752892419271283
2019-05-28,bovespa,CYRE3.SA,1,0.0752892419271283
2019-05-28,bovespa,DXCO3.SA,2,0.0752892419271283
2019-05-28,bovespa,ENEV3.SA,2,0.0752892419271283
2019-05-28,bovespa,EZTC3.SA,1,0.0752892419271283
2019-05-28,bovespa,FLRY3.SA,3,0.0752892419271283
2019-05-28,bovespa,GGBR4.SA,1,0.0752892419271283
2019-05-28,bovespa,ITSA4.SA,2,0.0752892419271283
2019-05-28,bovespa,ITUB4.SA,2,0.0752892419271283
2019-05-28,bovespa,LREN3.SA,2,0.0752892419271283
2019-05-28,bovespa,MRVE3.SA,1,0.0752892419271283
2019-05-28,bovespa,MULT3.SA,1,0.0752892419271283
2019-05-28,bovespa,PETR3.SA,1,0.0752892419271283
2019-05-28,bovespa,PETR4.SA,1,0.0752892419271283
2019-05-28,bovespa,PSSA3.SA,2,0.0752892419271283
2019-05-28,bovespa,RADL3.SA,2,0.0752892419271283
2019-05-28,bovespa,RENT3.SA,2,0.0752892419271283
2019-05-28,bovespa,SANB11.SA,2,0.0752892419271283
2019-05-28,bovespa,SBSP3.SA,1,0.0752892419271283
2019-05-28,bovespa,SMTO3.SA,1,0.0752892419271283
2019-05-28,bovespa,SUZB3.SA,1,0.0752892419271283
2019-05-28,bovespa,TOTS3.SA,1,0.0752892419271283
2019-05-28,bovespa,UGPA3.SA,1,0.0752892419271283
2019-05-28,bovespa,USIM5.SA,1,0.0752892419271283
2019-05-28,bovespa,VALE3.SA,1,0.0752892419271283
2019-05-28,bovespa,WEGE3.SA,2,0.0752892419271283
2019-05-28,bovespa,YDUQ3.SA,2,0.0752892419271283
2019-06-27,bovespa,ABEV3.SA,1,0.2758940620782726
2019-06-27,bovespa,B3SA3.SA,0,0.2758940620782726
2019-06-27,bovespa,BBAS3.SA,2,0.2758940620782726
2019-06-27,bovespa,BBDC3.SA,1,0.2758940620782726
2019-06-27,bovespa,BBDC4.SA,1,0.2758940620782726
2019-06-27,bovespa,BEEF3.SA,1,0.2758940620782726
2019-06-27,bovespa,CMIG4.SA,2,0.2758940620782726
2019-06-27,bovespa,CSAN3.SA,1,0.2758940620782726
2019-06-27,bovespa,CSNA3.SA,0,0.2758940620782726
2019-06-27,bovespa,CYRE3.SA,2,0.2758940620782726
2019-06-27,bovespa,DXCO3.SA,1,0.2758940620782726
2019-06-27,bovespa,ENEV3.SA,1,0.2758940620782726
2019-06-27,bovespa,EZTC3.SA,2,0.2758940620782726
2019-06-27,bovespa,FLRY3.SA,0,0.2758940620782726
2019-06-27,bovespa,GGBR4.SA,0,0.2758940620782726
2019-06-27,bovespa,ITSA4.SA,1,0.2758940620782726
2019-06-27,bovespa,ITUB4.SA,1,0.2758940620782726
2019-06-27,bovespa,LREN3.SA,1,0.2758940620782726
2019-06-27,bovespa,MRVE3.SA,2,0.2758940620782726
2019-06-27,bovespa,MULT3.SA,1,0.2758940620782726
2019-06-27,bovespa,PETR3.SA,0,0.2758940620782726
2019-06-27,bovespa,PETR4.SA,0,0.2758940620782726
2019-06-27,bovespa,PSSA3.SA,1,0.2758940620782726
2019-06-27,bovespa,RADL3.SA,1,0.2758940620782726
2019-06-27,bovespa,RENT3.SA,1,0.2758940620782726
2019-06-27,bovespa,SANB11.SA,1,0.2758940620782726
2019-06-27,bovespa,SBSP3.SA,2,0.2758940620782726
2019-06-27,bovespa,SMTO3.SA,1,0.2758940620782726
2019-06-27,bovespa,SUZB3.SA,0,0.2758940620782726
2019-06-27,bovespa,TOTS3.SA,2,0.2758940620782726
2019-06-27,bovespa,UGPA3.SA,2,0.2758940620782726
2019-06-27,bovespa,USIM5.SA,0,0.2758940620782726
2019-06-27,bovespa,VALE3.SA,0,0.2758940620782726
2019-06-27,bovespa,WEGE3.SA,1,0.2758940620782726
2019-06-27,bovespa,YDUQ3.SA,1,0.2758940620782726
2019-07-29,bovespa,ABEV3.SA,2,0.2747565284840128
2019-07-29,bovespa,B3SA3.SA,1,0.2747565284840128
2019-07-29,bovespa,BBAS3.SA,1,0.2747565284840128
2019-07-29,bovespa,BBDC3.SA,2,0.2747565284840128
2019-07-29,bovespa,BBDC4.SA,2,0.2747565284840128
2019-07-29,bovespa,BEEF3.SA,0,0.2747565284840128
2019-07-29,bovespa,CMIG4.SA,0,0.2747565284840128
2019-07-29,bovespa,CSAN3.SA,0,0.2747565284840128
2019-07-29,bovespa,CSNA3.SA,0,0.2747565284840128
2019-07-29,bovespa,CYRE3.SA,0,0.2747565284840128
2019-07-29,bovespa,DXCO3.SA,1,0.2747565284840128
2019-07-29,bovespa,ENEV3.SA,2,0.2747565284840128
2019-07-29,bovespa,EZTC3.SA,0,0.2747565284840128
2019-07-29,bovespa,FLRY3.SA,1,0.2747565284840128
2019-07-29,bovespa,GGBR4.SA,0,0.2747565284840128
2019-07-29,bovespa,ITSA4.SA,2,0.2747565284840128
2019-07-29,bovespa,ITUB4.SA,2,0.2747565284840128
2019-07-29,bovespa,LREN3.SA,2,0.2747565284840128
2019-07-29,bovespa,MRVE3.SA,0,0.2747565284840128
2019-07-29,bovespa,MULT3.SA,0,0.2747565284840128
2019-07-29,bovespa,PETR3.SA,1,0.2747565284840128
2019-07-29,bovespa,PETR4.SA,1,0.2747565284840128
2019-07-29,bovespa,PSSA3.SA,2,0.2747565284840128
2019-07-29,bovespa,RADL3.SA,2,0.2747565284840128
2019-07-29,bovespa,RENT3.SA,0,0.2747565284840128
2019-07-29,bovespa,SANB11.SA,2,0.2747565284840128
2019-07-29,bovespa,SBSP3.SA,0,0.2747565284840128
2019-07-29,bovespa,SMTO3.SA,2,0.2747565284840128
2019-07-29,bovespa,SUZB3.SA,1,0.2747565284840128
2019-07-29,bovespa,TOTS3.SA,0,0.2747565284840128
2019-07-29,bovespa,UGPA3.SA,0,0.2747565284840128
2019-07-29,bovespa,USIM5.SA,0,0.2747565284840128
2019-07-29,bovespa,VALE3.SA,0,0.2747565284840128
2019-07-29,bovespa,WEGE3.SA,2,0.2747565284840128
2019-07-29,bovespa,YDUQ3.SA,0,0.2747565284840128
2019-08-27,bovespa,ABEV3.SA,0,0.1055173475064809
2019-08-27,bovespa,B3SA3.SA,0,0.1055173475064809
2019-08-27,bovespa,BBAS3.SA,1,0.1055173475064809
2019-08-27,bovespa,BBDC3.SA,2,0.1055173475064809
2019-08-27,bovespa,BBDC4.SA,2,0.1055173475064809
2019-08-27,bovespa,BEEF3.SA,1,0.1055173475064809
2019-08-27,bovespa,CMIG4.SA,2,0.1055173475064809
2019-08-27,bovespa,CSAN3.SA,1,0.1055173475064809
2019-08-27,bovespa,CSNA3.SA,0,0.1055173475064809
2019-08-27,bovespa,CYRE3.SA,2,0.1055173475064809
2019-08-27,bovespa,DXCO3.SA,2,0.1055173475064809
2019-08-27,bovespa,ENEV3.SA,2,0.1055173475064809
2019-08-27,bovespa,EZTC3.SA,2,0.1055173475064809
2019-08-27,bovespa,FLRY3.SA,0,0.1055173475064809
2019-08-27,bovespa,GGBR4.SA,0,0.1055173475064809
2019-08-27,bovespa,ITSA4.SA,2,0.1055173475064809
2019-08-27,bovespa,ITUB4.SA,2,0.1055173475064809
2019-08-27,bovespa,LREN3.SA,2,0.1055173475064809
2019-08-27,bovespa,MRVE3.SA,2,0.1055173475064809
2019-08-27,bovespa,MULT3.SA,2,0.1055173475064809
2019-08-27,bovespa,PETR3.SA,1,0.1055173475064809
2019-08-27,bovespa,PETR4.SA,1,0.1055173475064809
2019-08-27,bovespa,PSSA3.SA,2,0.1055173475064809
2019-08-27,bovespa,RADL3.SA,2,0.1055173475064809
2019-08-27,bovespa,RENT3.SA,2,0.1055173475064809
2019-08-27,bovespa,SANB11.SA,2,0.1055173475064809
2019-08-27,bovespa,SBSP3.SA,2,0.1055173475064809
2019-08-27,bovespa,SMTO3.SA,1,0.1055173475064809
2019-08-27,bovespa,SUZB3.SA,0,0.1055173475064809
2019-08-27,bovespa,TOTS3.SA,2,0.1055173475064809
2019-08-27,bovespa,UGPA3.SA,2,0.1055173475064809
2019-08-27,bovespa,USIM5.SA,0,0.1055173475064809
2019-08-27,bovespa,VALE3.SA,0,0.1055173475064809
2019-08-27,bovespa,WEGE3.SA,2,0.1055173475064809
2019-08-27,bovespa,YDUQ3.SA,2,0.1055173475064809
2019-09-25,bovespa,ABEV3.SA,3,0.304059652029826
2019-09-25,bovespa,B3SA3.SA,3,0.304059652029826
2019-09-25,bovespa,BBAS3.SA,0,0.304059652029826
2019-09-25,bovespa,BBDC3.SA,2,0.304059652029826
2019-09-25,bovespa,BBDC4.SA,2,0.304059652029826
2019-09-25,bovespa,BEEF3.SA,2,0.304059652029826
2019-09-25,bovespa,CMIG4.SA,1,0.304059652029826
2019-09-25,bovespa,CSAN3.SA,2,0.304059652029826
2019-09-25,bovespa,CSNA3.SA,0,0.304059652029826
2019-09-25,bovespa,CYRE3.SA,1,0.304059652029826
2019-09-25,bovespa,DXCO3.SA,2,0.304059652029826
2019-09-25,bovespa,ENEV3.SA,1,0.304059652029826
2019-09-25,bovespa,EZTC3.SA,1,0.304059652029826
2019-09-25,bovespa,FLRY3.SA,3,0.304059652029826
2019-09-25,bovespa,GGBR4.SA,0,0.304059652029826
2019-09-25,bovespa,ITSA4.SA,2,0.304059652029826
2019-09-25,bovespa,ITUB4.SA,2,0.304059652029826
2019-09-25,bovespa,LREN3.SA,1,0.304059652029826
2019-09-25,bovespa,MRVE3.SA,1,0.304059652029826
2019-09-25,bovespa,MULT3.SA,1,0.304059652029826
2019-09-25,bovespa,PETR3.SA,0,0.304059652029826
2019-09-25,bovespa,PETR4.SA,0,0.304059652029826
2019-09-25,bovespa,PSSA3.SA,1,0.304059652029826
2019-09-25,bovespa,RADL3.SA,3,0.304059652029826
2019-09-25,bovespa,RENT3.SA,1,0.304059652029826
2019-09-25,bovespa,SANB11.SA,2,0.304059652029826
2019-09-25,bovespa,SBSP3.SA,1,0.304059652029826
2019-09-25,bovespa,SMTO3.SA,0,0.304059652029826
2019-09-25,bovespa,SUZB3.SA,0,0.304059652029826
2019-09-25,bovespa,TOTS3.SA,1,0.304059652029826
2019-09-25,bovespa,UGPA3.SA,0,0.304059652029826
2019-09-25,bovespa,USIM5.SA,0,0.304059652029826
2019-09-25,bovespa,VALE3.SA,0,0.304059652029826
2019-09-25,bovespa,WEGE3.SA,2,0.304059652029826
2019-09-25,bovespa,YDUQ3.SA,1,0.304059652029826
2019-10-24,bovespa,ABEV3.SA,2,0.3188854489164087
2019-10-24,bovespa,B3SA3.SA,2,0.3188854489164087
2019-10-24,bovespa,BBAS3.SA,2,0.3188854489164087
2019-10-24,bovespa,BBDC3.SA,2,0.3188854489164087
2019-10-24,bovespa,BBDC4.SA,2,0.3188854489164087
2019-10-24,bovespa,BEEF3.SA,1,0.3188854489164087
2019-10-24,bovespa,CMIG4.SA,1,0.3188854489164087
2019-10-24,bovespa,CSAN3.SA,2,0.3188854489164087
2019-10-24,bovespa,CSNA3.SA,0,0.3188854489164087
2019-10-24,bovespa,CYRE3.SA,1,0.3188854489164087
2019-10-24,bovespa,DXCO3.SA,2,0.3188854489164087
2019-10-24,bovespa,ENEV3.SA,1,0.3188854489164087
2019-10-24,bovespa,EZTC3.SA,1,0.3188854489164087
2019-10-24,bovespa,FLRY3.SA,2,0.3188854489164087
2019-10-24,bovespa,GGBR4.SA,0,0.3188854489164087
2019-10-24,bovespa,ITSA4.SA,2,0.3188854489164087
2019-10-24,bovespa,ITUB4.SA,2,0.3188854489164087
2019-10-24,bovespa,LREN3.SA,2,0.3188854489164087
2019-10-24,bovespa,MRVE3.SA,1,0.3188854489164087
2019-10-24,bovespa,MULT3.SA,2,0.3188854489164087
2019-10-24,bovespa,PETR3.SA,0,0.3188854489164087
2019-10-24,bovespa,PETR4.SA,0,0.3188854489164087
2019-10-24,bovespa,PSSA3.SA,1,0.3188854489164087
2019-10-24,bovespa,RADL3.SA,2,0.3188854489164087
2019-10-24,bovespa,RENT3.SA,2,0.3188854489164087
2019-10-24,bovespa,SANB11.SA,2,0.3188854489164087
2019-10-24,bovespa,SBSP3.SA,1,0.3188854489164087
2019-10-24,bovespa,SMTO3.SA,2,0.3188854489164087
2019-10-24,bovespa,SUZB3.SA,0,0.3188854489164087
2019-10-24,bovespa,TOTS3.SA,1,0.3188854489164087
2019-10-24,bovespa,UGPA3.SA,0,0.3188854489164087
2019-10-24,bovespa,USIM5.SA,0,0.3188854489164087
2019-10-24,bovespa,VALE3.SA,0,0.3188854489164087
2019-10-24,bovespa,WEGE3.SA,2,0.3188854489164087
2019-10-24,bovespa,YDUQ3.SA,2,0.3188854489164087
2019-11-26,bovespa,ABEV3.SA,2,0.36718090413692533
2019-11-26,bovespa,B3SA3.SA,2,0.36718090413692533
2019-11-26,bovespa,BBAS3.SA,2,0.36718090413692533
2019-11-26,bovespa,BBDC3.SA,2,0.36718090413692533
2019-11-26,bovespa,BBDC4.SA,2,0.36718090413692533
2019-11-26,bovespa,BEEF3.SA,0,0.36718090413692533
2019-11-26,bovespa,CMIG4.SA,2,0.36718090413692533
2019-11-26,bovespa,CSAN3.SA,2,0.36718090413692533
2019-11-26,bovespa,CSNA3.SA,0,0.36718090413692533
2019-11-26,bovespa,CYRE3.SA,2,0.36718090413692533
2019-11-26,bovespa,DXCO3.SA,2,0.36718090413692533
2019-11-26,bovespa,ENEV3.SA,2,0.36718090413692533
2019-11-26,bovespa,EZTC3.SA,2,0.36718090413692533
2019-11-26,bovespa,FLRY3.SA,0,0.36718090413692533
2019-11-26,bovespa,GGBR4.SA,0,0.36718090413692533
2019-11-26,bovespa,ITSA4.SA,2,0.36718090413692533
2019-11-26,bovespa,ITUB4.SA,2,0.36718090413692533
2019-11-26,bovespa,LREN3.SA,2,0.36718090413692533
2019-11-26,bovespa,MRVE3.SA,2,0.36718090413692533
2019-11-26,bovespa,MULT3.SA,2,0.36718090413692533
2019-11-26,bovespa,PETR3.SA,0,0.36718090413692533
2019-11-26,bovespa,PETR4.SA,0,0.36718090413692533
2019-11-26,bovespa,PSSA3.SA,2,0.36718090413692533
2019-11-26,bovespa,RADL3.SA,2,0.36718090413692533
2019-11-26,bovespa,RENT3.SA,2,0.36718090413692533
2019-11-26,bovespa,SANB11.SA,2,0.36718090413692533
2019-11-26,bovespa,SBSP3.SA,2,0.36718090413692533
2019-11-26,bovespa,SMTO3.SA,0,0.36718090413692533
2019-11-26,bovespa,SUZB3.SA,0,0.36718090413692533
2019-11-26,bovespa,TOTS3.SA,2,0.36718090413692533
2019-11-26,bovespa,UGPA3.SA,0,0.36718090413692533
2019-11-26,bovespa,USIM5.SA,0,0.36718090413692533
2019-11-26,bovespa,VALE3.SA,0,0.36718090413692533
2019-11-26,bovespa,WEGE3.SA,2,0.36718090413692533
2019-11-26,bovespa,YDUQ3.SA,2,0.36718090413692533
2019-12-27,bovespa,ABEV3.SA,3,0.3851461715390513
2019-12-27,bovespa,B3SA3.SA,3,0.3851461715390513
2019-12-27,bovespa,BBAS3.SA,2,0.3851461715390513
2019-12-27,bovespa,BBDC3.SA,2,0.3851461715390513
2019-12-27,bovespa,BBDC4.SA,2,0.3851461715390513
2019-12-27,bovespa,BEEF3.SA,3,0.3851461715390513
2019-12-27,bovespa,CMIG4.SA,3,0.3851461715390513
2019-12-27,bovespa,CSAN3.SA,3,0.3851461715390513
2019-12-27,bovespa,CSNA3.SA,0,0.3851461715390513
2019-12-27,bovespa,CYRE3.SA,3,0.3851461715390513
2019-12-27,bovespa,DXCO3.SA,3,0.3851461715390513
2019-12-27,bovespa,ENEV3.SA,3,0.3851461715390513
2019-12-27,bovespa,EZTC3.SA,3,0.3851461715390513
2019-12-27,bovespa,FLRY3.SA,3,0.3851461715390513
2019-12-27,bovespa,GGBR4.SA,0,0.3851461715390513
2019-12-27,bovespa,ITSA4.SA,2,0.3851461715390513
2019-12-27,bovespa,ITUB4.SA,2,0.3851461715390513
2019-12-27,bovespa,LREN3.SA,3,0.3851461715390513
2019-12-27,bovespa,MRVE3.SA,3,0.3851461715390513
2019-12-27,bovespa,MULT3.SA,3,0.3851461715390513
2019-12-27,bovespa,PETR3.SA,0,0.3851461715390513
2019-12-27,bovespa,PETR4.SA,0,0.3851461715390513
2019-12-27,bovespa,PSSA3.SA,3,0.3851461715390513
2019-12-27,bovespa,RADL3.SA,3,0.3851461715390513
2019-12-27,bovespa,RENT3.SA,3,0.3851461715390513
2019-12-27,bovespa,SANB11.SA,2,0.3851461715390513
2019-12-27,bovespa,SBSP3.SA,3,0.3851461715390513
2019-12-27,bovespa,SMTO3.SA,3,0.3851461715390513
2019-12-27,bovespa,SUZB3.SA,0,0.3851461715390513
2019-12-27,bovespa,TOTS3.SA,3,0.3851461715390513
2019-12-27,bovespa,UGPA3.SA,0,0.3851461715390513
2019-12-27,bovespa,USIM5.SA,0,0.3851461715390513
2019-12-27,bovespa,VALE3.SA,0,0.3851461715390513
2019-12-27,bovespa,WEGE3.SA,3,0.3851461715390513
2019-12-27,bovespa,YDUQ3.SA,3,0.3851461715390513
2020-01-29,bovespa,ABEV3.SA,2,0.51791267025796
2020-01-29,bovespa,B3SA3.SA,2,0.51791267025796
2020-01-29,bovespa,BBAS3.SA,2,0.51791267025796
2020-01-29,bovespa,BBDC3.SA,2,0.51791267025796
2020-01-29,bovespa,BBDC4.SA,2,0.51791267025796
2020-01-29,bovespa,BEEF3.SA,0,0.51791267025796
2020-01-29,bovespa,CMIG4.SA,2,0.51791267025796
2020-01-29,bovespa,CSAN3.SA,2,0.51791267025796
2020-01-29,bovespa,CSNA3.SA,0,0.51791267025796
2020-01-29,bovespa,CYRE3.SA,2,0.51791267025796
2020-01-29,bovespa,DXCO3.SA,2,0.51791267025796
2020-01-29,bovespa,ENEV3.SA,2,0.51791267025796
2020-01-29,bovespa,EZTC3.SA,2,0.51791267025796
2020-01-29,bovespa,FLRY3.SA,2,0.51791267025796
2020-01-29,bovespa,GGBR4.SA,0,0.51791267025796
2020-01-29,bovespa,ITSA4.SA,2,0.51791267025796
2020-01-29,bovespa,ITUB4.SA,2,0.51791267025796
2020-01-29,bovespa,LREN3.SA,2,0.51791267025796
2020-01-29,bovespa,MRVE3.SA,2,0.51791267025796
2020-01-29,bovespa,MULT3.SA,2,0.51791267025796
2020-01-29,bovespa,PETR3.SA,0,0.51791267025796
2020-01-29,bovespa,PETR4.SA,0,0.51791267025796
2020-01-29,bovespa,PSSA3.SA,2,0.51791267025796
2020-01-29,bovespa,RADL3.SA,2,0.51791267025796
2020-01-29,bovespa,RENT3.SA,2,0.51791267025796
2020-01-29,bovespa,SANB11.SA,2,0.51791267025796
2020-01-29,bovespa,SBSP3.SA,2,0.51791267025796
2020-01-29,bovespa,SMTO3.SA,2,0.51791267025796
2020-01-29,bovespa,SUZB3.SA,0,0.51791267025796
2020-01-29,bovespa,TOTS3.SA,2,0.51791267025796
2020-01-29,bovespa,UGPA3.SA,0,0.51791267025796
2020-01-29,bovespa,USIM5.SA,0,0.51791267025796
2020-01-29,bovespa,VALE3.SA,0,0.51791267025796
2020-01-29,bovespa,WEGE3.SA,2,0.51791267025796
2020-01-29,bovespa,YDUQ3.SA,2,0.51791267025796
2020-03-02,bovespa,ABEV3.SA,1,0.43072859252480294
2020-03-02,bovespa,B3SA3.SA,3,0.43072859252480294
2020-03-02,bovespa,BBAS3.SA,2,0.43072859252480294
2020-03-02,bovespa,BBDC3.SA,2,0.43072859252480294
2020-03-02,bovespa,BBDC4.SA,2,0.43072859252480294
2020-03-02,bovespa,BEEF3.SA,0,0.43072859252480294
2020-03-02,bovespa,CMIG4.SA,1,0.43072859252480294
2020-03-02,bovespa,CSAN3.SA,3,0.43072859252480294
2020-03-02,bovespa,CSNA3.SA,0,0.43072859252480294
2020-03-02,bovespa,CYRE3.SA,1,0.43072859252480294
2020-03-02,bovespa,DXCO3.SA,1,0.43072859252480294
2020-03-02,bovespa,ENEV3.SA,1,0.43072859252480294
2020-03-02,bovespa,EZTC3.SA,1,0.43072859252480294
2020-03-02,bovespa,FLRY3.SA,1,0.43072859252480294
2020-03-02,bovespa,GGBR4.SA,0,0.43072859252480294
2020-03-02,bovespa,ITSA4.SA,2,0.43072859252480294
2020-03-02,bovespa,ITUB4.SA,2,0.43072859252480294
2020-03-02,bovespa,LREN3.SA,1,0.43072859252480294
2020-03-02,bovespa,MRVE3.SA,1,0.43072859252480294
2020-03-02,bovespa,MULT3.SA,1,0.43072859252480294
2020-03-02,bovespa,PETR3.SA,0,0.43072859252480294
2020-03-02,bovespa,PETR4.SA,0,0.43072859252480294
2020-03-02,bovespa,PSSA3.SA,1,0.43072859252480294
2020-03-02,bovespa,RADL3.SA,1,0.43072859252480294
2020-03-02,bovespa,RENT3.SA,1,0.43072859252480294
2020-03-02,bovespa,SANB11.SA,2,0.43072859252480294
2020-03-02,bovespa,SBSP3.SA,1,0.43072859252480294
2020-03-02,bovespa,SMTO3.SA,3,0.43072859252480294
2020-03-02,bovespa,SUZB3.SA,0,0.43072859252480294
2020-03-02,bovespa,TOTS3.SA,1,0.43072859252480294
2020-03-02,bovespa,UGPA3.SA,0,0.43072859252480294
2020-03-02,bovespa,USIM5.SA,0,0.43072859252480294
2020-03-02,bovespa,VALE3.SA,0,0.43072859252480294
2020-03-02,bovespa,WEGE3.SA,3,0.43072859252480294
2020-03-02,bovespa,YDUQ3.SA,1,0.43072859252480294
2020-03-31,bovespa,ABEV3.SA,3,0.24033539167904538
2020-03-31,bovespa,B3SA3.SA,2,0.24033539167904538
2020-03-31,bovespa,BBAS3.SA,2,0.24033539167904538
2020-03-31,bovespa,BBDC3.SA,2,0.24033539167904538
2020-03-31,bovespa,BBDC4.SA,2,0.24033539167904538
2020-03-31,bovespa,BEEF3.SA,0,0.24033539167904538
2020-03-31,bovespa,CMIG4.SA,3,0.24033539167904538
2020-03-31,bovespa,CSAN3.SA,3,0.24033539167904538
2020-03-31,bovespa,CSNA3.SA,0,0.24033539167904538
2020-03-31,bovespa,CYRE3.SA,0,0.24033539167904538
2020-03-31,bovespa,DXCO3.SA,0,0.24033539167904538
2020-03-31,bovespa,ENEV3.SA,0,0.24033539167904538
2020-03-31,bovespa,EZTC3.SA,3,0.24033539167904538
2020-03-31,bovespa,FLRY3.SA,0,0.24033539167904538
2020-03-31,bovespa,GGBR4.SA,0,0.24033539167904538
2020-03-31,bovespa,ITSA4.SA,2,0.24033539167904538
2020-03-31,bovespa,ITUB4.SA,2,0.24033539167904538
2020-03-31,bovespa,LREN3.SA,0,0.24033539167904538
2020-03-31,bovespa,MRVE3.SA,3,0.24033539167904538
2020-03-31,bovespa,MULT3.SA,0,0.24033539167904538
2020-03-31,bovespa,PETR3.SA,0,0.24033539167904538
2020-03-31,bovespa,PETR4.SA,0,0.24033539167904538
2020-03-31,bovespa,PSSA3.SA,0,0.24033539167904538
2020-03-31,bovespa,RADL3.SA,3,0.24033539167904538
2020-03-31,bovespa,RENT3.SA,0,0.24033539167904538
2020-03-31,bovespa,SANB11.SA,2,0.24033539167904538
2020-03-31,bovespa,SBSP3.SA,3,0.24033539167904538
2020-03-31,bovespa,SMTO3.SA,0,0.24033539167904538
2020-03-31,bovespa,SUZB3.SA,0,0.24033539167904538
2020-03-31,bovespa,TOTS3.SA,0,0.24033539167904538
2020-03-31,bovespa,UGPA3.SA,3,0.24033539167904538
2020-03-31,bovespa,USIM5.SA,0,0.24033539167904538
2020-03-31,bovespa,VALE3.SA,0,0.24033539167904538
2020-03-31,bovespa,WEGE3.SA,0,0.24033539167904538
2020-03-31,bovespa,YDUQ3.SA,0,0.24033539167904538
2020-05-04,bovespa,ABEV3.SA,3,0.5902915411744277
2020-05-04,bovespa,B3SA3.SA,2,0.5902915411744277
2020-05-04,bovespa,BBAS3.SA,2,0.5902915411744277
2020-05-04,bovespa,BBDC3.SA,2,0.5902915411744277
2020-05-04,bovespa,BBDC4.SA,2,0.5902915411744277
2020-05-04,bovespa,BEEF3.SA,0,0.5902915411744277
2020-05-04,bovespa,CMIG4.SA,3,0.5902915411744277
2020-05-04,bovespa,CSAN3.SA,3,0.5902915411744277
2020-05-04,bovespa,CSNA3.SA,0,0.5902915411744277
2020-05-04,bovespa,CYRE3.SA,3,0.5902915411744277
2020-05-04,bovespa,DXCO3.SA,0,0.5902915411744277
2020-05-04,bovespa,ENEV3.SA,0,0.5902915411744277
2020-05-04,bovespa,EZTC3.SA,3,0.5902915411744277
2020-05-04,bovespa,FLRY3.SA,0,0.5902915411744277
2020-05-04,bovespa,GGBR4.SA,0,0.5902915411744277
2020-05-04,bovespa,ITSA4.SA,2,0.5902915411744277
2020-05-04,bovespa,ITUB4.SA,2,0.5902915411744277
2020-05-04,bovespa,LREN3.SA,0,0.5902915411744277
2020-05-04,bovespa,MRVE3.SA,3,0.5902915411744277
2020-05-04,bovespa,MULT3.SA,0,0.5902915411744277
2020-05-04,bovespa,PETR3.SA,0,0.5902915411744277
2020-05-04,bovespa,PETR4.SA,0,0.5902915411744277
2020-05-04,bovespa,PSSA3.SA,3,0.5902915411744277
2020-05-04,bovespa,RADL3.SA,3,0.5902915411744277
2020-05-04,bovespa,RENT3.SA,0,0.5902915411744277
2020-05-04,bovespa,SANB11.SA,2,0.5902915411744277
2020-05-04,bovespa,SBSP3.SA,0,0.5902915411744277
2020-05-04,bovespa,SMTO3.SA,0,0.5902915411744277
2020-05-04,bovespa,SUZB3.SA,0,0.5902915411744277
2020-05-04,bovespa,TOTS3.SA,3,0.5902915411744277
2020-05-04,bovespa,UGPA3.SA,3,0.5902915411744277
2020-05-04,bovespa,USIM5.SA,0,0.5902915411744277
2020-05-04,bovespa,VALE3.SA,0,0.5902915411744277
2020-05-04,bovespa,WEGE3.SA,3,0.5902915411744277
2020-05-04,bovespa,YDUQ3.SA,0,0.5902915411744277
2020-06-02,bovespa,ABEV3.SA,3,0.4759156521967765
2020-06-02,bovespa,B3SA3.SA,1,0.4759156521967765
2020-06-02,bovespa,BBAS3.SA,1,0.4759156521967765
2020-06-02,bovespa,BBDC3.SA,1,0.4759156521967765
2020-06-02,bovespa,BBDC4.SA,1,0.4759156521967765
2020-06-02,bovespa,BEEF3.SA,0,0.4759156521967765
2020-06-02,bovespa,CMIG4.SA,3,0.4759156521967765
2020-06-02,bovespa,CSAN3.SA,3,0.4759156521967765
2020-06-02,bovespa,CSNA3.SA,0,0.4759156521967765
2020-06-02,bovespa,CYRE3.SA,3,0.4759156521967765
2020-06-02,bovespa,DXCO3.SA,2,0.4759156521967765
2020-06-02,bovespa,ENEV3.SA,3,0.4759156521967765
2020-06-02,bovespa,EZTC3.SA,3,0.4759156521967765
2020-06-02,bovespa,FLRY3.SA,3,0.4759156521967765
2020-06-02,bovespa,GGBR4.SA,0,0.4759156521967765
2020-06-02,bovespa,ITSA4.SA,1,0.4759156521967765
2020-06-02,bovespa,ITUB4.SA,1,0.4759156521967765
2020-06-02,bovespa,LREN3.SA,2,0.4759156521967765
2020-06-02,bovespa,MRVE3.SA,3,0.4759156521967765
2020-06-02,bovespa,MULT3.SA,2,0.4759156521967765
2020-06-02,bovespa,PETR3.SA,0,0.4759156521967765
2020-06-02,bovespa,PETR4.SA,0,0.4759156521967765
2020-06-02,bovespa,PSSA3.SA,3,0.4759156521967765
2020-06-02,bovespa,RADL3.SA,3,0.4759156521967765
2020-06-02,bovespa,RENT3.SA,2,0.4759156521967765
2020-06-02,bovespa,SANB11.SA,1,0.4759156521967765
2020-06-02,bovespa,SBSP3.SA,3,0.4759156521967765
2020-06-02,bovespa,SMTO3.SA,0,0.4759156521967765
2020-06-02,bovespa,SUZB3.SA,0,0.4759156521967765
2020-06-02,bovespa,TOTS3.SA,1,0.4759156521967765
2020-06-02,bovespa,UGPA3.SA,3,0.4759156521967765
2020-06-02,bovespa,USIM5.SA,0,0.4759156521967765
2020-06-02,bovespa,VALE3.SA,0,0.4759156521967765
2020-06-02,bovespa,WEGE3.SA,3,0.4759156521967765
2020-06-02,bovespa,YDUQ3.SA,2,0.4759156521967765
2020-07-02,bovespa,ABEV3.SA,3,0.8080898415165154
2020-07-02,bovespa,B3SA3.SA,2,0.8080898415165154
2020-07-02,bovespa,BBAS3.SA,2,0.8080898415165154
2020-07-02,bovespa,BBDC3.SA,1,0.8080898415165154
2020-07-02,bovespa,BBDC4.SA,1,0.8080898415165154
2020-07-02,bovespa,BEEF3.SA,0,0.8080898415165154
2020-07-02,bovespa,CMIG4.SA,3,0.8080898415165154
2020-07-02,bovespa,CSAN3.SA,3,0.8080898415165154
2020-07-02,bovespa,CSNA3.SA,0,0.8080898415165154
2020-07-02,bovespa,CYRE3.SA,3,0.8080898415165154
2020-07-02,bovespa,DXCO3.SA,3,0.8080898415165154
2020-07-02,bovespa,ENEV3.SA,3,0.8080898415165154
2020-07-02,bovespa,EZTC3.SA,3,0.8080898415165154
2020-07-02,bovespa,FLRY3.SA,3,0.8080898415165154
2020-07-02,bovespa,GGBR4.SA,0,0.8080898415165154
2020-07-02,bovespa,ITSA4.SA,1,0.8080898415165154
2020-07-02,bovespa,ITUB4.SA,1,0.8080898415165154
2020-07-02,bovespa,LREN3.SA,2,0.8080898415165154
2020-07-02,bovespa,MRVE3.SA,3,0.8080898415165154
2020-07-02,bovespa,MULT3.SA,2,0.8080898415165154
2020-07-02,bovespa,PETR3.SA,0,0.8080898415165154
2020-07-02,bovespa,PETR4.SA,0,0.8080898415165154
2020-07-02,bovespa,PSSA3.SA,3,0.8080898415165154
2020-07-02,bovespa,RADL3.SA,3,0.8080898415165154
2020-07-02,bovespa,RENT3.SA,2,0.8080898415165154
2020-07-02,bovespa,SANB11.SA,1,0.8080898415165154
2020-07-02,bovespa,SBSP3.SA,3,0.8080898415165154
2020-07-02,bovespa,SMTO3.SA,0,0.8080898415165154
2020-07-02,bovespa,SUZB3.SA,0,0.8080898415165154
2020-07-02,bovespa,TOTS3.SA,2,0.8080898415165154
2020-07-02,bovespa,UGPA3.SA,3,0.8080898415165154
2020-07-02,bovespa,USIM5.SA,0,0.8080898415165154
2020-07-02,bovespa,VALE3.SA,0,0.8080898415165154
2020-07-02,bovespa,WEGE3.SA,3,0.8080898415165154
2020-07-02,bovespa,YDUQ3.SA,2,0.8080898415165154
2020-07-31,bovespa,ABEV3.SA,1,0.5426527324060251
2020-07-31,bovespa,B3SA3.SA,2,0.5426527324060251
2020-07-31,bovespa,BBAS3.SA,1,0.5426527324060251
2020-07-31,bovespa,BBDC3.SA,1,0.5426527324060251
2020-07-31,bovespa,BBDC4.SA,1,0.5426527324060251
2020-07-31,bovespa,BEEF3.SA,0,0.5426527324060251
2020-07-31,bovespa,CMIG4.SA,1,0.5426527324060251
2020-07-31,bovespa,CSAN3.SA,2,0.5426527324060251
2020-07-31,bovespa,CSNA3.SA,0,0.5426527324060251
2020-07-31,bovespa,CYRE3.SA,2,0.5426527324060251
2020-07-31,bovespa,DXCO3.SA,3,0.5426527324060251
2020-07-31,bovespa,ENEV3.SA,2,0.5426527324060251
2020-07-31,bovespa,EZTC3.SA,2,0.5426527324060251
2020-07-31,bovespa,FLRY3.SA,2,0.5426527324060251
2020-07-31,bovespa,GGBR4.SA,0,0.5426527324060251
2020-07-31,bovespa,ITSA4.SA,1,0.5426527324060251
2020-07-31,bovespa,ITUB4.SA,1,0.5426527324060251
2020-07-31,bovespa,LREN3.SA,3,0.5426527324060251
2020-07-31,bovespa,MRVE3.SA,2,0.5426527324060251
2020-07-31,bovespa,MULT3.SA,3,0.5426527324060251
2020-07-31,bovespa,PETR3.SA,0,0.5426527324060251
2020-07-31,bovespa,PETR4.SA,0,0.5426527324060251
2020-07-31,bovespa,PSSA3.SA,2,0.5426527324060251
2020-07-31,bovespa,RADL3.SA,2,0.5426527324060251
2020-07-31,bovespa,RENT3.SA,3,0.5426527324060251
2020-07-31,bovespa,SANB11.SA,1,0.5426527324060251
2020-07-31,bovespa,SBSP3.SA,1,0.5426527324060251
2020-07-31,bovespa,SMTO3.SA,0,0.5426527324060251
2020-07-31,bovespa,SUZB3.SA,0,0.5426527324060251
2020-07-31,bovespa,TOTS3.SA,2,0.5426527324060251
2020-07-31,bovespa,UGPA3.SA,2,0.5426527324060251
2020-07-31,bovespa,USIM5.SA,0,0.5426527324060251
2020-07-31,bovespa,VALE3.SA,0,0.5426527324060251
2020-07-31,bovespa,WEGE3.SA,2,0.5426527324060251
2020-07-31,bovespa,YDUQ3.SA,3,0.5426527324060251
2020-08-31,bovespa,ABEV3.SA,2,0.667358837153582
2020-08-31,bovespa,B3SA3.SA,3,0.667358837153582
2020-08-31,bovespa,BBAS3.SA,3,0.667358837153582
2020-08-31,bovespa,BBDC3.SA,2,0.667358837153582
2020-08-31,bovespa,BBDC4.SA,2,0.667358837153582
2020-08-31,bovespa,BEEF3.SA,0,0.667358837153582
2020-08-31,bovespa,CMIG4.SA,2,0.667358837153582
2020-08-31,bovespa,CSAN3.SA,3,0.667358837153582
2020-08-31,bovespa,CSNA3.SA,0,0.667358837153582
2020-08-31,bovespa,CYRE3.SA,3,0.667358837153582
2020-08-31,bovespa,DXCO3.SA,2,0.667358837153582
2020-08-31,bovespa,ENEV3.SA,3,0.667358837153582
2020-08-31,bovespa,EZTC3.SA,3,0.667358837153582
2020-08-31,bovespa,FLRY3.SA,3,0.667358837153582
2020-08-31,bovespa,GGBR4.SA,0,0.667358837153582
2020-08-31,bovespa,ITSA4.SA,2,0.667358837153582
2020-08-31,bovespa,ITUB4.SA,2,0.667358837153582
2020-08-31,bovespa,LREN3.SA,3,0.667358837153582
2020-08-31,bovespa,MRVE3.SA,3,0.667358837153582
2020-08-31,bovespa,MULT3.SA,3,0.667358837153582
2020-08-31,bovespa,PETR3.SA,0,0.667358837153582
2020-08-31,bovespa,PETR4.SA,0,0.667358837153582
2020-08-31,bovespa,PSSA3.SA,3,0.667358837153582
2020-08-31,bovespa,RADL3.SA,3,0.667358837153582
2020-08-31,bovespa,RENT3.SA,3,0.667358837153582
2020-08-31,bovespa,SANB11.SA,2,0.667358837153582
2020-08-31,bovespa,SBSP3.SA,2,0.667358837153582
2020-08-31,bovespa,SMTO3.SA,0,0.667358837153582
2020-08-31,bovespa,SUZB3.SA,0,0.667358837153582
2020-08-31,bovespa,TOTS3.SA,3,0.667358837153582
2020-08-31,bovespa,UGPA3.SA,3,0.667358837153582
2020-08-31,bovespa,USIM5.SA,0,0.667358837153582
2020-08-31,bovespa,VALE3.SA,0,0.667358837153582
2020-08-31,bovespa,WEGE3.SA,3,0.667358837153582
2020-08-31,bovespa,YDUQ3.SA,3,0.667358837153582
2020-09-30,bovespa,ABEV3.SA,2,0.5167454971095504
2020-09-30,bovespa,B3SA3.SA,2,0.5167454971095504
2020-09-30,bovespa,BBAS3.SA,2,0.5167454971095504
2020-09-30,bovespa,BBDC3.SA,2,0.5167454971095504
2020-09-30,bovespa,BBDC4.SA,2,0.5167454971095504
2020-09-30,bovespa,BEEF3.SA,0,0.5167454971095504
2020-09-30,bovespa,CMIG4.SA,2,0.5167454971095504
2020-09-30,bovespa,CSAN3.SA,2,0.5167454971095504
2020-09-30,bovespa,CSNA3.SA,0,0.5167454971095504
2020-09-30,bovespa,CYRE3.SA,2,0.5167454971095504
2020-09-30,bovespa,DXCO3.SA,2,0.5167454971095504
2020-09-30,bovespa,ENEV3.SA,2,0.5167454971095504
2020-09-30,bovespa,EZTC3.SA,2,0.5167454971095504
2020-09-30,bovespa,FLRY3.SA,2,0.5167454971095504
2020-09-30,bovespa,GGBR4.SA,0,0.5167454971095504
2020-09-30,bovespa,ITSA4.SA,2,0.5167454971095504
2020-09-30,bovespa,ITUB4.SA,2,0.5167454971095504
2020-09-30,bovespa,LREN3.SA,2,0.5167454971095504
2020-09-30,bovespa,MRVE3.SA,2,0.5167454971095504
2020-09-30,bovespa,MULT3.SA,2,0.5167454971095504
2020-09-30,bovespa,PETR3.SA,0,0.5167454971095504
2020-09-30,bovespa,PETR4.SA,0,0.5167454971095504
2020-09-30,bovespa,PSSA3.SA,2,0.5167454971095504
2020-09-30,bovespa,RADL3.SA,2,0.5167454971095504
2020-09-30,bovespa,RENT3.SA,2,0.5167454971095504
2020-09-30,bovespa,SANB11.SA,2,0.5167454971095504
2020-09-30,bovespa,SBSP3.SA,2,0.5167454971095504
2020-09-30,bovespa,SMTO3.SA,0,0.5167454971095504
2020-09-30,bovespa,SUZB3.SA,0,0.5167454971095504
2020-09-30,bovespa,TOTS3.SA,2,0.5167454971095504
2020-09-30,bovespa,UGPA3.SA,2,0.5167454971095504
2020-09-30,bovespa,USIM5.SA,0,0.5167454971095504
2020-09-30,bovespa,VALE3.SA,0,0.5167454971095504
2020-09-30,bovespa,WEGE3.SA,2,0.5167454971095504
2020-09-30,bovespa,YDUQ3.SA,2,0.5167454971095504
2020-10-30,bovespa,ABEV3.SA,1,0.47467995207164027
2020-10-30,bovespa,B3SA3.SA,2,0.47467995207164027
2020-10-30,bovespa,BBAS3.SA,1,0.47467995207164027
2020-10-30,bovespa,BBDC3.SA,1,0.47467995207164027
2020-10-30,bovespa,BBDC4.SA,1,0.47467995207164027
2020-10-30,bovespa,BEEF3.SA,0,0.47467995207164027
2020-10-30,bovespa,CMIG4.SA,1,0.47467995207164027
2020-10-30,bovespa,CSAN3.SA,2,0.47467995207164027
2020-10-30,bovespa,CSNA3.SA,0,0.47467995207164027
2020-10-30,bovespa,CYRE3.SA,2,0.47467995207164027
2020-10-30,bovespa,DXCO3.SA,2,0.47467995207164027
2020-10-30,bovespa,ENEV3.SA,2,0.47467995207164027
2020-10-30,bovespa,EZTC3.SA,2,0.47467995207164027
2020-10-30,bovespa,FLRY3.SA,1,0.47467995207164027
2020-10-30,bovespa,GGBR4.SA,0,0.47467995207164027
2020-10-30,bovespa,ITSA4.SA,1,0.47467995207164027
2020-10-30,bovespa,ITUB4.SA,1,0.47467995207164027
2020-10-30,bovespa,LREN3.SA,2,0.47467995207164027
2020-10-30,bovespa,MRVE3.SA,2,0.47467995207164027
2020-10-30,bovespa,MULT3.SA,2,0.47467995207164027
2020-10-30,bovespa,PETR3.SA,0,0.47467995207164027
2020-10-30,bovespa,PETR4.SA,0,0.47467995207164027
2020-10-30,bovespa,PSSA3.SA,2,0.47467995207164027
2020-10-30,bovespa,RADL3.SA,2,0.47467995207164027
2020-10-30,bovespa,RENT3.SA,2,0.47467995207164027
2020-10-30,bovespa,SANB11.SA,1,0.47467995207164027
2020-10-30,bovespa,SBSP3.SA,1,0.47467995207164027
2020-10-30,bovespa,SMTO3.SA,0,0.47467995207164027
2020-10-30,bovespa,SUZB3.SA,0,0.47467995207164027
2020-10-30,bovespa,TOTS3.SA,2,0.47467995207164027
2020-10-30,bovespa,UGPA3.SA,1,0.47467995207164027
2020-10-30,bovespa,USIM5.SA,0,0.47467995207164027
2020-10-30,bovespa,VALE3.SA,0,0.47467995207164027
2020-10-30,bovespa,WEGE3.SA,1,0.47467995207164027
2020-10-30,bovespa,YDUQ3.SA,2,0.47467995207164027
2020-12-02,bovespa,ABEV3.SA,2,0.4679789550072569
2020-12-02,bovespa,B3SA3.SA,3,0.4679789550072569
2020-12-02,bovespa,BBAS3.SA,2,0.4679789550072569
2020-12-02,bovespa,BBDC3.SA,2,0.4679789550072569
2020-12-02,bovespa,BBDC4.SA,2,0.4679789550072569
2020-12-02,bovespa,BEEF3.SA,1,0.4679789550072569
2020-12-02,bovespa,CMIG4.SA,2,0.4679789550072569
2020-12-02,bovespa,CSAN3.SA,1,0.4679789550072569
2020-12-02,bovespa,CSNA3.SA,1,0.4679789550072569
2020-12-02,bovespa,CYRE3.SA,3,0.4679789550072569
2020-12-02,bovespa,DXCO3.SA,3,0.4679789550072569
2020-12-02,bovespa,ENEV3.SA,3,0.4679789550072569
2020-12-02,bovespa,EZTC3.SA,3,0.4679789550072569
2020-12-02,bovespa,FLRY3.SA,1,0.4679789550072569
2020-12-02,bovespa,GGBR4.SA,1,0.4679789550072569
2020-12-02,bovespa,ITSA4.SA,2,0.4679789550072569
2020-12-02,bovespa,ITUB4.SA,2,0.4679789550072569
2020-12-02,bovespa,LREN3.SA,2,0.4679789550072569
2020-12-02,bovespa,MRVE3.SA,3,0.4679789550072569
2020-12-02,bovespa,MULT3.SA,3,0.4679789550072569
2020-12-02,bovespa,PETR3.SA,1,0.4679789550072569
2020-12-02,bovespa,PETR4.SA,1,0.4679789550072569
2020-12-02,bovespa,PSSA3.SA,2,0.4679789550072569
2020-12-02,bovespa,RADL3.SA,3,0.4679789550072569
2020-12-02,bovespa,RENT3.SA,3,0.4679789550072569
2020-12-02,bovespa,SANB11.SA,2,0.4679789550072569
2020-12-02,bovespa,SBSP3.SA,3,0.4679789550072569
2020-12-02,bovespa,SMTO3.SA,1,0.4679789550072569
2020-12-02,bovespa,SUZB3.SA,1,0.4679789550072569
2020-12-02,bovespa,TOTS3.SA,3,0.4679789550072569
2020-12-02,bovespa,UGPA3.SA,1,0.4679789550072569
2020-12-02,bovespa,USIM5.SA,1,0.4679789550072569
2020-12-02,bovespa,VALE3.SA,1,0.4679789550072569
2020-12-02,bovespa,WEGE3.SA,3,0.4679789550072569
2020-12-02,bovespa,YDUQ3.SA,3,0.4679789550072569
2021-01-06,bovespa,ABEV3.SA,2,0.4442805879172197
2021-01-06,bovespa,B3SA3.SA,3,0.4442805879172197
2021-01-06,bovespa,BBAS3.SA,2,0.4442805879172197
2021-01-06,bovespa,BBDC3.SA,2,0.4442805879172197
2021-01-06,bovespa,BBDC4.SA,2,0.4442805879172197
2021-01-06,bovespa,BEEF3.SA,1,0.4442805879172197
2021-01-06,bovespa,CMIG4.SA,2,0.4442805879172197
2021-01-06,bovespa,CSAN3.SA,1,0.4442805879172197
2021-01-06,bovespa,CSNA3.SA,0,0.4442805879172197
2021-01-06,bovespa,CYRE3.SA,3,0.4442805879172197
2021-01-06,bovespa,DXCO3.SA,3,0.4442805879172197
2021-01-06,bovespa,ENEV3.SA,1,0.4442805879172197
2021-01-06,bovespa,EZTC3.SA,1,0.4442805879172197
2021-01-06,bovespa,FLRY3.SA,3,0.4442805879172197
2021-01-06,bovespa,GGBR4.SA,0,0.4442805879172197
2021-01-06,bovespa,ITSA4.SA,2,0.4442805879172197
2021-01-06,bovespa,ITUB4.SA,2,0.4442805879172197
2021-01-06,bovespa,LREN3.SA,1,0.4442805879172197
2021-01-06,bovespa,MRVE3.SA,1,0.4442805879172197
2021-01-06,bovespa,MULT3.SA,1,0.4442805879172197
2021-01-06,bovespa,PETR3.SA,0,0.4442805879172197
2021-01-06,bovespa,PETR4.SA,0,0.4442805879172197
2021-01-06,bovespa,PSSA3.SA,2,0.4442805879172197
2021-01-06,bovespa,RADL3.SA,1,0.4442805879172197
2021-01-06,bovespa,RENT3.SA,1,0.4442805879172197
2021-01-06,bovespa,SANB11.SA,2,0.4442805879172197
2021-01-06,bovespa,SBSP3.SA,3,0.4442805879172197
2021-01-06,bovespa,SMTO3.SA,1,0.4442805879172197
2021-01-06,bovespa,SUZB3.SA,0,0.4442805879172197
2021-01-06,bovespa,TOTS3.SA,3,0.4442805879172197
2021-01-06,bovespa,UGPA3.SA,3,0.4442805879172197
2021-01-06,bovespa,USIM5.SA,0,0.4442805879172197
2021-01-06,bovespa,VALE3.SA,0,0.4442805879172197
2021-01-06,bovespa,WEGE3.SA,3,0.4442805879172197
2021-01-06,bovespa,YDUQ3.SA,3,0.4442805879172197
2021-02-05,bovespa,ABEV3.SA,2,0.44687433326221465
2021-02-05,bovespa,B3SA3.SA,3,0.44687433326221465
2021-02-05,bovespa,BBAS3.SA,2,0.44687433326221465
2021-02-05,bovespa,BBDC3.SA,2,0.44687433326221465
2021-02-05,bovespa,BBDC4.SA,2,0.44687433326221465
2021-02-05,bovespa,BEEF3.SA,1,0.44687433326221465
2021-02-05,bovespa,CMIG4.SA,3,0.44687433326221465
2021-02-05,bovespa,CSAN3.SA,1,0.44687433326221465
2021-02-05,bovespa,CSNA3.SA,1,0.44687433326221465
2021-02-05,bovespa,CYRE3.SA,0,0.44687433326221465
2021-02-05,bovespa,DXCO3.SA,0,0.44687433326221465
2021-02-05,bovespa,ENEV3.SA,0,0.44687433326221465
2021-02-05,bovespa,EZTC3.SA,0,0.44687433326221465
2021-02-05,bovespa,FLRY3.SA,0,0.44687433326221465
2021-02-05,bovespa,GGBR4.SA,1,0.44687433326221465
2021-02-05,bovespa,ITSA4.SA,2,0.44687433326221465
2021-02-05,bovespa,ITUB4.SA,2,0.44687433326221465
2021-02-05,bovespa,LREN3.SA,0,0.44687433326221465
2021-02-05,bovespa,MRVE3.SA,0,0.44687433326221465
2021-02-05,bovespa,MULT3.SA,0,0.44687433326221465
2021-02-05,bovespa,PETR3.SA,1,0.44687433326221465
2021-02-05,bovespa,PETR4.SA,1,0.44687433326221465
2021-02-05,bovespa,PSSA3.SA,3,0.44687433326221465
2021-02-05,bovespa,RADL3.SA,0,0.44687433326221465
2021-02-05,bovespa,RENT3.SA,0,0.44687433326221465
2021-02-05,bovespa,SANB11.SA,2,0.44687433326221465
2021-02-05,bovespa,SBSP3.SA,3,0.44687433326221465
2021-02-05,bovespa,SMTO3.SA,1,0.44687433326221465
2021-02-05,bovespa,SUZB3.SA,1,0.44687433326221465
2021-02-05,bovespa,TOTS3.SA,0,0.44687433326221465
2021-02-05,bovespa,UGPA3.SA,0,0.44687433326221465
2021-02-05,bovespa,USIM5.SA,1,0.44687433326221465
2021-02-05,bovespa,VALE3.SA,1,0.44687433326221465
2021-02-05,bovespa,WEGE3.SA,3,0.44687433326221465
2021-02-05,bovespa,YDUQ3.SA,0,0.44687433326221465
2021-03-10,bovespa,ABEV3.SA,2,0.24295289688733818
2021-03-10,bovespa,B3SA3.SA,1,0.24295289688733818
2021-03-10,bovespa,BBAS3.SA,0,0.24295289688733818
2021-03-10,bovespa,BBDC3.SA,2,0.24295289688733818
2021-03-10,bovespa,BBDC4.SA,2,0.24295289688733818
2021-03-10,bovespa,BEEF3.SA,2,0.24295289688733818
2021-03-10,bovespa,CMIG4.SA,2,0.24295289688733818
2021-03-10,bovespa,CSAN3.SA,0,0.24295289688733818
2021-03-10,bovespa,CSNA3.SA,0,0.24295289688733818
2021-03-10,bovespa,CYRE3.SA,0,0.24295289688733818
2021-03-10,bovespa,DXCO3.SA,1,0.24295289688733818
2021-03-10,bovespa,ENEV3.SA,0,0.24295289688733818
2021-03-10,bovespa,EZTC3.SA,0,0.24295289688733818
2021-03-10,bovespa,FLRY3.SA,1,0.24295289688733818
2021-03-10,bovespa,GGBR4.SA,0,0.24295289688733818
2021-03-10,bovespa,ITSA4.SA,2,0.24295289688733818
2021-03-10,bovespa,ITUB4.SA,2,0.24295289688733818
2021-03-10,bovespa,LREN3.SA,1,0.24295289688733818
2021-03-10,bovespa,MRVE3.SA,0,0.24295289688733818
2021-03-10,bovespa,MULT3.SA,0,0.24295289688733818
2021-03-10,bovespa,PETR3.SA,0,0.24295289688733818
2021-03-10,bovespa,PETR4.SA,0,0.24295289688733818
2021-03-10,bovespa,PSSA3.SA,2,0.24295289688733818
2021-03-10,bovespa,RADL3.SA,1,0.24295289688733818
2021-03-10,bovespa,RENT3.SA,0,0.24295289688733818
2021-03-10,bovespa,SANB11.SA,2,0.24295289688733818
2021-03-10,bovespa,SBSP3.SA,2,0.24295289688733818
2021-03-10,bovespa,SMTO3.SA,0,0.24295289688733818
2021-03-10,bovespa,SUZB3.SA,0,0.24295289688733818
2021-03-10,bovespa,TOTS3.SA,1,0.24295289688733818
2021-03-10,bovespa,UGPA3.SA,2,0.24295289688733818
2021-03-10,bovespa,USIM5.SA,0,0.24295289688733818
2021-03-10,bovespa,VALE3.SA,0,0.24295289688733818
2021-03-10,bovespa,WEGE3.SA,1,0.24295289688733818
2021-03-10,bovespa,YDUQ3.SA,0,0.24295289688733818
2021-04-09,bovespa,ABEV3.SA,2,0.2764151667989452
2021-04-09,bovespa,B3SA3.SA,3,0.2764151667989452
2021-04-09,bovespa,BBAS3.SA,1,0.2764151667989452
2021-04-09,bovespa,BBDC3.SA,2,0.2764151667989452
2021-04-09,bovespa,BBDC4.SA,2,0.2764151667989452
2021-04-09,bovespa,BEEF3.SA,3,0.2764151667989452
2021-04-09,bovespa,CMIG4.SA,2,0.2764151667989452
2021-04-09,bovespa,CSAN3.SA,1,0.2764151667989452
2021-04-09,bovespa,CSNA3.SA,0,0.2764151667989452
2021-04-09,bovespa,CYRE3.SA,3,0.2764151667989452
2021-04-09,bovespa,DXCO3.SA,3,0.2764151667989452
2021-04-09,bovespa,ENEV3.SA,3,0.2764151667989452
2021-04-09,bovespa,EZTC3.SA,3,0.2764151667989452
2021-04-09,bovespa,FLRY3.SA,3,0.2764151667989452
2021-04-09,bovespa,GGBR4.SA,0,0.2764151667989452
2021-04-09,bovespa,ITSA4.SA,2,0.2764151667989452
2021-04-09,bovespa,ITUB4.SA,2,0.2764151667989452
2021-04-09,bovespa,LREN3.SA,3,0.2764151667989452
2021-04-09,bovespa,MRVE3.SA,3,0.2764151667989452
2021-04-09,bovespa,MULT3.SA,3,0.2764151667989452
2021-04-09,bovespa,PETR3.SA,1,0.2764151667989452
2021-04-09,bovespa,PETR4.SA,1,0.2764151667989452
2021-04-09,bovespa,PSSA3.SA,2,0.2764151667989452
2021-04-09,bovespa,RADL3.SA,3,0.2764151667989452
2021-04-09,bovespa,RENT3.SA,3,0.2764151667989452
2021-04-09,bovespa,SANB11.SA,2,0.2764151667989452
2021-04-09,bovespa,SBSP3.SA,2,0.2764151667989452
2021-04-09,bovespa,SMTO3.SA,1,0.2764151667989452
2021-04-09,bovespa,SUZB3.SA,0,0.2764151667989452
2021-04-09,bovespa,TOTS3.SA,3,0.2764151667989452
2021-04-09,bovespa,UGPA3.SA,3,0.2764151667989452
2021-04-09,bovespa,USIM5.SA,0,0.2764151667989452
2021-04-09,bovespa,VALE3.SA,0,0.2764151667989452
2021-04-09,bovespa,WEGE3.SA,3,0.2764151667989452
2021-04-09,bovespa,YDUQ3.SA,3,0.2764151667989452
2021-05-11,bovespa,ABEV3.SA,1,0.5638621951137502
2021-05-11,bovespa,B3SA3.SA,3,0.5638621951137502
2021-05-11,bovespa,BBAS3.SA,1,0.5638621951137502
2021-05-11,bovespa,BBDC3.SA,1,0.5638621951137502
2021-05-11,bovespa,BBDC4.SA,1,0.5638621951137502
2021-05-11,bovespa,BEEF3.SA,2,0.5638621951137502
2021-05-11,bovespa,CMIG4.SA,1,0.5638621951137502
2021-05-11,bovespa,CSAN3.SA,2,0.5638621951137502
2021-05-11,bovespa,CSNA3.SA,0,0.5638621951137502
2021-05-11,bovespa,CYRE3.SA,3,0.5638621951137502
2021-05-11,bovespa,DXCO3.SA,3,0.5638621951137502
2021-05-11,bovespa,ENEV3.SA,3,0.5638621951137502
2021-05-11,bovespa,EZTC3.SA,3,0.5638621951137502
2021-05-11,bovespa,FLRY3.SA,3,0.5638621951137502
2021-05-11,bovespa,GGBR4.SA,0,0.5638621951137502
2021-05-11,bovespa,ITSA4.SA,1,0.5638621951137502
2021-05-11,bovespa,ITUB4.SA,1,0.5638621951137502
2021-05-11,bovespa,LREN3.SA,3,0.5638621951137502
2021-05-11,bovespa,MRVE3.SA,3,0.5638621951137502
2021-05-11,bovespa,MULT3.SA,3,0.5638621951137502
2021-05-11,bovespa,PETR3.SA,1,0.5638621951137502
2021-05-11,bovespa,PETR4.SA,1,0.5638621951137502
2021-05-11,bovespa,PSSA3.SA,3,0.5638621951137502
2021-05-11,bovespa,RADL3.SA,3,0.5638621951137502
2021-05-11,bovespa,RENT3.SA,3,0.5638621951137502
2021-05-11,bovespa,SANB11.SA,1,0.5638621951137502
2021-05-11,bovespa,SBSP3.SA,3,0.5638621951137502
2021-05-11,bovespa,SMTO3.SA,2,0.5638621951137502
2021-05-11,bovespa,SUZB3.SA,2,0.5638621951137502
2021-05-11,bovespa,TOTS3.SA,3,0.5638621951137502
2021-05-11,bovespa,UGPA3.SA,2,0.5638621951137502
2021-05-11,bovespa,USIM5.SA,0,0.5638621951137502
2021-05-11,bovespa,VALE3.SA,0,0.5638621951137502
2021-05-11,bovespa,WEGE3.SA,3,0.5638621951137502
2021-05-11,bovespa,YDUQ3.SA,3,0.5638621951137502
2021-06-10,bovespa,ABEV3.SA,2,0.7430897763643965
2021-06-10,bovespa,B3SA3.SA,3,0.7430897763643965
2021-06-10,bovespa,BBAS3.SA,1,0.7430897763643965
2021-06-10,bovespa,BBDC3.SA,2,0.7430897763643965
2021-06-10,bovespa,BBDC4.SA,2,0.7430897763643965
2021-06-10,bovespa,BEEF3.SA,1,0.7430897763643965
2021-06-10,bovespa,CMIG4.SA,2,0.7430897763643965
2021-06-10,bovespa,CSAN3.SA,1,0.7430897763643965
2021-06-10,bovespa,CSNA3.SA,0,0.7430897763643965
2021-06-10,bovespa,CYRE3.SA,3,0.7430897763643965
2021-06-10,bovespa,DXCO3.SA,3,0.7430897763643965
2021-06-10,bovespa,ENEV3.SA,3,0.7430897763643965
2021-06-10,bovespa,EZTC3.SA,3,0.7430897763643965
2021-06-10,bovespa,FLRY3.SA,3,0.7430897763643965
2021-06-10,bovespa,GGBR4.SA,0,0.7430897763643965
2021-06-10,bovespa,ITSA4.SA,2,0.7430897763643965
2021-06-10,bovespa,ITUB4.SA,2,0.7430897763643965
2021-06-10,bovespa,LREN3.SA,3,0.7430897763643965
2021-06-10,bovespa,MRVE3.SA,3,0.7430897763643965
2021-06-10,bovespa,MULT3.SA,3,0.7430897763643965
2021-06-10,bovespa,PETR3.SA,1,0.7430897763643965
2021-06-10,bovespa,PETR4.SA,1,0.7430897763643965
2021-06-10,bovespa,PSSA3.SA,3,0.7430897763643965
2021-06-10,bovespa,RADL3.SA,3,0.7430897763643965
2021-06-10,bovespa,RENT3.SA,3,0.7430897763643965
2021-06-10,bovespa,SANB11.SA,2,0.7430897763643965
2021-06-10,bovespa,SBSP3.SA,2,0.7430897763643965
2021-06-10,bovespa,SMTO3.SA,1,0.7430897763643965
2021-06-10,bovespa,SUZB3.SA,0,0.7430897763643965
2021-06-10,bovespa,TOTS3.SA,3,0.7430897763643965
2021-06-10,bovespa,UGPA3.SA,1,0.7430897763643965
2021-06-10,bovespa,USIM5.SA,0,0.7430897763643965
2021-06-10,bovespa,VALE3.SA,0,0.7430897763643965
2021-06-10,bovespa,WEGE3.SA,3,0.7430897763643965
2021-06-10,bovespa,YDUQ3.SA,3,0.7430897763643965
2021-07-12,bovespa,ABEV3.SA,1,0.41156065951259835
2021-07-12,bovespa,B3SA3.SA,2,0.41156065951259835
2021-07-12,bovespa,BBAS3.SA,1,0.41156065951259835
2021-07-12,bovespa,BBDC3.SA,1,0.41156065951259835
2021-07-12,bovespa,BBDC4.SA,1,0.41156065951259835
2021-07-12,bovespa,BEEF3.SA,1,0.41156065951259835
2021-07-12,bovespa,CMIG4.SA,2,0.41156065951259835
2021-07-12,bovespa,CSAN3.SA,0,0.41156065951259835
2021-07-12,bovespa,CSNA3.SA,0,0.41156065951259835
2021-07-12,bovespa,CYRE3.SA,3,0.41156065951259835
2021-07-12,bovespa,DXCO3.SA,2,0.41156065951259835
2021-07-12,bovespa,ENEV3.SA,2,0.41156065951259835
2021-07-12,bovespa,EZTC3.SA,3,0.41156065951259835
2021-07-12,bovespa,FLRY3.SA,2,0.41156065951259835
2021-07-12,bovespa,GGBR4.SA,0,0.41156065951259835
2021-07-12,bovespa,ITSA4.SA,1,0.41156065951259835
2021-07-12,bovespa,ITUB4.SA,1,0.41156065951259835
2021-07-12,bovespa,LREN3.SA,3,0.41156065951259835
2021-07-12,bovespa,MRVE3.SA,3,0.41156065951259835
2021-07-12,bovespa,MULT3.SA,3,0.41156065951259835
2021-07-12,bovespa,PETR3.SA,1,0.41156065951259835
2021-07-12,bovespa,PETR4.SA,1,0.41156065951259835
2021-07-12,bovespa,PSSA3.SA,3,0.41156065951259835
2021-07-12,bovespa,RADL3.SA,2,0.41156065951259835
2021-07-12,bovespa,RENT3.SA,2,0.41156065951259835
2021-07-12,bovespa,SANB11.SA,1,0.41156065951259835
2021-07-12,bovespa,SBSP3.SA,2,0.41156065951259835
2021-07-12,bovespa,SMTO3.SA,0,0.41156065951259835
2021-07-12,bovespa,SUZB3.SA,0,0.41156065951259835
2021-07-12,bovespa,TOTS3.SA,2,0.41156065951259835
2021-07-12,bovespa,UGPA3.SA,1,0.41156065951259835
2021-07-12,bovespa,USIM5.SA,0,0.41156065951259835
2021-07-12,bovespa,VALE3.SA,0,0.41156065951259835
2021-07-12,bovespa,WEGE3.SA,2,0.41156065951259835
2021-07-12,bovespa,YDUQ3.SA,3,0.41156065951259835
2021-08-10,bovespa,ABEV3.SA,2,0.4741203115505717
2021-08-10,bovespa,B3SA3.SA,3,0.4741203115505717
2021-08-10,bovespa,BBAS3.SA,2,0.4741203115505717
2021-08-10,bovespa,BBDC3.SA,2,0.4741203115505717
2021-08-10,bovespa,BBDC4.SA,2,0.4741203115505717
2021-08-10,bovespa,BEEF3.SA,1,0.4741203115505717
2021-08-10,bovespa,CMIG4.SA,2,0.4741203115505717
2021-08-10,bovespa,CSAN3.SA,1,0.4741203115505717
2021-08-10,bovespa,CSNA3.SA,0,0.4741203115505717
2021-08-10,bovespa,CYRE3.SA,3,0.4741203115505717
2021-08-10,bovespa,DXCO3.SA,3,0.4741203115505717
2021-08-10,bovespa,ENEV3.SA,3,0.4741203115505717
2021-08-10,bovespa,EZTC3.SA,3,0.4741203115505717
2021-08-10,bovespa,FLRY3.SA,3,0.4741203115505717
2021-08-10,bovespa,GGBR4.SA,0,0.4741203115505717
2021-08-10,bovespa,ITSA4.SA,2,0.4741203115505717
2021-08-10,bovespa,ITUB4.SA,2,0.4741203115505717
2021-08-10,bovespa,LREN3.SA,3,0.4741203115505717
2021-08-10,bovespa,MRVE3.SA,3,0.4741203115505717
2021-08-10,bovespa,MULT3.SA,3,0.4741203115505717
2021-08-10,bovespa,PETR3.SA,2,0.4741203115505717
2021-08-10,bovespa,PETR4.SA,2,0.4741203115505717
2021-08-10,bovespa,PSSA3.SA,3,0.4741203115505717
2021-08-10,bovespa,RADL3.SA,3,0.4741203115505717
2021-08-10,bovespa,RENT3.SA,3,0.4741203115505717
2021-08-10,bovespa,SANB11.SA,2,0.4741203115505717
2021-08-10,bovespa,SBSP3.SA,3,0.4741203115505717
2021-08-10,bovespa,SMTO3.SA,1,0.4741203115505717
2021-08-10,bovespa,SUZB3.SA,0,0.4741203115505717
2021-08-10,bovespa,TOTS3.SA,3,0.4741203115505717
2021-08-10,bovespa,UGPA3.SA,3,0.4741203115505717
2021-08-10,bovespa,USIM5.SA,0,0.4741203115505717
2021-08-10,bovespa,VALE3.SA,0,0.4741203115505717
2021-08-10,bovespa,WEGE3.SA,3,0.4741203115505717
2021-08-10,bovespa,YDUQ3.SA,3,0.4741203115505717
2021-09-09,bovespa,ABEV3.SA,1,0.8173583315778387
2021-09-09,bovespa,B3SA3.SA,3,0.8173583315778387
2021-09-09,bovespa,BBAS3.SA,1,0.8173583315778387
2021-09-09,bovespa,BBDC3.SA,1,0.8173583315778387
2021-09-09,bovespa,BBDC4.SA,1,0.8173583315778387
2021-09-09,bovespa,BEEF3.SA,3,0.8173583315778387
2021-09-09,bovespa,CMIG4.SA,1,0.8173583315778387
2021-09-09,bovespa,CSAN3.SA,3,0.8173583315778387
2021-09-09,bovespa,CSNA3.SA,0,0.8173583315778387
2021-09-09,bovespa,CYRE3.SA,3,0.8173583315778387
2021-09-09,bovespa,DXCO3.SA,3,0.8173583315778387
2021-09-09,bovespa,ENEV3.SA,3,0.8173583315778387
2021-09-09,bovespa,EZTC3.SA,3,0.8173583315778387
2021-09-09,bovespa,FLRY3.SA,3,0.8173583315778387
2021-09-09,bovespa,GGBR4.SA,0,0.8173583315778387
2021-09-09,bovespa,ITSA4.SA,1,0.8173583315778387
2021-09-09,bovespa,ITUB4.SA,1,0.8173583315778387
2021-09-09,bovespa,LREN3.SA,3,0.8173583315778387
2021-09-09,bovespa,MRVE3.SA,3,0.8173583315778387
2021-09-09,bovespa,MULT3.SA,3,0.8173583315778387
2021-09-09,bovespa,PETR3.SA,1,0.8173583315778387
2021-09-09,bovespa,PETR4.SA,1,0.8173583315778387
2021-09-09,bovespa,PSSA3.SA,3,0.8173583315778387
2021-09-09,bovespa,RADL3.SA,3,0.8173583315778387
2021-09-09,bovespa,RENT3.SA,3,0.8173583315778387
2021-09-09,bovespa,SANB11.SA,1,0.8173583315778387
2021-09-09,bovespa,SBSP3.SA,3,0.8173583315778387
2021-09-09,bovespa,SMTO3.SA,3,0.8173583315778387
2021-09-09,bovespa,SUZB3.SA,0,0.8173583315778387
2021-09-09,bovespa,TOTS3.SA,3,0.8173583315778387
2021-09-09,bovespa,UGPA3.SA,3,0.8173583315778387
2021-09-09,bovespa,USIM5.SA,0,0.8173583315778387
2021-09-09,bovespa,VALE3.SA,0,0.8173583315778387
2021-09-09,bovespa,WEGE3.SA,3,0.8173583315778387
2021-09-09,bovespa,YDUQ3.SA,3,0.8173583315778387
2021-10-08,bovespa,ABEV3.SA,1,0.4699003897791252
2021-10-08,bovespa,B3SA3.SA,3,0.4699003897791252
2021-10-08,bovespa,BBAS3.SA,1,0.4699003897791252
2021-10-08,bovespa,BBDC3.SA,1,0.4699003897791252
2021-10-08,bovespa,BBDC4.SA,1,0.4699003897791252
2021-10-08,bovespa,BEEF3.SA,2,0.4699003897791252
2021-10-08,bovespa,CMIG4.SA,1,0.4699003897791252
2021-10-08,bovespa,CSAN3.SA,2,0.4699003897791252
2021-10-08,bovespa,CSNA3.SA,0,0.4699003897791252
2021-10-08,bovespa,CYRE3.SA,2,0.4699003897791252
2021-10-08,bovespa,DXCO3.SA,2,0.4699003897791252
2021-10-08,bovespa,ENEV3.SA,3,0.4699003897791252
2021-10-08,bovespa,EZTC3.SA,2,0.4699003897791252
2021-10-08,bovespa,FLRY3.SA,3,0.4699003897791252
2021-10-08,bovespa,GGBR4.SA,0,0.4699003897791252
2021-10-08,bovespa,ITSA4.SA,1,0.4699003897791252
2021-10-08,bovespa,ITUB4.SA,1,0.4699003897791252
2021-10-08,bovespa,LREN3.SA,2,0.4699003897791252
2021-10-08,bovespa,MRVE3.SA,2,0.4699003897791252
2021-10-08,bovespa,MULT3.SA,2,0.4699003897791252
2021-10-08,bovespa,PETR3.SA,1,0.4699003897791252
2021-10-08,bovespa,PETR4.SA,1,0.4699003897791252
2021-10-08,bovespa,PSSA3.SA,2,0.4699003897791252
2021-10-08,bovespa,RADL3.SA,3,0.4699003897791252
2021-10-08,bovespa,RENT3.SA,2,0.4699003897791252
2021-10-08,bovespa,SANB11.SA,1,0.4699003897791252
2021-10-08,bovespa,SBSP3.SA,1,0.4699003897791252
2021-10-08,bovespa,SMTO3.SA,0,0.4699003897791252
2021-10-08,bovespa,SUZB3.SA,0,0.4699003897791252
2021-10-08,bovespa,TOTS3.SA,3,0.4699003897791252
2021-10-08,bovespa,UGPA3.SA,1,0.4699003897791252
2021-10-08,bovespa,USIM5.SA,0,0.4699003897791252
2021-10-08,bovespa,VALE3.SA,0,0.4699003897791252
2021-10-08,bovespa,WEGE3.SA,3,0.4699003897791252
2021-10-08,bovespa,YDUQ3.SA,2,0.4699003897791252
2021-11-10,bovespa,ABEV3.SA,2,0.4699003897791252
2021-11-10,bovespa,B3SA3.SA,3,0.4699003897791252
2021-11-10,bovespa,BBAS3.SA,2,0.4699003897791252
2021-11-10,bovespa,BBDC3.SA,2,0.4699003897791252
2021-11-10,bovespa,BBDC4.SA,2,0.4699003897791252
2021-11-10,bovespa,BEEF3.SA,0,0.4699003897791252
2021-11-10,bovespa,CMIG4.SA,2,0.4699003897791252
2021-11-10,bovespa,CSAN3.SA,0,0.4699003897791252
2021-11-10,bovespa,CSNA3.SA,0,0.4699003897791252
2021-11-10,bovespa,CYRE3.SA,0,0.4699003897791252
2021-11-10,bovespa,DXCO3.SA,0,0.4699003897791252
2021-11-10,bovespa,ENEV3.SA,3,0.4699003897791252
2021-11-10,bovespa,EZTC3.SA,0,0.4699003897791252
2021-11-10,bovespa,FLRY3.SA,0,0.4699003897791252
2021-11-10,bovespa,GGBR4.SA,0,0.4699003897791252
2021-11-10,bovespa,ITSA4.SA,2,0.4699003897791252
2021-11-10,bovespa,ITUB4.SA,2,0.4699003897791252
2021-11-10,bovespa,LREN3.SA,0,0.4699003897791252
2021-11-10,bovespa,MRVE3.SA,0,0.4699003897791252
2021-11-10,bovespa,MULT3.SA,0,0.4699003897791252
2021-11-10,bovespa,PETR3.SA,0,0.4699003897791252
2021-11-10,bovespa,PETR4.SA,0,0.4699003897791252
2021-11-10,bovespa,PSSA3.SA,0,0.4699003897791252
2021-11-10,bovespa,RADL3.SA,3,0.4699003897791252
2021-11-10,bovespa,RENT3.SA,0,0.4699003897791252
2021-11-10,bovespa,SANB11.SA,2,0.4699003897791252
2021-11-10,bovespa,SBSP3.SA,2,0.4699003897791252
2021-11-10,bovespa,SMTO3.SA,0,0.4699003897791252
2021-11-10,bovespa,SUZB3.SA,0,0.4699003897791252
2021-11-10,bovespa,TOTS3.SA,3,0.4699003897791252
2021-11-10,bovespa,UGPA3.SA,2,0.4699003897791252
2021-11-10,bovespa,USIM5.SA,0,0.4699003897791252
2021-11-10,bovespa,VALE3.SA,0,0.4699003897791252
2021-11-10,bovespa,WEGE3.SA,3,0.4699003897791252
2021-11-10,bovespa,YDUQ3.SA,0,0.4699003897791252
2021-12-10,bovespa,ABEV3.SA,2,0.38981636060100167
2021-12-10,bovespa,B3SA3.SA,3,0.38981636060100167
2021-12-10,bovespa,BBAS3.SA,2,0.38981636060100167
2021-12-10,bovespa,BBDC3.SA,2,0.38981636060100167
2021-12-10,bovespa,BBDC4.SA,2,0.38981636060100167
2021-12-10,bovespa,BEEF3.SA,2,0.38981636060100167
2021-12-10,bovespa,CMIG4.SA,0,0.38981636060100167
2021-12-10,bovespa,CSAN3.SA,0,0.38981636060100167
2021-12-10,bovespa,CSNA3.SA,0,0.38981636060100167
2021-12-10,bovespa,CYRE3.SA,0,0.38981636060100167
2021-12-10,bovespa,DXCO3.SA,0,0.38981636060100167
2021-12-10,bovespa,ENEV3.SA,3,0.38981636060100167
2021-12-10,bovespa,EZTC3.SA,0,0.38981636060100167
2021-12-10,bovespa,FLRY3.SA,3,0.38981636060100167
2021-12-10,bovespa,GGBR4.SA,0,0.38981636060100167
2021-12-10,bovespa,ITSA4.SA,2,0.38981636060100167
2021-12-10,bovespa,ITUB4.SA,2,0.38981636060100167
2021-12-10,bovespa,LREN3.SA,3,0.38981636060100167
2021-12-10,bovespa,MRVE3.SA,0,0.38981636060100167
2021-12-10,bovespa,MULT3.SA,0,0.38981636060100167
2021-12-10,bovespa,PETR3.SA,0,0.38981636060100167
2021-12-10,bovespa,PETR4.SA,0,0.38981636060100167
2021-12-10,bovespa,PSSA3.SA,2,0.38981636060100167
2021-12-10,bovespa,RADL3.SA,3,0.38981636060100167
2021-12-10,bovespa,RENT3.SA,0,0.38981636060100167
2021-12-10,bovespa,SANB11.SA,2,0.38981636060100167
2021-12-10,bovespa,SBSP3.SA,0,0.38981636060100167
2021-12-10,bovespa,SMTO3.SA,2,0.38981636060100167
2021-12-10,bovespa,SUZB3.SA,0,0.38981636060100167
2021-12-10,bovespa,TOTS3.SA,3,0.38981636060100167
2021-12-10,bovespa,UGPA3.SA,3,0.38981636060100167
2021-12-10,bovespa,USIM5.SA,0,0.38981636060100167
2021-12-10,bovespa,VALE3.SA,0,0.38981636060100167
2021-12-10,bovespa,WEGE3.SA,3,0.38981636060100167
2021-12-10,bovespa,YDUQ3.SA,0,0.38981636060100167
2022-01-12,bovespa,ABEV3.SA,2,0.42149730110302747
2022-01-12,bovespa,B3SA3.SA,3,0.42149730110302747
2022-01-12,bovespa,BBAS3.SA,2,0.42149730110302747
2022-01-12,bovespa,BBDC3.SA,2,0.42149730110302747
2022-01-12,bovespa,BBDC4.SA,2,0.42149730110302747
2022-01-12,bovespa,BEEF3.SA,2,0.42149730110302747
2022-01-12,bovespa,CMIG4.SA,3,0.42149730110302747
2022-01-12,bovespa,CSAN3.SA,0,0.42149730110302747
2022-01-12,bovespa,CSNA3.SA,1,0.42149730110302747
2022-01-12,bovespa,CYRE3.SA,3,0.42149730110302747
2022-01-12,bovespa,DXCO3.SA,3,0.42149730110302747
2022-01-12,bovespa,ENEV3.SA,0,0.42149730110302747
2022-01-12,bovespa,EZTC3.SA,3,0.42149730110302747
2022-01-12,bovespa,FLRY3.SA,3,0.42149730110302747
2022-01-12,bovespa,GGBR4.SA,1,0.42149730110302747
2022-01-12,bovespa,ITSA4.SA,2,0.42149730110302747
2022-01-12,bovespa,ITUB4.SA,2,0.42149730110302747
2022-01-12,bovespa,LREN3.SA,0,0.42149730110302747
2022-01-12,bovespa,MRVE3.SA,3,0.42149730110302747
2022-01-12,bovespa,MULT3.SA,3,0.42149730110302747
2022-01-12,bovespa,PETR3.SA,1,0.42149730110302747
2022-01-12,bovespa,PETR4.SA,1,0.42149730110302747
2022-01-12,bovespa,PSSA3.SA,3,0.42149730110302747
2022-01-12,bovespa,RADL3.SA,0,0.42149730110302747
2022-01-12,bovespa,RENT3.SA,3,0.42149730110302747
2022-01-12,bovespa,SANB11.SA,2,0.42149730110302747
2022-01-12,bovespa,SBSP3.SA,0,0.42149730110302747
2022-01-12,bovespa,SMTO3.SA,2,0.42149730110302747
2022-01-12,bovespa,SUZB3.SA,1,0.42149730110302747
2022-01-12,bovespa,TOTS3.SA,0,0.42149730110302747
2022-01-12,bovespa,UGPA3.SA,0,0.42149730110302747
2022-01-12,bovespa,USIM5.SA,1,0.42149730110302747
2022-01-12,bovespa,VALE3.SA,1,0.42149730110302747
2022-01-12,bovespa,WEGE3.SA,0,0.42149730110302747
2022-01-12,bovespa,YDUQ3.SA,3,0.42149730110302747
2022-02-10,bovespa,ABEV3.SA,0,0.2997440074470561
2022-02-10,bovespa,B3SA3.SA,3,0.2997440074470561
2022-02-10,bovespa,BBAS3.SA,2,0.2997440074470561
2022-02-10,bovespa,BBDC3.SA,2,0.2997440074470561
2022-02-10,bovespa,BBDC4.SA,2,0.2997440074470561
2022-02-10,bovespa,BEEF3.SA,0,0.2997440074470561
2022-02-10,bovespa,CMIG4.SA,3,0.2997440074470561
2022-02-10,bovespa,CSAN3.SA,3,0.2997440074470561
2022-02-10,bovespa,CSNA3.SA,0,0.2997440074470561
2022-02-10,bovespa,CYRE3.SA,3,0.2997440074470561
2022-02-10,bovespa,DXCO3.SA,3,0.2997440074470561
2022-02-10,bovespa,ENEV3.SA,0,0.2997440074470561
2022-02-10,bovespa,EZTC3.SA,3,0.2997440074470561
2022-02-10,bovespa,FLRY3.SA,0,0.2997440074470561
2022-02-10,bovespa,GGBR4.SA,0,0.2997440074470561
2022-02-10,bovespa,ITSA4.SA,2,0.2997440074470561
2022-02-10,bovespa,ITUB4.SA,2,0.2997440074470561
2022-02-10,bovespa,LREN3.SA,3,0.2997440074470561
2022-02-10,bovespa,MRVE3.SA,3,0.2997440074470561
2022-02-10,bovespa,MULT3.SA,0,0.2997440074470561
2022-02-10,bovespa,PETR3.SA,0,0.2997440074470561
2022-02-10,bovespa,PETR4.SA,0,0.2997440074470561
2022-02-10,bovespa,PSSA3.SA,3,0.2997440074470561
2022-02-10,bovespa,RADL3.SA,0,0.2997440074470561
2022-02-10,bovespa,RENT3.SA,3,0.2997440074470561
2022-02-10,bovespa,SANB11.SA,2,0.2997440074470561
2022-02-10,bovespa,SBSP3.SA,3,0.2997440074470561
2022-02-10,bovespa,SMTO3.SA,0,0.2997440074470561
2022-02-10,bovespa,SUZB3.SA,0,0.2997440074470561
2022-02-10,bovespa,TOTS3.SA,0,0.2997440074470561
2022-02-10,bovespa,UGPA3.SA,3,0.2997440074470561
2022-02-10,bovespa,USIM5.SA,0,0.2997440074470561
2022-02-10,bovespa,VALE3.SA,0,0.2997440074470561
2022-02-10,bovespa,WEGE3.SA,0,0.2997440074470561
2022-02-10,bovespa,YDUQ3.SA,3,0.2997440074470561
2022-03-15,bovespa,ABEV3.SA,3,0.32967086215459906
2022-03-15,bovespa,B3SA3.SA,3,0.32967086215459906
2022-03-15,bovespa,BBAS3.SA,2,0.32967086215459906
2022-03-15,bovespa,BBDC3.SA,2,0.32967086215459906
2022-03-15,bovespa,BBDC4.SA,2,0.32967086215459906
2022-03-15,bovespa,BEEF3.SA,3,0.32967086215459906
2022-03-15,bovespa,CMIG4.SA,2,0.32967086215459906
2022-03-15,bovespa,CSAN3.SA,2,0.32967086215459906
2022-03-15,bovespa,CSNA3.SA,0,0.32967086215459906
2022-03-15,bovespa,CYRE3.SA,3,0.32967086215459906
2022-03-15,bovespa,DXCO3.SA,3,0.32967086215459906
2022-03-15,bovespa,ENEV3.SA,3,0.32967086215459906
2022-03-15,bovespa,EZTC3.SA,3,0.32967086215459906
2022-03-15,bovespa,FLRY3.SA,3,0.32967086215459906
2022-03-15,bovespa,GGBR4.SA,0,0.32967086215459906
2022-03-15,bovespa,ITSA4.SA,2,0.32967086215459906
2022-03-15,bovespa,ITUB4.SA,2,0.32967086215459906
2022-03-15,bovespa,LREN3.SA,3,0.32967086215459906
2022-03-15,bovespa,MRVE3.SA,3,0.32967086215459906
2022-03-15,bovespa,MULT3.SA,3,0.32967086215459906
2022-03-15,bovespa,PETR3.SA,0,0.32967086215459906
2022-03-15,bovespa,PETR4.SA,0,0.32967086215459906
2022-03-15,bovespa,PSSA3.SA,3,0.32967086215459906
2022-03-15,bovespa,RADL3.SA,3,0.32967086215459906
2022-03-15,bovespa,RENT3.SA,3,0.32967086215459906
2022-03-15,bovespa,SANB11.SA,2,0.32967086215459906
2022-03-15,bovespa,SBSP3.SA,3,0.32967086215459906
2022-03-15,bovespa,SMTO3.SA,0,0.32967086215459906
2022-03-15,bovespa,SUZB3.SA,0,0.32967086215459906
2022-03-15,bovespa,TOTS3.SA,3,0.32967086215459906
2022-03-15,bovespa,UGPA3.SA,3,0.32967086215459906
2022-03-15,bovespa,USIM5.SA,0,0.32967086215459906
2022-03-15,bovespa,VALE3.SA,0,0.32967086215459906
2022-03-15,bovespa,WEGE3.SA,3,0.32967086215459906
2022-03-15,bovespa,YDUQ3.SA,3,0.32967086215459906
2022-04-13,bovespa,ABEV3.SA,3,0.8257564221204419
2022-04-13,bovespa,B3SA3.SA,3,0.8257564221204419
2022-04-13,bovespa,BBAS3.SA,2,0.8257564221204419
2022-04-13,bovespa,BBDC3.SA,2,0.8257564221204419
2022-04-13,bovespa,BBDC4.SA,2,0.8257564221204419
2022-04-13,bovespa,BEEF3.SA,3,0.8257564221204419
2022-04-13,bovespa,CMIG4.SA,3,0.8257564221204419
2022-04-13,bovespa,CSAN3.SA,3,0.8257564221204419
2022-04-13,bovespa,CSNA3.SA,0,0.8257564221204419
2022-04-13,bovespa,CYRE3.SA,3,0.8257564221204419
2022-04-13,bovespa,DXCO3.SA,3,0.8257564221204419
2022-04-13,bovespa,ENEV3.SA,3,0.8257564221204419
2022-04-13,bovespa,EZTC3.SA,3,0.8257564221204419
2022-04-13,bovespa,FLRY3.SA,3,0.8257564221204419
2022-04-13,bovespa,GGBR4.SA,0,0.8257564221204419
2022-04-13,bovespa,ITSA4.SA,2,0.8257564221204419
2022-04-13,bovespa,ITUB4.SA,2,0.8257564221204419
2022-04-13,bovespa,LREN3.SA,3,0.8257564221204419
2022-04-13,bovespa,MRVE3.SA,3,0.8257564221204419
2022-04-13,bovespa,MULT3.SA,3,0.8257564221204419
2022-04-13,bovespa,PETR3.SA,0,0.8257564221204419
2022-04-13,bovespa,PETR4.SA,0,0.8257564221204419
2022-04-13,bovespa,PSSA3.SA,3,0.8257564221204419
2022-04-13,bovespa,RADL3.SA,3,0.8257564221204419
2022-04-13,bovespa,RENT3.SA,3,0.8257564221204419
2022-04-13,bovespa,SANB11.SA,2,0.8257564221204419
2022-04-13,bovespa,SBSP3.SA,3,0.8257564221204419
2022-04-13,bovespa,SMTO3.SA,0,0.8257564221204419
2022-04-13,bovespa,SUZB3.SA,0,0.8257564221204419
2022-04-13,bovespa,TOTS3.SA,3,0.8257564221204419
2022-04-13,bovespa,UGPA3.SA,3,0.8257564221204419
2022-04-13,bovespa,USIM5.SA,0,0.8257564221204419
2022-04-13,bovespa,VALE3.SA,0,0.8257564221204419
2022-04-13,bovespa,WEGE3.SA,3,0.8257564221204419
2022-04-13,bovespa,YDUQ3.SA,3,0.8257564221204419
2022-05-16,bovespa,ABEV3.SA,1,0.1339155749636099
2022-05-16,bovespa,B3SA3.SA,1,0.1339155749636099
2022-05-16,bovespa,BBAS3.SA,1,0.1339155749636099
2022-05-16,bovespa,BBDC3.SA,1,0.1339155749636099
2022-05-16,bovespa,BBDC4.SA,1,0.1339155749636099
2022-05-16,bovespa,BEEF3.SA,1,0.1339155749636099
2022-05-16,bovespa,CMIG4.SA,0,0.1339155749636099
2022-05-16,bovespa,CSAN3.SA,0,0.1339155749636099
2022-05-16,bovespa,CSNA3.SA,0,0.1339155749636099
2022-05-16,bovespa,CYRE3.SA,1,0.1339155749636099
2022-05-16,bovespa,DXCO3.SA,1,0.1339155749636099
2022-05-16,bovespa,ENEV3.SA,0,0.1339155749636099
2022-05-16,bovespa,EZTC3.SA,1,0.1339155749636099
2022-05-16,bovespa,FLRY3.SA,1,0.1339155749636099
2022-05-16,bovespa,GGBR4.SA,0,0.1339155749636099
2022-05-16,bovespa,ITSA4.SA,1,0.1339155749636099
2022-05-16,bovespa,ITUB4.SA,1,0.1339155749636099
2022-05-16,bovespa,LREN3.SA,1,0.1339155749636099
2022-05-16,bovespa,MRVE3.SA,1,0.1339155749636099
2022-05-16,bovespa,MULT3.SA,1,0.1339155749636099
2022-05-16,bovespa,PETR3.SA,1,0.1339155749636099
2022-05-16,bovespa,PETR4.SA,1,0.1339155749636099
2022-05-16,bovespa,PSSA3.SA,1,0.1339155749636099
2022-05-16,bovespa,RADL3.SA,1,0.1339155749636099
2022-05-16,bovespa,RENT3.SA,1,0.1339155749636099
2022-05-16,bovespa,SANB11.SA,1,0.1339155749636099
2022-05-16,bovespa,SBSP3.SA,0,0.1339155749636099
2022-05-16,bovespa,SMTO3.SA,0,0.1339155749636099
2022-05-16,bovespa,SUZB3.SA,0,0.1339155749636099
2022-05-16,bovespa,TOTS3.SA,1,0.1339155749636099
2022-05-16,bovespa,UGPA3.SA,0,0.1339155749636099
2022-05-16,bovespa,USIM5.SA,0,0.1339155749636099
2022-05-16,bovespa,VALE3.SA,0,0.1339155749636099
2022-05-16,bovespa,WEGE3.SA,1,0.1339155749636099
2022-05-16,bovespa,YDUQ3.SA,1,0.1339155749636099
2022-06-14,bovespa,ABEV3.SA,3,0.22079279834485188
2022-06-14,bovespa,B3SA3.SA,3,0.22079279834485188
2022-06-14,bovespa,BBAS3.SA,2,0.22079279834485188
2022-06-14,bovespa,BBDC3.SA,2,0.22079279834485188
2022-06-14,bovespa,BBDC4.SA,2,0.22079279834485188
2022-06-14,bovespa,BEEF3.SA,0,0.22079279834485188
2022-06-14,bovespa,CMIG4.SA,3,0.22079279834485188
2022-06-14,bovespa,CSAN3.SA,0,0.22079279834485188
2022-06-14,bovespa,CSNA3.SA,0,0.22079279834485188
2022-06-14,bovespa,CYRE3.SA,3,0.22079279834485188
2022-06-14,bovespa,DXCO3.SA,3,0.22079279834485188
2022-06-14,bovespa,ENEV3.SA,3,0.22079279834485188
2022-06-14,bovespa,EZTC3.SA,3,0.22079279834485188
2022-06-14,bovespa,FLRY3.SA,3,0.22079279834485188
2022-06-14,bovespa,GGBR4.SA,0,0.22079279834485188
2022-06-14,bovespa,ITSA4.SA,2,0.22079279834485188
2022-06-14,bovespa,ITUB4.SA,2,0.22079279834485188
2022-06-14,bovespa,LREN3.SA,3,0.22079279834485188
2022-06-14,bovespa,MRVE3.SA,3,0.22079279834485188
2022-06-14,bovespa,MULT3.SA,3,0.22079279834485188
2022-06-14,bovespa,PETR3.SA,2,0.22079279834485188
2022-06-14,bovespa,PETR4.SA,2,0.22079279834485188
2022-06-14,bovespa,PSSA3.SA,3,0.22079279834485188
2022-06-14,bovespa,RADL3.SA,3,0.22079279834485188
2022-06-14,bovespa,RENT3.SA,3,0.22079279834485188
2022-06-14,bovespa,SANB11.SA,2,0.22079279834485188
2022-06-14,bovespa,SBSP3.SA,3,0.22079279834485188
2022-06-14,bovespa,SMTO3.SA,0,0.22079279834485188
2022-06-14,bovespa,SUZB3.SA,0,0.22079279834485188
2022-06-14,bovespa,TOTS3.SA,3,0.22079279834485188
2022-06-14,bovespa,UGPA3.SA,3,0.22079279834485188
2022-06-14,bovespa,USIM5.SA,0,0.22079279834485188
2022-06-14,bovespa,VALE3.SA,0,0.22079279834485188
2022-06-14,bovespa,WEGE3.SA,3,0.22079279834485188
2022-06-14,bovespa,YDUQ3.SA,3,0.22079279834485188
2022-07-14,bovespa,ABEV3.SA,2,0.3388725647546853
2022-07-14,bovespa,B3SA3.SA,1,0.3388725647546853
2022-07-14,bovespa,BBAS3.SA,1,0.3388725647546853
2022-07-14,bovespa,BBDC3.SA,1,0.3388725647546853
2022-07-14,bovespa,BBDC4.SA,1,0.3388725647546853
2022-07-14,bovespa,BEEF3.SA,0,0.3388725647546853
2022-07-14,bovespa,CMIG4.SA,1,0.3388725647546853
2022-07-14,bovespa,CSAN3.SA,0,0.3388725647546853
2022-07-14,bovespa,CSNA3.SA,0,0.3388725647546853
2022-07-14,bovespa,CYRE3.SA,2,0.3388725647546853
2022-07-14,bovespa,DXCO3.SA,2,0.3388725647546853
2022-07-14,bovespa,ENEV3.SA,0,0.3388725647546853
2022-07-14,bovespa,EZTC3.SA,2,0.3388725647546853
2022-07-14,bovespa,FLRY3.SA,1,0.3388725647546853
2022-07-14,bovespa,GGBR4.SA,0,0.3388725647546853
2022-07-14,bovespa,ITSA4.SA,1,0.3388725647546853
2022-07-14,bovespa,ITUB4.SA,1,0.3388725647546853
2022-07-14,bovespa,LREN3.SA,2,0.3388725647546853
2022-07-14,bovespa,MRVE3.SA,2,0.3388725647546853
2022-07-14,bovespa,MULT3.SA,2,0.3388725647546853
2022-07-14,bovespa,PETR3.SA,1,0.3388725647546853
2022-07-14,bovespa,PETR4.SA,1,0.3388725647546853
2022-07-14,bovespa,PSSA3.SA,0,0.3388725647546853
2022-07-14,bovespa,RADL3.SA,2,0.3388725647546853
2022-07-14,bovespa,RENT3.SA,1,0.3388725647546853
2022-07-14,bovespa,SANB11.SA,1,0.3388725647546853
2022-07-14,bovespa,SBSP3.SA,1,0.3388725647546853
2022-07-14,bovespa,SMTO3.SA,0,0.3388725647546853
2022-07-14,bovespa,SUZB3.SA,0,0.3388725647546853
2022-07-14,bovespa,TOTS3.SA,2,0.3388725647546853
2022-07-14,bovespa,UGPA3.SA,0,0.3388725647546853
2022-07-14,bovespa,USIM5.SA,0,0.3388725647546853
2022-07-14,bovespa,VALE3.SA,0,0.3388725647546853
2022-07-14,bovespa,WEGE3.SA,1,0.3388725647546853
2022-07-14,bovespa,YDUQ3.SA,2,0.3388725647546853
2022-08-12,bovespa,ABEV3.SA,2,0.35011832579502333
2022-08-12,bovespa,B3SA3.SA,3,0.35011832579502333
2022-08-12,bovespa,BBAS3.SA,1,0.35011832579502333
2022-08-12,bovespa,BBDC3.SA,1,0.35011832579502333
2022-08-12,bovespa,BBDC4.SA,1,0.35011832579502333
2022-08-12,bovespa,BEEF3.SA,0,0.35011832579502333
2022-08-12,bovespa,CMIG4.SA,1,0.35011832579502333
2022-08-12,bovespa,CSAN3.SA,0,0.35011832579502333
2022-08-12,bovespa,CSNA3.SA,0,0.35011832579502333
2022-08-12,bovespa,CYRE3.SA,3,0.35011832579502333
2022-08-12,bovespa,DXCO3.SA,2,0.35011832579502333
2022-08-12,bovespa,ENEV3.SA,2,0.35011832579502333
2022-08-12,bovespa,EZTC3.SA,3,0.35011832579502333
2022-08-12,bovespa,FLRY3.SA,3,0.35011832579502333
2022-08-12,bovespa,GGBR4.SA,0,0.35011832579502333
2022-08-12,bovespa,ITSA4.SA,1,0.35011832579502333
2022-08-12,bovespa,ITUB4.SA,1,0.35011832579502333
2022-08-12,bovespa,LREN3.SA,3,0.35011832579502333
2022-08-12,bovespa,MRVE3.SA,3,0.35011832579502333
2022-08-12,bovespa,MULT3.SA,3,0.35011832579502333
2022-08-12,bovespa,PETR3.SA,1,0.35011832579502333
2022-08-12,bovespa,PETR4.SA,1,0.35011832579502333
2022-08-12,bovespa,PSSA3.SA,3,0.35011832579502333
2022-08-12,bovespa,RADL3.SA,0,0.35011832579502333
2022-08-12,bovespa,RENT3.SA,2,0.35011832579502333
2022-08-12,bovespa,SANB11.SA,1,0.35011832579502333
2022-08-12,bovespa,SBSP3.SA,1,0.35011832579502333
2022-08-12,bovespa,SMTO3.SA,2,0.35011832579502333
2022-08-12,bovespa,SUZB3.SA,0,0.35011832579502333
2022-08-12,bovespa,TOTS3.SA,2,0.35011832579502333
2022-08-12,bovespa,UGPA3.SA,2,0.35011832579502333
2022-08-12,bovespa,USIM5.SA,0,0.35011832579502333
2022-08-12,bovespa,VALE3.SA,0,0.35011832579502333
2022-08-12,bovespa,WEGE3.SA,0,0.35011832579502333
2022-08-12,bovespa,YDUQ3.SA,2,0.35011832579502333
2022-09-13,bovespa,ABEV3.SA,3,0.3807896393560572
2022-09-13,bovespa,B3SA3.SA,3,0.3807896393560572
2022-09-13,bovespa,BBAS3.SA,1,0.3807896393560572
2022-09-13,bovespa,BBDC3.SA,1,0.3807896393560572
2022-09-13,bovespa,BBDC4.SA,1,0.3807896393560572
2022-09-13,bovespa,BEEF3.SA,0,0.3807896393560572
2022-09-13,bovespa,CMIG4.SA,1,0.3807896393560572
2022-09-13,bovespa,CSAN3.SA,3,0.3807896393560572
2022-09-13,bovespa,CSNA3.SA,0,0.3807896393560572
2022-09-13,bovespa,CYRE3.SA,1,0.3807896393560572
2022-09-13,bovespa,DXCO3.SA,3,0.3807896393560572
2022-09-13,bovespa,ENEV3.SA,3,0.3807896393560572
2022-09-13,bovespa,EZTC3.SA,1,0.3807896393560572
2022-09-13,bovespa,FLRY3.SA,1,0.3807896393560572
2022-09-13,bovespa,GGBR4.SA,0,0.3807896393560572
2022-09-13,bovespa,ITSA4.SA,1,0.3807896393560572
2022-09-13,bovespa,ITUB4.SA,1,0.3807896393560572
2022-09-13,bovespa,LREN3.SA,1,0.3807896393560572
2022-09-13,bovespa,MRVE3.SA,1,0.3807896393560572
2022-09-13,bovespa,MULT3.SA,1,0.3807896393560572
2022-09-13,bovespa,PETR3.SA,1,0.3807896393560572
2022-09-13,bovespa,PETR4.SA,1,0.3807896393560572
2022-09-13,bovespa,PSSA3.SA,1,0.3807896393560572
2022-09-13,bovespa,RADL3.SA,3,0.3807896393560572
2022-09-13,bovespa,RENT3.SA,3,0.3807896393560572
2022-09-13,bovespa,SANB11.SA,1,0.3807896393560572
2022-09-13,bovespa,SBSP3.SA,1,0.3807896393560572
2022-09-13,bovespa,SMTO3.SA,3,0.3807896393560572
2022-09-13,bovespa,SUZB3.SA,0,0.3807896393560572
2022-09-13,bovespa,TOTS3.SA,3,0.3807896393560572
2022-09-13,bovespa,UGPA3.SA,3,0.3807896393560572
2022-09-13,bovespa,USIM5.SA,0,0.3807896393560572
2022-09-13,bovespa,VALE3.SA,0,0.3807896393560572
2022-09-13,bovespa,WEGE3.SA,1,0.3807896393560572
2022-09-13,bovespa,YDUQ3.SA,1,0.3807896393560572
2022-10-13,bovespa,ABEV3.SA,2,0.19771485345255838
2022-10-13,bovespa,B3SA3.SA,3,0.19771485345255838
2022-10-13,bovespa,BBAS3.SA,2,0.19771485345255838
2022-10-13,bovespa,BBDC3.SA,2,0.19771485345255838
2022-10-13,bovespa,BBDC4.SA,2,0.19771485345255838
2022-10-13,bovespa,BEEF3.SA,2,0.19771485345255838
2022-10-13,bovespa,CMIG4.SA,4,0.19771485345255838
2022-10-13,bovespa,CSAN3.SA,2,0.19771485345255838
2022-10-13,bovespa,CSNA3.SA,0,0.19771485345255838
2022-10-13,bovespa,CYRE3.SA,4,0.19771485345255838
2022-10-13,bovespa,DXCO3.SA,3,0.19771485345255838
2022-10-13,bovespa,ENEV3.SA,3,0.19771485345255838
2022-10-13,bovespa,EZTC3.SA,4,0.19771485345255838
2022-10-13,bovespa,FLRY3.SA,4,0.19771485345255838
2022-10-13,bovespa,GGBR4.SA,0,0.19771485345255838
2022-10-13,bovespa,ITSA4.SA,2,0.19771485345255838
2022-10-13,bovespa,ITUB4.SA,2,0.19771485345255838
2022-10-13,bovespa,LREN3.SA,4,0.19771485345255838
2022-10-13,bovespa,MRVE3.SA,4,0.19771485345255838
2022-10-13,bovespa,MULT3.SA,4,0.19771485345255838
2022-10-13,bovespa,PETR3.SA,1,0.19771485345255838
2022-10-13,bovespa,PETR4.SA,1,0.19771485345255838
2022-10-13,bovespa,PSSA3.SA,3,0.19771485345255838
2022-10-13,bovespa,RADL3.SA,2,0.19771485345255838
2022-10-13,bovespa,RENT3.SA,4,0.19771485345255838
2022-10-13,bovespa,SANB11.SA,2,0.19771485345255838
2022-10-13,bovespa,SBSP3.SA,4,0.19771485345255838
2022-10-13,bovespa,SMTO3.SA,3,0.19771485345255838
2022-10-13,bovespa,SUZB3.SA,0,0.19771485345255838
2022-10-13,bovespa,TOTS3.SA,4,0.19771485345255838
2022-10-13,bovespa,UGPA3.SA,3,0.19771485345255838
2022-10-13,bovespa,USIM5.SA,0,0.19771485345255838
2022-10-13,bovespa,VALE3.SA,0,0.19771485345255838
2022-10-13,bovespa,WEGE3.SA,3,0.19771485345255838
2022-10-13,bovespa,YDUQ3.SA,4,0.19771485345255838
2022-11-14,bovespa,ABEV3.SA,0,0.2855084297997022
2022-11-14,bovespa,B3SA3.SA,1,0.2855084297997022
2022-11-14,bovespa,BBAS3.SA,2,0.2855084297997022
2022-11-14,bovespa,BBDC3.SA,2,0.2855084297997022
2022-11-14,bovespa,BBDC4.SA,2,0.2855084297997022
2022-11-14,bovespa,BEEF3.SA,2,0.2855084297997022
2022-11-14,bovespa,CMIG4.SA,2,0.2855084297997022
2022-11-14,bovespa,CSAN3.SA,0,0.2855084297997022
2022-11-14,bovespa,CSNA3.SA,0,0.2855084297997022
2022-11-14,bovespa,CYRE3.SA,1,0.2855084297997022
2022-11-14,bovespa,DXCO3.SA,2,0.2855084297997022
2022-11-14,bovespa,ENEV3.SA,0,0.2855084297997022
2022-11-14,bovespa,EZTC3.SA,1,0.2855084297997022
2022-11-14,bovespa,FLRY3.SA,1,0.2855084297997022
2022-11-14,bovespa,GGBR4.SA,0,0.2855084297997022
2022-11-14,bovespa,ITSA4.SA,2,0.2855084297997022
2022-11-14,bovespa,ITUB4.SA,2,0.2855084297997022
2022-11-14,bovespa,LREN3.SA,1,0.2855084297997022
2022-11-14,bovespa,MRVE3.SA,1,0.2855084297997022
2022-11-14,bovespa,MULT3.SA,1,0.2855084297997022
2022-11-14,bovespa,PETR3.SA,2,0.2855084297997022
2022-11-14,bovespa,PETR4.SA,2,0.2855084297997022
2022-11-14,bovespa,PSSA3.SA,2,0.2855084297997022
2022-11-14,bovespa,RADL3.SA,1,0.2855084297997022
2022-11-14,bovespa,RENT3.SA,1,0.2855084297997022
2022-11-14,bovespa,SANB11.SA,2,0.2855084297997022
2022-11-14,bovespa,SBSP3.SA,2,0.2855084297997022
2022-11-14,bovespa,SMTO3.SA,2,0.2855084297997022
2022-11-14,bovespa,SUZB3.SA,0,0.2855084297997022
2022-11-14,bovespa,TOTS3.SA,1,0.2855084297997022
2022-11-14,bovespa,UGPA3.SA,2,0.2855084297997022
2022-11-14,bovespa,USIM5.SA,0,0.2855084297997022
2022-11-14,bovespa,VALE3.SA,0,0.2855084297997022
2022-11-14,bovespa,WEGE3.SA,2,0.2855084297997022
2022-11-14,bovespa,YDUQ3.SA,1,0.2855084297997022
2022-12-14,bovespa,ABEV3.SA,0,0.3673960515174473
2022-12-14,bovespa,B3SA3.SA,2,0.3673960515174473
2022-12-14,bovespa,BBAS3.SA,2,0.3673960515174473
2022-12-14,bovespa,BBDC3.SA,2,0.3673960515174473
2022-12-14,bovespa,BBDC4.SA,2,0.3673960515174473
2022-12-14,bovespa,BEEF3.SA,0,0.3673960515174473
2022-12-14,bovespa,CMIG4.SA,0,0.3673960515174473
2022-12-14,bovespa,CSAN3.SA,0,0.3673960515174473
2022-12-14,bovespa,CSNA3.SA,0,0.3673960515174473
2022-12-14,bovespa,CYRE3.SA,1,0.3673960515174473
2022-12-14,bovespa,DXCO3.SA,0,0.3673960515174473
2022-12-14,bovespa,ENEV3.SA,0,0.3673960515174473
2022-12-14,bovespa,EZTC3.SA,1,0.3673960515174473
2022-12-14,bovespa,FLRY3.SA,1,0.3673960515174473
2022-12-14,bovespa,GGBR4.SA,0,0.3673960515174473
2022-12-14,bovespa,ITSA4.SA,2,0.3673960515174473
2022-12-14,bovespa,ITUB4.SA,2,0.3673960515174473
2022-12-14,bovespa,LREN3.SA,1,0.3673960515174473
2022-12-14,bovespa,MRVE3.SA,1,0.3673960515174473
2022-12-14,bovespa,MULT3.SA,1,0.3673960515174473
2022-12-14,bovespa,PETR3.SA,2,0.3673960515174473
2022-12-14,bovespa,PETR4.SA,2,0.3673960515174473
2022-12-14,bovespa,PSSA3.SA,1,0.3673960515174473
2022-12-14,bovespa,RADL3.SA,1,0.3673960515174473
2022-12-14,bovespa,RENT3.SA,1,0.3673960515174473
2022-12-14,bovespa,SANB11.SA,2,0.3673960515174473
2022-12-14,bovespa,SBSP3.SA,1,0.3673960515174473
2022-12-14,bovespa,SMTO3.SA,0,0.3673960515174473
2022-12-14,bovespa,SUZB3.SA,0,0.3673960515174473
2022-12-14,bovespa,TOTS3.SA,1,0.3673960515174473
2022-12-14,bovespa,UGPA3.SA,0,0.3673960515174473
2022-12-14,bovespa,USIM5.SA,0,0.3673960515174473
2022-12-14,bovespa,VALE3.SA,0,0.3673960515174473
2022-12-14,bovespa,WEGE3.SA,1,0.3673960515174473
2022-12-14,bovespa,YDUQ3.SA,1,0.3673960515174473
2023-01-13,bovespa,ABEV3.SA,1,0.5399772931482423
2023-01-13,bovespa,B3SA3.SA,3,0.5399772931482423
2023-01-13,bovespa,BBAS3.SA,2,0.5399772931482423
2023-01-13,bovespa,BBDC3.SA,2,0.5399772931482423
2023-01-13,bovespa,BBDC4.SA,2,0.5399772931482423
2023-01-13,bovespa,BEEF3.SA,1,0.5399772931482423
2023-01-13,bovespa,CMIG4.SA,0,0.5399772931482423
2023-01-13,bovespa,CSAN3.SA,1,0.5399772931482423
2023-01-13,bovespa,CSNA3.SA,0,0.5399772931482423
2023-01-13,bovespa,CYRE3.SA,3,0.5399772931482423
2023-01-13,bovespa,DXCO3.SA,0,0.5399772931482423
2023-01-13,bovespa,ENEV3.SA,1,0.5399772931482423
2023-01-13,bovespa,EZTC3.SA,3,0.5399772931482423
2023-01-13,bovespa,FLRY3.SA,3,0.5399772931482423
2023-01-13,bovespa,GGBR4.SA,0,0.5399772931482423
2023-01-13,bovespa,ITSA4.SA,2,0.5399772931482423
2023-01-13,bovespa,ITUB4.SA,2,0.5399772931482423
2023-01-13,bovespa,LREN3.SA,3,0.5399772931482423
2023-01-13,bovespa,MRVE3.SA,3,0.5399772931482423
2023-01-13,bovespa,MULT3.SA,3,0.5399772931482423
2023-01-13,bovespa,PETR3.SA,2,0.5399772931482423
2023-01-13,bovespa,PETR4.SA,2,0.5399772931482423
2023-01-13,bovespa,PSSA3.SA,3,0.5399772931482423
2023-01-13,bovespa,RADL3.SA,3,0.5399772931482423
2023-01-13,bovespa,RENT3.SA,1,0.5399772931482423
2023-01-13,bovespa,SANB11.SA,2,0.5399772931482423
2023-01-13,bovespa,SBSP3.SA,3,0.5399772931482423
2023-01-13,bovespa,SMTO3.SA,1,0.5399772931482423
2023-01-13,bovespa,SUZB3.SA,0,0.5399772931482423
2023-01-13,bovespa,TOTS3.SA,1,0.5399772931482423
2023-01-13,bovespa,UGPA3.SA,1,0.5399772931482423
2023-01-13,bovespa,USIM5.SA,0,0.5399772931482423
2023-01-13,bovespa,VALE3.SA,0,0.5399772931482423
2023-01-13,bovespa,WEGE3.SA,3,0.5399772931482423
2023-01-13,bovespa,YDUQ3.SA,0,0.5399772931482423
2023-02-13,bovespa,ABEV3.SA,1,0.41356054078514265
2023-02-13,bovespa,B3SA3.SA,1,0.41356054078514265
2023-02-13,bovespa,BBAS3.SA,3,0.41356054078514265
2023-02-13,bovespa,BBDC3.SA,3,0.41356054078514265
2023-02-13,bovespa,BBDC4.SA,3,0.41356054078514265
2023-02-13,bovespa,BEEF3.SA,1,0.41356054078514265
2023-02-13,bovespa,CMIG4.SA,1,0.41356054078514265
2023-02-13,bovespa,CSAN3.SA,1,0.41356054078514265
2023-02-13,bovespa,CSNA3.SA,0,0.41356054078514265
2023-02-13,bovespa,CYRE3.SA,1,0.41356054078514265
2023-02-13,bovespa,DXCO3.SA,1,0.41356054078514265
2023-02-13,bovespa,ENEV3.SA,1,0.41356054078514265
2023-02-13,bovespa,EZTC3.SA,1,0.41356054078514265
2023-02-13,bovespa,FLRY3.SA,1,0.41356054078514265
2023-02-13,bovespa,GGBR4.SA,0,0.41356054078514265
2023-02-13,bovespa,ITSA4.SA,3,0.41356054078514265
2023-02-13,bovespa,ITUB4.SA,3,0.41356054078514265
2023-02-13,bovespa,LREN3.SA,1,0.41356054078514265
2023-02-13,bovespa,MRVE3.SA,1,0.41356054078514265
2023-02-13,bovespa,MULT3.SA,1,0.41356054078514265
2023-02-13,bovespa,PETR3.SA,3,0.41356054078514265
2023-02-13,bovespa,PETR4.SA,3,0.41356054078514265
2023-02-13,bovespa,PSSA3.SA,2,0.41356054078514265
2023-02-13,bovespa,RADL3.SA,1,0.41356054078514265
2023-02-13,bovespa,RENT3.SA,1,0.41356054078514265
2023-02-13,bovespa,SANB11.SA,3,0.41356054078514265
2023-02-13,bovespa,SBSP3.SA,1,0.41356054078514265
2023-02-13,bovespa,SMTO3.SA,1,0.41356054078514265
2023-02-13,bovespa,SUZB3.SA,0,0.41356054078514265
2023-02-13,bovespa,TOTS3.SA,1,0.41356054078514265
2023-02-13,bovespa,UGPA3.SA,1,0.41356054078514265
2023-02-13,bovespa,USIM5.SA,0,0.41356054078514265
2023-02-13,bovespa,VALE3.SA,0,0.41356054078514265
2023-02-13,bovespa,WEGE3.SA,1,0.41356054078514265
2023-02-13,bovespa,YDUQ3.SA,1,0.41356054078514265
2023-03-16,bovespa,ABEV3.SA,2,0.6948484116083166
2023-03-16,bovespa,B3SA3.SA,1,0.6948484116083166
2023-03-16,bovespa,BBAS3.SA,2,0.6948484116083166
2023-03-16,bovespa,BBDC3.SA,2,0.6948484116083166
2023-03-16,bovespa,BBDC4.SA,2,0.6948484116083166
2023-03-16,bovespa,BEEF3.SA,1,0.6948484116083166
2023-03-16,bovespa,CMIG4.SA,1,0.6948484116083166
2023-03-16,bovespa,CSAN3.SA,0,0.6948484116083166
2023-03-16,bovespa,CSNA3.SA,0,0.6948484116083166
2023-03-16,bovespa,CYRE3.SA,1,0.6948484116083166
2023-03-16,bovespa,DXCO3.SA,1,0.6948484116083166
2023-03-16,bovespa,ENEV3.SA,2,0.6948484116083166
2023-03-16,bovespa,EZTC3.SA,1,0.6948484116083166
2023-03-16,bovespa,FLRY3.SA,1,0.6948484116083166
2023-03-16,bovespa,GGBR4.SA,0,0.6948484116083166
2023-03-16,bovespa,ITSA4.SA,2,0.6948484116083166
2023-03-16,bovespa,ITUB4.SA,2,0.6948484116083166
2023-03-16,bovespa,LREN3.SA,1,0.6948484116083166
2023-03-16,bovespa,MRVE3.SA,1,0.6948484116083166
2023-03-16,bovespa,MULT3.SA,1,0.6948484116083166
2023-03-16,bovespa,PETR3.SA,2,0.6948484116083166
2023-03-16,bovespa,PETR4.SA,2,0.6948484116083166
2023-03-16,bovespa,PSSA3.SA,2,0.6948484116083166
2023-03-16,bovespa,RADL3.SA,1,0.6948484116083166
2023-03-16,bovespa,RENT3.SA,1,0.6948484116083166
2023-03-16,bovespa,SANB11.SA,2,0.6948484116083166
2023-03-16,bovespa,SBSP3.SA,1,0.6948484116083166
2023-03-16,bovespa,SMTO3.SA,1,0.6948484116083166
2023-03-16,bovespa,SUZB3.SA,0,0.6948484116083166
2023-03-16,bovespa,TOTS3.SA,1,0.6948484116083166
2023-03-16,bovespa,UGPA3.SA,1,0.6948484116083166
2023-03-16,bovespa,USIM5.SA,0,0.6948484116083166
2023-03-16,bovespa,VALE3.SA,0,0.6948484116083166
2023-03-16,bovespa,WEGE3.SA,1,0.6948484116083166
2023-03-16,bovespa,YDUQ3.SA,1,0.6948484116083166
2023-04-17,bovespa,ABEV3.SA,1,0.2749384611635105
2023-04-17,bovespa,B3SA3.SA,1,0.2749384611635105
2023-04-17,bovespa,BBAS3.SA,2,0.2749384611635105
2023-04-17,bovespa,BBDC3.SA,2,0.2749384611635105
2023-04-17,bovespa,BBDC4.SA,2,0.2749384611635105
2023-04-17,bovespa,BEEF3.SA,1,0.2749384611635105
2023-04-17,bovespa,CMIG4.SA,2,0.2749384611635105
2023-04-17,bovespa,CSAN3.SA,1,0.2749384611635105
2023-04-17,bovespa,CSNA3.SA,0,0.2749384611635105
2023-04-17,bovespa,CYRE3.SA,1,0.2749384611635105
2023-04-17,bovespa,DXCO3.SA,0,0.2749384611635105
2023-04-17,bovespa,ENEV3.SA,1,0.2749384611635105
2023-04-17,bovespa,EZTC3.SA,1,0.2749384611635105
2023-04-17,bovespa,FLRY3.SA,2,0.2749384611635105
2023-04-17,bovespa,GGBR4.SA,0,0.2749384611635105
2023-04-17,bovespa,ITSA4.SA,2,0.2749384611635105
2023-04-17,bovespa,ITUB4.SA,2,0.2749384611635105
2023-04-17,bovespa,LREN3.SA,1,0.2749384611635105
2023-04-17,bovespa,MRVE3.SA,1,0.2749384611635105
2023-04-17,bovespa,MULT3.SA,2,0.2749384611635105
2023-04-17,bovespa,PETR3.SA,2,0.2749384611635105
2023-04-17,bovespa,PETR4.SA,2,0.2749384611635105
2023-04-17,bovespa,PSSA3.SA,2,0.2749384611635105
2023-04-17,bovespa,RADL3.SA,1,0.2749384611635105
2023-04-17,bovespa,RENT3.SA,2,0.2749384611635105
2023-04-17,bovespa,SANB11.SA,2,0.2749384611635105
2023-04-17,bovespa,SBSP3.SA,2,0.2749384611635105
2023-04-17,bovespa,SMTO3.SA,1,0.2749384611635105
2023-04-17,bovespa,SUZB3.SA,0,0.2749384611635105
2023-04-17,bovespa,TOTS3.SA,2,0.2749384611635105
2023-04-17,bovespa,UGPA3.SA,1,0.2749384611635105
2023-04-17,bovespa,USIM5.SA,0,0.2749384611635105
2023-04-17,bovespa,VALE3.SA,0,0.2749384611635105
2023-04-17,bovespa,WEGE3.SA,1,0.2749384611635105
2023-04-17,bovespa,YDUQ3.SA,1,0.2749384611635105
2023-05-18,bovespa,ABEV3.SA,1,0.28734928535306486
2023-05-18,bovespa,B3SA3.SA,3,0.28734928535306486
2023-05-18,bovespa,BBAS3.SA,2,0.28734928535306486
2023-05-18,bovespa,BBDC3.SA,2,0.28734928535306486
2023-05-18,bovespa,BBDC4.SA,2,0.28734928535306486
2023-05-18,bovespa,BEEF3.SA,1,0.28734928535306486
2023-05-18,bovespa,CMIG4.SA,1,0.28734928535306486
2023-05-18,bovespa,CSAN3.SA,0,0.28734928535306486
2023-05-18,bovespa,CSNA3.SA,0,0.28734928535306486
2023-05-18,bovespa,CYRE3.SA,3,0.28734928535306486
2023-05-18,bovespa,DXCO3.SA,3,0.28734928535306486
2023-05-18,bovespa,ENEV3.SA,3,0.28734928535306486
2023-05-18,bovespa,EZTC3.SA,3,0.28734928535306486
2023-05-18,bovespa,FLRY3.SA,3,0.28734928535306486
2023-05-18,bovespa,GGBR4.SA,0,0.28734928535306486
2023-05-18,bovespa,ITSA4.SA,2,0.28734928535306486
2023-05-18,bovespa,ITUB4.SA,2,0.28734928535306486
2023-05-18,bovespa,LREN3.SA,3,0.28734928535306486
2023-05-18,bovespa,MRVE3.SA,3,0.28734928535306486
2023-05-18,bovespa,MULT3.SA,1,0.28734928535306486
2023-05-18,bovespa,PETR3.SA,2,0.28734928535306486
2023-05-18,bovespa,PETR4.SA,2,0.28734928535306486
2023-05-18,bovespa,PSSA3.SA,1,0.28734928535306486
2023-05-18,bovespa,RADL3.SA,1,0.28734928535306486
2023-05-18,bovespa,RENT3.SA,3,0.28734928535306486
2023-05-18,bovespa,SANB11.SA,2,0.28734928535306486
2023-05-18,bovespa,SBSP3.SA,1,0.28734928535306486
2023-05-18,bovespa,SMTO3.SA,3,0.28734928535306486
2023-05-18,bovespa,SUZB3.SA,0,0.28734928535306486
2023-05-18,bovespa,TOTS3.SA,1,0.28734928535306486
2023-05-18,bovespa,UGPA3.SA,1,0.28734928535306486
2023-05-18,bovespa,USIM5.SA,0,0.28734928535306486
2023-05-18,bovespa,VALE3.SA,0,0.28734928535306486
2023-05-18,bovespa,WEGE3.SA,1,0.28734928535306486
2023-05-18,bovespa,YDUQ3.SA,3,0.28734928535306486
2023-06-19,bovespa,ABEV3.SA,2,0.4140625
2023-06-19,bovespa,B3SA3.SA,4,0.4140625
2023-06-19,bovespa,BBAS3.SA,1,0.4140625
2023-06-19,bovespa,BBDC3.SA,2,0.4140625
2023-06-19,bovespa,BBDC4.SA,2,0.4140625
2023-06-19,bovespa,BEEF3.SA,1,0.4140625
2023-06-19,bovespa,CMIG4.SA,4,0.4140625
2023-06-19,bovespa,CSAN3.SA,0,0.4140625
2023-06-19,bovespa,CSNA3.SA,0,0.4140625
2023-06-19,bovespa,CYRE3.SA,3,0.4140625
2023-06-19,bovespa,DXCO3.SA,3,0.4140625
2023-06-19,bovespa,ENEV3.SA,4,0.4140625
2023-06-19,bovespa,EZTC3.SA,3,0.4140625
2023-06-19,bovespa,FLRY3.SA,4,0.4140625
2023-06-19,bovespa,GGBR4.SA,0,0.4140625
2023-06-19,bovespa,ITSA4.SA,2,0.4140625
2023-06-19,bovespa,ITUB4.SA,2,0.4140625
2023-06-19,bovespa,LREN3.SA,4,0.4140625
2023-06-19,bovespa,MRVE3.SA,3,0.4140625
2023-06-19,bovespa,MULT3.SA,4,0.4140625
2023-06-19,bovespa,PETR3.SA,1,0.4140625
2023-06-19,bovespa,PETR4.SA,1,0.4140625
2023-06-19,bovespa,PSSA3.SA,4,0.4140625
2023-06-19,bovespa,RADL3.SA,4,0.4140625
2023-06-19,bovespa,RENT3.SA,3,0.4140625
2023-06-19,bovespa,SANB11.SA,2,0.4140625
2023-06-19,bovespa,SBSP3.SA,4,0.4140625
2023-06-19,bovespa,SMTO3.SA,2,0.4140625
2023-06-19,bovespa,SUZB3.SA,0,0.4140625
2023-06-19,bovespa,TOTS3.SA,4,0.4140625
2023-06-19,bovespa,UGPA3.SA,2,0.4140625
2023-06-19,bovespa,USIM5.SA,0,0.4140625
2023-06-19,bovespa,VALE3.SA,0,0.4140625
2023-06-19,bovespa,WEGE3.SA,4,0.4140625
2023-06-19,bovespa,YDUQ3.SA,3,0.4140625
2023-07-18,bovespa,ABEV3.SA,0,0.3521341463414634
2023-07-18,bovespa,B3SA3.SA,3,0.3521341463414634
2023-07-18,bovespa,BBAS3.SA,2,0.3521341463414634
2023-07-18,bovespa,BBDC3.SA,2,0.3521341463414634
2023-07-18,bovespa,BBDC4.SA,2,0.3521341463414634
2023-07-18,bovespa,BEEF3.SA,2,0.3521341463414634
2023-07-18,bovespa,CMIG4.SA,2,0.3521341463414634
2023-07-18,bovespa,CSAN3.SA,0,0.3521341463414634
2023-07-18,bovespa,CSNA3.SA,0,0.3521341463414634
2023-07-18,bovespa,CYRE3.SA,3,0.3521341463414634
2023-07-18,bovespa,DXCO3.SA,3,0.3521341463414634
2023-07-18,bovespa,ENEV3.SA,2,0.3521341463414634
2023-07-18,bovespa,EZTC3.SA,3,0.3521341463414634
2023-07-18,bovespa,FLRY3.SA,2,0.3521341463414634
2023-07-18,bovespa,GGBR4.SA,0,0.3521341463414634
2023-07-18,bovespa,ITSA4.SA,2,0.3521341463414634
2023-07-18,bovespa,ITUB4.SA,2,0.3521341463414634
2023-07-18,bovespa,LREN3.SA,2,0.3521341463414634
2023-07-18,bovespa,MRVE3.SA,3,0.3521341463414634
2023-07-18,bovespa,MULT3.SA,2,0.3521341463414634
2023-07-18,bovespa,PETR3.SA,2,0.3521341463414634
2023-07-18,bovespa,PETR4.SA,2,0.3521341463414634
2023-07-18,bovespa,PSSA3.SA,2,0.3521341463414634
2023-07-18,bovespa,RADL3.SA,2,0.3521341463414634
2023-07-18,bovespa,RENT3.SA,3,0.3521341463414634
2023-07-18,bovespa,SANB11.SA,2,0.3521341463414634
2023-07-18,bovespa,SBSP3.SA,2,0.3521341463414634
2023-07-18,bovespa,SMTO3.SA,2,0.3521341463414634
2023-07-18,bovespa,SUZB3.SA,0,0.3521341463414634
2023-07-18,bovespa,TOTS3.SA,3,0.3521341463414634
2023-07-18,bovespa,UGPA3.SA,2,0.3521341463414634
2023-07-18,bovespa,USIM5.SA,0,0.3521341463414634
2023-07-18,bovespa,VALE3.SA,0,0.3521341463414634
2023-07-18,bovespa,WEGE3.SA,2,0.3521341463414634
2023-07-18,bovespa,YDUQ3.SA,3,0.3521341463414634
2023-08-16,bovespa,ABEV3.SA,2,0.35401856088719325
2023-08-16,bovespa,B3SA3.SA,3,0.35401856088719325
2023-08-16,bovespa,BBAS3.SA,2,0.35401856088719325
2023-08-16,bovespa,BBDC3.SA,2,0.35401856088719325
2023-08-16,bovespa,BBDC4.SA,2,0.35401856088719325
2023-08-16,bovespa,BEEF3.SA,2,0.35401856088719325
2023-08-16,bovespa,CMIG4.SA,2,0.35401856088719325
2023-08-16,bovespa,CSAN3.SA,0,0.35401856088719325
2023-08-16,bovespa,CSNA3.SA,0,0.35401856088719325
2023-08-16,bovespa,CYRE3.SA,3,0.35401856088719325
2023-08-16,bovespa,DXCO3.SA,3,0.35401856088719325
2023-08-16,bovespa,ENEV3.SA,3,0.35401856088719325
2023-08-16,bovespa,EZTC3.SA,3,0.35401856088719325
2023-08-16,bovespa,FLRY3.SA,3,0.35401856088719325
2023-08-16,bovespa,GGBR4.SA,0,0.35401856088719325
2023-08-16,bovespa,ITSA4.SA,2,0.35401856088719325
2023-08-16,bovespa,ITUB4.SA,2,0.35401856088719325
2023-08-16,bovespa,LREN3.SA,3,0.35401856088719325
2023-08-16,bovespa,MRVE3.SA,3,0.35401856088719325
2023-08-16,bovespa,MULT3.SA,3,0.35401856088719325
2023-08-16,bovespa,PETR3.SA,1,0.35401856088719325
2023-08-16,bovespa,PETR4.SA,1,0.35401856088719325
2023-08-16,bovespa,PSSA3.SA,2,0.35401856088719325
2023-08-16,bovespa,RADL3.SA,2,0.35401856088719325
2023-08-16,bovespa,RENT3.SA,3,0.35401856088719325
2023-08-16,bovespa,SANB11.SA,2,0.35401856088719325
2023-08-16,bovespa,SBSP3.SA,2,0.35401856088719325
2023-08-16,bovespa,SMTO3.SA,0,0.35401856088719325
2023-08-16,bovespa,SUZB3.SA,0,0.35401856088719325
2023-08-16,bovespa,TOTS3.SA,3,0.35401856088719325
2023-08-16,bovespa,UGPA3.SA,2,0.35401856088719325
2023-08-16,bovespa,USIM5.SA,0,0.35401856088719325
2023-08-16,bovespa,VALE3.SA,0,0.35401856088719325
2023-08-16,bovespa,WEGE3.SA,3,0.35401856088719325
2023-08-16,bovespa,YDUQ3.SA,3,0.35401856088719325
2023-09-15,bovespa,ABEV3.SA,2,0.6460949193753963
2023-09-15,bovespa,B3SA3.SA,3,0.6460949193753963
2023-09-15,bovespa,BBAS3.SA,2,0.6460949193753963
2023-09-15,bovespa,BBDC3.SA,2,0.6460949193753963
2023-09-15,bovespa,BBDC4.SA,2,0.6460949193753963
2023-09-15,bovespa,BEEF3.SA,2,0.6460949193753963
2023-09-15,bovespa,CMIG4.SA,2,0.6460949193753963
2023-09-15,bovespa,CSAN3.SA,0,0.6460949193753963
2023-09-15,bovespa,CSNA3.SA,0,0.6460949193753963
2023-09-15,bovespa,CYRE3.SA,3,0.6460949193753963
2023-09-15,bovespa,DXCO3.SA,3,0.6460949193753963
2023-09-15,bovespa,ENEV3.SA,3,0.6460949193753963
2023-09-15,bovespa,EZTC3.SA,3,0.6460949193753963
2023-09-15,bovespa,FLRY3.SA,3,0.6460949193753963
2023-09-15,bovespa,GGBR4.SA,0,0.6460949193753963
2023-09-15,bovespa,ITSA4.SA,2,0.6460949193753963
2023-09-15,bovespa,ITUB4.SA,2,0.6460949193753963
2023-09-15,bovespa,LREN3.SA,3,0.6460949193753963
2023-09-15,bovespa,MRVE3.SA,3,0.6460949193753963
2023-09-15,bovespa,MULT3.SA,3,0.6460949193753963
2023-09-15,bovespa,PETR3.SA,1,0.6460949193753963
2023-09-15,bovespa,PETR4.SA,1,0.6460949193753963
2023-09-15,bovespa,PSSA3.SA,2,0.6460949193753963
2023-09-15,bovespa,RADL3.SA,3,0.6460949193753963
2023-09-15,bovespa,RENT3.SA,3,0.6460949193753963
2023-09-15,bovespa,SANB11.SA,2,0.6460949193753963
2023-09-15,bovespa,SBSP3.SA,3,0.6460949193753963
2023-09-15,bovespa,SMTO3.SA,3,0.6460949193753963
2023-09-15,bovespa,SUZB3.SA,0,0.6460949193753963
2023-09-15,bovespa,TOTS3.SA,3,0.6460949193753963
2023-09-15,bovespa,UGPA3.SA,3,0.6460949193753963
2023-09-15,bovespa,USIM5.SA,0,0.6460949193753963
2023-09-15,bovespa,VALE3.SA,0,0.6460949193753963
2023-09-15,bovespa,WEGE3.SA,3,0.6460949193753963
2023-09-15,bovespa,YDUQ3.SA,3,0.6460949193753963
2023-10-17,bovespa,ABEV3.SA,2,0.6660969823737979
2023-10-17,bovespa,B3SA3.SA,1,0.6660969823737979
2023-10-17,bovespa,BBAS3.SA,2,0.6660969823737979
2023-10-17,bovespa,BBDC3.SA,2,0.6660969823737979
2023-10-17,bovespa,BBDC4.SA,2,0.6660969823737979
2023-10-17,bovespa,BEEF3.SA,2,0.6660969823737979
2023-10-17,bovespa,CMIG4.SA,2,0.6660969823737979
2023-10-17,bovespa,CSAN3.SA,0,0.6660969823737979
2023-10-17,bovespa,CSNA3.SA,0,0.6660969823737979
2023-10-17,bovespa,CYRE3.SA,1,0.6660969823737979
2023-10-17,bovespa,DXCO3.SA,1,0.6660969823737979
2023-10-17,bovespa,ENEV3.SA,1,0.6660969823737979
2023-10-17,bovespa,EZTC3.SA,1,0.6660969823737979
2023-10-17,bovespa,FLRY3.SA,1,0.6660969823737979
2023-10-17,bovespa,GGBR4.SA,0,0.6660969823737979
2023-10-17,bovespa,ITSA4.SA,2,0.6660969823737979
2023-10-17,bovespa,ITUB4.SA,2,0.6660969823737979
2023-10-17,bovespa,LREN3.SA,1,0.6660969823737979
2023-10-17,bovespa,MRVE3.SA,1,0.6660969823737979
2023-10-17,bovespa,MULT3.SA,1,0.6660969823737979
2023-10-17,bovespa,PETR3.SA,2,0.6660969823737979
2023-10-17,bovespa,PETR4.SA,2,0.6660969823737979
2023-10-17,bovespa,PSSA3.SA,2,0.6660969823737979
2023-10-17,bovespa,RADL3.SA,1,0.6660969823737979
2023-10-17,bovespa,RENT3.SA,1,0.6660969823737979
2023-10-17,bovespa,SANB11.SA,2,0.6660969823737979
2023-10-17,bovespa,SBSP3.SA,2,0.6660969823737979
2023-10-17,bovespa,SMTO3.SA,2,0.6660969823737979
2023-10-17,bovespa,SUZB3.SA,0,0.6660969823737979
2023-10-17,bovespa,TOTS3.SA,1,0.6660969823737979
2023-10-17,bovespa,UGPA3.SA,3,0.6660969823737979
2023-10-17,bovespa,USIM5.SA,0,0.6660969823737979
2023-10-17,bovespa,VALE3.SA,0,0.6660969823737979
2023-10-17,bovespa,WEGE3.SA,1,0.6660969823737979
2023-10-17,bovespa,YDUQ3.SA,1,0.6660969823737979
2023-11-17,bovespa,ABEV3.SA,2,0.39627340651231435
2023-11-17,bovespa,B3SA3.SA,3,0.39627340651231435
2023-11-17,bovespa,BBAS3.SA,2,0.39627340651231435
2023-11-17,bovespa,BBDC3.SA,2,0.39627340651231435
2023-11-17,bovespa,BBDC4.SA,2,0.39627340651231435
2023-11-17,bovespa,BEEF3.SA,2,0.39627340651231435
2023-11-17,bovespa,CMIG4.SA,3,0.39627340651231435
2023-11-17,bovespa,CSAN3.SA,0,0.39627340651231435
2023-11-17,bovespa,CSNA3.SA,0,0.39627340651231435
2023-11-17,bovespa,CYRE3.SA,3,0.39627340651231435
2023-11-17,bovespa,DXCO3.SA,1,0.39627340651231435
2023-11-17,bovespa,ENEV3.SA,3,0.39627340651231435
2023-11-17,bovespa,EZTC3.SA,4,0.39627340651231435
2023-11-17,bovespa,FLRY3.SA,3,0.39627340651231435
2023-11-17,bovespa,GGBR4.SA,0,0.39627340651231435
2023-11-17,bovespa,ITSA4.SA,2,0.39627340651231435
2023-11-17,bovespa,ITUB4.SA,2,0.39627340651231435
2023-11-17,bovespa,LREN3.SA,4,0.39627340651231435
2023-11-17,bovespa,MRVE3.SA,4,0.39627340651231435
2023-11-17,bovespa,MULT3.SA,3,0.39627340651231435
2023-11-17,bovespa,PETR3.SA,1,0.39627340651231435
2023-11-17,bovespa,PETR4.SA,1,0.39627340651231435
2023-11-17,bovespa,PSSA3.SA,2,0.39627340651231435
2023-11-17,bovespa,RADL3.SA,3,0.39627340651231435
2023-11-17,bovespa,RENT3.SA,4,0.39627340651231435
2023-11-17,bovespa,SANB11.SA,2,0.39627340651231435
2023-11-17,bovespa,SBSP3.SA,3,0.39627340651231435
2023-11-17,bovespa,SMTO3.SA,1,0.39627340651231435
2023-11-17,bovespa,SUZB3.SA,0,0.39627340651231435
2023-11-17,bovespa,TOTS3.SA,2,0.39627340651231435
2023-11-17,bovespa,UGPA3.SA,0,0.39627340651231435
2023-11-17,bovespa,USIM5.SA,0,0.39627340651231435
2023-11-17,bovespa,VALE3.SA,0,0.39627340651231435
2023-11-17,bovespa,WEGE3.SA,3,0.39627340651231435
2023-11-17,bovespa,YDUQ3.SA,4,0.39627340651231435
2023-12-18,bovespa,ABEV3.SA,2,0.36937647987371747
2023-12-18,bovespa,B3SA3.SA,3,0.36937647987371747
2023-12-18,bovespa,BBAS3.SA,2,0.36937647987371747
2023-12-18,bovespa,BBDC3.SA,2,0.36937647987371747
2023-12-18,bovespa,BBDC4.SA,2,0.36937647987371747
2023-12-18,bovespa,BEEF3.SA,2,0.36937647987371747
2023-12-18,bovespa,CMIG4.SA,0,0.36937647987371747
2023-12-18,bovespa,CSAN3.SA,0,0.36937647987371747
2023-12-18,bovespa,CSNA3.SA,0,0.36937647987371747
2023-12-18,bovespa,CYRE3.SA,2,0.36937647987371747
2023-12-18,bovespa,DXCO3.SA,1,0.36937647987371747
2023-12-18,bovespa,ENEV3.SA,3,0.36937647987371747
2023-12-18,bovespa,EZTC3.SA,2,0.36937647987371747
2023-12-18,bovespa,FLRY3.SA,3,0.36937647987371747
2023-12-18,bovespa,GGBR4.SA,0,0.36937647987371747
2023-12-18,bovespa,ITSA4.SA,2,0.36937647987371747
2023-12-18,bovespa,ITUB4.SA,2,0.36937647987371747
2023-12-18,bovespa,LREN3.SA,2,0.36937647987371747
2023-12-18,bovespa,MRVE3.SA,2,0.36937647987371747
2023-12-18,bovespa,MULT3.SA,3,0.36937647987371747
2023-12-18,bovespa,PETR3.SA,1,0.36937647987371747
2023-12-18,bovespa,PETR4.SA,1,0.36937647987371747
2023-12-18,bovespa,PSSA3.SA,3,0.36937647987371747
2023-12-18,bovespa,RADL3.SA,2,0.36937647987371747
2023-12-18,bovespa,RENT3.SA,2,0.36937647987371747
2023-12-18,bovespa,SANB11.SA,2,0.36937647987371747
2023-12-18,bovespa,SBSP3.SA,3,0.36937647987371747
2023-12-18,bovespa,SMTO3.SA,1,0.36937647987371747
2023-12-18,bovespa,SUZB3.SA,0,0.36937647987371747
2023-12-18,bovespa,TOTS3.SA,3,0.36937647987371747
2023-12-18,bovespa,UGPA3.SA,2,0.36937647987371747
2023-12-18,bovespa,USIM5.SA,0,0.36937647987371747
2023-12-18,bovespa,VALE3.SA,0,0.36937647987371747
2023-12-18,bovespa,WEGE3.SA,3,0.36937647987371747
2023-12-18,bovespa,YDUQ3.SA,2,0.36937647987371747
2024-01-19,bovespa,ABEV3.SA,2,0.30386226151698464
2024-01-19,bovespa,B3SA3.SA,0,0.30386226151698464
2024-01-19,bovespa,BBAS3.SA,2,0.30386226151698464
2024-01-19,bovespa,BBDC3.SA,2,0.30386226151698464
2024-01-19,bovespa,BBDC4.SA,2,0.30386226151698464
2024-01-19,bovespa,BEEF3.SA,2,0.30386226151698464
2024-01-19,bovespa,CMIG4.SA,0,0.30386226151698464
2024-01-19,bovespa,CSAN3.SA,0,0.30386226151698464
2024-01-19,bovespa,CSNA3.SA,0,0.30386226151698464
2024-01-19,bovespa,CYRE3.SA,1,0.30386226151698464
2024-01-19,bovespa,DXCO3.SA,1,0.30386226151698464
2024-01-19,bovespa,ENEV3.SA,1,0.30386226151698464
2024-01-19,bovespa,EZTC3.SA,1,0.30386226151698464
2024-01-19,bovespa,FLRY3.SA,1,0.30386226151698464
2024-01-19,bovespa,GGBR4.SA,0,0.30386226151698464
2024-01-19,bovespa,ITSA4.SA,2,0.30386226151698464
2024-01-19,bovespa,ITUB4.SA,2,0.30386226151698464
2024-01-19,bovespa,LREN3.SA,1,0.30386226151698464
2024-01-19,bovespa,MRVE3.SA,1,0.30386226151698464
2024-01-19,bovespa,MULT3.SA,0,0.30386226151698464
2024-01-19,bovespa,PETR3.SA,1,0.30386226151698464
2024-01-19,bovespa,PETR4.SA,1,0.30386226151698464
2024-01-19,bovespa,PSSA3.SA,2,0.30386226151698464
2024-01-19,bovespa,RADL3.SA,2,0.30386226151698464
2024-01-19,bovespa,RENT3.SA,1,0.30386226151698464
2024-01-19,bovespa,SANB11.SA,2,0.30386226151698464
2024-01-19,bovespa,SBSP3.SA,0,0.30386226151698464
2024-01-19,bovespa,SMTO3.SA,1,0.30386226151698464
2024-01-19,bovespa,SUZB3.SA,0,0.30386226151698464
2024-01-19,bovespa,TOTS3.SA,2,0.30386226151698464
2024-01-19,bovespa,UGPA3.SA,2,0.30386226151698464
2024-01-19,bovespa,USIM5.SA,0,0.30386226151698464
2024-01-19,bovespa,VALE3.SA,0,0.30386226151698464
2024-01-19,bovespa,WEGE3.SA,1,0.30386226151698464
2024-01-19,bovespa,YDUQ3.SA,1,0.30386226151698464
2024-02-21,bovespa,ABEV3.SA,3,0.3357499293851803
2024-02-21,bovespa,B3SA3.SA,2,0.3357499293851803
2024-02-21,bovespa,BBAS3.SA,2,0.3357499293851803
2024-02-21,bovespa,BBDC3.SA,2,0.3357499293851803
2024-02-21,bovespa,BBDC4.SA,2,0.3357499293851803
2024-02-21,bovespa,BEEF3.SA,2,0.3357499293851803
2024-02-21,bovespa,CMIG4.SA,2,0.3357499293851803
2024-02-21,bovespa,CSAN3.SA,0,0.3357499293851803
2024-02-21,bovespa,CSNA3.SA,0,0.3357499293851803
2024-02-21,bovespa,CYRE3.SA,2,0.3357499293851803
2024-02-21,bovespa,DXCO3.SA,3,0.3357499293851803
2024-02-21,bovespa,ENEV3.SA,3,0.3357499293851803
2024-02-21,bovespa,EZTC3.SA,3,0.3357499293851803
2024-02-21,bovespa,FLRY3.SA,2,0.3357499293851803
2024-02-21,bovespa,GGBR4.SA,0,0.3357499293851803
2024-02-21,bovespa,ITSA4.SA,2,0.3357499293851803
2024-02-21,bovespa,ITUB4.SA,2,0.3357499293851803
2024-02-21,bovespa,LREN3.SA,3,0.3357499293851803
2024-02-21,bovespa,MRVE3.SA,2,0.3357499293851803
2024-02-21,bovespa,MULT3.SA,0,0.3357499293851803
2024-02-21,bovespa,PETR3.SA,1,0.3357499293851803
2024-02-21,bovespa,PETR4.SA,1,0.3357499293851803
2024-02-21,bovespa,PSSA3.SA,3,0.3357499293851803
2024-02-21,bovespa,RADL3.SA,2,0.3357499293851803
2024-02-21,bovespa,RENT3.SA,3,0.3357499293851803
2024-02-21,bovespa,SANB11.SA,2,0.3357499293851803
2024-02-21,bovespa,SBSP3.SA,0,0.3357499293851803
2024-02-21,bovespa,SMTO3.SA,1,0.3357499293851803
2024-02-21,bovespa,SUZB3.SA,0,0.3357499293851803
2024-02-21,bovespa,TOTS3.SA,3,0.3357499293851803
2024-02-21,bovespa,UGPA3.SA,2,0.3357499293851803
2024-02-21,bovespa,USIM5.SA,0,0.3357499293851803
2024-02-21,bovespa,VALE3.SA,0,0.3357499293851803
2024-02-21,bovespa,WEGE3.SA,3,0.3357499293851803
2024-02-21,bovespa,YDUQ3.SA,3,0.3357499293851803
2024-03-21,bovespa,ABEV3.SA,2,0.27193497234326813
2024-03-21,bovespa,B3SA3.SA,0,0.27193497234326813
2024-03-21,bovespa,BBAS3.SA,2,0.27193497234326813
2024-03-21,bovespa,BBDC3.SA,2,0.27193497234326813
2024-03-21,bovespa,BBDC4.SA,2,0.27193497234326813
2024-03-21,bovespa,BEEF3.SA,2,0.27193497234326813
2024-03-21,bovespa,CMIG4.SA,2,0.27193497234326813
2024-03-21,bovespa,CSAN3.SA,0,0.27193497234326813
2024-03-21,bovespa,CSNA3.SA,0,0.27193497234326813
2024-03-21,bovespa,CYRE3.SA,2,0.27193497234326813
2024-03-21,bovespa,DXCO3.SA,2,0.27193497234326813
2024-03-21,bovespa,ENEV3.SA,3,0.27193497234326813
2024-03-21,bovespa,EZTC3.SA,2,0.27193497234326813
2024-03-21,bovespa,FLRY3.SA,0,0.27193497234326813
2024-03-21,bovespa,GGBR4.SA,2,0.27193497234326813
2024-03-21,bovespa,ITSA4.SA,2,0.27193497234326813
2024-03-21,bovespa,ITUB4.SA,2,0.27193497234326813
2024-03-21,bovespa,LREN3.SA,2,0.27193497234326813
2024-03-21,bovespa,MRVE3.SA,2,0.27193497234326813
2024-03-21,bovespa,MULT3.SA,0,0.27193497234326813
2024-03-21,bovespa,PETR3.SA,1,0.27193497234326813
2024-03-21,bovespa,PETR4.SA,1,0.27193497234326813
2024-03-21,bovespa,PSSA3.SA,0,0.27193497234326813
2024-03-21,bovespa,RADL3.SA,2,0.27193497234326813
2024-03-21,bovespa,RENT3.SA,3,0.27193497234326813
2024-03-21,bovespa,SANB11.SA,2,0.27193497234326813
2024-03-21,bovespa,SBSP3.SA,0,0.27193497234326813
2024-03-21,bovespa,SMTO3.SA,3,0.27193497234326813
2024-03-21,bovespa,SUZB3.SA,2,0.27193497234326813
2024-03-21,bovespa,TOTS3.SA,2,0.27193497234326813
2024-03-21,bovespa,UGPA3.SA,2,0.27193497234326813
2024-03-21,bovespa,USIM5.SA,0,0.27193497234326813
2024-03-21,bovespa,VALE3.SA,0,0.27193497234326813
2024-03-21,bovespa,WEGE3.SA,3,0.27193497234326813
2024-03-21,bovespa,YDUQ3.SA,2,0.27193497234326813
2024-04-22,bovespa,ABEV3.SA,2,0.14675313138491605
2024-04-22,bovespa,B3SA3.SA,4,0.14675313138491605
2024-04-22,bovespa,BBAS3.SA,2,0.14675313138491605
2024-04-22,bovespa,BBDC3.SA,2,0.14675313138491605
2024-04-22,bovespa,BBDC4.SA,2,0.14675313138491605
2024-04-22,bovespa,BEEF3.SA,4,0.14675313138491605
2024-04-22,bovespa,CMIG4.SA,4,0.14675313138491605
2024-04-22,bovespa,CSAN3.SA,0,0.14675313138491605
2024-04-22,bovespa,CSNA3.SA,0,0.14675313138491605
2024-04-22,bovespa,CYRE3.SA,4,0.14675313138491605
2024-04-22,bovespa,DXCO3.SA,3,0.14675313138491605
2024-04-22,bovespa,ENEV3.SA,3,0.14675313138491605
2024-04-22,bovespa,EZTC3.SA,4,0.14675313138491605
2024-04-22,bovespa,FLRY3.SA,4,0.14675313138491605
2024-04-22,bovespa,GGBR4.SA,3,0.14675313138491605
2024-04-22,bovespa,ITSA4.SA,2,0.14675313138491605
2024-04-22,bovespa,ITUB4.SA,2,0.14675313138491605
2024-04-22,bovespa,LREN3.SA,4,0.14675313138491605
2024-04-22,bovespa,MRVE3.SA,4,0.14675313138491605
2024-04-22,bovespa,MULT3.SA,4,0.14675313138491605
2024-04-22,bovespa,PETR3.SA,1,0.14675313138491605
2024-04-22,bovespa,PETR4.SA,1,0.14675313138491605
2024-04-22,bovespa,PSSA3.SA,4,0.14675313138491605
2024-04-22,bovespa,RADL3.SA,2,0.14675313138491605
2024-04-22,bovespa,RENT3.SA,4,0.14675313138491605
2024-04-22,bovespa,SANB11.SA,0,0.14675313138491605
2024-04-22,bovespa,SBSP3.SA,0,0.14675313138491605
2024-04-22,bovespa,SMTO3.SA,3,0.14675313138491605
2024-04-22,bovespa,SUZB3.SA,2,0.14675313138491605
2024-04-22,bovespa,TOTS3.SA,4,0.14675313138491605
2024-04-22,bovespa,UGPA3.SA,0,0.14675313138491605
2024-04-22,bovespa,USIM5.SA,0,0.14675313138491605
2024-04-22,bovespa,VALE3.SA,0,0.14675313138491605
2024-04-22,bovespa,WEGE3.SA,4,0.14675313138491605
2024-04-22,bovespa,YDUQ3.SA,4,0.14675313138491605
2024-05-22,bovespa,ABEV3.SA,2,0.283366032133199
2024-05-22,bovespa,B3SA3.SA,0,0.283366032133199
2024-05-22,bovespa,BBAS3.SA,1,0.283366032133199
2024-05-22,bovespa,BBDC3.SA,2,0.283366032133199
2024-05-22,bovespa,BBDC4.SA,2,0.283366032133199
2024-05-22,bovespa,BEEF3.SA,3,0.283366032133199
2024-05-22,bovespa,CMIG4.SA,3,0.283366032133199
2024-05-22,bovespa,CSAN3.SA,2,0.283366032133199
2024-05-22,bovespa,CSNA3.SA,0,0.283366032133199
2024-05-22,bovespa,CYRE3.SA,3,0.283366032133199
2024-05-22,bovespa,DXCO3.SA,3,0.283366032133199
2024-05-22,bovespa,ENEV3.SA,0,0.283366032133199
2024-05-22,bovespa,EZTC3.SA,3,0.283366032133199
2024-05-22,bovespa,FLRY3.SA,3,0.283366032133199
2024-05-22,bovespa,GGBR4.SA,3,0.283366032133199
2024-05-22,bovespa,ITSA4.SA,2,0.283366032133199
2024-05-22,bovespa,ITUB4.SA,2,0.283366032133199
2024-05-22,bovespa,LREN3.SA,3,0.283366032133199
2024-05-22,bovespa,MRVE3.SA,3,0.283366032133199
2024-05-22,bovespa,MULT3.SA,4,0.283366032133199
2024-05-22,bovespa,PETR3.SA,1,0.283366032133199
2024-05-22,bovespa,PETR4.SA,1,0.283366032133199
2024-05-22,bovespa,PSSA3.SA,2,0.283366032133199
2024-05-22,bovespa,RADL3.SA,0,0.283366032133199
2024-05-22,bovespa,RENT3.SA,4,0.283366032133199
2024-05-22,bovespa,SANB11.SA,2,0.283366032133199
2024-05-22,bovespa,SBSP3.SA,2,0.283366032133199
2024-05-22,bovespa,SMTO3.SA,0,0.283366032133199
2024-05-22,bovespa,SUZB3.SA,3,0.283366032133199
2024-05-22,bovespa,TOTS3.SA,3,0.283366032133199
2024-05-22,bovespa,UGPA3.SA,2,0.283366032133199
2024-05-22,bovespa,USIM5.SA,0,0.283366032133199
2024-05-22,bovespa,VALE3.SA,0,0.283366032133199
2024-05-22,bovespa,WEGE3.SA,3,0.283366032133199
2024-05-22,bovespa,YDUQ3.SA,3,0.283366032133199
2024-06-21,bovespa,ABEV3.SA,2,0.08970185058259082
2024-06-21,bovespa,B3SA3.SA,3,0.08970185058259082
2024-06-21,bovespa,BBAS3.SA,2,0.08970185058259082
2024-06-21,bovespa,BBDC3.SA,2,0.08970185058259082
2024-06-21,bovespa,BBDC4.SA,2,0.08970185058259082
2024-06-21,bovespa,BEEF3.SA,2,0.08970185058259082
2024-06-21,bovespa,CMIG4.SA,2,0.08970185058259082
2024-06-21,bovespa,CSAN3.SA,2,0.08970185058259082
2024-06-21,bovespa,CSNA3.SA,0,0.08970185058259082
2024-06-21,bovespa,CYRE3.SA,2,0.08970185058259082
2024-06-21,bovespa,DXCO3.SA,0,0.08970185058259082
2024-06-21,bovespa,ENEV3.SA,2,0.08970185058259082
2024-06-21,bovespa,EZTC3.SA,2,0.08970185058259082
2024-06-21,bovespa,FLRY3.SA,2,0.08970185058259082
2024-06-21,bovespa,GGBR4.SA,0,0.08970185058259082
2024-06-21,bovespa,ITSA4.SA,2,0.08970185058259082
2024-06-21,bovespa,ITUB4.SA,2,0.08970185058259082
2024-06-21,bovespa,LREN3.SA,0,0.08970185058259082
2024-06-21,bovespa,MRVE3.SA,2,0.08970185058259082
2024-06-21,bovespa,MULT3.SA,2,0.08970185058259082
2024-06-21,bovespa,PETR3.SA,0,0.08970185058259082
2024-06-21,bovespa,PETR4.SA,0,0.08970185058259082
2024-06-21,bovespa,PSSA3.SA,1,0.08970185058259082
2024-06-21,bovespa,RADL3.SA,1,0.08970185058259082
2024-06-21,bovespa,RENT3.SA,1,0.08970185058259082
2024-06-21,bovespa,SANB11.SA,2,0.08970185058259082
2024-06-21,bovespa,SBSP3.SA,2,0.08970185058259082
2024-06-21,bovespa,SMTO3.SA,2,0.08970185058259082
2024-06-21,bovespa,SUZB3.SA,0,0.08970185058259082
2024-06-21,bovespa,TOTS3.SA,2,0.08970185058259082
2024-06-21,bovespa,UGPA3.SA,2,0.08970185058259082
2024-06-21,bovespa,USIM5.SA,0,0.08970185058259082
2024-06-21,bovespa,VALE3.SA,0,0.08970185058259082
2024-06-21,bovespa,WEGE3.SA,1,0.08970185058259082
2024-06-21,bovespa,YDUQ3.SA,2,0.08970185058259082
2024-07-22,bovespa,ABEV3.SA,2,0.4368010128719139
2024-07-22,bovespa,B3SA3.SA,3,0.4368010128719139
2024-07-22,bovespa,BBAS3.SA,2,0.4368010128719139
2024-07-22,bovespa,BBDC3.SA,2,0.4368010128719139
2024-07-22,bovespa,BBDC4.SA,2,0.4368010128719139
2024-07-22,bovespa,BEEF3.SA,3,0.4368010128719139
2024-07-22,bovespa,CMIG4.SA,3,0.4368010128719139
2024-07-22,bovespa,CSAN3.SA,3,0.4368010128719139
2024-07-22,bovespa,CSNA3.SA,0,0.4368010128719139
2024-07-22,bovespa,CYRE3.SA,2,0.4368010128719139
2024-07-22,bovespa,DXCO3.SA,0,0.4368010128719139
2024-07-22,bovespa,ENEV3.SA,3,0.4368010128719139
2024-07-22,bovespa,EZTC3.SA,2,0.4368010128719139
2024-07-22,bovespa,FLRY3.SA,3,0.4368010128719139
2024-07-22,bovespa,GGBR4.SA,0,0.4368010128719139
2024-07-22,bovespa,ITSA4.SA,2,0.4368010128719139
2024-07-22,bovespa,ITUB4.SA,2,0.4368010128719139
2024-07-22,bovespa,LREN3.SA,1,0.4368010128719139
2024-07-22,bovespa,MRVE3.SA,2,0.4368010128719139
2024-07-22,bovespa,MULT3.SA,2,0.4368010128719139
2024-07-22,bovespa,PETR3.SA,0,0.4368010128719139
2024-07-22,bovespa,PETR4.SA,0,0.4368010128719139
2024-07-22,bovespa,PSSA3.SA,2,0.4368010128719139
2024-07-22,bovespa,RADL3.SA,3,0.4368010128719139
2024-07-22,bovespa,RENT3.SA,1,0.4368010128719139
2024-07-22,bovespa,SANB11.SA,2,0.4368010128719139
2024-07-22,bovespa,SBSP3.SA,3,0.4368010128719139
2024-07-22,bovespa,SMTO3.SA,3,0.4368010128719139
2024-07-22,bovespa,SUZB3.SA,0,0.4368010128719139
2024-07-22,bovespa,TOTS3.SA,2,0.4368010128719139
2024-07-22,bovespa,UGPA3.SA,3,0.4368010128719139
2024-07-22,bovespa,USIM5.SA,0,0.4368010128719139
2024-07-22,bovespa,VALE3.SA,0,0.4368010128719139
2024-07-22,bovespa,WEGE3.SA,3,0.4368010128719139
2024-07-22,bovespa,YDUQ3.SA,2,0.4368010128719139
2024-08-20,bovespa,ABEV3.SA,2,0.3184939091915836
2024-08-20,bovespa,B3SA3.SA,4,0.3184939091915836
2024-08-20,bovespa,BBAS3.SA,2,0.3184939091915836
2024-08-20,bovespa,BBDC3.SA,2,0.3184939091915836
2024-08-20,bovespa,BBDC4.SA,2,0.3184939091915836
2024-08-20,bovespa,BEEF3.SA,0,0.3184939091915836
2024-08-20,bovespa,CMIG4.SA,2,0.3184939091915836
2024-08-20,bovespa,CSAN3.SA,0,0.3184939091915836
2024-08-20,bovespa,CSNA3.SA,0,0.3184939091915836
2024-08-20,bovespa,CYRE3.SA,2,0.3184939091915836
2024-08-20,bovespa,DXCO3.SA,0,0.3184939091915836
2024-08-20,bovespa,ENEV3.SA,0,0.3184939091915836
2024-08-20,bovespa,EZTC3.SA,2,0.3184939091915836
2024-08-20,bovespa,FLRY3.SA,0,0.3184939091915836
2024-08-20,bovespa,GGBR4.SA,0,0.3184939091915836
2024-08-20,bovespa,ITSA4.SA,2,0.3184939091915836
2024-08-20,bovespa,ITUB4.SA,2,0.3184939091915836
2024-08-20,bovespa,LREN3.SA,2,0.3184939091915836
2024-08-20,bovespa,MRVE3.SA,2,0.3184939091915836
2024-08-20,bovespa,MULT3.SA,2,0.3184939091915836
2024-08-20,bovespa,PETR3.SA,0,0.3184939091915836
2024-08-20,bovespa,PETR4.SA,0,0.3184939091915836
2024-08-20,bovespa,PSSA3.SA,2,0.3184939091915836
2024-08-20,bovespa,RADL3.SA,3,0.3184939091915836
2024-08-20,bovespa,RENT3.SA,2,0.3184939091915836
2024-08-20,bovespa,SANB11.SA,4,0.3184939091915836
2024-08-20,bovespa,SBSP3.SA,2,0.3184939091915836
2024-08-20,bovespa,SMTO3.SA,4,0.3184939091915836
2024-08-20,bovespa,SUZB3.SA,0,0.3184939091915836
2024-08-20,bovespa,TOTS3.SA,0,0.3184939091915836
2024-08-20,bovespa,UGPA3.SA,2,0.3184939091915836
2024-08-20,bovespa,USIM5.SA,0,0.3184939091915836
2024-08-20,bovespa,VALE3.SA,0,0.3184939091915836
2024-08-20,bovespa,WEGE3.SA,4,0.3184939091915836
2024-08-20,bovespa,YDUQ3.SA,2,0.3184939091915836
2024-09-18,bovespa,ABEV3.SA,2,0.3504696623508505
2024-09-18,bovespa,B3SA3.SA,2,0.3504696623508505
2024-09-18,bovespa,BBAS3.SA,2,0.3504696623508505
2024-09-18,bovespa,BBDC3.SA,2,0.3504696623508505
2024-09-18,bovespa,BBDC4.SA,2,0.3504696623508505
2024-09-18,bovespa,BEEF3.SA,0,0.3504696623508505
2024-09-18,bovespa,CMIG4.SA,2,0.3504696623508505
2024-09-18,bovespa,CSAN3.SA,0,0.3504696623508505
2024-09-18,bovespa,CSNA3.SA,0,0.3504696623508505
2024-09-18,bovespa,CYRE3.SA,2,0.3504696623508505
2024-09-18,bovespa,DXCO3.SA,0,0.3504696623508505
2024-09-18,bovespa,ENEV3.SA,0,0.3504696623508505
2024-09-18,bovespa,EZTC3.SA,3,0.3504696623508505
2024-09-18,bovespa,FLRY3.SA,0,0.3504696623508505
2024-09-18,bovespa,GGBR4.SA,0,0.3504696623508505
2024-09-18,bovespa,ITSA4.SA,2,0.3504696623508505
2024-09-18,bovespa,ITUB4.SA,2,0.3504696623508505
2024-09-18,bovespa,LREN3.SA,3,0.3504696623508505
2024-09-18,bovespa,MRVE3.SA,3,0.3504696623508505
2024-09-18,bovespa,MULT3.SA,2,0.3504696623508505
2024-09-18,bovespa,PETR3.SA,1,0.3504696623508505
2024-09-18,bovespa,PETR4.SA,1,0.3504696623508505
2024-09-18,bovespa,PSSA3.SA,2,0.3504696623508505
2024-09-18,bovespa,RADL3.SA,2,0.3504696623508505
2024-09-18,bovespa,RENT3.SA,0,0.3504696623508505
2024-09-18,bovespa,SANB11.SA,2,0.3504696623508505
2024-09-18,bovespa,SBSP3.SA,1,0.3504696623508505
2024-09-18,bovespa,SMTO3.SA,1,0.3504696623508505
2024-09-18,bovespa,SUZB3.SA,0,0.3504696623508505
2024-09-18,bovespa,TOTS3.SA,0,0.3504696623508505
2024-09-18,bovespa,UGPA3.SA,0,0.3504696623508505
2024-09-18,bovespa,USIM5.SA,0,0.3504696623508505
2024-09-18,bovespa,VALE3.SA,0,0.3504696623508505
2024-09-18,bovespa,WEGE3.SA,1,0.3504696623508505
2024-09-18,bovespa,YDUQ3.SA,3,0.3504696623508505
2024-10-17,bovespa,ABEV3.SA,3,0.4949908304157383
2024-10-17,bovespa,B3SA3.SA,4,0.4949908304157383
2024-10-17,bovespa,BBAS3.SA,2,0.4949908304157383
2024-10-17,bovespa,BBDC3.SA,2,0.4949908304157383
2024-10-17,bovespa,BBDC4.SA,2,0.4949908304157383
2024-10-17,bovespa,BEEF3.SA,0,0.4949908304157383
2024-10-17,bovespa,CMIG4.SA,2,0.4949908304157383
2024-10-17,bovespa,CSAN3.SA,0,0.4949908304157383
2024-10-17,bovespa,CSNA3.SA,0,0.4949908304157383
2024-10-17,bovespa,CYRE3.SA,4,0.4949908304157383
2024-10-17,bovespa,DXCO3.SA,0,0.4949908304157383
2024-10-17,bovespa,ENEV3.SA,0,0.4949908304157383
2024-10-17,bovespa,EZTC3.SA,4,0.4949908304157383
2024-10-17,bovespa,FLRY3.SA,3,0.4949908304157383
2024-10-17,bovespa,GGBR4.SA,0,0.4949908304157383
2024-10-17,bovespa,ITSA4.SA,2,0.4949908304157383
2024-10-17,bovespa,ITUB4.SA,2,0.4949908304157383
2024-10-17,bovespa,LREN3.SA,4,0.4949908304157383
2024-10-17,bovespa,MRVE3.SA,4,0.4949908304157383
2024-10-17,bovespa,MULT3.SA,4,0.4949908304157383
2024-10-17,bovespa,PETR3.SA,1,0.4949908304157383
2024-10-17,bovespa,PETR4.SA,1,0.4949908304157383
2024-10-17,bovespa,PSSA3.SA,4,0.4949908304157383
2024-10-17,bovespa,RADL3.SA,4,0.4949908304157383
2024-10-17,bovespa,RENT3.SA,0,0.4949908304157383
2024-10-17,bovespa,SANB11.SA,2,0.4949908304157383
2024-10-17,bovespa,SBSP3.SA,3,0.4949908304157383
2024-10-17,bovespa,SMTO3.SA,1,0.4949908304157383
2024-10-17,bovespa,SUZB3.SA,0,0.4949908304157383
2024-10-17,bovespa,TOTS3.SA,1,0.4949908304157383
2024-10-17,bovespa,UGPA3.SA,3,0.4949908304157383
2024-10-17,bovespa,USIM5.SA,0,0.4949908304157383
2024-10-17,bovespa,VALE3.SA,0,0.4949908304157383
2024-10-17,bovespa,WEGE3.SA,1,0.4949908304157383
2024-10-17,bovespa,YDUQ3.SA,4,0.4949908304157383
2024-11-18,bovespa,ABEV3.SA,4,0.5063112366493071
2024-11-18,bovespa,B3SA3.SA,4,0.5063112366493071
2024-11-18,bovespa,BBAS3.SA,2,0.5063112366493071
2024-11-18,bovespa,BBDC3.SA,2,0.5063112366493071
2024-11-18,bovespa,BBDC4.SA,2,0.5063112366493071
2024-11-18,bovespa,BEEF3.SA,0,0.5063112366493071
2024-11-18,bovespa,CMIG4.SA,4,0.5063112366493071
2024-11-18,bovespa,CSAN3.SA,0,0.5063112366493071
2024-11-18,bovespa,CSNA3.SA,0,0.5063112366493071
2024-11-18,bovespa,CYRE3.SA,3,0.5063112366493071
2024-11-18,bovespa,DXCO3.SA,0,0.5063112366493071
2024-11-18,bovespa,ENEV3.SA,0,0.5063112366493071
2024-11-18,bovespa,EZTC3.SA,2,0.5063112366493071
2024-11-18,bovespa,FLRY3.SA,0,0.5063112366493071
2024-11-18,bovespa,GGBR4.SA,0,0.5063112366493071
2024-11-18,bovespa,ITSA4.SA,2,0.5063112366493071
2024-11-18,bovespa,ITUB4.SA,2,0.5063112366493071
2024-11-18,bovespa,LREN3.SA,2,0.5063112366493071
2024-11-18,bovespa,MRVE3.SA,3,0.5063112366493071
2024-11-18,bovespa,MULT3.SA,4,0.5063112366493071
2024-11-18,bovespa,PETR3.SA,1,0.5063112366493071
2024-11-18,bovespa,PETR4.SA,1,0.5063112366493071
2024-11-18,bovespa,PSSA3.SA,2,0.5063112366493071
2024-11-18,bovespa,RADL3.SA,2,0.5063112366493071
2024-11-18,bovespa,RENT3.SA,3,0.5063112366493071
2024-11-18,bovespa,SANB11.SA,2,0.5063112366493071
2024-11-18,bovespa,SBSP3.SA,4,0.5063112366493071
2024-11-18,bovespa,SMTO3.SA,1,0.5063112366493071
2024-11-18,bovespa,SUZB3.SA,0,0.5063112366493071
2024-11-18,bovespa,TOTS3.SA,1,0.5063112366493071
2024-11-18,bovespa,UGPA3.SA,3,0.5063112366493071
2024-11-18,bovespa,USIM5.SA,0,0.5063112366493071
2024-11-18,bovespa,VALE3.SA,0,0.5063112366493071
2024-11-18,bovespa,WEGE3.SA,1,0.5063112366493071
2024-11-18,bovespa,YDUQ3.SA,3,0.5063112366493071
2024-12-18,bovespa,ABEV3.SA,1,0.2548830254509205
2024-12-18,bovespa,B3SA3.SA,0,0.2548830254509205
2024-12-18,bovespa,BBAS3.SA,2,0.2548830254509205
2024-12-18,bovespa,BBDC3.SA,2,0.2548830254509205
2024-12-18,bovespa,BBDC4.SA,2,0.2548830254509205
2024-12-18,bovespa,BEEF3.SA,0,0.2548830254509205
2024-12-18,bovespa,CMIG4.SA,2,0.2548830254509205
2024-12-18,bovespa,CSAN3.SA,0,0.2548830254509205
2024-12-18,bovespa,CSNA3.SA,0,0.2548830254509205
2024-12-18,bovespa,CYRE3.SA,2,0.2548830254509205
2024-12-18,bovespa,DXCO3.SA,0,0.2548830254509205
2024-12-18,bovespa,ENEV3.SA,2,0.2548830254509205
2024-12-18,bovespa,EZTC3.SA,2,0.2548830254509205
2024-12-18,bovespa,FLRY3.SA,2,0.2548830254509205
2024-12-18,bovespa,GGBR4.SA,0,0.2548830254509205
2024-12-18,bovespa,ITSA4.SA,2,0.2548830254509205
2024-12-18,bovespa,ITUB4.SA,2,0.2548830254509205
2024-12-18,bovespa,LREN3.SA,2,0.2548830254509205
2024-12-18,bovespa,MRVE3.SA,2,0.2548830254509205
2024-12-18,bovespa,MULT3.SA,2,0.2548830254509205
2024-12-18,bovespa,PETR3.SA,0,0.2548830254509205
2024-12-18,bovespa,PETR4.SA,0,0.2548830254509205
2024-12-18,bovespa,PSSA3.SA,2,0.2548830254509205
2024-12-18,bovespa,RADL3.SA,2,0.2548830254509205
2024-12-18,bovespa,RENT3.SA,1,0.2548830254509205
2024-12-18,bovespa,SANB11.SA,2,0.2548830254509205
2024-12-18,bovespa,SBSP3.SA,2,0.2548830254509205
2024-12-18,bovespa,SMTO3.SA,2,0.2548830254509205
2024-12-18,bovespa,SUZB3.SA,0,0.2548830254509205
2024-12-18,bovespa,TOTS3.SA,2,0.2548830254509205
2024-12-18,bovespa,UGPA3.SA,1,0.2548830254509205
2024-12-18,bovespa,USIM5.SA,0,0.2548830254509205
2024-12-18,bovespa,VALE3.SA,0,0.2548830254509205
2024-12-18,bovespa,WEGE3.SA,2,0.2548830254509205
2024-12-18,bovespa,YDUQ3.SA,1,0.2548830254509205
