date,market,ari_stability
2010-03-31,sp500,1.0
2010-04-01,sp500,0.42896562809762373
2010-04-05,sp500,0.6377186180752994
2010-04-06,sp500,0.6313502519299219
2010-04-07,sp500,0.5321960489680471
2010-04-08,sp500,0.7853522137655696
2010-04-09,sp500,0.5441375909259031
2010-04-12,sp500,0.8538906512409031
2010-04-13,sp500,0.5143654572319816
2010-04-14,sp500,0.5703400592634401
2010-04-15,sp500,0.6844052671672652
2010-04-16,sp500,0.6137595297143382
2010-04-19,sp500,0.3292610603724351
2010-04-20,sp500,0.5220939689243369
2010-04-21,sp500,0.9009267856830008
2010-04-22,sp500,0.38367809577784073
2010-04-23,sp500,0.7455125648185081
2010-04-26,sp500,0.3522012578616352
2010-04-27,sp500,0.6153846153846154
2010-04-28,sp500,0.4260933300757391
2010-04-29,sp500,0.4276315789473684
2010-04-30,sp500,0.3831887017185639
2010-05-03,sp500,0.6484185570343229
2010-05-04,sp500,0.5125357507233772
2010-05-05,sp500,0.8046362191667242
2010-05-06,sp500,0.3296177152689459
2010-05-07,sp500,0.28242320819112626
2010-05-10,sp500,0.38968782883198877
2010-05-11,sp500,0.5232369828728468
2010-05-12,sp500,0.6713881019830028
2010-05-13,sp500,1.0
2010-05-14,sp500,0.7841603053435114
2010-05-17,sp500,0.5296025952960259
2010-05-18,sp500,0.4520030234315949
2010-05-19,sp500,0.6109184490090542
2010-05-20,sp500,0.5544699322072475
2010-05-21,sp500,0.28761011971990064
2010-05-24,sp500,0.2670912102347364
2010-05-25,sp500,0.39376145065063184
2010-05-26,sp500,0.17880717103464439
2010-05-27,sp500,0.7098423835169722
2010-05-28,sp500,0.5203440291101554
2010-06-01,sp500,0.5748869157312783
2010-06-02,sp500,0.570543887991384
2010-06-03,sp500,0.9211013167918163
2010-06-04,sp500,0.5647298323097095
2010-06-07,sp500,0.519769907905058
2010-06-08,sp500,0.23539589684436021
2010-06-09,sp500,0.4447989789406509
2010-06-10,sp500,1.0
2010-06-11,sp500,0.41723012908411744
2010-06-14,sp500,0.7048045602605864
2010-06-15,sp500,0.46561071890714323
2010-06-16,sp500,0.41026544833383044
2010-06-17,sp500,0.399969904446618
2010-06-18,sp500,0.4477067132201238
2010-06-21,sp500,0.5701095550033883
2010-06-22,sp500,0.5929797358712506
2010-06-23,sp500,0.6702232205531378
2010-06-24,sp500,0.5610494450050454
2010-06-25,sp500,0.448600178400964
2010-06-28,sp500,0.2243829052209283
2010-06-29,sp500,0.5186420172034761
2010-06-30,sp500,0.658159637765221
2010-07-01,sp500,0.5154416156789307
2010-07-02,sp500,0.3911826452064381
2010-07-06,sp500,0.49248942686305963
2010-07-07,sp500,0.687132707657223
2010-07-08,sp500,0.7720524017467248
2010-07-09,sp500,0.5105202312138728
2010-07-12,sp500,0.5306211723534558
2010-07-13,sp500,0.5980080090358353
2010-07-14,sp500,0.6246031099894163
2010-07-15,sp500,0.5663731516863266
2010-07-16,sp500,0.6206480177098007
2010-07-19,sp500,0.6650215268297806
2010-07-20,sp500,0.6802478210647905
2010-07-21,sp500,0.6244677582195689
2010-07-22,sp500,0.8427637981370777
2010-07-23,sp500,0.3696584356055005
2010-07-26,sp500,0.28992743583764286
2010-07-27,sp500,0.9405686038279533
2010-07-28,sp500,0.5700532700083435
2010-07-29,sp500,0.48120603015075375
2010-07-30,sp500,0.6709886547811994
2010-08-02,sp500,1.0
2010-08-03,sp500,0.20629103441822746
2010-08-04,sp500,0.583923174044458
2010-08-05,sp500,0.7616531642597159
2010-08-06,sp500,1.0
2010-08-09,sp500,0.6210501306723687
2010-08-10,sp500,0.4368288782270962
2010-08-11,sp500,0.34831460674157305
2010-08-12,sp500,0.5258703596845548
2010-08-13,sp500,0.5071568768251232
2010-08-16,sp500,0.8995489323706451
2010-08-17,sp500,0.8196367858031346
2010-08-18,sp500,0.44489956675856634
2010-08-19,sp500,0.6475537550638828
2010-08-20,sp500,0.7440566112745488
2010-08-23,sp500,0.5682799510214603
2010-08-24,sp500,0.4236614449380407
2010-08-25,sp500,0.31457684092580274
2010-08-26,sp500,0.42567785148451087
2010-08-27,sp500,0.10427841472405115
2010-08-30,sp500,0.7953519006398193
2010-08-31,sp500,0.43454397991267346
2010-09-01,sp500,0.36823145977471555
2010-09-02,sp500,0.6122889939230249
2010-09-03,sp500,0.43940520446096654
2010-09-07,sp500,0.5883224293297123
2010-09-08,sp500,0.5130627810347772
2010-09-09,sp500,0.4727588322434871
2010-09-10,sp500,0.5761152013858813
2010-09-13,sp500,0.5761152013858813
2010-09-14,sp500,0.9389769553517912
2010-09-15,sp500,0.36697975922741105
2010-09-16,sp500,0.4910632323559587
2010-09-17,sp500,0.8377306022788931
2010-09-20,sp500,0.7064022626470399
2010-09-21,sp500,0.40825910931174086
2010-09-22,sp500,0.254911838790932
2010-09-23,sp500,0.43497320993667804
2010-09-24,sp500,0.44412328475370433
2010-09-27,sp500,0.4518289630409639
2010-09-28,sp500,0.6548479970982295
2010-09-29,sp500,0.24180003169069877
2010-09-30,sp500,0.27282934131736525
2010-10-01,sp500,0.4891148668003437
2010-10-04,sp500,0.5679068087411956
2010-10-05,sp500,0.47885322634570376
2010-10-06,sp500,0.4392026860470058
2010-10-07,sp500,0.8315674610158752
2010-10-08,sp500,0.7755980367591787
2010-10-11,sp500,0.5578269708606279
2010-10-12,sp500,0.5703736343883428
2010-10-13,sp500,1.0
2010-10-14,sp500,0.3011294151499892
2010-10-15,sp500,0.3429400036251586
2010-10-18,sp500,0.538821328344247
2010-10-19,sp500,0.18223129877331315
2010-10-20,sp500,0.18328449918925838
2010-10-21,sp500,0.588119696292988
2010-10-22,sp500,0.6190774042220485
2010-10-25,sp500,0.42700036760200955
2010-10-26,sp500,0.45302049333832733
2010-10-27,sp500,0.314455656948222
2010-10-28,sp500,0.3520481237467774
2010-10-29,sp500,0.5142059451469864
2010-11-01,sp500,0.6365282178045468
2010-11-02,sp500,0.3370229536462583
2010-11-03,sp500,0.639646549872672
2010-11-04,sp500,0.32742440041710114
2010-11-05,sp500,0.28421052631578947
2010-11-08,sp500,0.45165257494235206
2010-11-09,sp500,0.2585953570379077
2010-11-10,sp500,0.4075721808607227
2010-11-11,sp500,0.6107125566656397
2010-11-12,sp500,0.42738043001316367
2010-11-15,sp500,1.0
2010-11-16,sp500,0.2548865801143004
2010-11-17,sp500,0.4113492051690038
2010-11-18,sp500,0.5175135430564709
2010-11-19,sp500,0.6556863537614308
2010-11-22,sp500,0.4705528587997766
2010-11-23,sp500,0.5169773829700193
2010-11-24,sp500,0.5321165675103358
2010-11-26,sp500,0.13148075412411625
2010-11-29,sp500,0.13171140939597314
2010-11-30,sp500,0.6499567847882455
2010-12-01,sp500,0.2919153553988063
2010-12-02,sp500,0.2119104669510841
2010-12-03,sp500,0.35850362656875434
2010-12-06,sp500,0.47141299267798725
2010-12-07,sp500,0.6259673258813414
2010-12-08,sp500,0.5361746166149215
2010-12-09,sp500,0.6093264248704663
2010-12-10,sp500,0.3626155426223896
2010-12-13,sp500,0.7349494032329363
2010-12-14,sp500,0.3440097957079332
2010-12-15,sp500,0.5407016348773842
2010-12-16,sp500,0.2589230855163939
2010-12-17,sp500,0.30611385475288083
2010-12-20,sp500,0.35900870730073675
2010-12-21,sp500,0.38777561825614904
2010-12-22,sp500,0.381124599449534
2010-12-23,sp500,0.4430677735100979
2010-12-27,sp500,0.5054487979369436
2010-12-28,sp500,1.0
2010-12-29,sp500,0.6902129679869777
2010-12-30,sp500,0.6588617521846292
2010-12-31,sp500,0.4577903682719547
2011-01-03,sp500,0.4378357337485403
2011-01-04,sp500,0.7257452018239667
2011-01-05,sp500,0.6933380331335918
2011-01-06,sp500,0.30351245872110477
2011-01-07,sp500,0.5205645161290322
2011-01-10,sp500,0.6005401755570561
2011-01-11,sp500,0.4554164537557486
2011-01-12,sp500,0.258000458260139
2011-01-13,sp500,0.5359787876017189
2011-01-14,sp500,0.2796096406920006
2011-01-18,sp500,0.3007144679765246
2011-01-19,sp500,0.30118041489138786
2011-01-20,sp500,0.44021895707288966
2011-01-21,sp500,0.6875673346261582
2011-01-24,sp500,0.2228357966542147
2011-01-25,sp500,0.47433405138443757
2011-01-26,sp500,0.333011528195809
2011-01-27,sp500,0.5731655290102389
2011-01-28,sp500,0.37476359785157726
2011-01-31,sp500,0.37397946475520993
2011-02-01,sp500,0.47876981688583015
2011-02-02,sp500,0.37393693575821013
2011-02-03,sp500,0.6662598081952921
2011-02-04,sp500,0.31508182220256525
2011-02-07,sp500,0.6285346008217192
2011-02-08,sp500,0.4213828585769858
2011-02-09,sp500,0.24961838692463298
2011-02-10,sp500,0.4171802626038357
2011-02-11,sp500,0.3753048284831735
2011-02-14,sp500,0.4481271210631482
2011-02-15,sp500,0.2795866317776821
2011-02-16,sp500,0.6099731015932133
2011-02-17,sp500,0.3783729258082413
2011-02-18,sp500,0.6208077811252657
2011-02-22,sp500,0.3069126370145701
2011-02-23,sp500,0.7573798260654011
2011-02-24,sp500,0.8594720939513141
2011-02-25,sp500,0.512794003618506
2011-02-28,sp500,0.45517757655154545
2011-03-01,sp500,0.5242001640689089
2011-03-02,sp500,1.0
2011-03-03,sp500,0.850669412976313
2011-03-04,sp500,0.850669412976313
2011-03-07,sp500,0.6368454773137632
2011-03-08,sp500,0.38133333333333336
2011-03-09,sp500,0.17971428571428572
2011-03-10,sp500,0.3219213671266093
2011-03-11,sp500,0.38224267211997276
2011-03-14,sp500,0.15881461774378303
2011-03-15,sp500,0.4414454547836797
2011-03-16,sp500,0.3206298604067043
2011-03-17,sp500,0.4090247452692867
2011-03-18,sp500,0.1660952914013853
2011-03-21,sp500,0.6843693114553764
2011-03-22,sp500,0.49188113728258775
2011-03-23,sp500,0.40896739130434784
2011-03-24,sp500,0.4729761623790418
2011-03-25,sp500,0.5480096070315295
2011-03-28,sp500,0.3947699270807141
2011-03-29,sp500,0.7070707070707071
2011-03-30,sp500,0.337149117835959
2011-03-31,sp500,0.2569037348375917
2011-04-01,sp500,0.3089193658204455
2011-04-04,sp500,0.4688822358627841
2011-04-05,sp500,0.45409511228533683
2011-04-06,sp500,0.6490756302521008
2011-04-07,sp500,0.5079767029627754
2011-04-08,sp500,0.3575818207803344
2011-04-11,sp500,0.8722466960352423
2011-04-12,sp500,0.2280917280917281
2011-04-13,sp500,0.5042517752257386
2011-04-14,sp500,0.39415041782729804
2011-04-15,sp500,0.5613592820409398
2011-04-18,sp500,0.6164359403932633
2011-04-19,sp500,0.5054747801112907
2011-04-20,sp500,0.7216
2011-04-21,sp500,0.5115508513575702
2011-04-25,sp500,0.6297012846308621
2011-04-26,sp500,0.3125770206596593
2011-04-27,sp500,0.9323834196891192
2011-04-28,sp500,0.25821217016693593
2011-04-29,sp500,0.6636771300448431
2011-05-02,sp500,0.49936628643852976
2011-05-03,sp500,0.32422553230375584
2011-05-04,sp500,0.7212878423834694
2011-05-05,sp500,0.4808682031774446
2011-05-06,sp500,0.5421490766433834
2011-05-09,sp500,0.5030097368824924
2011-05-10,sp500,0.4954610828449036
2011-05-11,sp500,0.6946511301417941
2011-05-12,sp500,0.6406938325991189
2011-05-13,sp500,0.2676342525399129
2011-05-16,sp500,0.25250596658711216
2011-05-17,sp500,0.6379525593008739
2011-05-18,sp500,0.26735627610901136
2011-05-19,sp500,0.5036652651651323
2011-05-20,sp500,0.9247600103779297
2011-05-23,sp500,0.9247600103779297
2011-05-24,sp500,0.5355045381740523
2011-05-25,sp500,0.88623067710986
2011-05-26,sp500,0.4506067761243205
2011-05-27,sp500,0.441678135679713
2011-05-31,sp500,0.8027898866608544
2011-06-01,sp500,0.5683206106870229
2011-06-02,sp500,0.6797078665101192
2011-06-03,sp500,0.6845768979769414
2011-06-06,sp500,0.687995469988675
2011-06-07,sp500,0.3304258594150847
2011-06-08,sp500,0.1898015750802939
2011-06-09,sp500,0.30377031598052967
2011-06-10,sp500,0.44979748454487317
2011-06-13,sp500,0.4365430947384783
2011-06-14,sp500,0.3153649419634074
2011-06-15,sp500,0.6323156506745106
2011-06-16,sp500,0.7544453852667231
2011-06-17,sp500,0.5868945868945868
2011-06-20,sp500,0.5384536400041072
2011-06-21,sp500,0.426280224700806
2011-06-22,sp500,0.6588704684597922
2011-06-23,sp500,0.5796767660723504
2011-06-24,sp500,0.5292644467118078
2011-06-27,sp500,0.6986931826927517
2011-06-28,sp500,0.26953084633667457
2011-06-29,sp500,0.2825795270308045
2011-06-30,sp500,0.6412826286910464
2011-07-01,sp500,0.4648548901191075
2011-07-05,sp500,0.4180751717218492
2011-07-06,sp500,0.46069377324595806
2011-07-07,sp500,1.0
2011-07-08,sp500,0.5715212377474534
2011-07-11,sp500,0.3531764343947085
2011-07-12,sp500,0.5579268292682927
2011-07-13,sp500,0.7598636142230881
2011-07-14,sp500,0.25923500130992927
2011-07-15,sp500,0.6519466811937148
2011-07-18,sp500,0.3140251337159207
2011-07-19,sp500,0.5030813166992334
2011-07-20,sp500,0.7045123726346434
2011-07-21,sp500,0.47954877134855833
2011-07-22,sp500,0.37088924380949984
2011-07-25,sp500,0.5345209567301171
2011-07-26,sp500,0.375721936364591
2011-07-27,sp500,0.4422406539247506
2011-07-28,sp500,0.6424797463895738
2011-07-29,sp500,0.4480064115407734
2011-08-01,sp500,0.32546187585840236
2011-08-02,sp500,0.8167163433779123
2011-08-03,sp500,0.9333060765574692
2011-08-04,sp500,0.18801968437128797
2011-08-05,sp500,0.23436086733321926
2011-08-08,sp500,0.42282666938838
2011-08-09,sp500,0.1446486007839256
2011-08-10,sp500,0.27503606785732054
2011-08-11,sp500,0.4732885370234848
2011-08-12,sp500,0.4628908871292444
2011-08-15,sp500,0.888817891373802
2011-08-16,sp500,0.5300472653612424
2011-08-17,sp500,0.558605437752049
2011-08-18,sp500,0.7930904994367255
2011-08-19,sp500,0.6937967443906731
2011-08-22,sp500,0.6921346900901184
2011-08-23,sp500,0.4249872393890612
2011-08-24,sp500,0.5969258441664622
2011-08-25,sp500,0.9036643328052333
2011-08-26,sp500,0.8082075631677124
2011-08-29,sp500,0.5432271613580679
2011-08-30,sp500,0.4846262341325811
2011-08-31,sp500,0.6532759445241512
2011-09-01,sp500,0.5133623368551895
2011-09-02,sp500,0.5841962721045085
2011-09-06,sp500,0.5841962721045085
2011-09-07,sp500,0.7125550660792952
2011-09-08,sp500,0.34975985100960594
2011-09-09,sp500,0.32271332961517013
2011-09-12,sp500,0.6141159713632445
2011-09-13,sp500,0.902269152999326
2011-09-14,sp500,0.6488564289832789
2011-09-15,sp500,0.4946187138534605
2011-09-16,sp500,0.7143624641833811
2011-09-19,sp500,0.9077999152183128
2011-09-20,sp500,1.0
2011-09-21,sp500,1.0
2011-09-22,sp500,0.6140305684355143
2011-09-23,sp500,0.39725490196078433
2011-09-26,sp500,0.4653631284916201
2011-09-27,sp500,0.6741398683717695
2011-09-28,sp500,1.0
2011-09-29,sp500,0.415404429263376
2011-09-30,sp500,1.0
2011-10-03,sp500,0.7046063304032897
2011-10-04,sp500,0.5801505666933238
2011-10-05,sp500,0.6626038781163435
2011-10-06,sp500,1.0
2011-10-07,sp500,0.7437209302325581
2011-10-10,sp500,0.800385462555066
2011-10-11,sp500,1.0
2011-10-12,sp500,0.6606634106634106
2011-10-13,sp500,0.8331764459784541
2011-10-14,sp500,0.536741214057508
2011-10-17,sp500,0.19299010147544046
2011-10-18,sp500,0.4934593572778828
2011-10-19,sp500,0.4587541407449301
2011-10-20,sp500,0.5400602837439046
2011-10-21,sp500,0.33184045012853886
2011-10-24,sp500,0.5269919868845877
2011-10-25,sp500,0.8955448476795748
2011-10-26,sp500,0.5784414965446024
2011-10-27,sp500,0.8429737859905457
2011-10-28,sp500,0.7922158337019019
2011-10-31,sp500,0.898965535723857
2011-11-01,sp500,0.613602131850307
2011-11-02,sp500,0.5073234407693932
2011-11-03,sp500,0.9145092994586482
2011-11-04,sp500,0.4203000799586097
2011-11-07,sp500,0.6143490395665736
2011-11-08,sp500,0.7000492529962239
2011-11-09,sp500,0.39559609750203883
2011-11-10,sp500,0.7331288343558282
2011-11-11,sp500,0.5497055149027307
2011-11-14,sp500,0.9377197308346987
2011-11-15,sp500,0.6869490122701594
2011-11-16,sp500,0.8495200207558592
2011-11-17,sp500,0.7587148525835218
2011-11-18,sp500,0.508349132273589
2011-11-21,sp500,0.9275434739156506
2011-11-22,sp500,1.0
2011-11-23,sp500,0.5331425359022844
2011-11-25,sp500,0.7016410994195091
2011-11-28,sp500,1.0
2011-11-29,sp500,1.0
2011-11-30,sp500,0.7124072577683097
2011-12-01,sp500,1.0
2011-12-02,sp500,0.8892462311557789
2011-12-05,sp500,0.6624888093106536
2011-12-06,sp500,0.9043395396569418
2011-12-07,sp500,0.9127636688483346
2011-12-08,sp500,0.5840678877700421
2011-12-09,sp500,0.5463164881008817
2011-12-12,sp500,0.6796465064899199
2011-12-13,sp500,0.9226666666666666
2011-12-14,sp500,0.5644645055395978
2011-12-15,sp500,0.7524359748210744
2011-12-16,sp500,0.7426891936855337
2011-12-19,sp500,1.0
2011-12-20,sp500,0.6199469068181055
2011-12-21,sp500,0.8727619810028172
2011-12-22,sp500,0.7255842612561066
2011-12-23,sp500,0.594153319856943
2011-12-27,sp500,0.4906665948884971
2011-12-28,sp500,0.52442886224836
2011-12-29,sp500,0.48128783709411116
2011-12-30,sp500,0.7776755596442809
2012-01-03,sp500,0.11866859623733719
2012-01-04,sp500,0.2865412445730825
2012-01-05,sp500,0.49986123775918806
2012-01-06,sp500,0.31673288367365793
2012-01-09,sp500,0.4988404279195033
2012-01-10,sp500,0.3088655862726406
2012-01-11,sp500,0.45359385903698535
2012-01-12,sp500,0.25572868927589365
2012-01-13,sp500,0.42689443844092784
2012-01-17,sp500,0.28400764574705323
2012-01-18,sp500,0.47848195460746623
2012-01-19,sp500,0.31190969822621517
2012-01-20,sp500,0.6371055495103374
2012-01-23,sp500,0.48939189544315775
2012-01-24,sp500,0.2971832220733189
2012-01-25,sp500,0.23937051352843733
2012-01-26,sp500,0.6210850657201918
2012-01-27,sp500,0.47958616273779636
2012-01-30,sp500,0.7313425361798728
2012-01-31,sp500,0.507655547520986
2012-02-01,sp500,0.6253816644484459
2012-02-02,sp500,0.8203886950950381
2012-02-03,sp500,0.6415918266457938
2012-02-06,sp500,0.6507827283674522
2012-02-07,sp500,0.5227646736149204
2012-02-08,sp500,0.4344031205345074
2012-02-09,sp500,0.84375
2012-02-10,sp500,1.0
2012-02-13,sp500,1.0
2012-02-14,sp500,0.84375
2012-02-15,sp500,0.5450125955716622
2012-02-16,sp500,0.521058945327264
2012-02-17,sp500,0.5098008094595667
2012-02-21,sp500,0.8194753223654958
2012-02-22,sp500,0.6926338102808691
2012-02-23,sp500,0.8582995951417004
2012-02-24,sp500,0.6753246753246753
2012-02-27,sp500,0.4402238794399913
2012-02-28,sp500,0.22369786262710106
2012-02-29,sp500,0.21054870267971076
2012-03-01,sp500,0.16050634567578176
2012-03-02,sp500,0.22739773117909934
2012-03-05,sp500,0.3340704201394795
2012-03-06,sp500,0.417839186891887
2012-03-07,sp500,0.4572984008166043
2012-03-08,sp500,0.3139031511124534
2012-03-09,sp500,0.5248660272382838
2012-03-12,sp500,0.7949229374433363
2012-03-13,sp500,0.42282176028306057
2012-03-14,sp500,0.574127042021001
2012-03-15,sp500,0.28683848121188277
2012-03-16,sp500,0.6706531312288508
2012-03-19,sp500,0.2533470648815654
2012-03-20,sp500,0.17617103657253483
2012-03-21,sp500,0.4157466355064872
2012-03-22,sp500,0.759825327510917
2012-03-23,sp500,0.566813509544787
2012-03-26,sp500,0.47834015080577597
2012-03-27,sp500,0.5407759303246239
2012-03-28,sp500,0.3896303901437372
2012-03-29,sp500,0.469327291739282
2012-03-30,sp500,0.5865746770389665
2012-04-02,sp500,0.6026766212620627
2012-04-03,sp500,0.9140570976983108
2012-04-04,sp500,0.8097205346294046
2012-04-05,sp500,1.0
2012-04-09,sp500,0.7918660287081339
2012-04-10,sp500,0.431494376004285
2012-04-11,sp500,0.4800796812749004
2012-04-12,sp500,0.489172812250458
2012-04-13,sp500,0.363832898836396
2012-04-16,sp500,0.40654843110504774
2012-04-17,sp500,0.5111601953034178
2012-04-18,sp500,0.729765708200213
2012-04-19,sp500,0.45433367182366646
2012-04-20,sp500,0.42170057001329425
2012-04-23,sp500,0.43215953949955177
2012-04-24,sp500,0.4458424421622132
2012-04-25,sp500,0.6813186813186813
2012-04-26,sp500,0.6139635968486824
2012-04-27,sp500,0.6051242149724892
2012-04-30,sp500,0.6471369049813798
2012-05-01,sp500,1.0
2012-05-02,sp500,1.0
2012-05-03,sp500,1.0
2012-05-04,sp500,1.0
2012-05-07,sp500,0.6974263853466265
2012-05-08,sp500,0.4851055434997041
2012-05-09,sp500,0.45010293639614257
2012-05-10,sp500,0.564159450368568
2012-05-11,sp500,0.5559714188499489
2012-05-14,sp500,0.3393900412713727
2012-05-15,sp500,0.705174692466705
2012-05-16,sp500,0.6516346034062395
2012-05-17,sp500,0.37507088578881703
2012-05-18,sp500,0.7106778404879995
2012-05-21,sp500,0.6649131047440112
2012-05-22,sp500,0.7398130841121495
2012-05-23,sp500,0.9201264918902377
2012-05-24,sp500,0.555366269165247
2012-05-25,sp500,0.41657392346545674
2012-05-29,sp500,0.784957627118644
2012-05-30,sp500,0.5833760903027193
2012-05-31,sp500,0.5422979797979798
2012-06-01,sp500,0.6308833883984185
2012-06-04,sp500,0.6156111929307806
2012-06-05,sp500,0.7535969185453721
2012-06-06,sp500,0.47374356660993666
2012-06-07,sp500,0.6568588782835055
2012-06-08,sp500,0.517224120296825
2012-06-11,sp500,0.4887290588544865
2012-06-12,sp500,0.7720524017467248
2012-06-13,sp500,1.0
2012-06-14,sp500,0.7083297515688128
2012-06-15,sp500,1.0
2012-06-18,sp500,0.5228872506143529
2012-06-19,sp500,0.49279071751557035
2012-06-20,sp500,0.7078105268814315
2012-06-21,sp500,0.9229115225121983
2012-06-22,sp500,0.26065252273132467
2012-06-25,sp500,0.45893201801415395
2012-06-26,sp500,1.0
2012-06-27,sp500,0.6457780138077536
2012-06-28,sp500,0.717486604968339
2012-06-29,sp500,1.0
2012-07-02,sp500,0.6193670701472948
2012-07-03,sp500,0.4015661928110339
2012-07-05,sp500,0.4793536804308797
2012-07-06,sp500,0.7347560975609756
2012-07-09,sp500,0.6201511335012595
2012-07-10,sp500,0.4695910780669145
2012-07-11,sp500,0.17720492866407264
2012-07-12,sp500,0.5576716959353615
2012-07-13,sp500,0.4542988009452402
2012-07-16,sp500,0.5260577446885781
2012-07-17,sp500,0.6551040634291377
2012-07-18,sp500,0.5006323572331939
2012-07-19,sp500,0.3107938300158438
2012-07-20,sp500,0.5279435702658709
2012-07-23,sp500,0.6084727921770835
2012-07-24,sp500,0.7970196432603296
2012-07-25,sp500,0.7308584686774942
2012-07-26,sp500,0.4594551537358611
2012-07-27,sp500,0.38435429530453513
2012-07-30,sp500,0.5799156530774403
2012-07-31,sp500,0.7622775275090466
2012-08-01,sp500,0.6905836555746673
2012-08-02,sp500,0.6069649172625655
2012-08-03,sp500,0.6158940397350994
2012-08-06,sp500,0.4765821338816541
2012-08-07,sp500,0.6420958151015371
2012-08-08,sp500,0.34754077870133115
2012-08-09,sp500,0.3051571260920589
2012-08-10,sp500,0.8588578844905905
2012-08-13,sp500,0.8569340398319021
2012-08-14,sp500,0.9350692428891284
2012-08-15,sp500,0.8102212527267061
2012-08-16,sp500,0.2112970711297071
2012-08-17,sp500,0.583732057416268
2012-08-20,sp500,0.37583348807373523
2012-08-21,sp500,0.37708830548926014
2012-08-22,sp500,0.2732696897374702
2012-08-23,sp500,0.3794094080400242
2012-08-24,sp500,0.5980342741935484
2012-08-27,sp500,0.33602883865939204
2012-08-28,sp500,0.5774212540476892
2012-08-29,sp500,1.0
2012-08-30,sp500,0.6791870337020839
2012-08-31,sp500,0.7435249526216046
2012-09-04,sp500,0.7435249526216046
2012-09-05,sp500,1.0
2012-09-06,sp500,0.5900248812485863
2012-09-07,sp500,0.6634458332616956
2012-09-10,sp500,0.5063210958325636
2012-09-11,sp500,0.4144738578479242
2012-09-12,sp500,0.4763584446124129
2012-09-13,sp500,0.6451476793248945
2012-09-14,sp500,0.8196891191709844
2012-09-17,sp500,0.9255570387103399
2012-09-18,sp500,0.6143939520647611
2012-09-19,sp500,0.4859141433499425
2012-09-20,sp500,0.6991541203383519
2012-09-21,sp500,0.6638503941064345
2012-09-24,sp500,0.2752542967379867
2012-09-25,sp500,0.3875716137665705
2012-09-26,sp500,0.4977859616817923
2012-09-27,sp500,0.38857653973933043
2012-09-28,sp500,0.538006372325899
2012-10-01,sp500,0.7435278983759447
2012-10-02,sp500,0.6157027123550309
2012-10-03,sp500,0.8941477065336416
2012-10-04,sp500,0.5285432546239539
2012-10-05,sp500,0.5764788826965689
2012-10-08,sp500,0.5764788826965689
2012-10-09,sp500,0.6854762653253694
2012-10-10,sp500,0.7193117222307575
2012-10-11,sp500,0.4579909468006246
2012-10-12,sp500,0.7881149537262543
2012-10-15,sp500,0.47713280562884786
2012-10-16,sp500,0.4558418814110583
2012-10-17,sp500,0.7892982306180015
2012-10-18,sp500,0.8596019365250135
2012-10-19,sp500,0.267579189631155
2012-10-22,sp500,0.25021985108753003
2012-10-23,sp500,1.0
2012-10-24,sp500,0.5533071579583207
2012-10-25,sp500,0.681463142478555
2012-10-26,sp500,0.8130254629231642
2012-10-31,sp500,0.6092724383334485
2012-11-01,sp500,0.5651449516827725
2012-11-02,sp500,0.4569897751658555
2012-11-05,sp500,0.38491948981358576
2012-11-06,sp500,0.5081485278376626
2012-11-07,sp500,0.46698952650465325
2012-11-08,sp500,0.5863783313863458
2012-11-09,sp500,0.5468867998229213
2012-11-12,sp500,0.4128927077626181
2012-11-13,sp500,0.5706802307925903
2012-11-14,sp500,0.5319634703196348
2012-11-15,sp500,0.4061302681992337
2012-11-16,sp500,0.6672702580353101
2012-11-19,sp500,0.5708021194957061
2012-11-20,sp500,0.7429729045327931
2012-11-21,sp500,1.0
2012-11-23,sp500,0.7429729045327931
2012-11-26,sp500,0.8029060229669557
2012-11-27,sp500,1.0
2012-11-28,sp500,1.0
2012-11-29,sp500,0.7220285813872429
2012-11-30,sp500,0.7373404693289419
2012-12-03,sp500,0.8104575163398693
2012-12-04,sp500,0.46029776674937967
2012-12-05,sp500,0.6309880239520959
2012-12-06,sp500,0.42594412466657305
2012-12-07,sp500,0.6345040406972303
2012-12-10,sp500,0.5446539835507186
2012-12-11,sp500,0.48565248738284067
2012-12-12,sp500,0.6127186009538951
2012-12-13,sp500,1.0
2012-12-14,sp500,0.5671641791044776
2012-12-17,sp500,1.0
2012-12-18,sp500,0.8385228740701145
2012-12-19,sp500,0.8420272802544995
2012-12-20,sp500,0.8262548262548263
2012-12-21,sp500,0.45264452644526443
2012-12-24,sp500,0.5494382917695801
2012-12-26,sp500,1.0
2012-12-27,sp500,0.657386931628851
2012-12-28,sp500,0.8475386331049864
2012-12-31,sp500,0.6905291240551357
2013-01-02,sp500,0.5481693066735913
2013-01-03,sp500,0.6058932654558005
2013-01-04,sp500,0.4633906403710123
2013-01-07,sp500,1.0
2013-01-08,sp500,0.6663528919569083
2013-01-09,sp500,0.5461658841940532
2013-01-10,sp500,0.5514179318246921
2013-01-11,sp500,0.30893454999015296
2013-01-14,sp500,0.3075056109400282
2013-01-15,sp500,0.43482026851450845
2013-01-16,sp500,0.2951026287360461
2013-01-17,sp500,0.4100389738318558
2013-01-18,sp500,0.31685034208693513
2013-01-22,sp500,0.49568871820882543
2013-01-23,sp500,0.5015964191325868
2013-01-24,sp500,0.22873470583925562
2013-01-25,sp500,0.6870241780306199
2013-01-28,sp500,0.9192255102213069
2013-01-29,sp500,0.6754538671972147
2013-01-30,sp500,0.723404255319149
2013-01-31,sp500,0.6288798920377868
2013-02-01,sp500,0.5424217834280047
2013-02-04,sp500,0.3132659538108491
2013-02-05,sp500,0.38101200978997096
2013-02-06,sp500,0.38147148898935396
2013-02-07,sp500,0.19564497433349892
2013-02-08,sp500,0.36522826766729205
2013-02-11,sp500,0.2824742268041237
2013-02-12,sp500,0.5177857293201431
2013-02-13,sp500,0.562657091561939
2013-02-14,sp500,0.4853053435114504
2013-02-15,sp500,0.43807757278659204
2013-02-19,sp500,0.6332051850052165
2013-02-20,sp500,0.39502636905663496
2013-02-21,sp500,0.4718033845160695
2013-02-22,sp500,0.7559692857894184
2013-02-25,sp500,0.38305919175782077
2013-02-26,sp500,0.5507096688212167
2013-02-27,sp500,0.39425689834655997
2013-02-28,sp500,0.5869407361894654
2013-03-01,sp500,0.4357976653696498
2013-03-04,sp500,0.5159885830390402
2013-03-05,sp500,0.4527294485869465
2013-03-06,sp500,0.9211013167918163
2013-03-07,sp500,0.4746739355462011
2013-03-08,sp500,0.6168640914565097
2013-03-11,sp500,0.3615657569621194
2013-03-12,sp500,0.4860115871321848
2013-03-13,sp500,0.5354778294369876
2013-03-14,sp500,0.5776383598476361
2013-03-15,sp500,0.33973214285714287
2013-03-18,sp500,0.4106857447294315
2013-03-19,sp500,0.30445472207417085
2013-03-20,sp500,0.23572474377745242
2013-03-21,sp500,0.42840296495956875
2013-03-22,sp500,0.6003432315773051
2013-03-25,sp500,0.7360757189661449
2013-03-26,sp500,0.5084240805424286
2013-03-27,sp500,0.7260828498178383
2013-03-28,sp500,1.0
2013-04-01,sp500,0.6153691571882159
2013-04-02,sp500,0.43943298969072164
2013-04-03,sp500,0.41871987748299627
2013-04-04,sp500,0.7684445863941233
2013-04-05,sp500,0.7022281548413595
2013-04-08,sp500,0.6956825904457326
2013-04-09,sp500,0.39231363690405424
2013-04-10,sp500,0.6494097567913526
2013-04-11,sp500,0.9393559180259305
2013-04-12,sp500,0.8727512066695919
2013-04-15,sp500,0.38334066578677223
2013-04-16,sp500,0.40340009947099514
2013-04-17,sp500,0.6020504731861199
2013-04-18,sp500,0.5504931892907469
2013-04-19,sp500,0.603887877108243
2013-04-22,sp500,0.46113347785692166
2013-04-23,sp500,0.4119573548881611
2013-04-24,sp500,0.6508656696860002
2013-04-25,sp500,0.6081145271985717
2013-04-26,sp500,1.0
2013-04-29,sp500,0.5830428720808644
2013-04-30,sp500,0.49218416332108994
2013-05-01,sp500,0.4982134316180401
2013-05-02,sp500,0.7767169695103172
2013-05-03,sp500,0.7437831314916175
2013-05-06,sp500,0.5369253261039274
2013-05-07,sp500,0.4819156271547671
2013-05-08,sp500,0.4683755257519244
2013-05-09,sp500,0.5950240770465489
2013-05-10,sp500,0.591417004048583
2013-05-13,sp500,0.691358024691358
2013-05-14,sp500,0.7407407407407407
2013-05-15,sp500,0.7055965292841648
2013-05-16,sp500,0.4723008491710473
2013-05-17,sp500,0.7756450466273576
2013-05-20,sp500,0.8573727979969596
2013-05-21,sp500,0.672945273238099
2013-05-22,sp500,0.3294685342805442
2013-05-23,sp500,0.6751205850318966
2013-05-24,sp500,0.38959877807994636
2013-05-28,sp500,0.39752209715192266
2013-05-29,sp500,0.9310836501901141
2013-05-30,sp500,0.9293716512420848
2013-05-31,sp500,0.9293716512420848
2013-06-03,sp500,0.8212083847102343
2013-06-04,sp500,0.8045246765321143
2013-06-05,sp500,0.6981072555205047
2013-06-06,sp500,0.7323076923076923
2013-06-07,sp500,0.7011849562081401
2013-06-10,sp500,1.0
2013-06-11,sp500,0.6697038724373576
2013-06-12,sp500,0.6133665921211079
2013-06-13,sp500,0.383719855862515
2013-06-14,sp500,0.36243428389357973
2013-06-17,sp500,0.5448932338564446
2013-06-18,sp500,0.5851928138230919
2013-06-19,sp500,0.8384015284190416
2013-06-20,sp500,0.828162034044387
2013-06-21,sp500,0.6197433736068184
2013-06-24,sp500,0.37278804561541484
2013-06-25,sp500,0.3712529693450473
2013-06-26,sp500,0.4809375849154685
2013-06-27,sp500,0.45338642043288574
2013-06-28,sp500,0.49477351916376305
2013-07-01,sp500,0.5857823017566902
2013-07-02,sp500,0.5238912031364862
2013-07-03,sp500,0.7714200502748072
2013-07-05,sp500,0.3834074485825459
2013-07-08,sp500,0.3909672563041024
2013-07-09,sp500,0.7224181360201511
2013-07-10,sp500,0.46673877771768524
2013-07-11,sp500,0.34186471663619744
2013-07-12,sp500,0.38879456706281834
2013-07-15,sp500,0.35563856508018293
2013-07-16,sp500,0.5025247637982301
2013-07-17,sp500,0.5652450437026403
2013-07-18,sp500,0.19331199712858552
2013-07-19,sp500,0.3792414536690556
2013-07-22,sp500,0.5002317940862274
2013-07-23,sp500,0.37621141209284736
2013-07-24,sp500,0.4372732641525352
2013-07-25,sp500,0.5745784310820022
2013-07-26,sp500,0.6575425422394477
2013-07-29,sp500,0.4216890351987845
2013-07-30,sp500,0.93449343261106
2013-07-31,sp500,0.6394405111379727
2013-08-01,sp500,0.724305482201331
2013-08-02,sp500,0.7745880402114209
2013-08-05,sp500,0.6321810494901766
2013-08-06,sp500,0.7926017262638717
2013-08-07,sp500,0.8164092175234237
2013-08-08,sp500,0.7661290322580645
2013-08-09,sp500,0.8052238805970149
2013-08-12,sp500,0.5860129776496035
2013-08-13,sp500,0.49660690049289236
2013-08-14,sp500,0.4231357747628277
2013-08-15,sp500,0.5381526104417671
2013-08-16,sp500,1.0
2013-08-19,sp500,0.8245614035087719
2013-08-20,sp500,0.8538906512409031
2013-08-21,sp500,0.5757477243172952
2013-08-22,sp500,0.37589670014347204
2013-08-23,sp500,0.906273566272848
2013-08-26,sp500,0.40424193070772874
2013-08-27,sp500,0.3714521622458458
2013-08-28,sp500,0.618792599805258
2013-08-29,sp500,0.6464881001741438
2013-08-30,sp500,0.5815825444236319
2013-09-03,sp500,0.8008872927009613
2013-09-04,sp500,0.7811149862058195
2013-09-05,sp500,0.6701662292213474
2013-09-06,sp500,1.0
2013-09-09,sp500,0.48758939840134624
2013-09-10,sp500,0.7598896044158233
2013-09-11,sp500,0.7598896044158233
2013-09-12,sp500,0.7951856865399329
2013-09-13,sp500,0.6083617027262752
2013-09-16,sp500,0.5509250455051754
2013-09-17,sp500,0.40840823084200567
2013-09-18,sp500,0.39494875549048314
2013-09-19,sp500,0.7950082904267388
2013-09-20,sp500,0.6288466278606777
2013-09-23,sp500,0.706517339090541
2013-09-24,sp500,0.761969904240766
2013-09-25,sp500,0.666836864947664
2013-09-26,sp500,0.7020820016436855
2013-09-27,sp500,0.5892519911322769
2013-09-30,sp500,0.7361067705939666
2013-10-01,sp500,0.36758349705304516
2013-10-02,sp500,0.8942891859052248
2013-10-03,sp500,0.8563629559513065
2013-10-04,sp500,0.5177675206095177
2013-10-07,sp500,1.0
2013-10-08,sp500,1.0
2013-10-09,sp500,0.8357988963385041
2013-10-10,sp500,0.8357988963385041
2013-10-11,sp500,0.8023841107739275
2013-10-14,sp500,0.4539719283373816
2013-10-15,sp500,0.8488218530617919
2013-10-16,sp500,0.6661024621622154
2013-10-17,sp500,0.5804877088704757
2013-10-18,sp500,0.8030860674289988
2013-10-21,sp500,0.4757433489827856
2013-10-22,sp500,0.6190476190476191
2013-10-23,sp500,0.7386340877228119
2013-10-24,sp500,0.4488874811940771
2013-10-25,sp500,0.6239276451419831
2013-10-28,sp500,0.38474176726909065
2013-10-29,sp500,1.0
2013-10-30,sp500,0.5338952782341596
2013-10-31,sp500,0.6182859430084517
2013-11-01,sp500,0.6310200747698784
2013-11-04,sp500,0.42462047196753344
2013-11-05,sp500,0.4360113628086532
2013-11-06,sp500,0.7223043985986766
2013-11-07,sp500,0.7439962031324158
2013-11-08,sp500,0.7379263434068604
2013-11-11,sp500,0.7541521576634883
2013-11-12,sp500,0.6518510246244905
2013-11-13,sp500,0.7947360142609973
2013-11-14,sp500,0.7558491957856925
2013-11-15,sp500,0.691827139820957
2013-11-18,sp500,1.0
2013-11-19,sp500,0.3514771655459884
2013-11-20,sp500,0.5051657239025759
2013-11-21,sp500,0.5969556585043018
2013-11-22,sp500,0.3327433628318584
2013-11-25,sp500,0.5289213579716373
2013-11-26,sp500,0.7683833654640595
2013-11-27,sp500,0.6101277167824334
2013-11-29,sp500,0.451385833699956
2013-12-02,sp500,0.37641618497109824
2013-12-03,sp500,0.5432119343278606
2013-12-04,sp500,0.70349405802685
2013-12-05,sp500,0.6791947775258802
2013-12-06,sp500,0.6520808070383652
2013-12-09,sp500,1.0
2013-12-10,sp500,0.2622705506783719
2013-12-11,sp500,1.0
2013-12-12,sp500,0.3648659033274418
2013-12-13,sp500,0.5238912031364862
2013-12-16,sp500,0.7248801387330409
2013-12-17,sp500,1.0
2013-12-18,sp500,0.4223506079158403
2013-12-19,sp500,0.7608291849320158
2013-12-20,sp500,0.3648659033274418
2013-12-23,sp500,1.0
2013-12-24,sp500,0.7428037964835849
2013-12-26,sp500,1.0
2013-12-27,sp500,0.3682953108165082
2013-12-30,sp500,0.6265477959385835
2013-12-31,sp500,0.5797101449275363
2014-01-02,sp500,0.6739786125582671
2014-01-03,sp500,0.4772961903633625
2014-01-06,sp500,0.4342447522835884
2014-01-07,sp500,0.4492419569522449
2014-01-08,sp500,0.5080099258934148
2014-01-09,sp500,0.7161951921307527
2014-01-10,sp500,0.8483930113799949
2014-01-13,sp500,0.6029469291954622
2014-01-14,sp500,1.0
2014-01-15,sp500,1.0
2014-01-16,sp500,0.7034642318577125
2014-01-17,sp500,0.5076772173388162
2014-01-21,sp500,0.6018166455428813
2014-01-22,sp500,0.5103714423540762
2014-01-23,sp500,0.3747265795887757
2014-01-24,sp500,0.3085904425199424
2014-01-27,sp500,0.5832401877814326
2014-01-28,sp500,0.31715268973012134
2014-01-29,sp500,0.307889775781156
2014-01-30,sp500,0.39225600425786705
2014-01-31,sp500,0.5014692918013518
2014-02-03,sp500,0.4834924208546007
2014-02-04,sp500,0.4381809065078328
2014-02-05,sp500,0.45997093199297523
2014-02-06,sp500,0.3414279658450917
2014-02-07,sp500,0.697075208913649
2014-02-10,sp500,0.6666555607383221
2014-02-11,sp500,1.0
2014-02-12,sp500,0.6749486269381655
2014-02-13,sp500,0.3141982750625985
2014-02-14,sp500,0.6606984577202624
2014-02-18,sp500,0.45227156712608474
2014-02-19,sp500,0.7777477233793165
2014-02-20,sp500,0.7456012832723444
2014-02-21,sp500,0.7456012832723444
2014-02-24,sp500,1.0
2014-02-25,sp500,0.8831482808022922
2014-02-26,sp500,0.6010665398593797
2014-02-27,sp500,1.0
2014-02-28,sp500,0.7302281554982537
2014-03-03,sp500,0.4816540026927065
2014-03-04,sp500,0.5719378376872946
2014-03-05,sp500,0.6361020995286772
2014-03-06,sp500,0.32592637169206695
2014-03-07,sp500,0.29670583480093543
2014-03-10,sp500,0.5979810187324495
2014-03-11,sp500,0.6673294585500152
2014-03-12,sp500,0.8765056576225818
2014-03-13,sp500,0.8050638583912166
2014-03-14,sp500,0.5587400924986675
2014-03-17,sp500,0.49126023327116985
2014-03-18,sp500,0.5952969105899715
2014-03-19,sp500,0.5846858888676724
2014-03-20,sp500,0.2985965959988056
2014-03-21,sp500,0.5463132416317374
2014-03-24,sp500,0.6427838226236913
2014-03-25,sp500,0.5688465649596735
2014-03-26,sp500,0.7930476703986806
2014-03-27,sp500,0.2606452767175573
2014-03-28,sp500,0.7894306364653058
2014-03-31,sp500,0.43619463783143236
2014-04-01,sp500,0.6053017295531639
2014-04-02,sp500,0.31379236836495417
2014-04-03,sp500,0.4663632766125841
2014-04-04,sp500,0.35156838545256375
2014-04-07,sp500,0.4067050904131286
2014-04-08,sp500,0.3343534812547819
2014-04-09,sp500,0.6255000928442411
2014-04-10,sp500,0.2979639078623478
2014-04-11,sp500,0.2913509393355154
2014-04-14,sp500,0.30679692371648304
2014-04-15,sp500,0.6040955631399317
2014-04-16,sp500,0.5617158709784273
2014-04-17,sp500,0.9122075266068377
2014-04-21,sp500,0.8362358649730197
2014-04-22,sp500,0.3104777139533193
2014-04-23,sp500,0.6414219474497682
2014-04-24,sp500,0.5349251603706343
2014-04-25,sp500,0.5119574844995571
2014-04-28,sp500,0.5573684210526316
2014-04-29,sp500,0.3783494105037513
2014-04-30,sp500,0.7864022662889518
2014-05-01,sp500,0.5491497975708503
2014-05-02,sp500,0.1491568621640044
2014-05-05,sp500,0.3546211686954176
2014-05-06,sp500,0.3357667287217353
2014-05-07,sp500,0.44756781438621024
2014-05-08,sp500,0.4409435761369761
2014-05-09,sp500,0.7627506895423309
2014-05-12,sp500,0.712724762104884
2014-05-13,sp500,0.5460760677917311
2014-05-14,sp500,0.6496593456825058
2014-05-15,sp500,0.6933906851493737
2014-05-16,sp500,0.9448599315502598
2014-05-19,sp500,0.9042663564624139
2014-05-20,sp500,0.7268376300470121
2014-05-21,sp500,0.8554741462220434
2014-05-22,sp500,0.4184235657092485
2014-05-23,sp500,0.5321517836855261
2014-05-27,sp500,0.5711871567384875
2014-05-28,sp500,0.5498004041200533
2014-05-29,sp500,0.5340798442064265
2014-05-30,sp500,0.3267821680476614
2014-06-02,sp500,0.41181723091052885
2014-06-03,sp500,0.5880861850443599
2014-06-04,sp500,0.37591776798825255
2014-06-05,sp500,0.5822906360938137
2014-06-06,sp500,0.37314673687127614
2014-06-09,sp500,0.555077522526179
2014-06-10,sp500,0.690724620971926
2014-06-11,sp500,0.45181282925317634
2014-06-12,sp500,0.5908753403184556
2014-06-13,sp500,0.8975928432699665
2014-06-16,sp500,0.37161186101057797
2014-06-17,sp500,0.5710597558133281
2014-06-18,sp500,0.6035073647367654
2014-06-19,sp500,0.6729151730288352
2014-06-20,sp500,0.39497475281952044
2014-06-23,sp500,0.386928181337718
2014-06-24,sp500,0.6591550178649783
2014-06-25,sp500,0.5399162330244955
2014-06-26,sp500,0.701310861423221
2014-06-27,sp500,0.701310861423221
2014-06-30,sp500,0.5185922974767596
2014-07-01,sp500,0.24909653142580382
2014-07-02,sp500,0.414535666218035
2014-07-03,sp500,0.29160935350756534
2014-07-07,sp500,0.18490566037735848
2014-07-08,sp500,0.3293874741913283
2014-07-09,sp500,0.3436584716428508
2014-07-10,sp500,0.5098985997102848
2014-07-11,sp500,0.6441460949906165
2014-07-14,sp500,0.8191343395285019
2014-07-15,sp500,0.6744418111513035
2014-07-16,sp500,0.6070460704607046
2014-07-17,sp500,0.3983402489626556
2014-07-18,sp500,0.3156673114119923
2014-07-21,sp500,0.2843040473840079
2014-07-22,sp500,0.6105889123345483
2014-07-23,sp500,0.5856935184721038
2014-07-24,sp500,0.3334175296792119
2014-07-25,sp500,0.6103750699757418
2014-07-28,sp500,0.5848156182212582
2014-07-29,sp500,0.6662598081952921
2014-07-30,sp500,0.7320053393572236
2014-07-31,sp500,0.7703758445945946
2014-08-01,sp500,0.30488562720089957
2014-08-04,sp500,0.5569749170691963
2014-08-05,sp500,0.6554569156133461
2014-08-06,sp500,0.33902395423668213
2014-08-07,sp500,0.40837555485809085
2014-08-08,sp500,0.6349435373448565
2014-08-11,sp500,0.5282913944112332
2014-08-12,sp500,0.8058035714285714
2014-08-13,sp500,0.4648898001025115
2014-08-14,sp500,0.4648898001025115
2014-08-15,sp500,0.4721543058951372
2014-08-18,sp500,0.9354613085776053
2014-08-19,sp500,0.8028569874734877
2014-08-20,sp500,0.8028569874734877
2014-08-21,sp500,0.587647659326236
2014-08-22,sp500,0.654117124946837
2014-08-25,sp500,0.7965502403981067
2014-08-26,sp500,0.5348622838390915
2014-08-27,sp500,0.4887290588544865
2014-08-28,sp500,0.5896943231441047
2014-08-29,sp500,0.8761271950640721
2014-09-02,sp500,0.9320607375271149
2014-09-03,sp500,0.6966315642652905
2014-09-04,sp500,1.0
2014-09-05,sp500,0.8162036548008873
2014-09-08,sp500,0.8565627115114282
2014-09-09,sp500,0.586950623982637
2014-09-10,sp500,0.30014430014430016
2014-09-11,sp500,0.6003016591251885
2014-09-12,sp500,0.25835237784307324
2014-09-15,sp500,0.5835577095674026
2014-09-16,sp500,0.3441112414139722
2014-09-17,sp500,0.36334450686936404
2014-09-18,sp500,0.46372559729092866
2014-09-19,sp500,0.7138785354089016
2014-09-22,sp500,0.3361706456863809
2014-09-23,sp500,0.5699866460866096
2014-09-24,sp500,0.5292644467118078
2014-09-25,sp500,0.27827805007789047
2014-09-26,sp500,0.4895183229316691
2014-09-29,sp500,0.8255760155454798
2014-09-30,sp500,0.6724045185583647
2014-10-01,sp500,0.6209617755856967
2014-10-02,sp500,0.4964249233912155
2014-10-03,sp500,0.48714460617603045
2014-10-06,sp500,1.0
2014-10-07,sp500,0.6197487273537529
2014-10-08,sp500,0.6385041551246537
2014-10-09,sp500,0.39715234931181775
2014-10-10,sp500,0.7535410764872521
2014-10-13,sp500,0.6295169728677454
2014-10-14,sp500,0.49282708977543466
2014-10-15,sp500,0.30066700872242175
2014-10-16,sp500,0.5942822384428224
2014-10-17,sp500,0.4211169038560894
2014-10-20,sp500,0.47392290249433106
2014-10-21,sp500,0.34946282767511816
2014-10-22,sp500,0.38599348534201955
2014-10-23,sp500,0.625454972408125
2014-10-24,sp500,0.49597977599101156
2014-10-27,sp500,0.4164430816404753
2014-10-28,sp500,0.6004308833107871
2014-10-29,sp500,0.7475242137338122
2014-10-30,sp500,0.6089658406941296
2014-10-31,sp500,0.6669461863788829
2014-11-03,sp500,0.8265763002944063
2014-11-04,sp500,0.8353312302839117
2014-11-05,sp500,0.8927816901408451
2014-11-06,sp500,1.0
2014-11-07,sp500,0.6243523316062176
2014-11-10,sp500,0.6243523316062176
2014-11-11,sp500,0.8927816901408451
2014-11-12,sp500,0.5672275054864667
2014-11-13,sp500,0.7326993416239942
2014-11-14,sp500,0.8353312302839117
2014-11-17,sp500,0.8574460448494874
2014-11-18,sp500,0.7171070646221248
2014-11-19,sp500,1.0
2014-11-20,sp500,0.48830409356725146
2014-11-21,sp500,0.8405797101449275
2014-11-24,sp500,0.8405797101449275
2014-11-25,sp500,1.0
2014-11-26,sp500,0.5013123359580053
2014-11-28,sp500,0.547886161464861
2014-12-01,sp500,1.0
2014-12-02,sp500,0.5445175223323844
2014-12-03,sp500,0.784957627118644
2014-12-04,sp500,0.5867155596299691
2014-12-05,sp500,0.6757268191983485
2014-12-08,sp500,0.37241786346645683
2014-12-09,sp500,0.45264318891460703
2014-12-10,sp500,0.560446222868922
2014-12-11,sp500,0.5264376369424119
2014-12-12,sp500,0.3947685743437529
2014-12-15,sp500,0.6969182670835194
2014-12-16,sp500,0.580814717477004
2014-12-17,sp500,0.8323311748381128
2014-12-18,sp500,0.6170034573839843
2014-12-19,sp500,0.4354961832061069
2014-12-22,sp500,0.5743884892086331
2014-12-23,sp500,0.6534763519146335
2014-12-24,sp500,0.908597197303981
2014-12-26,sp500,0.784957627118644
2014-12-29,sp500,0.9106959556559228
2014-12-30,sp500,0.7768086198050282
2014-12-31,sp500,1.0
2015-01-02,sp500,1.0
2015-01-05,sp500,0.6075465690176723
2015-01-06,sp500,1.0
2015-01-07,sp500,0.6443046075085325
2015-01-08,sp500,0.7938225768228138
2015-01-09,sp500,0.8036271565683331
2015-01-12,sp500,0.6310432569974554
2015-01-13,sp500,0.5859476679811185
2015-01-14,sp500,0.7385503065272269
2015-01-15,sp500,0.5091491308325709
2015-01-16,sp500,0.9016059714996607
2015-01-20,sp500,0.4999492849173344
2015-01-21,sp500,0.519386803853192
2015-01-22,sp500,0.4253103109254025
2015-01-23,sp500,0.5077386444750083
2015-01-26,sp500,0.7106510351708656
2015-01-27,sp500,0.5628340413868713
2015-01-28,sp500,0.7147915027537373
2015-01-29,sp500,0.8449750534568781
2015-01-30,sp500,0.43345004313188207
2015-02-02,sp500,0.6169977748251076
2015-02-03,sp500,0.7307492848419961
2015-02-04,sp500,0.39227070670416403
2015-02-05,sp500,0.7959087923430609
2015-02-06,sp500,0.5491605057693636
2015-02-09,sp500,0.611328159217926
2015-02-10,sp500,0.7525245342056607
2015-02-11,sp500,0.6684090166612219
2015-02-12,sp500,0.2766916083353448
2015-02-13,sp500,0.3987041036717063
2015-02-17,sp500,0.7396126760563381
2015-02-18,sp500,0.37344902386117135
2015-02-19,sp500,0.4942299349240781
2015-02-20,sp500,0.5921273772666962
2015-02-23,sp500,0.5546822133152881
2015-02-24,sp500,0.6446932205832893
2015-02-25,sp500,0.5576770986329228
2015-02-26,sp500,0.5919549743419964
2015-02-27,sp500,0.8007408735137719
2015-03-02,sp500,0.3559592278344058
2015-03-03,sp500,1.0
2015-03-04,sp500,0.5935769965556191
2015-03-05,sp500,0.5935769965556191
2015-03-06,sp500,0.5300554016620499
2015-03-09,sp500,0.5663010967098704
2015-03-10,sp500,0.4575093532870123
2015-03-11,sp500,0.7088743140141882
2015-03-12,sp500,0.6552700101890637
2015-03-13,sp500,0.7878048780487805
2015-03-16,sp500,0.561344537815126
2015-03-17,sp500,0.7139427120769548
2015-03-18,sp500,0.8936401423564889
2015-03-19,sp500,0.5835577095674026
2015-03-20,sp500,0.7480013903371567
2015-03-23,sp500,0.8033028605131229
2015-03-24,sp500,0.5399480819152005
2015-03-25,sp500,1.0
2015-03-26,sp500,0.45422311119192654
2015-03-27,sp500,0.5682552185899961
2015-03-30,sp500,0.8603531300160514
2015-03-31,sp500,1.0
2015-04-01,sp500,0.6784701332187366
2015-04-02,sp500,0.7413674822776126
2015-04-06,sp500,0.7070156477609135
2015-04-07,sp500,0.7590888789638232
2015-04-08,sp500,0.8281867145421903
2015-04-09,sp500,0.8493190643743961
2015-04-10,sp500,0.9127636688483346
2015-04-13,sp500,1.0
2015-04-14,sp500,0.7128442097321765
2015-04-15,sp500,1.0
2015-04-16,sp500,0.6576824709817037
2015-04-17,sp500,0.6879057055005124
2015-04-20,sp500,0.2896088502568155
2015-04-21,sp500,0.44038429955657743
2015-04-22,sp500,0.7415926867100096
2015-04-23,sp500,0.8055952806578477
2015-04-24,sp500,0.7360806459140337
2015-04-27,sp500,0.5890333308139974
2015-04-28,sp500,0.7706440622972096
2015-04-29,sp500,0.7042936669790002
2015-04-30,sp500,0.7842142975252163
2015-05-01,sp500,0.6142477091339048
2015-05-04,sp500,1.0
2015-05-05,sp500,0.7850973577962896
2015-05-06,sp500,0.8957798541944758
2015-05-07,sp500,0.681617716055175
2015-05-08,sp500,0.5125579598145286
2015-05-11,sp500,1.0
2015-05-12,sp500,0.6229902541698357
2015-05-13,sp500,0.7454495056823431
2015-05-14,sp500,0.5927528891753764
2015-05-15,sp500,1.0
2015-05-18,sp500,0.7376159239990953
2015-05-19,sp500,0.6023038946791004
2015-05-20,sp500,0.880883561018651
2015-05-21,sp500,0.6491817601397897
2015-05-22,sp500,0.6586385492316692
2015-05-26,sp500,0.720704267553184
2015-05-27,sp500,0.7818009549111041
2015-05-28,sp500,0.6438417965812823
2015-05-29,sp500,0.596100278551532
2015-06-01,sp500,0.550478501145707
2015-06-02,sp500,0.5154053930320927
2015-06-03,sp500,0.5460494897147001
2015-06-04,sp500,0.5351179943586959
2015-06-05,sp500,0.3547079784061539
2015-06-08,sp500,0.7581691271851257
2015-06-09,sp500,0.6097577806914637
2015-06-10,sp500,0.6032009287668961
2015-06-11,sp500,0.7382896433175763
2015-06-12,sp500,0.6195951417004049
2015-06-15,sp500,0.48509956830525
2015-06-16,sp500,0.48765136736722
2015-06-17,sp500,0.6488501107809629
2015-06-18,sp500,0.6806414219474498
2015-06-19,sp500,0.5346720465421788
2015-06-22,sp500,0.4741498624713117
2015-06-23,sp500,0.7876420949857034
2015-06-24,sp500,0.2755022329653485
2015-06-25,sp500,0.4877796605301703
2015-06-26,sp500,0.6667753239344797
2015-06-29,sp500,0.6725028451370043
2015-06-30,sp500,0.6115731419066796
2015-07-01,sp500,0.7344412413091402
2015-07-02,sp500,0.8130254629231642
2015-07-06,sp500,0.8046362191667242
2015-07-07,sp500,0.4866852849781694
2015-07-08,sp500,0.7068541988217647
2015-07-09,sp500,0.6624667454921667
2015-07-10,sp500,0.6582094029914713
2015-07-13,sp500,1.0
2015-07-14,sp500,0.7069049159120311
2015-07-15,sp500,0.4030465212021408
2015-07-16,sp500,0.6359832635983264
2015-07-17,sp500,0.41867666232073014
2015-07-20,sp500,1.0
2015-07-21,sp500,0.48946815739082095
2015-07-22,sp500,0.34301057224366505
2015-07-23,sp500,0.23721269019100033
2015-07-24,sp500,0.384443328616424
2015-07-27,sp500,0.2575978204706656
2015-07-28,sp500,0.4069133294123937
2015-07-29,sp500,0.29247563924097003
2015-07-30,sp500,0.6379857535792369
2015-07-31,sp500,0.2893352233140331
2015-08-03,sp500,0.19792377055391377
2015-08-04,sp500,0.7795515013302927
2015-08-05,sp500,0.7126531690722331
2015-08-06,sp500,0.8017353432704806
2015-08-07,sp500,0.800080886813611
2015-08-10,sp500,0.5174622486223431
2015-08-11,sp500,0.46077001604200085
2015-08-12,sp500,0.47392164014358934
2015-08-13,sp500,1.0
2015-08-14,sp500,0.8278536716635272
2015-08-17,sp500,0.7080310813950487
2015-08-18,sp500,0.6340672018458876
2015-08-19,sp500,0.44714165882921125
2015-08-20,sp500,0.48001847374283463
2015-08-21,sp500,0.4439441038900671
2015-08-24,sp500,0.3364406779661017
2015-08-25,sp500,0.49454225352112674
2015-08-26,sp500,0.6649131047440112
2015-08-27,sp500,0.5544367229234624
2015-08-28,sp500,0.38412529864613754
2015-08-31,sp500,0.6256264871158811
2015-09-01,sp500,0.6737260092653872
2015-09-02,sp500,0.4722351843210453
2015-09-03,sp500,0.44124920917927185
2015-09-04,sp500,0.17159663297386837
2015-09-08,sp500,0.27283466321936434
2015-09-09,sp500,0.5009850619716203
2015-09-10,sp500,0.5646952867006905
2015-09-11,sp500,0.3193847997603116
2015-09-14,sp500,1.0
2015-09-15,sp500,1.0
2015-09-16,sp500,0.9201264918902377
2015-09-17,sp500,0.8431804526336871
2015-09-18,sp500,0.3473688638371262
2015-09-21,sp500,0.3277815934065934
2015-09-22,sp500,0.6747570023580837
2015-09-23,sp500,1.0
2015-09-24,sp500,0.6099092030041475
2015-09-25,sp500,0.3653298045602606
2015-09-28,sp500,0.57852666000545
2015-09-29,sp500,0.4971440228478172
2015-09-30,sp500,0.6057869696086998
2015-10-01,sp500,0.4128927077626181
2015-10-02,sp500,0.5744786424146193
2015-10-05,sp500,0.7269684078387614
2015-10-06,sp500,0.5799629588590062
2015-10-07,sp500,0.7910436197412257
2015-10-08,sp500,0.5520633212940905
2015-10-09,sp500,0.4357080454292749
2015-10-12,sp500,0.6513584996393363
2015-10-13,sp500,0.842547566215004
2015-10-14,sp500,0.6945272389631872
2015-10-15,sp500,0.3383102210801471
2015-10-16,sp500,0.6227233304423244
2015-10-19,sp500,0.6359070935342122
2015-10-20,sp500,0.6200362830074582
2015-10-21,sp500,0.5029529591541734
2015-10-22,sp500,0.20710489082635464
2015-10-23,sp500,0.46707311800060536
2015-10-26,sp500,0.9255570387103399
2015-10-27,sp500,0.6484878702955487
2015-10-28,sp500,0.6631349220317505
2015-10-29,sp500,0.7399389572386017
2015-10-30,sp500,0.6410276372129233
2015-11-02,sp500,0.7302325581395349
2015-11-03,sp500,0.5450156891141684
2015-11-04,sp500,0.5012409108721209
2015-11-05,sp500,0.6361101429069362
2015-11-06,sp500,0.4250692816030697
2015-11-09,sp500,0.7930542340627973
2015-11-10,sp500,0.7930542340627973
2015-11-11,sp500,0.5866090712742981
2015-11-12,sp500,0.5431980906921241
2015-11-13,sp500,0.32947976878612717
2015-11-16,sp500,1.0
2015-11-17,sp500,0.5609228550829127
2015-11-18,sp500,0.28774661119312844
2015-11-19,sp500,0.3238660449342942
2015-11-20,sp500,0.7150655021834061
2015-11-23,sp500,0.7721143211936592
2015-11-24,sp500,1.0
2015-11-25,sp500,0.6787081179077419
2015-11-27,sp500,0.6787081179077419
2015-11-30,sp500,1.0
2015-12-01,sp500,0.7269684078387614
2015-12-02,sp500,0.6966315642652905
2015-12-03,sp500,0.7215901009813682
2015-12-04,sp500,0.7269684078387614
2015-12-07,sp500,0.969663156426529
2015-12-08,sp500,1.0
2015-12-09,sp500,0.7985178323297824
2015-12-10,sp500,0.6239464015560838
2015-12-11,sp500,0.2371011541072641
2015-12-14,sp500,0.3302693556500663
2015-12-15,sp500,0.7273330629401571
2015-12-16,sp500,0.2754660744550289
2015-12-17,sp500,0.33138967502683714
2015-12-18,sp500,0.46748278500382556
2015-12-21,sp500,0.5294753921038399
2015-12-22,sp500,0.576367472812855
2015-12-23,sp500,1.0
2015-12-24,sp500,1.0
2015-12-28,sp500,0.895631924352551
2015-12-29,sp500,0.5195398304769233
2015-12-30,sp500,0.5400070497003877
2015-12-31,sp500,0.7440829071819705
2016-01-04,sp500,0.7329884251139951
2016-01-05,sp500,0.9196881257722296
2016-01-06,sp500,0.5688922867821951
2016-01-07,sp500,0.37346875139204416
2016-01-08,sp500,0.784957627118644
2016-01-11,sp500,0.5505535055350553
2016-01-12,sp500,0.6781750924784217
2016-01-13,sp500,0.7347560975609756
2016-01-14,sp500,0.5595139464236398
2016-01-15,sp500,0.39984148417777254
2016-01-19,sp500,0.5502455555874666
2016-01-20,sp500,0.26694063386944183
2016-01-21,sp500,0.4639099027359081
2016-01-22,sp500,0.5300285986653956
2016-01-25,sp500,0.45681581685744016
2016-01-26,sp500,0.24454641722555595
2016-01-27,sp500,0.5399433427762039
2016-01-28,sp500,0.41384537645275393
2016-01-29,sp500,0.6588958355409558
2016-02-01,sp500,0.7386340877228119
2016-02-02,sp500,0.9326729608419749
2016-02-03,sp500,0.6383324095336131
2016-02-04,sp500,0.523645360155743
2016-02-05,sp500,0.45136033807800036
2016-02-08,sp500,0.6914037198112335
2016-02-09,sp500,0.5362782330601639
2016-02-10,sp500,0.5689797536083496
2016-02-11,sp500,0.5759806393062418
2016-02-12,sp500,0.8524623524623525
2016-02-16,sp500,0.8261043373975615
2016-02-17,sp500,0.8005632695834425
2016-02-18,sp500,1.0
2016-02-19,sp500,0.5038388859569977
2016-02-22,sp500,0.5504207884246272
2016-02-23,sp500,0.5822957863385577
2016-02-24,sp500,0.8444126513719279
2016-02-25,sp500,0.6668606788383776
2016-02-26,sp500,0.6668606788383776
2016-02-29,sp500,0.7639717851329354
2016-03-01,sp500,0.9269128666957895
2016-03-02,sp500,1.0
2016-03-03,sp500,0.7293358658632434
2016-03-04,sp500,0.7515037467656843
2016-03-07,sp500,0.8311306901615272
2016-03-08,sp500,0.7235387045813586
2016-03-09,sp500,0.6948044754625013
2016-03-10,sp500,0.5851528384279476
2016-03-11,sp500,1.0
2016-03-14,sp500,0.5454545454545454
2016-03-15,sp500,0.4958365280031382
2016-03-16,sp500,0.7212096935709994
2016-03-17,sp500,1.0
2016-03-18,sp500,0.8010395010395011
2016-03-21,sp500,0.5137117903930131
2016-03-22,sp500,0.4755343302278243
2016-03-23,sp500,0.6586093234970962
2016-03-24,sp500,0.6051735874744725
2016-03-28,sp500,1.0
2016-03-29,sp500,1.0
2016-03-30,sp500,0.7565512246510403
2016-03-31,sp500,1.0
2016-04-01,sp500,1.0
2016-04-04,sp500,0.7303761860110297
2016-04-05,sp500,0.49654044533903635
2016-04-06,sp500,0.5331504889100882
2016-04-07,sp500,0.6996068041208056
2016-04-08,sp500,0.7081842576028623
2016-04-11,sp500,0.6152893731427763
2016-04-12,sp500,0.5263295439696851
2016-04-13,sp500,0.41267572075291875
2016-04-14,sp500,0.3884289305139384
2016-04-15,sp500,0.5568431441214861
2016-04-18,sp500,0.47705870567020636
2016-04-19,sp500,0.6394414690130069
2016-04-20,sp500,0.7704664933846666
2016-04-21,sp500,0.8620303216120779
2016-04-22,sp500,0.6887534962381562
2016-04-25,sp500,0.5811704621567314
2016-04-26,sp500,0.5573442322128618
2016-04-27,sp500,0.662321493958257
2016-04-28,sp500,0.4880679960771494
2016-04-29,sp500,0.666042505383391
2016-05-02,sp500,1.0
2016-05-03,sp500,0.6366766796102279
2016-05-04,sp500,0.5678218689731751
2016-05-05,sp500,0.5466268614531258
2016-05-06,sp500,0.419310830436122
2016-05-09,sp500,0.8194006886951425
2016-05-10,sp500,0.13692514821550889
2016-05-11,sp500,0.40957283343577133
2016-05-12,sp500,0.3852676205617382
2016-05-13,sp500,0.345898874200761
2016-05-16,sp500,0.7087244797479157
2016-05-17,sp500,0.5604628422425033
2016-05-18,sp500,0.3983402489626556
2016-05-19,sp500,0.31813279261400407
2016-05-20,sp500,0.4924303965733698
2016-05-23,sp500,0.6508828250401284
2016-05-24,sp500,0.4787853918752565
2016-05-25,sp500,0.22681352069882263
2016-05-26,sp500,0.22055502949959938
2016-05-27,sp500,0.6589027967356896
2016-05-31,sp500,0.7511259113647366
2016-06-01,sp500,0.5427790624343073
2016-06-02,sp500,0.35829819454054124
2016-06-03,sp500,0.5255739813753181
2016-06-06,sp500,0.5047438330170778
2016-06-07,sp500,0.43365650969529085
2016-06-08,sp500,0.6626038781163435
2016-06-09,sp500,0.4687022900763359
2016-06-10,sp500,0.5349862155623488
2016-06-13,sp500,0.6754013015184381
2016-06-14,sp500,0.6095152603231598
2016-06-15,sp500,0.5822726926301349
2016-06-16,sp500,0.4085780363024739
2016-06-17,sp500,0.33199879342967614
2016-06-20,sp500,0.4480291576673866
2016-06-21,sp500,0.7756030951297224
2016-06-22,sp500,0.6615216044971655
2016-06-23,sp500,0.5676374117880927
2016-06-24,sp500,0.5119545032497679
2016-06-27,sp500,0.7598439920927499
2016-06-28,sp500,0.4747328382539395
2016-06-29,sp500,0.8229259952780266
2016-06-30,sp500,0.265434042187813
2016-07-01,sp500,0.49706392430097057
2016-07-05,sp500,0.4176529649800712
2016-07-06,sp500,0.914527115535761
2016-07-07,sp500,0.5086791106883842
2016-07-08,sp500,0.31895000219481145
2016-07-11,sp500,0.35713972169790614
2016-07-12,sp500,0.5391072835447852
2016-07-13,sp500,0.5391072835447852
2016-07-14,sp500,0.3747235736399823
2016-07-15,sp500,0.6775588362468342
2016-07-18,sp500,1.0
2016-07-19,sp500,1.0
2016-07-20,sp500,0.3494313756036766
2016-07-21,sp500,0.2644119907763259
2016-07-22,sp500,0.2256926952141058
2016-07-25,sp500,0.18776607663006947
2016-07-26,sp500,0.28338206266047283
2016-07-27,sp500,0.5178316941428999
2016-07-28,sp500,0.6365295090633153
2016-07-29,sp500,0.2441518158450249
2016-08-01,sp500,0.25112720316983195
2016-08-02,sp500,0.7137748533829209
2016-08-03,sp500,0.540804948036694
2016-08-04,sp500,1.0
2016-08-05,sp500,0.6987951807228916
2016-08-08,sp500,1.0
2016-08-09,sp500,0.6132208157524613
2016-08-10,sp500,0.6498035679783603
2016-08-11,sp500,0.4322836578841954
2016-08-12,sp500,0.34684684684684686
2016-08-15,sp500,0.6987951807228916
2016-08-16,sp500,0.6987951807228916
2016-08-17,sp500,0.8043818466353677
2016-08-18,sp500,0.6010665398593797
2016-08-19,sp500,0.6838854236056441
2016-08-22,sp500,0.7515406583496167
2016-08-23,sp500,0.5392254220456802
2016-08-24,sp500,0.621615744264434
2016-08-25,sp500,0.6961928285495272
2016-08-26,sp500,0.4761033615367025
2016-08-29,sp500,0.6323129867777576
2016-08-30,sp500,0.5647298323097095
2016-08-31,sp500,0.7723622715051338
2016-09-01,sp500,0.6486328561362503
2016-09-02,sp500,0.7136177180573609
2016-09-06,sp500,0.5269919868845877
2016-09-07,sp500,0.5936589922523215
2016-09-08,sp500,0.5300178994726912
2016-09-09,sp500,0.591760784440633
2016-09-12,sp500,0.7864171101989512
2016-09-13,sp500,0.26588894532466045
2016-09-14,sp500,0.22104238006974333
2016-09-15,sp500,0.7486184852096652
2016-09-16,sp500,0.9464153732446415
2016-09-19,sp500,0.6736334405144695
2016-09-20,sp500,0.3404255319148936
2016-09-21,sp500,0.31057563587684067
2016-09-22,sp500,0.3272373602895454
2016-09-23,sp500,0.6813756141134435
2016-09-26,sp500,0.5414917373827601
2016-09-27,sp500,0.4062884391797395
2016-09-28,sp500,0.5275610285886146
2016-09-29,sp500,0.6359578771183486
2016-09-30,sp500,0.7771924047854242
2016-10-03,sp500,0.40809968847352024
2016-10-04,sp500,0.4492753623188406
2016-10-05,sp500,0.6572704193294231
2016-10-06,sp500,0.7435678019282332
2016-10-07,sp500,0.5237226277372263
2016-10-10,sp500,0.5742699289660615
2016-10-11,sp500,0.46954697436569853
2016-10-12,sp500,1.0
2016-10-13,sp500,0.49024764980078644
2016-10-14,sp500,0.5134300756140848
2016-10-17,sp500,0.749614971764596
2016-10-18,sp500,0.5163038945876074
2016-10-19,sp500,0.23238408178167214
2016-10-20,sp500,0.7962052002810963
2016-10-21,sp500,0.9147820030038528
2016-10-24,sp500,0.5047080298566807
2016-10-25,sp500,0.5541299968190012
2016-10-26,sp500,0.3715998155832181
2016-10-27,sp500,0.5433070866141733
2016-10-28,sp500,0.5244911769298839
2016-10-31,sp500,0.6511361466488448
2016-11-01,sp500,0.5070584845865744
2016-11-02,sp500,1.0
2016-11-03,sp500,1.0
2016-11-04,sp500,0.7279841346411534
2016-11-07,sp500,1.0
2016-11-08,sp500,0.4129020517719849
2016-11-09,sp500,0.3857039841355688
2016-11-10,sp500,0.579216472051406
2016-11-11,sp500,0.9161688186548468
2016-11-14,sp500,0.6019858348300519
2016-11-15,sp500,0.8116828768507027
2016-11-16,sp500,0.9362093559611258
2016-11-17,sp500,1.0
2016-11-18,sp500,0.7116977797415222
2016-11-21,sp500,0.866744271535351
2016-11-22,sp500,0.7584886914850096
2016-11-23,sp500,0.61723165948308
2016-11-25,sp500,0.6655263859902396
2016-11-28,sp500,0.8877387165223376
2016-11-29,sp500,0.48400051449886383
2016-11-30,sp500,0.37037852805135146
2016-12-01,sp500,0.6183446980774855
2016-12-02,sp500,0.47373603803843234
2016-12-05,sp500,0.5594069155670596
2016-12-06,sp500,0.5492739840744894
2016-12-07,sp500,0.6713498046906397
2016-12-08,sp500,0.5604628422425033
2016-12-09,sp500,0.6455345501955672
2016-12-12,sp500,0.8108919890922025
2016-12-13,sp500,0.905950012972412
2016-12-14,sp500,0.6067352243191321
2016-12-15,sp500,0.4543230783704958
2016-12-16,sp500,0.6299909936955869
2016-12-19,sp500,0.4314608486354284
2016-12-20,sp500,0.4314608486354284
2016-12-21,sp500,0.4868866859078931
2016-12-22,sp500,0.4619386162649558
2016-12-23,sp500,0.3301260898259752
2016-12-27,sp500,0.6929353964309917
2016-12-28,sp500,0.7755980367591787
2016-12-29,sp500,0.6846098074236503
2016-12-30,sp500,0.7943622515976538
2017-01-03,sp500,1.0
2017-01-04,sp500,0.6504923198109492
2017-01-05,sp500,0.6406938325991189
2017-01-06,sp500,0.4655734202232787
2017-01-09,sp500,0.5391072835447852
2017-01-10,sp500,0.7441586911190718
2017-01-11,sp500,0.41698777014575306
2017-01-12,sp500,0.5748987854251012
2017-01-13,sp500,0.9481481481481482
2017-01-17,sp500,0.545953118089341
2017-01-18,sp500,1.0
2017-01-19,sp500,0.8786159427030044
2017-01-20,sp500,0.8205568924028875
2017-01-23,sp500,0.5201201608933996
2017-01-24,sp500,0.7097542062647647
2017-01-25,sp500,0.9314108516266928
2017-01-26,sp500,0.6603508406642028
2017-01-27,sp500,0.35844047681016084
2017-01-30,sp500,0.6347215522324061
2017-01-31,sp500,0.6406443618339529
2017-02-01,sp500,0.7392744479495268
2017-02-02,sp500,0.6508828250401284
2017-02-03,sp500,0.35266039590060366
2017-02-06,sp500,1.0
2017-02-07,sp500,0.4366501187135765
2017-02-08,sp500,0.4807275468853077
2017-02-09,sp500,0.5900480633305061
2017-02-10,sp500,0.8059374619783428
2017-02-13,sp500,0.44099534371401394
2017-02-14,sp500,0.5566797134628166
2017-02-15,sp500,0.40248135292814413
2017-02-16,sp500,0.7221551956623564
2017-02-17,sp500,0.588911639628288
2017-02-21,sp500,0.8082932692307693
2017-02-22,sp500,1.0
2017-02-23,sp500,1.0
2017-02-24,sp500,0.4444976534814673
2017-02-27,sp500,0.736451485868347
2017-02-28,sp500,0.46904969485614645
2017-03-01,sp500,0.3400555041628122
2017-03-02,sp500,0.3765675385166607
2017-03-03,sp500,0.52797771910153
2017-03-06,sp500,0.4685250277250428
2017-03-07,sp500,0.7768244139761168
2017-03-08,sp500,0.7152587350729765
2017-03-09,sp500,0.7145490906818324
2017-03-10,sp500,0.3558201252144334
2017-03-13,sp500,0.784126018537788
2017-03-14,sp500,0.7862018749431146
2017-03-15,sp500,0.7293191800878477
2017-03-16,sp500,0.8468525559780312
2017-03-17,sp500,0.4946134347275032
2017-03-20,sp500,0.32262661986328484
2017-03-21,sp500,0.38237284537094784
2017-03-22,sp500,0.9161688186548468
2017-03-23,sp500,0.5752397558849172
2017-03-24,sp500,1.0
2017-03-27,sp500,1.0
2017-03-28,sp500,0.5050666666666667
2017-03-29,sp500,0.5526728366965054
2017-03-30,sp500,0.7029455058652139
2017-03-31,sp500,0.7182808360317927
2017-04-03,sp500,0.5356622998544396
2017-04-04,sp500,0.8320009268914378
2017-04-05,sp500,0.6233766233766234
2017-04-06,sp500,0.6624888093106536
2017-04-07,sp500,0.7581691271851257
2017-04-10,sp500,0.5671163202122954
2017-04-11,sp500,0.48443477608581503
2017-04-12,sp500,0.6906062971636742
2017-04-13,sp500,0.7948634236587224
2017-04-17,sp500,0.7447848761408083
2017-04-18,sp500,0.8603531300160514
2017-04-19,sp500,0.9393199651264167
2017-04-20,sp500,0.6702047005307051
2017-04-21,sp500,0.8117407029583604
2017-04-24,sp500,0.5415642065595759
2017-04-25,sp500,0.3975267930750206
2017-04-26,sp500,0.5938002296211251
2017-04-27,sp500,0.559780251554142
2017-04-28,sp500,0.3163278034177373
2017-05-01,sp500,0.5321008403361345
2017-05-02,sp500,0.7604375976780532
2017-05-03,sp500,0.5453731075875661
2017-05-04,sp500,0.6811912852288626
2017-05-05,sp500,0.6199469068181055
2017-05-08,sp500,0.6411009537639022
2017-05-09,sp500,0.5350080171031534
2017-05-10,sp500,0.6208642016694043
2017-05-11,sp500,0.6785261824324325
2017-05-12,sp500,0.5840658832238365
2017-05-15,sp500,0.41359242454132966
2017-05-16,sp500,0.4687973724103082
2017-05-17,sp500,0.3357667287217353
2017-05-18,sp500,0.38806829081143296
2017-05-19,sp500,0.6234115573694462
2017-05-22,sp500,0.558151345860843
2017-05-23,sp500,0.4886714273119986
2017-05-24,sp500,0.40830963274390997
2017-05-25,sp500,0.3864204654741296
2017-05-26,sp500,0.5740987983978638
2017-05-30,sp500,0.5765486725663717
2017-05-31,sp500,0.6192050022331398
2017-06-01,sp500,0.35435435435435436
2017-06-02,sp500,0.7703703703703704
2017-06-05,sp500,0.42353966870095905
2017-06-06,sp500,0.3244922044847506
2017-06-07,sp500,0.12308074671379653
2017-06-08,sp500,0.35244004893363007
2017-06-09,sp500,0.19229340925568975
2017-06-12,sp500,0.4522425095366838
2017-06-13,sp500,0.7246726531903952
2017-06-14,sp500,0.7214360965936086
2017-06-15,sp500,0.561883587024685
2017-06-16,sp500,0.8453333333333334
2017-06-19,sp500,0.9080985915492957
2017-06-20,sp500,1.0
2017-06-21,sp500,0.6814298169136879
2017-06-22,sp500,0.6290400523039313
2017-06-23,sp500,0.7224860711399691
2017-06-26,sp500,1.0
2017-06-27,sp500,0.6915469303974622
2017-06-28,sp500,0.850486919992362
2017-06-29,sp500,0.6947193537760845
2017-06-30,sp500,0.4499715155136239
2017-07-03,sp500,0.399851422102731
2017-07-05,sp500,0.5086466105604786
2017-07-06,sp500,0.5471290141747417
2017-07-07,sp500,1.0
2017-07-10,sp500,1.0
2017-07-11,sp500,0.9180876660738571
2017-07-12,sp500,1.0
2017-07-13,sp500,1.0
2017-07-14,sp500,0.8167958221024259
2017-07-17,sp500,0.8571311273503571
2017-07-18,sp500,0.9201264918902377
2017-07-19,sp500,0.595599628137589
2017-07-20,sp500,0.5478358488212548
2017-07-21,sp500,0.7664655227951124
2017-07-24,sp500,0.4387890355760564
2017-07-25,sp500,0.4072266912831333
2017-07-26,sp500,0.6891099133438552
2017-07-27,sp500,0.39795739806875485
2017-07-28,sp500,0.41575654755593255
2017-07-31,sp500,0.4476809321084472
2017-08-01,sp500,0.34356962311842154
2017-08-02,sp500,0.43563754307723496
2017-08-03,sp500,0.47456076134699854
2017-08-04,sp500,0.6575623780675635
2017-08-07,sp500,0.41985312737401875
2017-08-08,sp500,0.326460761144161
2017-08-09,sp500,1.0
2017-08-10,sp500,0.49077117978158724
2017-08-11,sp500,0.2942681764204118
2017-08-14,sp500,0.5170415659077429
2017-08-15,sp500,0.2600761113994119
2017-08-16,sp500,0.5931918077246797
2017-08-17,sp500,0.3468578658793758
2017-08-18,sp500,0.6780758556891767
2017-08-21,sp500,0.5990783410138248
2017-08-22,sp500,0.22307165868233486
2017-08-23,sp500,1.0
2017-08-24,sp500,0.37393693575821013
2017-08-25,sp500,0.47834015080577597
2017-08-28,sp500,0.47834015080577597
2017-08-29,sp500,0.3799045048785551
2017-08-30,sp500,0.45484266448712707
2017-08-31,sp500,0.32205835666252997
2017-09-01,sp500,0.28962697218686106
2017-09-05,sp500,0.6380601450136694
2017-09-06,sp500,0.6201123762131523
2017-09-07,sp500,0.8096835350736473
2017-09-08,sp500,0.4304282566346246
2017-09-11,sp500,0.435686487019065
2017-09-12,sp500,0.5005120566055302
2017-09-13,sp500,0.4716064378985727
2017-09-14,sp500,0.23356276381336274
2017-09-15,sp500,0.4320592747331658
2017-09-18,sp500,0.564100077579519
2017-09-19,sp500,0.47892845475334855
2017-09-20,sp500,0.5397173305116771
2017-09-21,sp500,0.5879104267026787
2017-09-22,sp500,0.45109360660752523
2017-09-25,sp500,0.23700273626604926
2017-09-26,sp500,0.3861771058315335
2017-09-27,sp500,0.46704239157069344
2017-09-28,sp500,0.3228254524226503
2017-09-29,sp500,0.36162474637265035
2017-10-02,sp500,0.29596710002653226
2017-10-03,sp500,0.23815582665968116
2017-10-04,sp500,0.37899934498916715
2017-10-05,sp500,0.5543407064039906
2017-10-06,sp500,0.5361923942660822
2017-10-09,sp500,0.9059540796471657
2017-10-10,sp500,1.0
2017-10-11,sp500,0.7360757189661449
2017-10-12,sp500,0.44986953111242733
2017-10-13,sp500,0.4942299349240781
2017-10-16,sp500,0.9018655097613882
2017-10-17,sp500,0.9089894692795871
2017-10-18,sp500,0.5864296940181222
2017-10-19,sp500,0.5984641671740283
2017-10-20,sp500,0.552541822316063
2017-10-23,sp500,0.4333544571187157
2017-10-24,sp500,1.0
2017-10-25,sp500,0.5298902223991809
2017-10-26,sp500,0.4560310294398169
2017-10-27,sp500,0.4557316491897045
2017-10-30,sp500,0.5003015421728267
2017-10-31,sp500,0.32826976944624003
2017-11-01,sp500,0.6499535747446611
2017-11-02,sp500,0.5125660316952138
2017-11-03,sp500,0.8035553001067411
2017-11-06,sp500,0.5347424904374309
2017-11-07,sp500,0.2632816482233586
2017-11-08,sp500,0.7047059902761215
2017-11-09,sp500,0.714258114374034
2017-11-10,sp500,0.6969182670835194
2017-11-13,sp500,0.6288
2017-11-14,sp500,0.4982209874738022
2017-11-15,sp500,0.42082549010605574
2017-11-16,sp500,0.49604170689322263
2017-11-17,sp500,0.40534462230453766
2017-11-20,sp500,0.3814747105423522
2017-11-21,sp500,0.360529217199559
2017-11-22,sp500,0.4675642594859241
2017-11-24,sp500,0.5264228730524174
2017-11-27,sp500,0.3877303392600023
2017-11-28,sp500,0.5095060607009742
2017-11-29,sp500,0.6553740521371713
2017-11-30,sp500,0.7178575164766189
2017-12-01,sp500,0.5176273668793807
2017-12-04,sp500,0.3804445033288066
2017-12-05,sp500,0.6108659351145038
2017-12-06,sp500,0.8205568924028875
2017-12-07,sp500,0.6257014590347924
2017-12-08,sp500,0.46398394592310943
2017-12-11,sp500,0.6491817601397897
2017-12-12,sp500,0.3696464223610485
2017-12-13,sp500,0.5674920695042849
2017-12-14,sp500,0.5674920695042849
2017-12-15,sp500,0.51353510251176
2017-12-18,sp500,0.5170499603489295
2017-12-19,sp500,0.5944363738860823
2017-12-20,sp500,0.4654189415154018
2017-12-21,sp500,0.6450465529867141
2017-12-22,sp500,0.6428438141444299
2017-12-26,sp500,0.43744457582027785
2017-12-27,sp500,0.7072214743843535
2017-12-28,sp500,0.7980188825259248
2017-12-29,sp500,0.7980188825259248
2018-01-02,sp500,0.5633647582121277
2018-01-03,sp500,0.546802372175028
2018-01-04,sp500,0.8392725182691518
2018-01-05,sp500,0.5904383303692855
2018-01-08,sp500,0.4772681754456239
2018-01-09,sp500,0.43701093124664
2018-01-10,sp500,0.6514423076923077
2018-01-11,sp500,0.7211309279197831
2018-01-12,sp500,0.4868911501501974
2018-01-16,sp500,0.5558724123362907
2018-01-17,sp500,0.7816012049588692
2018-01-18,sp500,0.7312014830263005
2018-01-19,sp500,0.7243346007604563
2018-01-22,sp500,0.8315378115758344
2018-01-23,sp500,0.6018166455428813
2018-01-24,sp500,0.6312059142702117
2018-01-25,sp500,0.4017681728880157
2018-01-26,sp500,0.3233100793841713
2018-01-29,sp500,0.32944920521788135
2018-01-30,sp500,0.4312991268137579
2018-01-31,sp500,0.23659859604339503
2018-02-01,sp500,0.32569627800017037
2018-02-02,sp500,0.6123890300650143
2018-02-05,sp500,0.26784594567836045
2018-02-06,sp500,0.7605492034034255
2018-02-07,sp500,0.5131601469407102
2018-02-08,sp500,0.42372857720572854
2018-02-09,sp500,0.5314782300780501
2018-02-12,sp500,0.6402580218326166
2018-02-13,sp500,1.0
2018-02-14,sp500,0.6929097605893186
2018-02-15,sp500,0.3771228771228771
2018-02-16,sp500,0.7454495056823431
2018-02-20,sp500,0.7944291551997331
2018-02-21,sp500,1.0
2018-02-22,sp500,0.8917910447761194
2018-02-23,sp500,0.8917910447761194
2018-02-26,sp500,0.8917910447761194
2018-02-27,sp500,0.41279697624190065
2018-02-28,sp500,0.34013566501617104
2018-03-01,sp500,0.34632605495583907
2018-03-02,sp500,0.39605142587398995
2018-03-05,sp500,0.19758862214617975
2018-03-06,sp500,0.2338588427337944
2018-03-07,sp500,0.9159663865546218
2018-03-08,sp500,0.8472775564409031
2018-03-09,sp500,0.2907114486795345
2018-03-12,sp500,0.4006651357985589
2018-03-13,sp500,0.470389910404895
2018-03-14,sp500,0.5222806496207961
2018-03-15,sp500,0.5813282001924928
2018-03-16,sp500,0.3601292024930622
2018-03-19,sp500,0.7691187844047132
2018-03-20,sp500,0.6813528434367797
2018-03-21,sp500,0.4940069792140798
2018-03-22,sp500,0.3994836581386593
2018-03-23,sp500,0.867175572519084
2018-03-26,sp500,0.6522674865488086
2018-03-27,sp500,0.3714066102997694
2018-03-28,sp500,0.8001584158415842
2018-03-29,sp500,0.5947251584407817
2018-04-02,sp500,0.2407140197356172
2018-04-03,sp500,0.36371915880112604
2018-04-04,sp500,0.5206611570247934
2018-04-05,sp500,0.7741600534005785
2018-04-06,sp500,0.596516541275894
2018-04-09,sp500,0.47509050163764865
2018-04-10,sp500,0.5868415648423863
2018-04-11,sp500,0.6833059002279058
2018-04-12,sp500,0.5042517752257386
2018-04-13,sp500,0.4868265827762485
2018-04-16,sp500,0.3821336174098311
2018-04-17,sp500,0.3924653527986344
2018-04-18,sp500,0.5860496825599727
2018-04-19,sp500,0.8110749185667753
2018-04-20,sp500,0.7469768865758457
2018-04-23,sp500,0.7640320367593095
2018-04-24,sp500,0.44080695199081293
2018-04-25,sp500,0.38586370743703796
2018-04-26,sp500,0.64718254677426
2018-04-27,sp500,0.5035844915874177
2018-04-30,sp500,0.4109681787406906
2018-05-01,sp500,0.6870420208372192
2018-05-02,sp500,0.28711040279051586
2018-05-03,sp500,0.3394325750627716
2018-05-04,sp500,0.4918376516399581
2018-05-07,sp500,0.17483012457531144
2018-05-08,sp500,0.3846041270305869
2018-05-09,sp500,0.6514004087029691
2018-05-10,sp500,0.7346360469921484
2018-05-11,sp500,0.5008360381626832
2018-05-14,sp500,0.4910128991330091
2018-05-15,sp500,0.6633077765607887
2018-05-16,sp500,0.8897338403041825
2018-05-17,sp500,0.6919461791025558
2018-05-18,sp500,0.6695365915421626
2018-05-21,sp500,1.0
2018-05-22,sp500,0.7736625514403292
2018-05-23,sp500,0.8945147679324894
2018-05-24,sp500,0.8945147679324894
2018-05-25,sp500,0.45993031358885017
2018-05-29,sp500,0.3856750779397266
2018-05-30,sp500,0.7024725556581513
2018-05-31,sp500,0.62572318647085
2018-06-01,sp500,0.3044487427466151
2018-06-04,sp500,0.41073482428115016
2018-06-05,sp500,0.6536975118329064
2018-06-06,sp500,0.5865083446309195
2018-06-07,sp500,0.4355909694555113
2018-06-08,sp500,0.34977578475336324
2018-06-11,sp500,0.6927036027853467
2018-06-12,sp500,1.0
2018-06-13,sp500,0.33316962093137475
2018-06-14,sp500,0.48711470439615967
2018-06-15,sp500,0.7652117592026195
2018-06-18,sp500,0.6319547854338703
2018-06-19,sp500,1.0
2018-06-20,sp500,0.9118541033434651
2018-06-21,sp500,0.5812549225518508
2018-06-22,sp500,0.39573056642286103
2018-06-25,sp500,0.3082956015523933
2018-06-26,sp500,0.3870236490626149
2018-06-27,sp500,0.4841631292213037
2018-06-28,sp500,0.23922030017807175
2018-06-29,sp500,0.4441707591175701
2018-07-02,sp500,0.38143373829175553
2018-07-03,sp500,0.3537447921713012
2018-07-05,sp500,0.5470377019748653
2018-07-06,sp500,0.5985680190930788
2018-07-09,sp500,0.45034116755117515
2018-07-10,sp500,0.404793734174229
2018-07-11,sp500,0.6345106581608838
2018-07-12,sp500,0.3930687870377316
2018-07-13,sp500,0.41528032722910374
2018-07-16,sp500,0.2593796433878158
2018-07-17,sp500,0.41245468116869266
2018-07-18,sp500,0.45603751465416176
2018-07-19,sp500,0.31101511879049676
2018-07-20,sp500,0.31963394342762064
2018-07-23,sp500,0.3029630046103677
2018-07-24,sp500,0.19623523977249763
2018-07-25,sp500,0.47389489821991315
2018-07-26,sp500,0.3789746917585983
2018-07-27,sp500,0.5019083969465649
2018-07-30,sp500,0.36741831569259087
2018-07-31,sp500,0.9407529915361417
2018-08-01,sp500,0.7611639824304539
2018-08-02,sp500,0.7281007232788642
2018-08-03,sp500,0.6342342342342342
2018-08-06,sp500,0.4226824854212749
2018-08-07,sp500,0.5373859384231603
2018-08-08,sp500,0.7793865030674847
2018-08-09,sp500,0.6194690265486725
2018-08-10,sp500,1.0
2018-08-13,sp500,0.42872687704026113
2018-08-14,sp500,0.4761202883180846
2018-08-15,sp500,0.523645360155743
2018-08-16,sp500,0.48333201361944733
2018-08-17,sp500,0.8455481526347668
2018-08-20,sp500,0.41304347826086957
2018-08-21,sp500,0.41304347826086957
2018-08-22,sp500,0.24041646947468054
2018-08-23,sp500,0.41331535066208924
2018-08-24,sp500,0.7627198344775699
2018-08-27,sp500,0.5695067264573991
2018-08-28,sp500,0.5338208409506399
2018-08-29,sp500,0.8096835350736473
2018-08-30,sp500,0.7353825234380591
2018-08-31,sp500,0.48286403315104787
2018-09-04,sp500,0.5841413782742891
2018-09-05,sp500,0.4189592131359877
2018-09-06,sp500,0.5842001686814732
2018-09-07,sp500,0.31660058352659537
2018-09-10,sp500,0.3129264594389689
2018-09-11,sp500,0.3414231316236179
2018-09-12,sp500,0.42125063082075515
2018-09-13,sp500,0.5398153491055973
2018-09-14,sp500,0.3722943722943723
2018-09-17,sp500,0.4962055408247234
2018-09-18,sp500,1.0
2018-09-19,sp500,0.3092658322436017
2018-09-20,sp500,0.3854967822947732
2018-09-21,sp500,0.8135862233156099
2018-09-24,sp500,0.45456709784937704
2018-09-25,sp500,0.6501160092807424
2018-09-26,sp500,0.5978207033184745
2018-09-27,sp500,0.85378642734698
2018-09-28,sp500,0.6952545997566462
2018-10-01,sp500,0.6974263853466265
2018-10-02,sp500,0.48661407540841045
2018-10-03,sp500,0.6553740521371713
2018-10-04,sp500,0.392807291239018
2018-10-05,sp500,0.8136284810772213
2018-10-08,sp500,0.6915469303974622
2018-10-09,sp500,0.6126593789667127
2018-10-10,sp500,0.4556295778276712
2018-10-11,sp500,0.36096828793153
2018-10-12,sp500,0.5510995658671981
2018-10-15,sp500,0.525528489066639
2018-10-16,sp500,0.525528489066639
2018-10-17,sp500,0.7215940606732943
2018-10-18,sp500,0.7555426644671247
2018-10-19,sp500,0.47839989341504846
2018-10-22,sp500,0.4723008491710473
2018-10-23,sp500,0.4825124910778016
2018-10-24,sp500,0.5014712714883073
2018-10-25,sp500,0.33401536722517133
2018-10-26,sp500,0.37412095639943743
2018-10-29,sp500,0.4490934449093445
2018-10-30,sp500,0.47478406241292836
2018-10-31,sp500,0.7171914182223461
2018-11-01,sp500,0.566128067025733
2018-11-02,sp500,0.8030082484230956
2018-11-05,sp500,0.8752588816313526
2018-11-06,sp500,0.5491605057693636
2018-11-07,sp500,0.6211301433133627
2018-11-08,sp500,0.41014596793491265
2018-11-09,sp500,0.637066057242355
2018-11-12,sp500,0.7250729828151804
2018-11-13,sp500,0.5369017850511253
2018-11-14,sp500,1.0
2018-11-15,sp500,0.4342567303940694
2018-11-16,sp500,0.25161290322580643
2018-11-19,sp500,0.23486159169550172
2018-11-20,sp500,0.22992931812014628
2018-11-21,sp500,0.3514086164953308
2018-11-23,sp500,0.6555819477434679
2018-11-26,sp500,0.34747865584388277
2018-11-27,sp500,0.7789442371809968
2018-11-28,sp500,0.3988329835696371
2018-11-29,sp500,0.47351270831393727
2018-11-30,sp500,0.7763077929970549
2018-12-03,sp500,1.0
2018-12-04,sp500,1.0
2018-12-06,sp500,0.6109767811599484
2018-12-07,sp500,0.5189710494353099
2018-12-10,sp500,0.7282948157401624
2018-12-11,sp500,0.5045955440065445
2018-12-12,sp500,0.49018458833870493
2018-12-13,sp500,0.8357073486565232
2018-12-14,sp500,0.6406938325991189
2018-12-17,sp500,0.4084440227703985
2018-12-18,sp500,0.6535812994800206
2018-12-19,sp500,0.5781055159567098
2018-12-20,sp500,0.37145065358378976
2018-12-21,sp500,0.4541847531199132
2018-12-24,sp500,0.20287199306990072
2018-12-26,sp500,0.2940749948207997
2018-12-27,sp500,0.6125819771678407
2018-12-28,sp500,1.0
2018-12-31,sp500,0.3514086164953308
2019-01-02,sp500,0.37975285171102663
2019-01-03,sp500,0.8052723203183287
2019-01-04,sp500,0.5017366242979604
2019-01-07,sp500,0.45646950270083236
2019-01-08,sp500,0.6540558963871848
2019-01-09,sp500,0.22382671480144403
2019-01-10,sp500,0.8262548262548263
2019-01-11,sp500,0.8262548262548263
2019-01-14,sp500,0.7325102880658436
2019-01-15,sp500,0.680891780690843
2019-01-16,sp500,0.6724509703254954
2019-01-17,sp500,0.615824937851629
2019-01-18,sp500,0.48739727285248613
2019-01-22,sp500,0.7638436482084691
2019-01-23,sp500,0.3465271330914001
2019-01-24,sp500,0.29067706487061323
2019-01-25,sp500,0.42968915204060054
2019-01-28,sp500,0.49584085207517276
2019-01-29,sp500,0.243381684139978
2019-01-30,sp500,0.39302008372136776
2019-01-31,sp500,0.22030908192788087
2019-02-01,sp500,0.45309477756286265
2019-02-04,sp500,0.6426170737172305
2019-02-05,sp500,0.6411009537639022
2019-02-06,sp500,0.24224205706886187
2019-02-07,sp500,0.40170049597799357
2019-02-08,sp500,0.9190439475713185
2019-02-11,sp500,0.44881889763779526
2019-02-12,sp500,0.6906666666666667
2019-02-13,sp500,0.707808564231738
2019-02-14,sp500,0.8048452220726783
2019-02-15,sp500,0.5953488372093023
2019-02-19,sp500,0.8027898866608544
2019-02-20,sp500,0.6750062259343691
2019-02-21,sp500,0.6845136518771331
2019-02-22,sp500,0.9023768234214016
2019-02-25,sp500,0.6910280373831775
2019-02-26,sp500,0.8610615312353217
2019-02-27,sp500,0.7163906637110444
2019-02-28,sp500,0.6601774889069433
2019-03-01,sp500,0.6285346008217192
2019-03-04,sp500,0.5902266705916985
2019-03-05,sp500,0.47238290725881693
2019-03-06,sp500,0.6556820935304095
2019-03-07,sp500,0.9336688014638609
2019-03-08,sp500,0.6162459283387622
2019-03-11,sp500,0.48523610954581314
2019-03-12,sp500,0.7554230573098497
2019-03-13,sp500,0.4778241091736164
2019-03-14,sp500,0.59608612624608
2019-03-15,sp500,0.5330657581555981
2019-03-18,sp500,0.5362258378528716
2019-03-19,sp500,0.5776914822952327
2019-03-20,sp500,0.2899073928739601
2019-03-21,sp500,0.42637362637362636
2019-03-22,sp500,0.549734136830911
2019-03-25,sp500,0.6695923706641911
2019-03-26,sp500,0.624373036432784
2019-03-27,sp500,0.9192200557103064
2019-03-28,sp500,0.48539164724861084
2019-03-29,sp500,0.5111599038744143
2019-04-01,sp500,0.4295830055074744
2019-04-02,sp500,0.5714789819593313
2019-04-03,sp500,0.4999626782115399
2019-04-04,sp500,0.45218417945690675
2019-04-05,sp500,0.6191369606003753
2019-04-08,sp500,0.7413280475718533
2019-04-09,sp500,1.0
2019-04-10,sp500,0.6533272613422895
2019-04-11,sp500,0.7023585103263374
2019-04-12,sp500,0.47153449792635416
2019-04-15,sp500,0.8955448476795748
2019-04-16,sp500,0.531433607520564
2019-04-17,sp500,0.5259152060888674
2019-04-18,sp500,0.4112568255005367
2019-04-22,sp500,0.2589252160841789
2019-04-23,sp500,0.4506247480854494
2019-04-24,sp500,0.5760665609681596
2019-04-25,sp500,0.6767570104423325
2019-04-26,sp500,0.5452264458662652
2019-04-29,sp500,0.4995952451961996
2019-04-30,sp500,0.23093766726679968
2019-05-01,sp500,0.3631910905583451
2019-05-02,sp500,0.21110731463715932
2019-05-03,sp500,0.6144300655912073
2019-05-06,sp500,0.5878947368421052
2019-05-07,sp500,0.5451520912547528
2019-05-08,sp500,0.395934010998167
2019-05-09,sp500,0.6347924266110822
2019-05-10,sp500,0.5983379501385041
2019-05-13,sp500,0.3447078857741682
2019-05-14,sp500,0.3151785004373062
2019-05-15,sp500,0.4695121951219512
2019-05-16,sp500,0.7252648104372305
2019-05-17,sp500,0.40119302539002755
2019-05-20,sp500,0.3084772080298717
2019-05-21,sp500,0.5748320097739767
2019-05-22,sp500,0.4967995681344953
2019-05-23,sp500,0.53481463878327
2019-05-24,sp500,0.43285528031290743
2019-05-28,sp500,0.2976993599723231
2019-05-29,sp500,0.7667787688258517
2019-05-30,sp500,0.7431662597539375
2019-05-31,sp500,0.34666230463812514
2019-06-03,sp500,0.3225866136269023
2019-06-04,sp500,0.5277819530036575
2019-06-05,sp500,0.39461883408071746
2019-06-06,sp500,1.0
2019-06-07,sp500,0.39592430858806404
2019-06-10,sp500,0.45892900411921494
2019-06-11,sp500,0.3529319658654975
2019-06-12,sp500,0.4064891846921797
2019-06-13,sp500,0.8356940509915014
2019-06-14,sp500,0.841148115687993
2019-06-17,sp500,0.6419979741706762
2019-06-18,sp500,0.7360757189661449
2019-06-19,sp500,0.8360099524994345
2019-06-20,sp500,0.8360099524994345
2019-06-21,sp500,1.0
2019-06-24,sp500,0.5958705420624538
2019-06-25,sp500,1.0
2019-06-26,sp500,1.0
2019-06-27,sp500,0.4508828763060638
2019-06-28,sp500,0.2910691003911343
2019-07-01,sp500,0.4831368247874966
2019-07-02,sp500,0.5541166789380224
2019-07-03,sp500,0.5823851514720524
2019-07-05,sp500,0.7215901009813682
2019-07-08,sp500,1.0
2019-07-09,sp500,0.8153080129689672
2019-07-10,sp500,0.5080298574983035
2019-07-11,sp500,0.5080298574983035
2019-07-12,sp500,0.6699772398096421
2019-07-15,sp500,0.16019008959952477
2019-07-16,sp500,0.23526370217166495
2019-07-17,sp500,0.2993903815759765
2019-07-18,sp500,0.5213127488105641
2019-07-19,sp500,0.542928888176524
2019-07-22,sp500,0.435337801122985
2019-07-23,sp500,0.497824349524909
2019-07-24,sp500,0.4029977331955774
2019-07-25,sp500,0.36445160965287926
2019-07-26,sp500,0.41221889778978865
2019-07-29,sp500,0.618919541996465
2019-07-30,sp500,0.6220434432823814
2019-07-31,sp500,0.7938999111637548
2019-08-01,sp500,0.45723198161221473
2019-08-02,sp500,1.0
2019-08-05,sp500,0.5823137680037169
2019-08-06,sp500,0.3215670563321839
2019-08-07,sp500,0.4776813856452436
2019-08-08,sp500,0.3786384217335058
2019-08-09,sp500,0.6977592496091715
2019-08-12,sp500,0.5644292521234722
2019-08-13,sp500,0.4587426326129666
2019-08-14,sp500,0.658204895738894
2019-08-15,sp500,0.6756896255089752
2019-08-16,sp500,0.5499916121456132
2019-08-19,sp500,0.695600584154801
2019-08-20,sp500,0.6200873362445415
2019-08-21,sp500,0.922089552238806
2019-08-22,sp500,0.5005887547836326
2019-08-23,sp500,0.2641493204885601
2019-08-26,sp500,0.535855331531906
2019-08-27,sp500,0.6584113560857747
2019-08-28,sp500,0.6011671736061589
2019-08-29,sp500,0.5131257631257631
2019-08-30,sp500,0.551571380809094
2019-09-03,sp500,0.6010436432637571
2019-09-04,sp500,1.0
2019-09-05,sp500,1.0
2019-09-06,sp500,0.2728358208955224
2019-09-09,sp500,0.42646366347512166
2019-09-10,sp500,0.13855793266889588
2019-09-11,sp500,0.4209817100225133
2019-09-12,sp500,0.3377887816384228
2019-09-13,sp500,0.39792387543252594
2019-09-16,sp500,0.5072372561359345
2019-09-17,sp500,0.648910411622276
2019-09-18,sp500,0.545759677780264
2019-09-19,sp500,0.6552748885586924
2019-09-20,sp500,0.5994475138121547
2019-09-23,sp500,0.6782493744393561
2019-09-24,sp500,0.3713450292397661
2019-09-25,sp500,0.5023696682464455
2019-09-26,sp500,0.76779995072678
2019-09-27,sp500,0.523444347063979
2019-09-30,sp500,0.6284821282549835
2019-10-01,sp500,0.49989735167316773
2019-10-02,sp500,0.6428438141444299
2019-10-03,sp500,1.0
2019-10-04,sp500,0.6519106789666782
2019-10-07,sp500,0.5151567479317436
2019-10-08,sp500,0.9138886689365745
2019-10-09,sp500,0.5377258235919234
2019-10-10,sp500,0.4718915455434526
2019-10-11,sp500,0.6007746511736431
2019-10-14,sp500,0.8872764965016844
2019-10-15,sp500,0.550749783120585
2019-10-16,sp500,1.0
2019-10-17,sp500,0.501963739655947
2019-10-18,sp500,0.9263447030271105
2019-10-21,sp500,0.41999218844698244
2019-10-22,sp500,0.6966918885416936
2019-10-23,sp500,0.7127990693872418
2019-10-24,sp500,0.712656882736437
2019-10-25,sp500,0.4644486609406005
2019-10-28,sp500,0.8325093563738853
2019-10-29,sp500,0.43922651933701656
2019-10-30,sp500,0.47928176795580113
2019-10-31,sp500,0.6714883234576507
2019-11-01,sp500,0.4457814269535674
2019-11-04,sp500,0.6593006993006993
2019-11-05,sp500,0.5264898380985188
2019-11-06,sp500,0.7707941287165977
2019-11-07,sp500,1.0
2019-11-08,sp500,0.867175572519084
2019-11-11,sp500,0.5853193517635844
2019-11-12,sp500,1.0
2019-11-13,sp500,0.5979885838543082
2019-11-14,sp500,0.47858500219266187
2019-11-15,sp500,1.0
2019-11-18,sp500,0.6257957217411252
2019-11-19,sp500,1.0
2019-11-20,sp500,1.0
2019-11-21,sp500,0.5829560585885486
2019-11-22,sp500,1.0
2019-11-25,sp500,0.21653225806451612
2019-11-26,sp500,0.39917127071823205
2019-11-27,sp500,0.7478260869565218
2019-11-29,sp500,0.5155452436194896
2019-12-02,sp500,0.6178943405697076
2019-12-03,sp500,0.34015316881867624
2019-12-04,sp500,0.17680454176804541
2019-12-05,sp500,0.38550185873605947
2019-12-06,sp500,0.37728836889194767
2019-12-09,sp500,0.6022675322300448
2019-12-10,sp500,0.5901784137078254
2019-12-11,sp500,0.3635355542207642
2019-12-12,sp500,0.5144467419348936
2019-12-13,sp500,0.591760784440633
2019-12-16,sp500,0.583644901743786
2019-12-17,sp500,0.5567720780303451
2019-12-18,sp500,0.4183746359690093
2019-12-19,sp500,0.47034533872134676
2019-12-20,sp500,0.6318565608455194
2019-12-23,sp500,0.4067642512955723
2019-12-24,sp500,0.8394833948339483
2019-12-26,sp500,0.5572360404272095
2019-12-27,sp500,0.4204749624161238
2019-12-30,sp500,0.45463685902607964
2019-12-31,sp500,0.3367799523202306
2020-01-02,sp500,0.4513733183856502
2020-01-03,sp500,0.4853783873710673
2020-01-06,sp500,0.5703361478413255
2020-01-07,sp500,0.457775007790589
2020-01-08,sp500,0.51199750701153
2020-01-09,sp500,0.4582662841950605
2020-01-10,sp500,0.3746662833203269
2020-01-13,sp500,0.41520755459374387
2020-01-14,sp500,0.41460417763735297
2020-01-15,sp500,0.37838712286661813
2020-01-16,sp500,1.0
2020-01-17,sp500,0.4696070621514851
2020-01-21,sp500,0.59608612624608
2020-01-22,sp500,0.6537665599518899
2020-01-23,sp500,0.7656839156821201
2020-01-24,sp500,0.33416579392572304
2020-01-27,sp500,0.23604285829372432
2020-01-28,sp500,0.500947445763564
2020-01-29,sp500,0.285874188493396
2020-01-30,sp500,0.19875106698414124
2020-01-31,sp500,0.3937828931188825
2020-02-03,sp500,0.43332380135354115
2020-02-04,sp500,0.24770698866619315
2020-02-05,sp500,0.6500664134847436
2020-02-06,sp500,0.7554806070826307
2020-02-07,sp500,0.8360099524994345
2020-02-10,sp500,0.6553545490558563
2020-02-11,sp500,0.5797236803967666
2020-02-12,sp500,0.8028569874734877
2020-02-13,sp500,0.5247088939531108
2020-02-14,sp500,0.7944499334163838
2020-02-18,sp500,0.7675537031099712
2020-02-19,sp500,0.6219876645259744
2020-02-20,sp500,0.8510183935370792
2020-02-21,sp500,0.6159251851451429
2020-02-24,sp500,0.6815186695952307
2020-02-25,sp500,0.8194467002327973
2020-02-26,sp500,0.7408773851386407
2020-02-27,sp500,0.4048554711378919
2020-02-28,sp500,0.21734436847786973
2020-03-02,sp500,0.495549426440168
2020-03-03,sp500,1.0
2020-03-04,sp500,0.6173180847052909
2020-03-05,sp500,0.6160538659403844
2020-03-06,sp500,0.20705189969011223
2020-03-09,sp500,0.49440849406295156
2020-03-10,sp500,0.6979749276759885
2020-03-11,sp500,0.34277620396600567
2020-03-12,sp500,0.30515009639217844
2020-03-13,sp500,0.36231884057971014
2020-03-16,sp500,0.28194993412384717
2020-03-17,sp500,0.39359052676096046
2020-03-18,sp500,0.43447206428269347
2020-03-19,sp500,0.7032558139534884
2020-03-20,sp500,0.7050847457627119
2020-03-23,sp500,0.4311021281654976
2020-03-24,sp500,0.438136062339432
2020-03-25,sp500,0.4615730842804096
2020-03-26,sp500,0.7680659723456439
2020-03-27,sp500,0.5768894076451707
2020-03-30,sp500,0.5445979899497487
2020-03-31,sp500,0.9267183288409704
2020-04-01,sp500,0.5382886398401648
2020-04-02,sp500,0.4727116840113529
2020-04-03,sp500,0.659830092773611
2020-04-06,sp500,0.7475242137338122
2020-04-07,sp500,0.47422355352356926
2020-04-08,sp500,0.6426615553121577
2020-04-09,sp500,0.6426615553121577
2020-04-13,sp500,0.38445629694133016
2020-04-14,sp500,0.49525965756332246
2020-04-15,sp500,0.8998849252013809
2020-04-16,sp500,0.6029009027284714
2020-04-17,sp500,1.0
2020-04-20,sp500,0.381633813495072
2020-04-21,sp500,0.6921346900901184
2020-04-22,sp500,0.6325587558176127
2020-04-23,sp500,0.6673294585500152
2020-04-24,sp500,0.7182001225597479
2020-04-27,sp500,0.4586057502953919
2020-04-28,sp500,0.469242501270971
2020-04-29,sp500,0.3868503614786523
2020-04-30,sp500,0.5373324824505424
2020-05-01,sp500,0.30819851933095693
2020-05-04,sp500,0.868335711506032
2020-05-05,sp500,0.868335711506032
2020-05-06,sp500,1.0
2020-05-07,sp500,1.0
2020-05-08,sp500,1.0
2020-05-11,sp500,0.7802382856902286
2020-05-12,sp500,0.5978297893046567
2020-05-13,sp500,0.6572104018912529
2020-05-14,sp500,0.5808279370952821
2020-05-15,sp500,0.6083408363824447
2020-05-18,sp500,0.3164755863353314
2020-05-19,sp500,1.0
2020-05-20,sp500,0.16184971098265896
2020-05-21,sp500,0.5620070481624434
2020-05-22,sp500,0.5430672268907563
2020-05-26,sp500,0.71969069317868
2020-05-27,sp500,0.7283881240048703
2020-05-28,sp500,0.4427064712191634
2020-05-29,sp500,0.3738980245403188
2020-06-01,sp500,1.0
2020-06-02,sp500,1.0
2020-06-03,sp500,1.0
2020-06-04,sp500,1.0
2020-06-05,sp500,1.0
2020-06-08,sp500,0.8307100233503416
2020-06-09,sp500,0.5523326726635158
2020-06-10,sp500,0.5793754621466356
2020-06-11,sp500,0.4861800141743444
2020-06-12,sp500,0.623800051889648
2020-06-15,sp500,0.6518143009605123
2020-06-16,sp500,0.3865299588351883
2020-06-17,sp500,0.7554700337282713
2020-06-18,sp500,0.6307220130166953
2020-06-19,sp500,0.3606812483790092
2020-06-22,sp500,0.5536246276067527
2020-06-23,sp500,0.32355881372875706
2020-06-24,sp500,0.5205333333333333
2020-06-25,sp500,0.6521617852161785
2020-06-26,sp500,0.7388242999836253
2020-06-29,sp500,0.44181977252843396
2020-06-30,sp500,0.44475468687674513
2020-07-01,sp500,0.366945223770873
2020-07-02,sp500,0.5984889922056611
2020-07-06,sp500,0.311533159748813
2020-07-07,sp500,0.3698034769463341
2020-07-08,sp500,0.6438019652305367
2020-07-09,sp500,0.5107012434706236
2020-07-10,sp500,0.6963845330603509
2020-07-13,sp500,0.8334579132559115
2020-07-14,sp500,0.8264166001596169
2020-07-15,sp500,0.7435462259937472
2020-07-16,sp500,0.853781512605042
2020-07-17,sp500,0.6212780776597597
2020-07-20,sp500,0.7820026936448774
2020-07-21,sp500,0.5053070507960576
2020-07-22,sp500,0.30576969893694717
2020-07-23,sp500,1.0
2020-07-24,sp500,0.5853193517635844
2020-07-27,sp500,0.8096835350736473
2020-07-28,sp500,0.4444262509824469
2020-07-29,sp500,0.5522344578453651
2020-07-30,sp500,0.7267173588093846
2020-07-31,sp500,0.614794261762796
2020-08-03,sp500,0.29226263740927805
2020-08-04,sp500,0.40303892024956495
2020-08-05,sp500,1.0
2020-08-06,sp500,1.0
2020-08-07,sp500,0.8429393991220568
2020-08-10,sp500,0.616869918699187
2020-08-11,sp500,0.6186069167072576
2020-08-12,sp500,0.513780219078338
2020-08-13,sp500,0.5799266078671216
2020-08-14,sp500,0.398535108808032
2020-08-17,sp500,0.16910734751050555
2020-08-18,sp500,0.29892180257617973
2020-08-19,sp500,0.25230742564961794
2020-08-20,sp500,0.8347835094261447
2020-08-21,sp500,0.6489690291343184
2020-08-24,sp500,0.5734163795388285
2020-08-25,sp500,0.5638785448295617
2020-08-26,sp500,0.4994246260069045
2020-08-27,sp500,0.49987225344915687
2020-08-28,sp500,0.436566909809803
2020-08-31,sp500,0.23041869940492146
2020-09-01,sp500,0.3550601284937675
2020-09-02,sp500,0.5196484047173839
2020-09-03,sp500,0.6994403371795758
2020-09-04,sp500,0.4775016169269149
2020-09-08,sp500,0.6897447653981355
2020-09-09,sp500,0.43909283980582525
2020-09-10,sp500,0.29768684318675515
2020-09-11,sp500,0.782825761357963
2020-09-14,sp500,0.6631761365731352
2020-09-15,sp500,1.0
2020-09-16,sp500,0.5961275511065346
2020-09-17,sp500,0.7643881830421393
2020-09-18,sp500,0.48871181938911024
2020-09-21,sp500,0.5933014354066986
2020-09-22,sp500,0.6260854311025349
2020-09-23,sp500,0.6260854311025349
2020-09-24,sp500,0.7273330629401571
2020-09-25,sp500,0.9275338175518092
2020-09-28,sp500,0.8426288815194453
2020-09-29,sp500,0.8426288815194453
2020-09-30,sp500,0.6775887094283685
2020-10-01,sp500,0.8265763002944063
2020-10-02,sp500,0.7209416819585552
2020-10-05,sp500,0.5518818000931375
2020-10-06,sp500,0.6801862516848426
2020-10-07,sp500,1.0
2020-10-08,sp500,0.4846510331370431
2020-10-09,sp500,0.4776099487617421
2020-10-12,sp500,0.35381644425738407
2020-10-13,sp500,0.21198872226535365
2020-10-14,sp500,0.3461304082876295
2020-10-15,sp500,0.36558687421119057
2020-10-16,sp500,0.23650192232685127
2020-10-19,sp500,0.28505598820330863
2020-10-20,sp500,0.8534428300694883
2020-10-21,sp500,0.23200156934545216
2020-10-22,sp500,0.5414041517106353
2020-10-23,sp500,0.5553425970292286
2020-10-26,sp500,0.6395027624309392
2020-10-27,sp500,0.6528545119705341
2020-10-28,sp500,0.4343762698090207
2020-10-29,sp500,0.5408122872298313
2020-10-30,sp500,0.5408122872298313
2020-11-02,sp500,0.43297475937800367
2020-11-03,sp500,0.5761152013858813
2020-11-04,sp500,0.6997584263200276
2020-11-05,sp500,0.8340117018570339
2020-11-06,sp500,0.5493876058741088
2020-11-09,sp500,0.35326321054898635
2020-11-10,sp500,0.5535845183990618
2020-11-11,sp500,0.33840304182509506
2020-11-12,sp500,0.6344660683674498
2020-11-13,sp500,0.39415041782729804
2020-11-16,sp500,0.5922630868218286
2020-11-17,sp500,0.3648659033274418
2020-11-18,sp500,0.2901178603807797
2020-11-19,sp500,0.6751095957135899
2020-11-20,sp500,0.581692824095074
2020-11-23,sp500,0.8761271950640721
2020-11-24,sp500,1.0
2020-11-25,sp500,1.0
2020-11-27,sp500,0.7935453251067869
2020-11-30,sp500,0.37851377678819925
2020-12-01,sp500,0.3135356143748655
2020-12-02,sp500,0.36482613163160454
2020-12-03,sp500,0.62563978681322
2020-12-04,sp500,0.5492739840744894
2020-12-07,sp500,0.8091268100043879
2020-12-08,sp500,0.7488335075919539
2020-12-09,sp500,0.4286871961102107
2020-12-10,sp500,1.0
2020-12-11,sp500,0.40363007778738114
2020-12-14,sp500,0.47402059006425756
2020-12-15,sp500,0.7186547168068004
2020-12-16,sp500,0.5646735051288466
2020-12-17,sp500,0.5390070921985816
2020-12-18,sp500,0.42955920484010374
2020-12-21,sp500,0.36243428389357973
2020-12-22,sp500,0.5670947030497592
2020-12-23,sp500,0.6790161414296695
2020-12-24,sp500,0.45244755244755247
2020-12-28,sp500,0.4339790034008576
2020-12-29,sp500,0.9210574072953844
2020-12-30,sp500,1.0
2020-12-31,sp500,0.3388334285818509
2021-01-04,sp500,0.5311280431146627
2021-01-05,sp500,0.9327146171693735
2021-01-06,sp500,0.6002667852378835
2021-01-07,sp500,0.254893500176519
2021-01-08,sp500,0.5924809580057839
2021-01-11,sp500,0.6432207704055659
2021-01-12,sp500,0.452591298988135
2021-01-13,sp500,0.7501722949689869
2021-01-14,sp500,0.43512993737363775
2021-01-15,sp500,1.0
2021-01-19,sp500,0.7864731250657411
2021-01-20,sp500,0.1909899940056255
2021-01-21,sp500,0.47433467908049765
2021-01-22,sp500,0.47433467908049765
2021-01-25,sp500,0.7397235684796266
2021-01-26,sp500,0.6499535747446611
2021-01-27,sp500,0.46365781261892075
2021-01-28,sp500,0.5512260931672089
2021-01-29,sp500,0.5833265687149931
2021-02-01,sp500,0.9145154086645824
2021-02-02,sp500,0.5112359550561798
2021-02-03,sp500,0.39814542243155726
2021-02-04,sp500,0.7392744479495268
2021-02-05,sp500,0.11238866396761134
2021-02-08,sp500,0.3062864797627021
2021-02-09,sp500,0.6494630910215325
2021-02-10,sp500,0.6794871794871795
2021-02-11,sp500,0.7186147186147186
2021-02-12,sp500,0.6754612045577862
2021-02-16,sp500,1.0
2021-02-17,sp500,0.720704267553184
2021-02-18,sp500,0.2901714032087516
2021-02-19,sp500,0.2625238173825634
2021-02-22,sp500,0.3913092806898117
2021-02-23,sp500,0.17796084684205865
2021-02-24,sp500,0.8187122317149406
2021-02-25,sp500,0.5030076947430727
2021-02-26,sp500,0.462927122263748
2021-03-01,sp500,0.462927122263748
2021-03-02,sp500,0.22044184750688975
2021-03-03,sp500,0.3361581920903955
2021-03-04,sp500,0.4170096021947874
2021-03-05,sp500,0.5144255538382277
2021-03-08,sp500,0.2629939334317101
2021-03-09,sp500,0.3154996066089693
2021-03-10,sp500,0.7478585689444194
2021-03-11,sp500,0.6101520605303754
2021-03-12,sp500,0.6431814852790391
2021-03-15,sp500,0.7154679634843444
2021-03-16,sp500,0.5373635600335852
2021-03-17,sp500,0.4436125409452504
2021-03-18,sp500,0.33351948107736584
2021-03-19,sp500,0.5979202772963604
2021-03-22,sp500,0.35866939230626277
2021-03-23,sp500,0.2900313671486497
2021-03-24,sp500,0.5119488387748233
2021-03-25,sp500,0.47928391488449373
2021-03-26,sp500,0.7188106011635423
2021-03-29,sp500,0.6823658269441402
2021-03-30,sp500,0.4620331437051694
2021-03-31,sp500,0.5595139464236398
2021-04-01,sp500,0.3883503859271226
2021-04-05,sp500,0.30275204433698283
2021-04-06,sp500,1.0
2021-04-07,sp500,0.5369253261039274
2021-04-08,sp500,0.4402854134986548
2021-04-09,sp500,0.49774466185322597
2021-04-12,sp500,0.7701225352577864
2021-04-13,sp500,0.5076667855315586
2021-04-14,sp500,0.40423324341149613
2021-04-15,sp500,0.6260902540766022
2021-04-16,sp500,0.44748177601060307
2021-04-19,sp500,0.7270160025101977
2021-04-20,sp500,0.7501722949689869
2021-04-21,sp500,0.25010597710894444
2021-04-22,sp500,0.23057055646865462
2021-04-23,sp500,0.33764460857237866
2021-04-26,sp500,0.2539335338420621
2021-04-27,sp500,0.2935107119826124
2021-04-28,sp500,0.6144593567991896
2021-04-29,sp500,0.15011396939107782
2021-04-30,sp500,0.029393066826221906
2021-05-03,sp500,0.23896998523864196
2021-05-04,sp500,0.42082549010605574
2021-05-05,sp500,0.4429028815368196
2021-05-06,sp500,0.6504923198109492
2021-05-07,sp500,0.5196092312048705
2021-05-10,sp500,0.3795455508324978
2021-05-11,sp500,0.6902129679869777
2021-05-12,sp500,0.6994403371795758
2021-05-13,sp500,0.7663949962092494
2021-05-14,sp500,0.6647398843930635
2021-05-17,sp500,0.4680629634447769
2021-05-18,sp500,0.38316621087815256
2021-05-19,sp500,0.5616308197287726
2021-05-20,sp500,0.4130789044840456
2021-05-21,sp500,0.3226882745471878
2021-05-24,sp500,0.3516748212269477
2021-05-25,sp500,0.6934250107434465
2021-05-26,sp500,0.5788058095750404
2021-05-27,sp500,0.5001242313187154
2021-05-28,sp500,0.6018166455428813
2021-06-01,sp500,0.5794489330847317
2021-06-02,sp500,0.6395276569297701
2021-06-03,sp500,0.6442666666666667
2021-06-04,sp500,0.7864022662889518
2021-06-07,sp500,0.7506877579092159
2021-06-08,sp500,0.7289719626168224
2021-06-09,sp500,0.6515353805073432
2021-06-10,sp500,0.38088306647258613
2021-06-11,sp500,0.5950240770465489
2021-06-14,sp500,0.4395409107737875
2021-06-15,sp500,0.38800444279896334
2021-06-16,sp500,0.8353312302839117
2021-06-17,sp500,0.7529968454258675
2021-06-18,sp500,0.5084745762711864
2021-06-21,sp500,0.584971186505362
2021-06-22,sp500,0.3383102210801471
2021-06-23,sp500,0.581776916166249
2021-06-24,sp500,0.5689038154489897
2021-06-25,sp500,0.7126025436326598
2021-06-28,sp500,0.8994286091752816
2021-06-29,sp500,1.0
2021-06-30,sp500,0.5591030026605853
2021-07-01,sp500,0.6472019464720195
2021-07-02,sp500,0.6364789996595376
2021-07-06,sp500,0.7865332282481002
2021-07-07,sp500,0.4096006857632688
2021-07-08,sp500,0.8570612186584756
2021-07-09,sp500,0.5461019924805803
2021-07-12,sp500,0.6658586962087978
2021-07-13,sp500,0.6833149919580124
2021-07-14,sp500,0.3182361535396467
2021-07-15,sp500,0.1500667174990469
2021-07-16,sp500,0.11238424109245017
2021-07-19,sp500,0.7882868267358858
2021-07-20,sp500,1.0
2021-07-21,sp500,0.7321287189682777
2021-07-22,sp500,0.6283033231314182
2021-07-23,sp500,0.6019642530348319
2021-07-26,sp500,0.5607221091553125
2021-07-27,sp500,0.7321287189682777
2021-07-28,sp500,0.6341882955544513
2021-07-29,sp500,0.5634090329165603
2021-07-30,sp500,0.27287923109068113
2021-08-02,sp500,0.24107268480738386
2021-08-03,sp500,0.5456128133704735
2021-08-04,sp500,0.5593821220562167
2021-08-05,sp500,0.44097668441343857
2021-08-06,sp500,0.19555911906578555
2021-08-09,sp500,0.4879943502824859
2021-08-10,sp500,0.5862100708828132
2021-08-11,sp500,0.4405228367182125
2021-08-12,sp500,0.6949330839810648
2021-08-13,sp500,0.28670461665622377
2021-08-16,sp500,0.3832505127534516
2021-08-17,sp500,1.0
2021-08-18,sp500,0.8989194841408156
2021-08-19,sp500,0.6284274365764073
2021-08-20,sp500,0.48616032947035726
2021-08-23,sp500,0.36123348017621143
2021-08-24,sp500,0.4733921815889029
2021-08-25,sp500,0.3706955177743431
2021-08-26,sp500,0.44813952629050735
2021-08-27,sp500,0.2878295413506681
2021-08-30,sp500,0.5850028620492272
2021-08-31,sp500,0.6791060967671946
2021-09-01,sp500,0.33896158716758124
2021-09-02,sp500,0.488141997712922
2021-09-03,sp500,1.0
2021-09-07,sp500,0.8307173433648982
2021-09-08,sp500,0.5006077795786061
2021-09-09,sp500,0.44264710592908163
2021-09-10,sp500,0.9218946385607067
2021-09-13,sp500,0.6265701921897721
2021-09-14,sp500,0.4727116840113529
2021-09-15,sp500,0.49843306527909176
2021-09-16,sp500,0.39554754020813626
2021-09-17,sp500,0.5229055935206277
2021-09-20,sp500,0.42727695167286245
2021-09-21,sp500,0.5008513473497187
2021-09-22,sp500,0.5630820040516845
2021-09-23,sp500,0.6608474576271186
2021-09-24,sp500,1.0
2021-09-27,sp500,0.4641573994867408
2021-09-28,sp500,0.5321165675103358
2021-09-29,sp500,1.0
2021-09-30,sp500,0.40881922178680286
2021-10-01,sp500,0.9005666438084239
2021-10-04,sp500,0.6626038781163435
2021-10-05,sp500,1.0
2021-10-06,sp500,1.0
2021-10-07,sp500,0.6194334887056293
2021-10-08,sp500,0.6997584263200276
2021-10-11,sp500,0.5546822133152881
2021-10-12,sp500,0.7295336787564767
2021-10-13,sp500,0.4379381443298969
2021-10-14,sp500,0.24882724862329186
2021-10-15,sp500,0.6087354219071576
2021-10-18,sp500,0.4794426874091803
2021-10-19,sp500,0.6507426736250502
2021-10-20,sp500,0.5764748836218699
2021-10-21,sp500,0.42177501622924973
2021-10-22,sp500,0.6096904441453567
2021-10-25,sp500,0.5659150979017207
2021-10-26,sp500,0.7579536527886881
2021-10-27,sp500,0.7396768402154399
2021-10-28,sp500,0.7396768402154399
2021-10-29,sp500,1.0
2021-11-01,sp500,0.8908296943231441
2021-11-02,sp500,0.8051948051948052
2021-11-03,sp500,0.7391217431865129
2021-11-04,sp500,0.8017353432704806
2021-11-05,sp500,0.503914437184071
2021-11-08,sp500,0.42748091603053434
2021-11-09,sp500,0.5968109339407744
2021-11-10,sp500,0.9023768234214016
2021-11-11,sp500,0.5172503835231909
2021-11-12,sp500,0.531740376305775
2021-11-15,sp500,1.0
2021-11-16,sp500,0.8374294815895784
2021-11-17,sp500,0.8715778700623905
2021-11-18,sp500,0.6752016900074667
2021-11-19,sp500,0.6387690303671741
2021-11-22,sp500,1.0
2021-11-23,sp500,1.0
2021-11-24,sp500,0.6862980769230769
2021-11-26,sp500,0.7028372777921151
2021-11-29,sp500,0.6783231722347296
2021-11-30,sp500,0.9098352160845683
2021-12-01,sp500,0.5103914015313644
2021-12-02,sp500,0.34831460674157305
2021-12-03,sp500,0.2865079365079365
2021-12-06,sp500,0.40502978160158837
2021-12-07,sp500,0.7208380520951302
2021-12-08,sp500,0.6511361466488448
2021-12-09,sp500,1.0
2021-12-10,sp500,0.592212986688332
2021-12-13,sp500,0.2948975492165528
2021-12-14,sp500,1.0
2021-12-15,sp500,1.0
2021-12-16,sp500,0.4822888283378747
2021-12-17,sp500,0.4156746491268702
2021-12-20,sp500,0.4077993939660094
2021-12-21,sp500,0.4721927844076856
2021-12-22,sp500,0.9043297215665
2021-12-23,sp500,0.633542508381329
2021-12-27,sp500,0.6806414219474498
2021-12-28,sp500,0.8394490957477806
2021-12-29,sp500,0.8412730589904723
2021-12-30,sp500,0.7808564231738035
2021-12-31,sp500,0.9180876660738571
2022-01-03,sp500,0.9180876660738571
2022-01-04,sp500,0.6652904194426199
2022-01-05,sp500,0.3979295830726352
2022-01-06,sp500,0.52442886224836
2022-01-07,sp500,0.8360099524994345
2022-01-10,sp500,0.42952109618776285
2022-01-11,sp500,0.6241900647948164
2022-01-12,sp500,0.8422484134179511
2022-01-13,sp500,0.5284940055838397
2022-01-14,sp500,0.45696231794713726
2022-01-18,sp500,0.3538804307463795
2022-01-19,sp500,0.33581026058631924
2022-01-20,sp500,1.0
2022-01-21,sp500,0.8357988963385041
2022-01-24,sp500,0.3828110849483789
2022-01-25,sp500,0.18399249648272628
2022-01-26,sp500,0.22852484338796877
2022-01-27,sp500,0.7400851445216222
2022-01-28,sp500,0.7508720778882699
2022-01-31,sp500,0.572615219721329
2022-02-01,sp500,0.38392695715060565
2022-02-02,sp500,0.8421969092360154
2022-02-03,sp500,1.0
2022-02-04,sp500,0.5938521205156749
2022-02-07,sp500,0.5573645382854235
2022-02-08,sp500,0.6438179904082348
2022-02-09,sp500,0.918137205228796
2022-02-10,sp500,0.4508027995059695
2022-02-11,sp500,0.31350706186592403
2022-02-14,sp500,0.39070435915861784
2022-02-15,sp500,0.4742937710861574
2022-02-16,sp500,0.6110451789110891
2022-02-17,sp500,0.5650271858008874
2022-02-18,sp500,0.592212986688332
2022-02-22,sp500,0.43549259219206227
2022-02-23,sp500,0.5423548350297238
2022-02-24,sp500,0.4635011177060048
2022-02-25,sp500,0.40568994615446435
2022-02-28,sp500,0.6869490122701594
2022-03-01,sp500,0.6291419585851505
2022-03-02,sp500,0.8888434609291154
2022-03-03,sp500,0.5971872558381804
2022-03-04,sp500,0.31095270943511916
2022-03-07,sp500,0.38918792417505266
2022-03-08,sp500,0.7908779520461511
2022-03-09,sp500,0.6457543771729257
2022-03-10,sp500,0.32684526598236724
2022-03-11,sp500,0.403792900897877
2022-03-14,sp500,0.33503020228854685
2022-03-15,sp500,0.5420976123243496
2022-03-16,sp500,0.5978523680841985
2022-03-17,sp500,0.6191777884976148
2022-03-18,sp500,0.7397235684796266
2022-03-21,sp500,0.5675466696122832
2022-03-22,sp500,1.0
2022-03-23,sp500,0.48661407540841045
2022-03-24,sp500,0.8752588816313526
2022-03-25,sp500,1.0
2022-03-28,sp500,1.0
2022-03-29,sp500,1.0
2022-03-30,sp500,0.738327126897737
2022-03-31,sp500,0.6286585365853659
2022-04-01,sp500,0.5659863945578232
2022-04-04,sp500,0.43544819042562605
2022-04-05,sp500,0.6199469068181055
2022-04-06,sp500,0.5176249201922107
2022-04-07,sp500,0.5685852057043193
2022-04-08,sp500,0.828162034044387
2022-04-11,sp500,0.8979481349141898
2022-04-12,sp500,0.646743543933734
2022-04-13,sp500,0.38598913743901314
2022-04-14,sp500,0.6238186422879733
2022-04-18,sp500,0.7515888366952197
2022-04-19,sp500,0.7566982408660352
2022-04-20,sp500,0.7124609200535954
2022-04-21,sp500,0.5620024542965923
2022-04-22,sp500,0.4309653966374289
2022-04-25,sp500,0.46707922347175973
2022-04-26,sp500,0.8390326723406107
2022-04-27,sp500,1.0
2022-04-28,sp500,0.7064713436799374
2022-04-29,sp500,0.6668106919103639
2022-05-02,sp500,1.0
2022-05-03,sp500,0.3681434195940522
2022-05-04,sp500,0.43710995724885754
2022-05-05,sp500,0.6831590447947558
2022-05-06,sp500,1.0
2022-05-09,sp500,0.48839815698808686
2022-05-10,sp500,0.6216246879963694
2022-05-11,sp500,0.5928183067455338
2022-05-12,sp500,0.7141064706936727
2022-05-13,sp500,0.7141064706936727
2022-05-16,sp500,0.7478344402669891
2022-05-17,sp500,0.3217219373402562
2022-05-18,sp500,0.5423876373925346
2022-05-19,sp500,0.7024725556581513
2022-05-20,sp500,0.4299203602271582
2022-05-23,sp500,0.6442095059222683
2022-05-24,sp500,0.4762506772620553
2022-05-25,sp500,0.5138996338129868
2022-05-26,sp500,0.6429586135050668
2022-05-27,sp500,0.41847663683689035
2022-05-31,sp500,0.6383784070608628
2022-06-01,sp500,0.5513876275647637
2022-06-02,sp500,0.4302554027504912
2022-06-03,sp500,0.82503981852406
2022-06-06,sp500,0.6906996587030717
2022-06-07,sp500,0.504262205406391
2022-06-08,sp500,0.6969192087485989
2022-06-09,sp500,0.5288241665663738
2022-06-10,sp500,0.40754447027748353
2022-06-13,sp500,0.2476233761315002
2022-06-14,sp500,0.4767618799182644
2022-06-15,sp500,0.8245908800698948
2022-06-16,sp500,0.4957496136012365
2022-06-17,sp500,0.5246207251221394
2022-06-21,sp500,0.6381090648092264
2022-06-22,sp500,0.9122075266068377
2022-06-23,sp500,0.5328273788215079
2022-06-24,sp500,0.7166123778501629
2022-06-27,sp500,0.9210955922365318
2022-06-28,sp500,0.7535410764872521
2022-06-29,sp500,0.45179584120982985
2022-06-30,sp500,0.31944101351589793
2022-07-01,sp500,0.3672215936641345
2022-07-05,sp500,0.5897310144490134
2022-07-06,sp500,0.7005100392013601
2022-07-07,sp500,0.7965979602926866
2022-07-08,sp500,0.8985225505443235
2022-07-11,sp500,0.4508027995059695
2022-07-12,sp500,0.7474382914620177
2022-07-13,sp500,0.6465845884632211
2022-07-14,sp500,0.5979118997469428
2022-07-15,sp500,0.8357988963385041
2022-07-18,sp500,0.45470896010464357
2022-07-19,sp500,0.4477208502273006
2022-07-20,sp500,1.0
2022-07-21,sp500,0.5978015204438052
2022-07-22,sp500,0.38973616328008326
2022-07-25,sp500,0.6813838213500946
2022-07-26,sp500,0.6665644642035873
2022-07-27,sp500,0.6112979480430862
2022-07-28,sp500,0.8326601269474899
2022-07-29,sp500,0.47053453697129527
2022-08-01,sp500,0.6277013051850795
2022-08-02,sp500,0.5428110986547086
2022-08-03,sp500,0.7353692663341039
2022-08-04,sp500,0.5995265338331032
2022-08-05,sp500,0.5189055763035151
2022-08-08,sp500,1.0
2022-08-09,sp500,0.4352369808780394
2022-08-10,sp500,0.5566186624580786
2022-08-11,sp500,0.6152305612576979
2022-08-12,sp500,0.5050551022398492
2022-08-15,sp500,0.7207578734413601
2022-08-16,sp500,0.6635843981170141
2022-08-17,sp500,0.6730440724291084
2022-08-18,sp500,0.5625818202515794
2022-08-19,sp500,0.6662481690730279
2022-08-22,sp500,1.0
2022-08-23,sp500,0.5593941377214716
2022-08-24,sp500,1.0
2022-08-25,sp500,0.7123015873015873
2022-08-26,sp500,0.8131881002576716
2022-08-29,sp500,0.8168266801414856
2022-08-30,sp500,0.6156293076025872
2022-08-31,sp500,0.3260689940095022
2022-09-01,sp500,0.5929710307657758
2022-09-02,sp500,1.0
2022-09-06,sp500,0.6026625206491109
2022-09-07,sp500,0.8998849252013809
2022-09-08,sp500,0.23508511139713215
2022-09-09,sp500,0.6671175099215176
2022-09-12,sp500,1.0
2022-09-13,sp500,1.0
2022-09-14,sp500,0.638116251311173
2022-09-15,sp500,0.523444347063979
2022-09-16,sp500,0.7026076765309113
2022-09-19,sp500,0.2574981711777615
2022-09-20,sp500,0.4574037163248248
2022-09-21,sp500,0.9334277078471133
2022-09-22,sp500,0.6074368749654677
2022-09-23,sp500,0.3273691186216037
2022-09-26,sp500,0.548710296312087
2022-09-27,sp500,1.0
2022-09-28,sp500,0.5413625304136253
2022-09-29,sp500,1.0
2022-09-30,sp500,0.4292315591305836
2022-10-03,sp500,0.4112817366512081
2022-10-04,sp500,0.5290185092890164
2022-10-05,sp500,0.9715127701375246
2022-10-06,sp500,1.0
2022-10-07,sp500,0.4715969989281886
2022-10-10,sp500,0.5705627109305048
2022-10-11,sp500,0.32501057977147696
2022-10-12,sp500,0.8040434618087464
2022-10-13,sp500,0.7217579696688332
2022-10-14,sp500,0.42299189388356667
2022-10-17,sp500,0.5316105214582372
2022-10-18,sp500,0.7200556027492471
2022-10-19,sp500,0.5126470461498686
2022-10-20,sp500,0.4880847308031774
2022-10-21,sp500,0.5711685751118526
2022-10-24,sp500,0.696893245873279
2022-10-25,sp500,0.4233710614866932
2022-10-26,sp500,0.2259652759782327
2022-10-27,sp500,0.7279811438741642
2022-10-28,sp500,0.45024451892961154
2022-10-31,sp500,0.5958705420624538
2022-11-01,sp500,0.4436657965276196
2022-11-02,sp500,0.43656949922139915
2022-11-03,sp500,0.20344762265580602
2022-11-04,sp500,0.21428571428571427
2022-11-07,sp500,0.6498599439775911
2022-11-08,sp500,0.6679158859046429
2022-11-09,sp500,0.8479832257352535
2022-11-10,sp500,0.4597255460301112
2022-11-11,sp500,0.5193864179449627
2022-11-14,sp500,0.5160371214588082
2022-11-15,sp500,1.0
2022-11-16,sp500,0.866744271535351
2022-11-17,sp500,0.7185099738345103
2022-11-18,sp500,0.7185099738345103
2022-11-21,sp500,0.9103937378612207
2022-11-22,sp500,0.4167446211412535
2022-11-23,sp500,0.4836795252225519
2022-11-25,sp500,0.8043404925222085
2022-11-28,sp500,0.8171244394618834
2022-11-29,sp500,1.0
2022-11-30,sp500,0.9128466100336592
2022-12-01,sp500,0.8171244394618834
2022-12-02,sp500,0.691827139820957
2022-12-05,sp500,0.691827139820957
2022-12-06,sp500,0.7168217886236079
2022-12-07,sp500,1.0
2022-12-08,sp500,0.7890543817111189
2022-12-09,sp500,0.5061628284138826
2022-12-12,sp500,0.6234833105141401
2022-12-13,sp500,0.5998642840986202
2022-12-14,sp500,0.6627906976744186
2022-12-15,sp500,0.8360099524994345
2022-12-16,sp500,0.6128833515881709
2022-12-19,sp500,0.7391999467075242
2022-12-20,sp500,0.4904856084026191
2022-12-21,sp500,0.5230263157894737
2022-12-22,sp500,0.5452961672473867
2022-12-23,sp500,1.0
2022-12-27,sp500,0.9001606610052789
2022-12-28,sp500,0.9316166760988492
2022-12-29,sp500,0.277876255592133
2022-12-30,sp500,0.4527363184079602
2023-01-03,sp500,0.6208869814020028
2023-01-04,sp500,0.5453249714937286
2023-01-05,sp500,0.7964626614261651
2023-01-06,sp500,0.2839214407953712
2023-01-09,sp500,1.0
2023-01-10,sp500,0.22951551685644117
2023-01-11,sp500,0.8497019953355792
2023-01-12,sp500,0.4070272074778835
2023-01-13,sp500,0.7604625550660793
2023-01-17,sp500,0.4625859890495578
2023-01-18,sp500,0.4597053726169844
2023-01-19,sp500,0.6552748885586924
2023-01-20,sp500,0.8331764459784541
2023-01-23,sp500,0.5184886016873093
2023-01-24,sp500,0.6596141691997472
2023-01-25,sp500,0.3870201717074189
2023-01-26,sp500,0.19073949666683893
2023-01-27,sp500,0.453781512605042
2023-01-30,sp500,0.4387755102040816
2023-01-31,sp500,0.8898269311945969
2023-02-01,sp500,0.43849386174507704
2023-02-02,sp500,0.40009193993257736
2023-02-03,sp500,0.7037649576807082
2023-02-06,sp500,0.3512660711762767
2023-02-07,sp500,0.40353589870758816
2023-02-08,sp500,0.5392566259633061
2023-02-09,sp500,0.9662487945998072
2023-02-10,sp500,0.4140625
2023-02-13,sp500,0.6388566027614219
2023-02-14,sp500,0.7033513022017276
2023-02-15,sp500,0.764525442078672
2023-02-16,sp500,0.8136284810772213
2023-02-17,sp500,0.6818780166739798
2023-02-21,sp500,0.8147391015485256
2023-02-22,sp500,0.7617743702081051
2023-02-23,sp500,1.0
2023-02-24,sp500,0.7764237751803034
2023-02-27,sp500,0.5605003608371422
2023-02-28,sp500,0.7752092879043649
2023-03-01,sp500,0.7290514051221925
2023-03-02,sp500,0.8008872927009613
2023-03-03,sp500,1.0
2023-03-06,sp500,1.0
2023-03-07,sp500,0.6581861851176445
2023-03-08,sp500,0.4437174721189591
2023-03-09,sp500,0.9024299065420561
2023-03-10,sp500,0.9024299065420561
2023-03-13,sp500,0.6576561163387511
2023-03-14,sp500,0.9045392393524536
2023-03-15,sp500,0.5667550093688279
2023-03-16,sp500,0.5869207394277032
2023-03-17,sp500,0.8060957263052321
2023-03-20,sp500,0.31265544989027066
2023-03-21,sp500,0.6347722772277228
2023-03-22,sp500,0.46720104187661826
2023-03-23,sp500,0.590914023221326
2023-03-24,sp500,0.7321208637819197
2023-03-27,sp500,0.8010477734813521
2023-03-28,sp500,1.0
2023-03-29,sp500,0.841148115687993
2023-03-30,sp500,1.0
2023-03-31,sp500,0.841148115687993
2023-04-03,sp500,0.841148115687993
2023-04-04,sp500,0.6017023874118286
2023-04-05,sp500,0.7617825238730875
2023-04-06,sp500,0.6016483516483516
2023-04-10,sp500,0.5924355244341437
2023-04-11,sp500,0.7472221733082111
2023-04-12,sp500,0.7730829420970265
2023-04-13,sp500,0.7706422018348624
2023-04-14,sp500,0.7412474507138002
2023-04-17,sp500,0.6653252056578091
2023-04-18,sp500,0.4064188635991485
2023-04-19,sp500,0.8425624321389794
2023-04-20,sp500,0.4934593572778828
2023-04-21,sp500,0.4375550984425507
2023-04-24,sp500,0.4224385926089843
2023-04-25,sp500,0.5512657906752575
2023-04-26,sp500,0.5085063111340672
2023-04-27,sp500,0.5050328227571116
2023-04-28,sp500,0.5799237611181702
2023-05-01,sp500,0.5478098162452621
2023-05-02,sp500,0.28445625986541495
2023-05-03,sp500,0.23990260670295044
2023-05-04,sp500,1.0
2023-05-05,sp500,0.5053255385601025
2023-05-08,sp500,0.3802075267151928
2023-05-09,sp500,0.30188901485593134
2023-05-10,sp500,0.6549192364170338
2023-05-11,sp500,0.5480225988700564
2023-05-12,sp500,0.7415159117918922
2023-05-15,sp500,0.656139125319411
2023-05-16,sp500,0.7074243338794516
2023-05-17,sp500,0.6472591631527733
2023-05-18,sp500,0.759857470264483
2023-05-19,sp500,0.5322423468530528
2023-05-22,sp500,0.5155511080265345
2023-05-23,sp500,0.3519221780789904
2023-05-24,sp500,0.4460539301518576
2023-05-25,sp500,0.436501463321019
2023-05-26,sp500,0.5347746680487685
2023-05-30,sp500,0.22397645169922398
2023-05-31,sp500,0.977760736196319
2023-06-01,sp500,0.32245020218661075
2023-06-02,sp500,0.6592036769442365
2023-06-05,sp500,0.503087594987004
2023-06-06,sp500,0.5305616983635559
2023-06-07,sp500,0.5623475609756098
2023-06-08,sp500,0.9415809406140044
2023-06-09,sp500,0.35444916487225747
2023-06-12,sp500,0.35270964335429367
2023-06-13,sp500,0.3000371333085778
2023-06-14,sp500,0.875938777450328
2023-06-15,sp500,0.6849896428030111
2023-06-16,sp500,0.7862995932323292
2023-06-20,sp500,0.7862995932323292
2023-06-21,sp500,0.7930476703986806
2023-06-22,sp500,0.5531834199838814
2023-06-23,sp500,0.8130786358842143
2023-06-26,sp500,0.7381909255052711
2023-06-27,sp500,0.7381909255052711
2023-06-28,sp500,1.0
2023-06-29,sp500,0.873318189760615
2023-06-30,sp500,0.873318189760615
2023-07-03,sp500,1.0
2023-07-05,sp500,0.873318189760615
2023-07-06,sp500,1.0
2023-07-07,sp500,0.695600584154801
2023-07-10,sp500,0.7691187844047132
2023-07-11,sp500,0.6465845884632211
2023-07-12,sp500,0.8790994997220678
2023-07-13,sp500,0.6695031150281112
2023-07-14,sp500,0.8979481349141898
2023-07-17,sp500,0.7381909255052711
2023-07-18,sp500,0.7179598011670629
2023-07-19,sp500,0.47791646663466153
2023-07-20,sp500,0.6300276802696894
2023-07-21,sp500,0.6066845386335876
2023-07-24,sp500,0.7469131812011119
2023-07-25,sp500,0.7656502532054735
2023-07-26,sp500,0.6853017685902073
2023-07-27,sp500,0.43764139763708837
2023-07-28,sp500,0.30499426702505594
2023-07-31,sp500,0.7271068190027185
2023-08-01,sp500,0.45620586086533
2023-08-02,sp500,0.4470338983050847
2023-08-03,sp500,0.5039744839781197
2023-08-04,sp500,0.5621606783383152
2023-08-07,sp500,0.7995127732420332
2023-08-08,sp500,0.5085562385778368
2023-08-09,sp500,0.7720524017467248
2023-08-10,sp500,0.7720524017467248
2023-08-11,sp500,0.6444141689373297
2023-08-14,sp500,0.6063089302463346
2023-08-15,sp500,0.8357441617288254
2023-08-16,sp500,0.5456474197865326
2023-08-17,sp500,0.5573679504178101
2023-08-18,sp500,0.3292021246216232
2023-08-21,sp500,0.5771177634004894
2023-08-22,sp500,0.43359375
2023-08-23,sp500,0.4286239688961278
2023-08-24,sp500,0.6302163833075735
2023-08-25,sp500,0.5942822384428224
2023-08-28,sp500,0.5010436057990636
2023-08-29,sp500,0.3923611111111111
2023-08-30,sp500,0.6243447874199185
2023-08-31,sp500,0.5078867412243843
2023-09-01,sp500,0.1890455280795008
2023-09-05,sp500,0.35315985130111527
2023-09-06,sp500,0.6071106002134822
2023-09-07,sp500,0.7411360451500202
2023-09-08,sp500,0.31773336706299016
2023-09-11,sp500,0.5745532141904508
2023-09-12,sp500,0.4379110588440263
2023-09-13,sp500,0.27452427821522307
2023-09-14,sp500,0.586449486626949
2023-09-15,sp500,0.4054317919588178
2023-09-18,sp500,0.5482674578785631
2023-09-19,sp500,0.6571786194427703
2023-09-20,sp500,0.5447505023442732
2023-09-21,sp500,0.5254434121621622
2023-09-22,sp500,0.5177308286878718
2023-09-25,sp500,0.5207870786231209
2023-09-26,sp500,0.6453921861019982
2023-09-27,sp500,0.45571847507331376
2023-09-28,sp500,0.37809119010819164
2023-09-29,sp500,0.8264166001596169
2023-10-02,sp500,0.6620551588131592
2023-10-03,sp500,0.34482147603437585
2023-10-04,sp500,0.7484967622571693
2023-10-05,sp500,0.654117124946837
2023-10-06,sp500,0.2983635202795793
2023-10-09,sp500,0.5670564817118686
2023-10-10,sp500,0.5886135804804237
2023-10-11,sp500,0.5581997411132131
2023-10-12,sp500,0.6490347718283251
2023-10-13,sp500,1.0
2023-10-16,sp500,0.4819147374088395
2023-10-17,sp500,1.0
2023-10-18,sp500,0.35532633825360127
2023-10-19,sp500,0.4659768502279902
2023-10-20,sp500,0.3051571260920589
2023-10-23,sp500,0.688029730082149
2023-10-24,sp500,0.4360113628086532
2023-10-25,sp500,0.48421520675855934
2023-10-26,sp500,0.4999492849173344
2023-10-27,sp500,0.5470927438731379
2023-10-30,sp500,0.4582417582417582
2023-10-31,sp500,0.3686502177068215
2023-11-01,sp500,0.19668731177907836
2023-11-02,sp500,0.26798239119021017
2023-11-03,sp500,0.3544600938967136
2023-11-06,sp500,0.3601190476190476
2023-11-07,sp500,0.3297194497272235
2023-11-08,sp500,0.3456575093025097
2023-11-09,sp500,0.6814141615899331
2023-11-10,sp500,0.44188199373101844
2023-11-13,sp500,0.5857823017566902
2023-11-14,sp500,0.5666051660516606
2023-11-15,sp500,0.6468634686346864
2023-11-16,sp500,0.43018509729473187
2023-11-17,sp500,0.6876122082585279
2023-11-20,sp500,0.5082840809999031
2023-11-21,sp500,0.586745080298575
2023-11-22,sp500,0.5048161120840631
2023-11-24,sp500,1.0
2023-11-27,sp500,0.7099171191769077
2023-11-28,sp500,0.8262878658223516
2023-11-29,sp500,0.622282565794667
2023-11-30,sp500,0.5266594124047879
2023-12-01,sp500,0.6183821279200244
2023-12-04,sp500,0.5999812329923994
2023-12-05,sp500,0.9044655929721815
2023-12-06,sp500,0.6031578947368421
2023-12-07,sp500,0.7872501897293195
2023-12-08,sp500,0.7041039981860782
2023-12-11,sp500,1.0
2023-12-12,sp500,0.4559680322118171
2023-12-13,sp500,0.5183504820546059
2023-12-14,sp500,0.34075774971297357
2023-12-15,sp500,0.6158759981211837
2023-12-18,sp500,0.6249230137548758
2023-12-19,sp500,0.4517233330739905
2023-12-20,sp500,0.42106252055051907
2023-12-21,sp500,0.8856166184591112
2023-12-22,sp500,0.6239464015560838
2023-12-26,sp500,0.4316737288135593
2023-12-27,sp500,0.6611489776046738
2023-12-28,sp500,0.4443697478991597
2023-12-29,sp500,0.6376811594202898
2024-01-02,sp500,0.7761194029850746
2024-01-03,sp500,0.3425692695214106
2024-01-04,sp500,0.6272247857613711
2024-01-05,sp500,0.5502904080750362
2024-01-08,sp500,0.7546054039333164
2024-01-09,sp500,0.660609212964468
2024-01-10,sp500,0.38986540929302577
2024-01-11,sp500,0.5371555459606162
2024-01-12,sp500,0.5996523161877493
2024-01-16,sp500,0.5583756345177665
2024-01-17,sp500,0.8553014553014553
2024-01-18,sp500,0.33533810143042914
2024-01-19,sp500,0.260949316654388
2024-01-22,sp500,0.35846385275639325
2024-01-23,sp500,0.3028236733980243
2024-01-24,sp500,0.30353466931752204
2024-01-25,sp500,0.38758646018240805
2024-01-26,sp500,0.35219657483246464
2024-01-29,sp500,0.6345040406972303
2024-01-30,sp500,0.8620303216120779
2024-01-31,sp500,0.6026605550296448
2024-02-01,sp500,0.6146569974325481
2024-02-02,sp500,0.48773448773448774
2024-02-05,sp500,0.30604982206405695
2024-02-06,sp500,0.5833391173980038
2024-02-07,sp500,0.682184815009644
2024-02-08,sp500,0.5998275118585598
2024-02-09,sp500,0.6664342976646915
2024-02-12,sp500,0.6664342976646915
2024-02-13,sp500,0.6427104722792608
2024-02-14,sp500,0.7345017002354172
2024-02-15,sp500,0.5372677595628416
2024-02-16,sp500,0.757279860505667
2024-02-20,sp500,0.44654812032352853
2024-02-21,sp500,0.49952176986734315
2024-02-22,sp500,0.550917579623723
2024-02-23,sp500,0.58394239618862
2024-02-26,sp500,1.0
2024-02-27,sp500,0.5253264810447393
2024-02-28,sp500,0.6165675812531648
2024-02-29,sp500,0.48267549498585754
2024-03-01,sp500,0.9336715598619371
2024-03-04,sp500,0.9336715598619371
2024-03-05,sp500,0.4635220629454633
2024-03-06,sp500,0.7553297650367413
2024-03-07,sp500,1.0
2024-03-08,sp500,0.33750740333361534
2024-03-11,sp500,0.26906480622655965
2024-03-12,sp500,0.17989680492161142
2024-03-13,sp500,0.6097577806914637
2024-03-14,sp500,0.6408341173985675
2024-03-15,sp500,0.35595037524888956
2024-03-18,sp500,1.0
2024-03-19,sp500,0.5711871567384875
2024-03-20,sp500,0.7400851445216222
2024-03-21,sp500,0.5984269413980281
2024-03-22,sp500,0.302224676554118
2024-03-25,sp500,0.6517656327433066
2024-03-26,sp500,0.8587050671286272
2024-03-27,sp500,0.5386612704643253
2024-03-28,sp500,0.5082067697337056
2024-04-01,sp500,0.9095634095634095
2024-04-02,sp500,0.8515358361774744
2024-04-03,sp500,0.656789690540896
2024-04-04,sp500,0.71824765942413
2024-04-05,sp500,0.6477608787494719
2024-04-08,sp500,0.7678762006403416
2024-04-09,sp500,0.5854932154291813
2024-04-10,sp500,1.0
2024-04-11,sp500,0.8927967891846219
2024-04-12,sp500,0.48933084731717424
2024-04-15,sp500,0.4580180508706354
2024-04-16,sp500,0.6034639927073838
2024-04-17,sp500,0.40587126778582666
2024-04-18,sp500,0.3377572403417334
2024-04-19,sp500,0.7360823448189293
2024-04-22,sp500,0.4248798076923077
2024-04-23,sp500,0.6862980769230769
2024-04-24,sp500,0.4812652984372058
2024-04-25,sp500,0.39180171591992374
2024-04-26,sp500,0.28612672846072024
2024-04-29,sp500,0.2584625375436318
2024-04-30,sp500,0.6521480221182475
2024-05-01,sp500,0.37736802222783533
2024-05-02,sp500,0.46509845254635174
2024-05-03,sp500,0.32625222024866785
2024-05-06,sp500,0.28743437171858593
2024-05-07,sp500,0.9036544850498339
2024-05-08,sp500,0.6795029225403998
2024-05-09,sp500,0.505207407670707
2024-05-10,sp500,0.3746791251668549
2024-05-13,sp500,0.31790384796311977
2024-05-14,sp500,0.16327223353699932
2024-05-15,sp500,0.6556728232189973
2024-05-16,sp500,0.47138618058499365
2024-05-17,sp500,0.5661944508954796
2024-05-20,sp500,0.6745301703270102
2024-05-21,sp500,0.6234833105141401
2024-05-22,sp500,0.6662947206918195
2024-05-23,sp500,0.7811149862058195
2024-05-24,sp500,0.5245496742324235
2024-05-28,sp500,0.37366324176976307
2024-05-29,sp500,0.6781750924784217
2024-05-30,sp500,0.29247563924097003
2024-05-31,sp500,0.6007604562737643
2024-06-03,sp500,0.20977011494252873
2024-06-04,sp500,0.2042042042042042
2024-06-05,sp500,0.6658329611433675
2024-06-06,sp500,0.48639308855291574
2024-06-07,sp500,0.6275090347019637
2024-06-10,sp500,0.6185366475868557
2024-06-11,sp500,0.48687314741999876
2024-06-12,sp500,0.8879371417530753
2024-06-13,sp500,0.3867650717306576
2024-06-14,sp500,0.8237941639786963
2024-06-17,sp500,0.7750387864161351
2024-06-18,sp500,0.8586965675717947
2024-06-20,sp500,0.5347055592495158
2024-06-21,sp500,0.4708689414259872
2024-06-24,sp500,0.4594354695544115
2024-06-25,sp500,0.6163836644379239
2024-06-26,sp500,0.6510864809683535
2024-06-27,sp500,0.8998849252013809
2024-06-28,sp500,0.39551042223409943
2024-07-01,sp500,0.47904191616766467
2024-07-02,sp500,0.5627484809841722
2024-07-03,sp500,0.33582879799049425
2024-07-05,sp500,0.2780393651418104
2024-07-08,sp500,0.4661522619232343
2024-07-09,sp500,0.5937110834371109
2024-07-10,sp500,0.29835757465250995
2024-07-11,sp500,0.17845397995166212
2024-07-12,sp500,0.4593858656947761
2024-07-15,sp500,0.6725329139970223
2024-07-16,sp500,0.5024575721042381
2024-07-17,sp500,0.4755633868125754
2024-07-18,sp500,0.5726355776788054
2024-07-19,sp500,0.7424431287005298
2024-07-22,sp500,0.9084623478130167
2024-07-23,sp500,0.8309311740890688
2024-07-24,sp500,0.6055797733217088
2024-07-25,sp500,0.27158818604382595
2024-07-26,sp500,0.48508820047925627
2024-07-29,sp500,0.6212606574343305
2024-07-30,sp500,0.4713791960607926
2024-07-31,sp500,0.5772089059018796
2024-08-01,sp500,0.3572483992776227
2024-08-02,sp500,0.48357736446379107
2024-08-05,sp500,0.5110941918642593
2024-08-06,sp500,0.4776053017835698
2024-08-07,sp500,0.5301631647921197
2024-08-08,sp500,0.3688766444419086
2024-08-09,sp500,0.4128080364150055
2024-08-12,sp500,0.30909467578205924
2024-08-13,sp500,0.45090614011360564
2024-08-14,sp500,1.0
2024-08-15,sp500,0.6554796554796555
2024-08-16,sp500,1.0
2024-08-19,sp500,0.5934257425742574
2024-08-20,sp500,0.5469623915139826
2024-08-21,sp500,1.0
2024-08-22,sp500,0.6598778762379924
2024-08-23,sp500,0.5507096688212167
2024-08-26,sp500,0.4195038494439692
2024-08-27,sp500,1.0
2024-08-28,sp500,0.7529968454258675
2024-08-29,sp500,0.4154989442509666
2024-08-30,sp500,0.6824858178279187
2024-09-03,sp500,1.0
2024-09-04,sp500,0.5393575714789975
2024-09-05,sp500,0.6054730258014074
2024-09-06,sp500,1.0
2024-09-09,sp500,0.39676600643658916
2024-09-10,sp500,0.42372857720572854
2024-09-11,sp500,0.8421969092360154
2024-09-12,sp500,0.5984889922056611
2024-09-13,sp500,0.3028258118937157
2024-09-16,sp500,0.7707941287165977
2024-09-17,sp500,0.5690115082691868
2024-09-18,sp500,1.0
2024-09-19,sp500,0.7250729828151804
2024-09-20,sp500,0.6095853527194399
2024-09-23,sp500,0.5780364527492725
2024-09-24,sp500,1.0
2024-09-25,sp500,0.43005442451118725
2024-09-26,sp500,0.6896846911114282
2024-09-27,sp500,0.6209480655280586
2024-09-30,sp500,1.0
2024-10-01,sp500,0.7181618495282944
2024-10-02,sp500,1.0
2024-10-03,sp500,0.7656502532054735
2024-10-04,sp500,0.5961230059364713
2024-10-07,sp500,0.6503871192434431
2024-10-08,sp500,0.43493447260550777
2024-10-09,sp500,0.8422026335836326
2024-10-10,sp500,0.6093933005387678
2024-10-11,sp500,0.8329564364039767
2024-10-14,sp500,0.9071980202244314
2024-10-15,sp500,0.7986499517839923
2024-10-16,sp500,0.7047988366456617
2024-10-17,sp500,0.40163078605876795
2024-10-18,sp500,0.39416959453043393
2024-10-21,sp500,0.5988972732918085
2024-10-22,sp500,0.387299972612387
2024-10-23,sp500,0.5790594155215792
2024-10-24,sp500,0.6829446064139941
2024-10-25,sp500,0.1786830189309763
2024-10-28,sp500,0.4517853733053275
2024-10-29,sp500,0.5350306092702362
2024-10-30,sp500,0.5739471106758081
2024-10-31,sp500,0.33056325023084027
2024-11-01,sp500,0.12079419807395078
2024-11-04,sp500,0.38353587418638774
2024-11-05,sp500,0.2744485809215003
2024-11-06,sp500,0.5469726352079294
2024-11-07,sp500,0.2739040060468632
2024-11-08,sp500,0.3052450009582828
2024-11-11,sp500,0.7389164532650448
2024-11-12,sp500,0.724663042668851
2024-11-13,sp500,0.6436815846302778
2024-11-14,sp500,0.5754275005856172
2024-11-15,sp500,0.36574008748412584
2024-11-18,sp500,0.30788113890867214
2024-11-19,sp500,0.6290483534428014
2024-11-20,sp500,0.6092612668421867
2024-11-21,sp500,0.5461534237548734
2024-11-22,sp500,0.7553277920129992
2024-11-25,sp500,0.9307386112339673
2024-11-26,sp500,0.7109634551495017
2024-11-27,sp500,0.7216296928327645
2024-11-29,sp500,0.6403924951477248
2024-12-02,sp500,0.5681018142431628
2024-12-03,sp500,0.5158858373721056
2024-12-04,sp500,0.598351195383347
2024-12-05,sp500,1.0
2024-12-06,sp500,1.0
2024-12-09,sp500,0.7396126760563381
2024-12-10,sp500,0.9098445595854923
2024-12-11,sp500,0.3997546890172229
2024-12-12,sp500,0.5925426848306575
2024-12-13,sp500,0.4725713440780719
2024-12-16,sp500,0.6654322746047572
2024-12-17,sp500,0.6101901043333546
2024-12-18,sp500,0.7022490221642764
2024-12-19,sp500,0.7182808360317927
2024-12-20,sp500,0.5316084330768871
2024-12-23,sp500,0.5691931863198204
2024-12-24,sp500,0.35368614687986416
2024-12-26,sp500,0.5494357725645546
2024-12-27,sp500,1.0
2024-12-30,sp500,0.7368155692245639
2010-04-01,nifty50,1.0
2010-04-05,nifty50,0.6410276372129233
2010-04-06,nifty50,0.307286804678491
2010-04-07,nifty50,0.6381891634980988
2010-04-08,nifty50,0.8762622671028303
2010-04-09,nifty50,0.5969013672351287
2010-04-12,nifty50,0.3489242282507016
2010-04-13,nifty50,0.34479371316306484
2010-04-15,nifty50,0.30828351836037576
2010-04-16,nifty50,1.0
2010-04-19,nifty50,0.4225721784776903
2010-04-20,nifty50,0.7180619055126386
2010-04-21,nifty50,0.5627842796545204
2010-04-22,nifty50,0.4503790489317712
2010-04-23,nifty50,0.20403050510260473
2010-04-26,nifty50,0.32146256345177665
2010-04-27,nifty50,0.4427115245362892
2010-04-28,nifty50,0.5478358488212548
2010-04-29,nifty50,0.5185114503816793
2010-04-30,nifty50,0.23585313174946004
2010-05-03,nifty50,0.3183810054975699
2010-05-04,nifty50,0.5302046369412458
2010-05-05,nifty50,0.5490179370286736
2010-05-06,nifty50,0.36576269625673374
2010-05-07,nifty50,0.4680144338924705
2010-05-10,nifty50,0.3837749133904652
2010-05-11,nifty50,0.8096993937878882
2010-05-12,nifty50,0.6519466811937148
2010-05-13,nifty50,0.6182859430084517
2010-05-14,nifty50,0.5211553667498721
2010-05-17,nifty50,0.5849624904121378
2010-05-18,nifty50,0.71399140878408
2010-05-19,nifty50,0.4896089493225324
2010-05-20,nifty50,0.6216179096277984
2010-05-21,nifty50,0.9293487087867468
2010-05-24,nifty50,0.6844052671672652
2010-05-25,nifty50,0.9118541033434651
2010-05-26,nifty50,0.6844396082698585
2010-05-27,nifty50,0.6536930561698363
2010-05-28,nifty50,0.5297297297297298
2010-05-31,nifty50,0.45952534482487456
2010-06-01,nifty50,0.9186763881099271
2010-06-02,nifty50,0.4112568255005367
2010-06-03,nifty50,0.7827277853862886
2010-06-04,nifty50,0.7464356045687278
2010-06-07,nifty50,0.44936708860759494
2010-06-08,nifty50,0.7235169491525424
2010-06-09,nifty50,0.9023768234214016
2010-06-10,nifty50,0.7414533207123517
2010-06-11,nifty50,0.691338862033793
2010-06-14,nifty50,0.6402871369002586
2010-06-15,nifty50,0.7540027568656558
2010-06-16,nifty50,0.8998933032071801
2010-06-17,nifty50,0.8998933032071801
2010-06-18,nifty50,0.6573864803780562
2010-06-21,nifty50,0.5869207394277032
2010-06-22,nifty50,1.0
2010-06-23,nifty50,0.6436815846302778
2010-06-24,nifty50,0.4979149601608459
2010-06-25,nifty50,0.31531223267750214
2010-06-28,nifty50,0.40825910931174086
2010-06-29,nifty50,0.5567405998437553
2010-06-30,nifty50,0.6419881199456093
2010-07-01,nifty50,0.4573584446405209
2010-07-02,nifty50,0.880883561018651
2010-07-05,nifty50,0.6839184859794564
2010-07-06,nifty50,0.37369807621615
2010-07-07,nifty50,0.6567370289998027
2010-07-08,nifty50,0.5978015204438052
2010-07-09,nifty50,0.6169977748251076
2010-07-12,nifty50,0.791552573932092
2010-07-13,nifty50,0.6753731343283582
2010-07-14,nifty50,0.3805579773321709
2010-07-15,nifty50,1.0
2010-07-16,nifty50,0.25245098039215685
2010-07-19,nifty50,0.5212121212121212
2010-07-20,nifty50,0.5212121212121212
2010-07-21,nifty50,0.7663551401869159
2010-07-22,nifty50,0.5063758582886158
2010-07-23,nifty50,0.43809497065513464
2010-07-26,nifty50,0.5968942180786836
2010-07-27,nifty50,0.7139596951997834
2010-07-28,nifty50,0.5901355638880876
2010-07-29,nifty50,0.5840324763193505
2010-07-30,nifty50,0.6619796484736356
2010-08-02,nifty50,0.4947169547267511
2010-08-03,nifty50,0.5145407995798595
2010-08-04,nifty50,0.36220091839200835
2010-08-05,nifty50,0.6431820554503288
2010-08-06,nifty50,0.4705528587997766
2010-08-09,nifty50,0.4741794812944687
2010-08-10,nifty50,0.6863734679163662
2010-08-11,nifty50,0.4423076923076923
2010-08-12,nifty50,0.383668903803132
2010-08-13,nifty50,0.48043375766148044
2010-08-16,nifty50,0.3486472690148035
2010-08-17,nifty50,0.49702675916749256
2010-08-18,nifty50,0.41575884196388596
2010-08-19,nifty50,0.584777694046722
2010-08-20,nifty50,0.8237768775319414
2010-08-23,nifty50,0.6794168928513652
2010-08-24,nifty50,0.2877879989872563
2010-08-25,nifty50,0.5564760235781424
2010-08-26,nifty50,0.3804259359739555
2010-08-27,nifty50,0.45353393353871924
2010-08-30,nifty50,0.49603658536585366
2010-08-31,nifty50,0.505566368236668
2010-09-01,nifty50,0.4454683684283279
2010-09-02,nifty50,0.31112753378378377
2010-09-03,nifty50,0.6050690372612068
2010-09-06,nifty50,0.2772371231901258
2010-09-07,nifty50,0.5839397845885141
2010-09-08,nifty50,0.34033656748281094
2010-09-09,nifty50,0.19973452563923433
2010-09-13,nifty50,0.11135348499013192
2010-09-14,nifty50,0.6782808776399046
2010-09-15,nifty50,0.3106709265175719
2010-09-16,nifty50,0.46242118537200505
2010-09-17,nifty50,1.0
2010-09-20,nifty50,0.31331103678929767
2010-09-21,nifty50,0.6311079919291166
2010-09-22,nifty50,0.42398992345702935
2010-09-23,nifty50,0.559468887138517
2010-09-24,nifty50,0.6048924673245377
2010-09-27,nifty50,0.6048924673245377
2010-09-28,nifty50,0.521264567095325
2010-09-29,nifty50,0.30319647882242584
2010-09-30,nifty50,0.3686691104959976
2010-10-01,nifty50,0.3970496023233557
2010-10-04,nifty50,0.26115990418813967
2010-10-05,nifty50,0.3243086303259055
2010-10-06,nifty50,0.2435757068332582
2010-10-07,nifty50,0.3678369719589127
2010-10-08,nifty50,0.40992946283233855
2010-10-11,nifty50,0.3838526912181303
2010-10-12,nifty50,0.3762944081567628
2010-10-13,nifty50,0.43391870146225425
2010-10-14,nifty50,0.41917766735033796
2010-10-15,nifty50,0.5102990841877871
2010-10-18,nifty50,0.48185700589756253
2010-10-19,nifty50,0.4431718655258371
2010-10-20,nifty50,0.1467242055708121
2010-10-21,nifty50,0.1257231320785464
2010-10-22,nifty50,0.38071995118974983
2010-10-25,nifty50,0.7692937129695574
2010-10-26,nifty50,0.5732970027247957
2010-10-27,nifty50,0.2566695727986051
2010-10-28,nifty50,0.35565197875364707
2010-10-29,nifty50,0.17556747226915448
2010-11-01,nifty50,0.2796548618575869
2010-11-02,nifty50,0.45037203425522954
2010-11-03,nifty50,0.4003026227303295
2010-11-04,nifty50,0.5968022245394509
2010-11-08,nifty50,0.3393161377233646
2010-11-09,nifty50,0.6538255404154418
2010-11-10,nifty50,0.39474712733526146
2010-11-11,nifty50,0.2990491398707992
2010-11-12,nifty50,0.5470551485204748
2010-11-15,nifty50,0.6899786192151183
2010-11-16,nifty50,0.47485569849473724
2010-11-18,nifty50,0.5821053488561426
2010-11-19,nifty50,0.37882642593352484
2010-11-22,nifty50,0.3920389208314905
2010-11-23,nifty50,0.5695492733658006
2010-11-24,nifty50,0.3806025694961328
2010-11-25,nifty50,0.387698191379173
2010-11-26,nifty50,0.48861409848913656
2010-11-29,nifty50,0.7460954772980526
2010-11-30,nifty50,0.5783223773893551
2010-12-01,nifty50,0.6396023198011599
2010-12-02,nifty50,1.0
2010-12-03,nifty50,0.9062702003878474
2010-12-06,nifty50,0.6875673346261582
2010-12-07,nifty50,0.5268396149453418
2010-12-08,nifty50,0.4050739668573773
2010-12-09,nifty50,0.4983186238209122
2010-12-10,nifty50,0.44174354173901226
2010-12-13,nifty50,0.3014880178623316
2010-12-14,nifty50,0.43228872955772174
2010-12-15,nifty50,0.588799770839301
2010-12-16,nifty50,0.2835593455138763
2010-12-20,nifty50,0.3118142383261036
2010-12-21,nifty50,0.31110095934216536
2010-12-22,nifty50,0.43350048649053213
2010-12-23,nifty50,0.38911242603550295
2010-12-24,nifty50,0.5038022813688213
2010-12-27,nifty50,0.48190948303611664
2010-12-28,nifty50,0.47542960506481763
2010-12-29,nifty50,0.6104030313468826
2010-12-30,nifty50,0.7271967110305902
2010-12-31,nifty50,0.7271967110305902
2011-01-03,nifty50,0.4308873720136519
2011-01-04,nifty50,0.34582044913063315
2011-01-05,nifty50,0.3213257982872794
2011-01-06,nifty50,0.3812450610237949
2011-01-07,nifty50,0.5604474918801876
2011-01-10,nifty50,0.2516871774513696
2011-01-11,nifty50,0.14635157545605307
2011-01-12,nifty50,0.8070382966139288
2011-01-13,nifty50,0.5123318385650224
2011-01-14,nifty50,0.5993496362850322
2011-01-17,nifty50,0.3117996044825313
2011-01-18,nifty50,0.6610479446608889
2011-01-19,nifty50,0.49706392430097057
2011-01-20,nifty50,0.5709212862497534
2011-01-21,nifty50,0.3672927338265984
2011-01-24,nifty50,0.4195646735051288
2011-01-25,nifty50,0.49018458833870493
2011-01-27,nifty50,0.2598264420622767
2011-01-28,nifty50,0.2846681569413397
2011-01-31,nifty50,0.5463164881008817
2011-02-01,nifty50,0.39267466730038025
2011-02-02,nifty50,0.44064527441697354
2011-02-03,nifty50,0.4167440215709676
2011-02-04,nifty50,0.6055065839590815
2011-02-07,nifty50,0.759071662110736
2011-02-08,nifty50,0.6150642860860965
2011-02-09,nifty50,0.5027267105189183
2011-02-10,nifty50,0.6099731015932133
2011-02-11,nifty50,0.41430332922318125
2011-02-14,nifty50,0.4515539305301645
2011-02-15,nifty50,1.0
2011-02-16,nifty50,0.7030336647181806
2011-02-17,nifty50,0.6326374295421962
2011-02-18,nifty50,0.5108646102416046
2011-02-21,nifty50,0.26623559179083495
2011-02-22,nifty50,0.2746850873628606
2011-02-23,nifty50,0.24386040499784575
2011-02-24,nifty50,0.36560963201627944
2011-02-25,nifty50,0.19502592033598004
2011-02-28,nifty50,0.2837572612194897
2011-03-01,nifty50,0.3204858454475899
2011-03-03,nifty50,0.4308873720136519
2011-03-04,nifty50,0.5546075085324232
2011-03-07,nifty50,0.35145611768213897
2011-03-08,nifty50,0.3517724091216979
2011-03-09,nifty50,0.45870275314979003
2011-03-10,nifty50,1.0
2011-03-11,nifty50,0.4117856380328802
2011-03-14,nifty50,0.46004468595702425
2011-03-15,nifty50,0.5919440575343244
2011-03-16,nifty50,1.0
2011-03-17,nifty50,0.538790100269607
2011-03-18,nifty50,0.6350058734687029
2011-03-21,nifty50,0.407472270869819
2011-03-22,nifty50,0.5396825396825397
2011-03-23,nifty50,0.7986499517839923
2011-03-24,nifty50,0.724663042668851
2011-03-25,nifty50,0.9011459922734798
2011-03-28,nifty50,0.5222961730449251
2011-03-29,nifty50,0.7770289511153299
2011-03-30,nifty50,0.5708046906591184
2011-03-31,nifty50,0.6690474342054188
2011-04-01,nifty50,0.453262469924947
2011-04-04,nifty50,0.7656839156821201
2011-04-05,nifty50,0.7790756729304216
2011-04-06,nifty50,0.8579772183124138
2011-04-07,nifty50,0.6906594935534737
2011-04-08,nifty50,0.3804161175671898
2011-04-11,nifty50,0.3026030766971399
2011-04-13,nifty50,0.29284092178251
2011-04-15,nifty50,0.3345924515343552
2011-04-18,nifty50,0.6356862155603754
2011-04-19,nifty50,0.5764362220058422
2011-04-20,nifty50,0.9043395396569418
2011-04-21,nifty50,0.7680659723456439
2011-04-25,nifty50,0.49878819182327466
2011-04-26,nifty50,0.4197231706869332
2011-04-27,nifty50,0.47295957704593017
2011-04-28,nifty50,0.16531848451785244
2011-04-29,nifty50,0.42603332412777317
2011-05-02,nifty50,0.5906078939786805
2011-05-03,nifty50,0.49851528384279475
2011-05-04,nifty50,0.6048908296943232
2011-05-05,nifty50,0.5138829192813548
2011-05-06,nifty50,0.3895747599451303
2011-05-09,nifty50,0.5007032348804501
2011-05-10,nifty50,0.2656559426029932
2011-05-11,nifty50,0.4541847531199132
2011-05-12,nifty50,0.36818367138925695
2011-05-13,nifty50,0.4168758682882839
2011-05-16,nifty50,0.6356892890258128
2011-05-17,nifty50,0.2543107794695977
2011-05-18,nifty50,1.0
2011-05-19,nifty50,0.497542106535579
2011-05-20,nifty50,0.5190229682866764
2011-05-23,nifty50,0.7926286111224615
2011-05-24,nifty50,0.5471045078507513
2011-05-25,nifty50,1.0
2011-05-26,nifty50,0.6726259042528683
2011-05-27,nifty50,0.6727419835625772
2011-05-30,nifty50,0.4857771326819195
2011-05-31,nifty50,0.7816012049588692
2011-06-01,nifty50,0.4027249683143219
2011-06-02,nifty50,0.37591776798825255
2011-06-03,nifty50,0.7987117552334944
2011-06-06,nifty50,0.6644165863066538
2011-06-07,nifty50,0.3540757749712974
2011-06-08,nifty50,0.7156757556698361
2011-06-09,nifty50,0.3254442382489768
2011-06-10,nifty50,0.4710687002722635
2011-06-13,nifty50,0.5492106644415434
2011-06-14,nifty50,0.6640264243340509
2011-06-15,nifty50,0.8305359867545369
2011-06-16,nifty50,0.46436933109033834
2011-06-17,nifty50,0.9145154086645824
2011-06-20,nifty50,0.6765799256505576
2011-06-21,nifty50,0.3713792441971993
2011-06-22,nifty50,0.36038285476487725
2011-06-23,nifty50,0.580814717477004
2011-06-24,nifty50,0.5683490162532079
2011-06-27,nifty50,0.5385799828913601
2011-06-28,nifty50,1.0
2011-06-29,nifty50,0.5746056782334384
2011-06-30,nifty50,0.6338221611802756
2011-07-01,nifty50,0.4591622035195103
2011-07-04,nifty50,0.6725329139970223
2011-07-05,nifty50,0.34590696696793805
2011-07-06,nifty50,0.37582505883028183
2011-07-07,nifty50,0.48596553152959593
2011-07-08,nifty50,0.4838156767090777
2011-07-11,nifty50,0.4595464411346456
2011-07-12,nifty50,0.3683855998802485
2011-07-13,nifty50,0.44714517205223525
2011-07-14,nifty50,0.5313510019392372
2011-07-15,nifty50,0.6737517353631097
2011-07-18,nifty50,0.16400498051104373
2011-07-19,nifty50,0.31952188038987606
2011-07-20,nifty50,0.5699101919749526
2011-07-21,nifty50,0.6261089987325729
2011-07-22,nifty50,0.36681222707423583
2011-07-25,nifty50,0.4217347956131605
2011-07-26,nifty50,0.5451490029128389
2011-07-27,nifty50,0.5752397558849172
2011-07-28,nifty50,0.2695214105793451
2011-07-29,nifty50,0.19869971556277935
2011-08-01,nifty50,0.42849555543131884
2011-08-02,nifty50,0.7027165556125065
2011-08-03,nifty50,0.2907058001397624
2011-08-04,nifty50,0.3286055466198762
2011-08-05,nifty50,0.2264286447111932
2011-08-08,nifty50,0.5797862706031516
2011-08-09,nifty50,0.2332938280608989
2011-08-10,nifty50,0.7320786997433704
2011-08-11,nifty50,0.5883280757097792
2011-08-12,nifty50,0.4739728338817177
2011-08-16,nifty50,0.6009507130347761
2011-08-17,nifty50,0.22743538767395627
2011-08-18,nifty50,0.4024481468888133
2011-08-19,nifty50,0.46557879370401956
2011-08-22,nifty50,0.49218416332108994
2011-08-23,nifty50,0.5206726392947827
2011-08-24,nifty50,0.6662947206918195
2011-08-25,nifty50,0.8017353432704806
2011-08-26,nifty50,0.32473494731974767
2011-08-29,nifty50,0.43966101694915255
2011-08-30,nifty50,0.5792746113989637
2011-09-02,nifty50,0.5547300643883111
2011-09-05,nifty50,0.6321810494901766
2011-09-06,nifty50,0.582408762570228
2011-09-07,nifty50,0.7231503579952268
2011-09-08,nifty50,0.713662456946039
2011-09-09,nifty50,0.4648318042813456
2011-09-12,nifty50,0.08906882591093117
2011-09-13,nifty50,0.38783422843849624
2011-09-14,nifty50,0.5657870110424855
2011-09-15,nifty50,0.6815811144660994
2011-09-16,nifty50,0.31825305610698984
2011-09-19,nifty50,0.7634698340965937
2011-09-20,nifty50,0.3384234930448223
2011-09-21,nifty50,0.35315985130111527
2011-09-22,nifty50,0.7910906896148904
2011-09-23,nifty50,0.4033748493370832
2011-09-26,nifty50,0.3989659629470056
2011-09-27,nifty50,0.4799289906528512
2011-09-28,nifty50,0.30104762516871264
2011-09-29,nifty50,1.0
2011-09-30,nifty50,0.8955832933269323
2011-10-03,nifty50,1.0
2011-10-04,nifty50,0.5352334927757779
2011-10-05,nifty50,0.5759806393062418
2011-10-07,nifty50,0.52797771910153
2011-10-10,nifty50,0.8563629559513065
2011-10-11,nifty50,0.44720225566895677
2011-10-12,nifty50,0.5927528891753764
2011-10-13,nifty50,0.41357727491574386
2011-10-14,nifty50,0.5541727672035139
2011-10-17,nifty50,0.4771948801153777
2011-10-18,nifty50,0.4721788871554862
2011-10-19,nifty50,0.5275452403629255
2011-10-20,nifty50,0.7700693756194251
2011-10-21,nifty50,0.7171002295332823
2011-10-24,nifty50,0.4663107633132171
2011-10-25,nifty50,0.6306171665364627
2011-10-28,nifty50,0.6422429906542056
2011-10-31,nifty50,0.26387726638772663
2011-11-01,nifty50,0.5693611966088882
2011-11-02,nifty50,0.5174952102450338
2011-11-03,nifty50,0.24812212260722075
2011-11-04,nifty50,0.38198462101794217
2011-11-08,nifty50,0.7189542483660131
2011-11-09,nifty50,0.2777777777777778
2011-11-11,nifty50,0.2580852775543041
2011-11-14,nifty50,0.5870906502135738
2011-11-15,nifty50,0.6200752703539613
2011-11-16,nifty50,0.759825327510917
2011-11-17,nifty50,0.46540880503144655
2011-11-18,nifty50,1.0
2011-11-21,nifty50,0.5999009480684874
2011-11-22,nifty50,0.5251536038424353
2011-11-23,nifty50,0.4971440228478172
2011-11-24,nifty50,0.3854967822947732
2011-11-25,nifty50,0.4062884391797395
2011-11-28,nifty50,0.5553748038524107
2011-11-29,nifty50,0.31451726369699184
2011-11-30,nifty50,0.49261470591631923
2011-12-01,nifty50,0.4055364130117386
2011-12-02,nifty50,0.524812734082397
2011-12-05,nifty50,0.315945545221728
2011-12-07,nifty50,0.5782459369299788
2011-12-08,nifty50,0.5331386244875698
2011-12-09,nifty50,0.6917192128073267
2011-12-12,nifty50,0.841148115687993
2011-12-13,nifty50,0.5233498565092617
2011-12-14,nifty50,0.890600440113172
2011-12-15,nifty50,0.37161186101057797
2011-12-16,nifty50,0.4900045092439501
2011-12-19,nifty50,0.6508828250401284
2011-12-20,nifty50,0.5847255369928401
2011-12-21,nifty50,0.6157922628510863
2011-12-22,nifty50,0.6207257335806344
2011-12-23,nifty50,1.0
2011-12-26,nifty50,0.70656259034403
2011-12-27,nifty50,0.38527836012112743
2011-12-28,nifty50,0.7470261697065821
2011-12-29,nifty50,0.44816562642715785
2011-12-30,nifty50,0.7005618966814479
2012-01-02,nifty50,0.7681515740247237
2012-01-03,nifty50,0.6271655590057749
2012-01-04,nifty50,0.8429845820656938
2012-01-05,nifty50,0.6168301133360737
2012-01-06,nifty50,0.6049302627311061
2012-01-09,nifty50,0.5033507073715562
2012-01-10,nifty50,0.5632530120481928
2012-01-11,nifty50,0.7106575963718821
2012-01-12,nifty50,0.8438061041292639
2012-01-13,nifty50,0.774860258091229
2012-01-16,nifty50,0.38071995118974983
2012-01-17,nifty50,0.2806621150351196
2012-01-18,nifty50,0.3069246257550556
2012-01-19,nifty50,0.37313085922367706
2012-01-20,nifty50,0.5214368851544189
2012-01-23,nifty50,0.42094798389135085
2012-01-24,nifty50,0.296670434546209
2012-01-25,nifty50,0.21222338373650967
2012-01-27,nifty50,0.5736980554648144
2012-01-30,nifty50,0.49087873160531204
2012-01-31,nifty50,0.5334384858044164
2012-02-01,nifty50,0.6522674865488086
2012-02-02,nifty50,0.684416715031921
2012-02-03,nifty50,0.9077999152183128
2012-02-06,nifty50,0.43789178488947544
2012-02-07,nifty50,0.5150124455507156
2012-02-08,nifty50,0.3700702489524279
2012-02-09,nifty50,0.7401544566284081
2012-02-10,nifty50,0.6910333442113143
2012-02-13,nifty50,0.6359578771183486
2012-02-14,nifty50,0.37703602285066806
2012-02-15,nifty50,0.3626047842976896
2012-02-16,nifty50,0.6274852930225631
2012-02-17,nifty50,0.3891804005616732
2012-02-21,nifty50,0.6810802723124112
2012-02-22,nifty50,0.43423349419858304
2012-02-23,nifty50,0.7716535433070866
2012-02-24,nifty50,0.7716535433070866
2012-02-27,nifty50,0.4701186259627818
2012-02-28,nifty50,0.9276627587927164
2012-02-29,nifty50,0.7862973320232787
2012-03-01,nifty50,0.774537845775824
2012-03-02,nifty50,0.5933014354066986
2012-03-05,nifty50,0.84375
2012-03-06,nifty50,0.6793217840029487
2012-03-07,nifty50,0.4653941289027862
2012-03-09,nifty50,0.4132405309161541
2012-03-12,nifty50,0.7855205850932698
2012-03-13,nifty50,0.5557986870897156
2012-03-14,nifty50,0.6403230458609749
2012-03-15,nifty50,0.5123738897990859
2012-03-16,nifty50,0.2503077554370127
2012-03-19,nifty50,0.44761904761904764
2012-03-20,nifty50,0.18131789594053746
2012-03-21,nifty50,0.34566621582333684
2012-03-22,nifty50,1.0
2012-03-23,nifty50,0.5575174214705391
2012-03-26,nifty50,0.5339563121242783
2012-03-27,nifty50,0.37339948783610755
2012-03-28,nifty50,0.20702125782834965
2012-03-29,nifty50,0.4040585666581043
2012-03-30,nifty50,0.5402120185283054
2012-04-02,nifty50,0.2506992841226947
2012-04-03,nifty50,1.0
2012-04-04,nifty50,0.4684545629944048
2012-04-09,nifty50,0.45964499362557615
2012-04-10,nifty50,0.4291980654594534
2012-04-11,nifty50,0.47904191616766467
2012-04-12,nifty50,0.5108646102416046
2012-04-13,nifty50,0.26426426426426425
2012-04-16,nifty50,0.5116279069767442
2012-04-17,nifty50,0.43954410307234887
2012-04-18,nifty50,0.36334450686936404
2012-04-19,nifty50,0.7634140394966336
2012-04-20,nifty50,0.4853053435114504
2012-04-23,nifty50,0.6485674025364021
2012-04-24,nifty50,0.7437432301465139
2012-04-25,nifty50,0.2795734941104226
2012-04-26,nifty50,0.3862058585592535
2012-04-27,nifty50,0.42757508964700464
2012-04-30,nifty50,0.32681296233247703
2012-05-02,nifty50,0.3188415996621919
2012-05-03,nifty50,0.5765736534717716
2012-05-04,nifty50,0.5790594155215792
2012-05-07,nifty50,0.5797642815740324
2012-05-08,nifty50,0.7453033775532395
2012-05-09,nifty50,0.5721553332202814
2012-05-10,nifty50,0.35688114675065885
2012-05-11,nifty50,0.24854465426664774
2012-05-14,nifty50,0.5414921801555422
2012-05-15,nifty50,0.5246654525298915
2012-05-16,nifty50,0.6244604316546762
2012-05-17,nifty50,0.46877798583407965
2012-05-18,nifty50,0.6036139813971081
2012-05-21,nifty50,0.7496240182699271
2012-05-22,nifty50,0.6913511091194264
2012-05-23,nifty50,0.5223279648609077
2012-05-24,nifty50,0.45781787740675284
2012-05-25,nifty50,0.546988903652099
2012-05-28,nifty50,0.8389127536661235
2012-05-29,nifty50,0.29966242534406645
2012-05-30,nifty50,0.4448362720403023
2012-05-31,nifty50,0.8179598953792502
2012-06-01,nifty50,0.5183447499296238
2012-06-04,nifty50,0.546965752052874
2012-06-05,nifty50,0.6924609550742336
2012-06-06,nifty50,0.22731090701292977
2012-06-07,nifty50,0.47144592952612396
2012-06-08,nifty50,0.5987404767056519
2012-06-11,nifty50,0.4764373669104712
2012-06-12,nifty50,0.4556555185268122
2012-06-13,nifty50,0.4501605278458933
2012-06-14,nifty50,0.7725688393168352
2012-06-15,nifty50,0.8091937889288534
2012-06-18,nifty50,0.40561278116459953
2012-06-19,nifty50,0.40205438368489455
2012-06-20,nifty50,0.3398416078966498
2012-06-21,nifty50,0.49365766303536784
2012-06-22,nifty50,0.7889531629035268
2012-06-25,nifty50,0.5014001131697692
2012-06-26,nifty50,0.6745110697046611
2012-06-27,nifty50,0.47920462235177763
2012-06-28,nifty50,0.4641091041590755
2012-06-29,nifty50,0.3360468074281353
2012-07-02,nifty50,0.473208247487536
2012-07-03,nifty50,0.5654345654345654
2012-07-04,nifty50,0.3680039623576028
2012-07-05,nifty50,1.0
2012-07-06,nifty50,0.7746113989637305
2012-07-09,nifty50,0.3369250985545335
2012-07-10,nifty50,0.564203544408747
2012-07-11,nifty50,0.6098094793871767
2012-07-12,nifty50,0.5259938837920489
2012-07-13,nifty50,0.27983539094650206
2012-07-16,nifty50,0.31670384216644154
2012-07-17,nifty50,0.3350565927554403
2012-07-18,nifty50,0.5944280273699847
2012-07-19,nifty50,0.564535504538174
2012-07-20,nifty50,0.392175128085701
2012-07-23,nifty50,0.24579068363664386
2012-07-24,nifty50,0.7557932819761095
2012-07-25,nifty50,0.5096276887453537
2012-07-26,nifty50,0.6314786239448126
2012-07-27,nifty50,0.454908788730165
2012-07-30,nifty50,0.17701898748603861
2012-07-31,nifty50,0.2579536914432953
2012-08-01,nifty50,0.5805977686974887
2012-08-02,nifty50,0.6804841439657651
2012-08-03,nifty50,0.6208869814020028
2012-08-06,nifty50,0.5849802371541502
2012-08-07,nifty50,0.4504408008568839
2012-08-08,nifty50,0.616839378238342
2012-08-09,nifty50,0.6730440724291084
2012-08-10,nifty50,0.42104439051123466
2012-08-13,nifty50,0.6961474396862071
2012-08-14,nifty50,0.6064238859986428
2012-08-16,nifty50,0.6478228730331937
2012-08-17,nifty50,0.6347476552032157
2012-08-21,nifty50,0.43966101694915255
2012-08-22,nifty50,0.45915521354884237
2012-08-23,nifty50,0.6459576776994032
2012-08-24,nifty50,0.5456128133704735
2012-08-27,nifty50,0.5288403679188516
2012-08-28,nifty50,0.4014310613705165
2012-08-29,nifty50,0.3859029948573157
2012-08-30,nifty50,0.4190990107104897
2012-08-31,nifty50,0.3697264126821785
2012-09-03,nifty50,0.6685533906607163
2012-09-04,nifty50,0.39326312853058093
2012-09-05,nifty50,0.7397060473465724
2012-09-06,nifty50,0.744628390278267
2012-09-07,nifty50,0.40749148694665155
2012-09-10,nifty50,0.3441033925686591
2012-09-11,nifty50,0.5967999270638648
2012-09-12,nifty50,0.4079279389499763
2012-09-13,nifty50,0.4846253394819824
2012-09-14,nifty50,0.4798846532564355
2012-09-17,nifty50,0.5163830641425528
2012-09-18,nifty50,0.5628140703517588
2012-09-20,nifty50,1.0
2012-09-21,nifty50,0.6321810494901766
2012-09-24,nifty50,0.5687172465889241
2012-09-25,nifty50,0.7350452010001923
2012-09-26,nifty50,0.6844052671672652
2012-09-27,nifty50,0.4258494652768377
2012-09-28,nifty50,0.521058945327264
2012-10-01,nifty50,0.9089894692795871
2012-10-03,nifty50,0.7215901009813682
2012-10-04,nifty50,0.3760314644867741
2012-10-05,nifty50,0.3916083916083916
2012-10-08,nifty50,0.2047301218804411
2012-10-09,nifty50,0.7123102359837667
2012-10-10,nifty50,0.7662686567164179
2012-10-11,nifty50,1.0
2012-10-12,nifty50,0.7332652018395504
2012-10-15,nifty50,0.6677613992209578
2012-10-16,nifty50,0.6136603933178262
2012-10-17,nifty50,0.6104030313468826
2012-10-18,nifty50,0.35030549898167007
2012-10-19,nifty50,0.29238535969709717
2012-10-22,nifty50,0.5526129716526322
2012-10-23,nifty50,0.9241499564080209
2012-10-25,nifty50,0.9169631236442516
2012-10-29,nifty50,0.6056210335448776
2012-10-30,nifty50,0.5573645382854235
2012-10-31,nifty50,0.6234200958042362
2012-11-01,nifty50,0.583980057382061
2012-11-02,nifty50,0.6438019652305367
2012-11-05,nifty50,0.3559096945551129
2012-11-06,nifty50,0.3559096945551129
2012-11-07,nifty50,0.7311429207149744
2012-11-08,nifty50,0.3903493261031868
2012-11-09,nifty50,0.4437094853816642
2012-11-12,nifty50,0.5177520679951108
2012-11-15,nifty50,0.45560152534636844
2012-11-16,nifty50,0.29650780815687067
2012-11-19,nifty50,0.426908931218093
2012-11-20,nifty50,0.8210479075507685
2012-11-21,nifty50,0.633964429145152
2012-11-22,nifty50,0.49510337323177367
2012-11-23,nifty50,0.5449473463979357
2012-11-26,nifty50,0.39744272775705913
2012-11-27,nifty50,0.8426288815194453
2012-11-29,nifty50,0.5352564102564102
2012-11-30,nifty50,0.47876447876447875
2012-12-03,nifty50,0.2728442728442728
2012-12-04,nifty50,0.2862035015624331
2012-12-05,nifty50,0.5309611829944547
2012-12-06,nifty50,0.15632273079906905
2012-12-07,nifty50,0.6215839146491589
2012-12-10,nifty50,0.6411510791366907
2012-12-11,nifty50,0.3336074694015771
2012-12-12,nifty50,0.1827628720718605
2012-12-13,nifty50,0.20830153231961487
2012-12-14,nifty50,0.32795128896428466
2012-12-17,nifty50,0.3537967249360879
2012-12-18,nifty50,0.44654812032352853
2012-12-19,nifty50,0.2315764045113463
2012-12-20,nifty50,0.39802406852698513
2012-12-21,nifty50,0.4700904020003847
2012-12-24,nifty50,0.30787589498806683
2012-12-26,nifty50,0.5395227765726681
2012-12-27,nifty50,0.8714159030446349
2012-12-28,nifty50,0.9011547439525708
2012-12-31,nifty50,0.4614174809262482
2013-01-01,nifty50,0.7488335075919539
2013-01-02,nifty50,0.8786526257061162
2013-01-03,nifty50,0.5233767740438532
2013-01-04,nifty50,0.42560608461416577
2013-01-07,nifty50,1.0
2013-01-08,nifty50,0.4606642066420664
2013-01-09,nifty50,0.5297297297297298
2013-01-10,nifty50,0.47962616822429904
2013-01-11,nifty50,0.3576243980738363
2013-01-14,nifty50,0.28688524590163933
2013-01-15,nifty50,0.6274149034038639
2013-01-16,nifty50,0.4146482122260669
2013-01-17,nifty50,0.579172001707213
2013-01-18,nifty50,0.26541341405129837
2013-01-21,nifty50,0.4541847531199132
2013-01-22,nifty50,0.7101352702072367
2013-01-23,nifty50,0.4947417987757024
2013-01-24,nifty50,0.21584440227703985
2013-01-25,nifty50,0.4886799202739306
2013-01-28,nifty50,0.4444444444444444
2013-01-29,nifty50,0.4230769230769231
2013-01-30,nifty50,0.2669489694508059
2013-01-31,nifty50,0.42199468500859777
2013-02-01,nifty50,0.5255076355093137
2013-02-04,nifty50,0.5098524198202655
2013-02-05,nifty50,0.18987901442984043
2013-02-06,nifty50,0.6209556460252839
2013-02-07,nifty50,0.2901178603807797
2013-02-08,nifty50,0.5616745710792546
2013-02-11,nifty50,0.38815378203792456
2013-02-12,nifty50,0.031760979368204774
2013-02-13,nifty50,0.2887609298357859
2013-02-14,nifty50,0.5765486725663717
2013-02-15,nifty50,0.6508828250401284
2013-02-18,nifty50,0.43888206388206386
2013-02-19,nifty50,0.4163871586008625
2013-02-20,nifty50,0.30107115531752104
2013-02-21,nifty50,0.5023768970689173
2013-02-22,nifty50,0.2697416673457746
2013-02-25,nifty50,0.2580852775543041
2013-02-26,nifty50,0.38591277212274316
2013-02-27,nifty50,0.48529623964676344
2013-02-28,nifty50,0.37338736485523877
2013-03-01,nifty50,0.5505217353339251
2013-03-04,nifty50,0.7856809459599626
2013-03-05,nifty50,0.5568613809724948
2013-03-06,nifty50,0.36844461932997735
2013-03-07,nifty50,0.6977767484946734
2013-03-08,nifty50,0.45048607678365465
2013-03-11,nifty50,0.3650983201974365
2013-03-12,nifty50,0.6691078915247042
2013-03-13,nifty50,1.0
2013-03-14,nifty50,0.7242869490060502
2013-03-15,nifty50,0.40778409545927763
2013-03-18,nifty50,0.8962789458181971
2013-03-19,nifty50,0.7946886504515276
2013-03-20,nifty50,0.8979481349141898
2013-03-21,nifty50,0.5584446006090419
2013-03-22,nifty50,0.6718721330859717
2013-03-25,nifty50,0.5484511300103805
2013-03-26,nifty50,0.5426953336950624
2013-03-28,nifty50,0.5069538046807989
2013-04-01,nifty50,0.45365151329493936
2013-04-02,nifty50,0.6754612045577862
2013-04-03,nifty50,0.4797216483635968
2013-04-04,nifty50,0.6716013920344694
2013-04-05,nifty50,0.7207329134350112
2013-04-08,nifty50,0.5020494073335549
2013-04-09,nifty50,0.6056657223796034
2013-04-10,nifty50,0.4791323210412147
2013-04-11,nifty50,0.5199432445215197
2013-04-12,nifty50,0.21917070543887993
2013-04-15,nifty50,0.38146724669510496
2013-04-16,nifty50,0.4684798841471693
2013-04-17,nifty50,0.531433607520564
2013-04-18,nifty50,0.4612200743144725
2013-04-22,nifty50,0.455131674578997
2013-04-23,nifty50,0.6814298169136879
2013-04-25,nifty50,0.44859154929577466
2013-04-26,nifty50,0.2689075630252101
2013-04-29,nifty50,0.7023809523809523
2013-04-30,nifty50,0.40476190476190477
2013-05-02,nifty50,0.39665329376146513
2013-05-03,nifty50,0.3052238259213129
2013-05-06,nifty50,0.5556825977589755
2013-05-07,nifty50,0.38413183826027864
2013-05-08,nifty50,0.3343699096697764
2013-05-09,nifty50,0.7772657450076805
2013-05-10,nifty50,0.49589358593238275
2013-05-13,nifty50,0.5678807947019867
2013-05-14,nifty50,0.49930004666355576
2013-05-15,nifty50,0.8307100233503416
2013-05-16,nifty50,0.6637712098347381
2013-05-17,nifty50,0.8096835350736473
2013-05-20,nifty50,0.7144015757154444
2013-05-21,nifty50,0.848800834202294
2013-05-22,nifty50,0.6631761365731352
2013-05-23,nifty50,0.4003492219090798
2013-05-24,nifty50,0.6598905394839718
2013-05-27,nifty50,0.6133333333333333
2013-05-28,nifty50,0.6875673346261582
2013-05-29,nifty50,0.4903486027081533
2013-05-30,nifty50,0.4800665708449958
2013-05-31,nifty50,0.3686502177068215
2013-06-03,nifty50,0.5019083969465649
2013-06-04,nifty50,0.5908279423339028
2013-06-05,nifty50,0.5248761337913349
2013-06-06,nifty50,0.5053387089628284
2013-06-07,nifty50,0.45004793064643855
2013-06-10,nifty50,0.6692667267402568
2013-06-11,nifty50,0.2551593619513954
2013-06-12,nifty50,0.6414483367677363
2013-06-13,nifty50,0.925236321970782
2013-06-14,nifty50,0.42817586843430105
2013-06-17,nifty50,0.8111627906976744
2013-06-18,nifty50,0.8603531300160514
2013-06-19,nifty50,0.48214285714285715
2013-06-20,nifty50,0.7290180088345226
2013-06-21,nifty50,0.7454495056823431
2013-06-24,nifty50,0.6810382754069512
2013-06-25,nifty50,0.4433663784011812
2013-06-26,nifty50,0.49270013728761014
2013-06-27,nifty50,0.918137205228796
2013-06-28,nifty50,0.7805549185966522
2013-07-01,nifty50,0.4972758791480931
2013-07-02,nifty50,1.0
2013-07-03,nifty50,0.6384039900249376
2013-07-04,nifty50,0.6384039900249376
2013-07-05,nifty50,0.6595629402203359
2013-07-08,nifty50,1.0
2013-07-09,nifty50,0.7347560975609756
2013-07-10,nifty50,1.0
2013-07-11,nifty50,0.6347476552032157
2013-07-12,nifty50,0.6907075531895499
2013-07-15,nifty50,0.6692249199809015
2013-07-16,nifty50,0.637174826495444
2013-07-17,nifty50,0.4494961331146004
2013-07-18,nifty50,0.47502726281352237
2013-07-19,nifty50,0.4769027716673999
2013-07-22,nifty50,0.7835282408559343
2013-07-23,nifty50,0.6545394608687835
2013-07-24,nifty50,0.2886499471787673
2013-07-25,nifty50,0.5322423468530528
2013-07-26,nifty50,0.5191721298978503
2013-07-29,nifty50,0.6456245382035882
2013-07-30,nifty50,0.6966315642652905
2013-07-31,nifty50,0.4403415261742051
2013-08-01,nifty50,0.39735962839214406
2013-08-02,nifty50,0.3832609192773839
2013-08-05,nifty50,0.697286012526096
2013-08-06,nifty50,0.35996795105251655
2013-08-07,nifty50,0.37572404253479724
2013-08-08,nifty50,0.9237310423424213
2013-08-12,nifty50,0.5029896789427581
2013-08-13,nifty50,1.0
2013-08-14,nifty50,0.555784548543419
2013-08-16,nifty50,0.3913719393703848
2013-08-19,nifty50,0.37353227375932535
2013-08-20,nifty50,0.8248384020345448
2013-08-21,nifty50,0.6637712098347381
2013-08-22,nifty50,0.5605849247198037
2013-08-23,nifty50,1.0
2013-08-26,nifty50,0.7479682435289143
2013-08-27,nifty50,0.7058928190164401
2013-08-28,nifty50,0.5301176424376928
2013-08-29,nifty50,0.41913219749987934
2013-08-30,nifty50,0.43142209829208783
2013-09-02,nifty50,0.3228114338710212
2013-09-03,nifty50,0.7449777221918237
2013-09-04,nifty50,0.8144527778765152
2013-09-05,nifty50,0.681372966527553
2013-09-06,nifty50,0.6665531045055787
2013-09-10,nifty50,0.3746791251668549
2013-09-11,nifty50,0.31028683995579687
2013-09-12,nifty50,0.29332996861347255
2013-09-13,nifty50,0.29332996861347255
2013-09-16,nifty50,1.0
2013-09-17,nifty50,0.8407857012139328
2013-09-18,nifty50,0.8407857012139328
2013-09-19,nifty50,0.7763189468993178
2013-09-20,nifty50,0.5660703597792113
2013-09-23,nifty50,0.4418217821782178
2013-09-24,nifty50,0.7549295774647887
2013-09-25,nifty50,0.47422096317280454
2013-09-26,nifty50,0.5286596597681222
2013-09-27,nifty50,0.43483909654207475
2013-09-30,nifty50,0.3611040769815143
2013-10-01,nifty50,0.26697926588028426
2013-10-03,nifty50,0.41915592696502785
2013-10-04,nifty50,0.42094798389135085
2013-10-07,nifty50,1.0
2013-10-08,nifty50,0.208454995556684
2013-10-09,nifty50,0.7681141591831714
2013-10-10,nifty50,0.5549092438152639
2013-10-11,nifty50,0.3408050513022889
2013-10-14,nifty50,0.7564844187348386
2013-10-15,nifty50,0.5383845734036747
2013-10-17,nifty50,0.3540757749712974
2013-10-18,nifty50,0.5588311130210571
2013-10-21,nifty50,0.2727911881884228
2013-10-22,nifty50,0.6347253173142138
2013-10-23,nifty50,1.0
2013-10-24,nifty50,0.562657091561939
2013-10-25,nifty50,0.40651162790697676
2013-10-28,nifty50,0.6444737834779328
2013-10-29,nifty50,0.47986661951194864
2013-10-30,nifty50,0.6626574777226636
2013-10-31,nifty50,0.4145006430771992
2013-11-01,nifty50,0.4174478668452267
2013-11-05,nifty50,0.26953084633667457
2013-11-06,nifty50,0.5225609756097561
2013-11-07,nifty50,0.7370666666666666
2013-11-08,nifty50,0.5580885042057784
2013-11-11,nifty50,0.39027162177520175
2013-11-12,nifty50,0.48620602379144523
2013-11-13,nifty50,0.4718543046357616
2013-11-14,nifty50,0.529338327091136
2013-11-18,nifty50,0.9042735795079442
2013-11-19,nifty50,0.5399162330244955
2013-11-20,nifty50,0.5330991510893656
2013-11-21,nifty50,0.4964278626711649
2013-11-22,nifty50,0.384443328616424
2013-11-25,nifty50,0.3588148588892345
2013-11-26,nifty50,0.42736874330322977
2013-11-27,nifty50,0.2764597741398932
2013-11-28,nifty50,0.45279028641228053
2013-11-29,nifty50,0.4888522638831662
2013-12-02,nifty50,0.4891796678409663
2013-12-03,nifty50,0.3948301395682807
2013-12-04,nifty50,0.351628348700091
2013-12-05,nifty50,0.3560836351140599
2013-12-06,nifty50,0.8822255313388385
2013-12-09,nifty50,0.3110886601316113
2013-12-10,nifty50,0.6418658261196839
2013-12-11,nifty50,0.414199855357989
2013-12-12,nifty50,0.5884225012902116
2013-12-13,nifty50,1.0
2013-12-16,nifty50,0.4103996385591654
2013-12-17,nifty50,0.5776758452814791
2013-12-18,nifty50,0.6744621141253508
2013-12-19,nifty50,0.31099092138304035
2013-12-20,nifty50,0.3384386937621996
2013-12-23,nifty50,0.17150747547852585
2013-12-24,nifty50,0.5986184194119554
2013-12-26,nifty50,0.6048798822313403
2013-12-27,nifty50,0.6924214180111847
2013-12-30,nifty50,0.43048491867667055
2013-12-31,nifty50,0.4035674470457079
2014-01-01,nifty50,0.42282749675745784
2014-01-02,nifty50,0.5468271103528453
2014-01-03,nifty50,0.7514948394713791
2014-01-06,nifty50,0.5029896789427581
2014-01-07,nifty50,0.672707189396001
2014-01-08,nifty50,0.37585733882030176
2014-01-09,nifty50,0.5777777777777777
2014-01-10,nifty50,0.4474400518470512
2014-01-13,nifty50,0.3100105745505816
2014-01-14,nifty50,0.3445844141723233
2014-01-15,nifty50,0.38857653973933043
2014-01-16,nifty50,0.24086073721110218
2014-01-17,nifty50,0.3470657670392445
2014-01-20,nifty50,0.13518886679920478
2014-01-21,nifty50,0.3813184701133961
2014-01-22,nifty50,0.507404181184669
2014-01-23,nifty50,0.47882878933987905
2014-01-24,nifty50,0.6644597287394742
2014-01-27,nifty50,0.425011015114653
2014-01-28,nifty50,0.6750062259343691
2014-01-29,nifty50,0.5745968076113441
2014-01-30,nifty50,0.623096917935388
2014-01-31,nifty50,0.4014386724976499
2014-02-03,nifty50,0.4064640836862901
2014-02-04,nifty50,0.5922139483877814
2014-02-05,nifty50,0.4797076991135943
2014-02-06,nifty50,0.539167794714849
2014-02-07,nifty50,0.4247812508792167
2014-02-10,nifty50,0.41747348653932
2014-02-11,nifty50,0.7270445513490902
2014-02-12,nifty50,0.4397331442381442
2014-02-13,nifty50,0.5933312558429418
2014-02-14,nifty50,0.4893236920459379
2014-02-17,nifty50,0.9023768234214016
2014-02-18,nifty50,0.44494584837545126
2014-02-19,nifty50,0.2393026941362916
2014-02-20,nifty50,0.5966559985642927
2014-02-21,nifty50,0.44918872758326217
2014-02-24,nifty50,0.3292212798766384
2014-02-25,nifty50,0.5785521814163311
2014-02-26,nifty50,0.6013760200148366
2014-02-28,nifty50,0.40241674113394776
2014-03-03,nifty50,0.3071312803889789
2014-03-04,nifty50,0.433307632999229
2014-03-05,nifty50,0.32645312436886537
2014-03-06,nifty50,0.16184971098265896
2014-03-07,nifty50,0.43565307920237045
2014-03-10,nifty50,0.5678201566052034
2014-03-11,nifty50,0.6284274365764073
2014-03-12,nifty50,0.9020904256815688
2014-03-13,nifty50,0.507361268403171
2014-03-14,nifty50,0.3351117519826965
2014-03-18,nifty50,0.2363268062120189
2014-03-19,nifty50,0.3659919028340081
2014-03-20,nifty50,0.7553297650367413
2014-03-21,nifty50,0.7033776309608595
2014-03-24,nifty50,0.4447812629630811
2014-03-25,nifty50,0.6292613636363636
2014-03-26,nifty50,0.4586057502953919
2014-03-27,nifty50,0.606886880648177
2014-03-28,nifty50,0.6173541516132073
2014-03-31,nifty50,0.505499569866044
2014-04-01,nifty50,0.3698899118006824
2014-04-02,nifty50,0.7747047855811062
2014-04-03,nifty50,0.7444183313748531
2014-04-04,nifty50,0.5241901556583929
2014-04-07,nifty50,0.7289719626168224
2014-04-09,nifty50,0.5179963319578175
2014-04-10,nifty50,0.3715998155832181
2014-04-11,nifty50,0.48567530695770805
2014-04-15,nifty50,1.0
2014-04-16,nifty50,0.5195897975282672
2014-04-17,nifty50,1.0
2014-04-21,nifty50,0.34129295282469424
2014-04-22,nifty50,0.7220802453360593
2014-04-23,nifty50,0.3147185701035026
2014-04-24,nifty50,0.6278244526417661
2014-04-25,nifty50,0.19177383511239024
2014-04-28,nifty50,0.4043427230046948
2014-04-29,nifty50,0.5067846823451959
2014-04-30,nifty50,0.32189004745903627
2014-05-02,nifty50,0.4286920424963062
2014-05-05,nifty50,0.39442151842092177
2014-05-06,nifty50,0.4283677235363194
2014-05-07,nifty50,0.47392290249433106
2014-05-08,nifty50,0.7993850883935434
2014-05-09,nifty50,0.7429295061207261
2014-05-12,nifty50,0.49018458833870493
2014-05-13,nifty50,0.4146932185145318
2014-05-14,nifty50,0.14933907619189069
2014-05-15,nifty50,0.359244139556416
2014-05-16,nifty50,0.2983765205987428
2014-05-19,nifty50,0.35641906038020266
2014-05-20,nifty50,0.5711707797958194
2014-05-21,nifty50,0.4057677713129269
2014-05-22,nifty50,0.599949836970153
2014-05-23,nifty50,0.4525980911983033
2014-05-26,nifty50,0.5625209520616828
2014-05-27,nifty50,0.5006077795786061
2014-05-28,nifty50,0.6588669167673428
2014-05-29,nifty50,0.8523031652016448
2014-05-30,nifty50,0.5136343872290204
2014-06-02,nifty50,0.7690674216952752
2014-06-03,nifty50,0.4994246260069045
2014-06-04,nifty50,0.6140604102387542
2014-06-05,nifty50,0.6280488688569731
2014-06-06,nifty50,0.594155355584314
2014-06-09,nifty50,0.23641846578548603
2014-06-10,nifty50,0.6578144174192128
2014-06-11,nifty50,0.5597508758271701
2014-06-12,nifty50,0.6133333333333333
2014-06-13,nifty50,0.6796465064899199
2014-06-16,nifty50,0.4080593477020324
2014-06-17,nifty50,0.6091222773344835
2014-06-18,nifty50,0.5778520595212422
2014-06-19,nifty50,0.3646543330087634
2014-06-20,nifty50,0.5906239107703033
2014-06-23,nifty50,0.6036623492630638
2014-06-24,nifty50,0.313389544688027
2014-06-25,nifty50,0.4707743051800584
2014-06-26,nifty50,0.6735016528529679
2014-06-27,nifty50,0.6564632297194845
2014-06-30,nifty50,0.4858232961771527
2014-07-01,nifty50,0.7071145357971123
2014-07-02,nifty50,1.0
2014-07-03,nifty50,0.7430249632892805
2014-07-04,nifty50,0.5147679324894515
2014-07-07,nifty50,0.4933444259567388
2014-07-08,nifty50,0.4533213644524237
2014-07-09,nifty50,0.7449054390851781
2014-07-10,nifty50,0.7581691271851257
2014-07-11,nifty50,0.6489812386524108
2014-07-14,nifty50,0.4413194387995643
2014-07-15,nifty50,0.4297061772190946
2014-07-16,nifty50,1.0
2014-07-17,nifty50,0.4578594796697305
2014-07-18,nifty50,0.6443678242633206
2014-07-21,nifty50,0.5711871567384875
2014-07-22,nifty50,0.4698092696906809
2014-07-23,nifty50,0.45590994371482174
2014-07-24,nifty50,0.5322931513014778
2014-07-25,nifty50,0.4327834816624679
2014-07-28,nifty50,0.35823718554946093
2014-07-30,nifty50,0.2893081761006289
2014-07-31,nifty50,0.7142857142857143
2014-08-01,nifty50,0.301995474182267
2014-08-04,nifty50,0.5628736395687497
2014-08-05,nifty50,0.636962853201165
2014-08-06,nifty50,0.7171941830624465
2014-08-07,nifty50,0.9241499564080209
2014-08-08,nifty50,0.40555313994658054
2014-08-11,nifty50,0.21916403111377042
2014-08-12,nifty50,0.49302943129010846
2014-08-13,nifty50,0.28109975961538464
2014-08-14,nifty50,0.47440231336292915
2014-08-18,nifty50,0.3587344786528321
2014-08-19,nifty50,0.2381786339754816
2014-08-20,nifty50,0.4852779306549257
2014-08-21,nifty50,0.6963845330603509
2014-08-22,nifty50,0.5115814862560818
2014-08-25,nifty50,0.3300791450725162
2014-08-26,nifty50,0.3152964855240749
2014-08-27,nifty50,0.5588235294117647
2014-08-28,nifty50,0.4549763033175355
2014-09-01,nifty50,0.5181123296776338
2014-09-02,nifty50,0.6339539286841275
2014-09-03,nifty50,0.5587944729112057
2014-09-04,nifty50,0.2923367069290681
2014-09-05,nifty50,0.7095266359994065
2014-09-08,nifty50,0.4247429357946725
2014-09-09,nifty50,0.44319225310960847
2014-09-10,nifty50,0.29849317139545434
2014-09-11,nifty50,0.46465043205027495
2014-09-12,nifty50,0.4521633150517977
2014-09-15,nifty50,0.4501166861143524
2014-09-16,nifty50,0.7412949640287769
2014-09-17,nifty50,0.9080985915492957
2014-09-18,nifty50,1.0
2014-09-19,nifty50,0.7460415745245467
2014-09-22,nifty50,0.5618747062378299
2014-09-23,nifty50,0.5275364170713008
2014-09-24,nifty50,0.33434349495919347
2014-09-25,nifty50,0.24297887662025924
2014-09-26,nifty50,0.5275364170713008
2014-09-29,nifty50,0.6118021083161359
2014-09-30,nifty50,0.14868553905987061
2014-10-01,nifty50,0.5073093638877914
2014-10-07,nifty50,0.4251101321585903
2014-10-08,nifty50,0.4012123508240197
2014-10-09,nifty50,0.46221335992023926
2014-10-10,nifty50,0.5774212540476892
2014-10-13,nifty50,0.39621451104100947
2014-10-14,nifty50,0.7302325581395349
2014-10-15,nifty50,0.5683720930232559
2014-10-16,nifty50,0.39815526518063027
2014-10-17,nifty50,0.33630904074013956
2014-10-20,nifty50,0.8007633587786259
2014-10-21,nifty50,0.2231041814316088
2014-10-22,nifty50,0.3818501582835033
2014-10-27,nifty50,0.40520602981144177
2014-10-28,nifty50,0.4703894168741255
2014-10-29,nifty50,0.41438372828572817
2014-10-30,nifty50,0.7097823367525644
2014-10-31,nifty50,0.35663748650917376
2014-11-03,nifty50,0.7761194029850746
2014-11-05,nifty50,0.28973277074542897
2014-11-07,nifty50,0.5695048245148977
2014-11-10,nifty50,0.30917134592479156
2014-11-11,nifty50,0.464075382803298
2014-11-12,nifty50,0.23497267759562843
2014-11-13,nifty50,0.2755926968843673
2014-11-14,nifty50,0.5169350360910605
2014-11-17,nifty50,0.5656020603023879
2014-11-18,nifty50,0.40992946283233855
2014-11-19,nifty50,0.6521623242486839
2014-11-20,nifty50,0.9356265517865071
2014-11-21,nifty50,0.4768197052550554
2014-11-24,nifty50,0.3567943220464291
2014-11-25,nifty50,0.45625
2014-11-26,nifty50,0.4480623710158221
2014-11-27,nifty50,0.8242627113753103
2014-11-28,nifty50,0.5028434517990168
2014-12-01,nifty50,0.33227699239929687
2014-12-02,nifty50,0.5951982132886655
2014-12-03,nifty50,0.6477608787494719
2014-12-04,nifty50,0.5776302189369499
2014-12-05,nifty50,0.7182808360317927
2014-12-08,nifty50,0.5566797134628166
2014-12-09,nifty50,0.48993181719480594
2014-12-10,nifty50,0.7534013605442177
2014-12-11,nifty50,0.7467248908296943
2014-12-12,nifty50,0.6680737072814352
2014-12-15,nifty50,0.6114642988493669
2014-12-16,nifty50,0.6494630910215325
2014-12-17,nifty50,1.0
2014-12-18,nifty50,0.6875182014095171
2014-12-19,nifty50,0.8125404007756949
2014-12-22,nifty50,0.9053215801501796
2014-12-23,nifty50,0.6095152603231598
2014-12-24,nifty50,0.6075187969924812
2014-12-26,nifty50,0.7016363458209491
2014-12-29,nifty50,0.4631945167189521
2014-12-30,nifty50,0.2415422255968953
2014-12-31,nifty50,0.6216179096277984
2015-01-01,nifty50,0.6149460639431084
2015-01-02,nifty50,0.552355669564958
2015-01-05,nifty50,0.34333315035406486
2015-01-06,nifty50,0.5145407995798595
2015-01-07,nifty50,0.7765650080256822
2015-01-08,nifty50,0.8184590690208667
2015-01-09,nifty50,0.6821982303758422
2015-01-12,nifty50,0.5663914304842669
2015-01-13,nifty50,0.602212389380531
2015-01-14,nifty50,0.6994818652849741
2015-01-15,nifty50,0.3735120359756635
2015-01-16,nifty50,0.7250729828151804
2015-01-19,nifty50,0.6487743435713593
2015-01-20,nifty50,0.5258703596845548
2015-01-21,nifty50,0.6000520426749935
2015-01-22,nifty50,0.7119205298013245
2015-01-23,nifty50,0.7124609200535954
2015-01-27,nifty50,0.47392290249433106
2015-01-28,nifty50,0.38109358853394437
2015-01-29,nifty50,0.5730980025063035
2015-01-30,nifty50,0.4942853260459288
2015-02-02,nifty50,0.6553545490558563
2015-02-03,nifty50,0.6490488911199958
2015-02-04,nifty50,0.6296371376444354
2015-02-05,nifty50,0.8753135077033322
2015-02-06,nifty50,0.6760741678457071
2015-02-09,nifty50,0.40311023021802106
2015-02-10,nifty50,0.3480957056482869
2015-02-11,nifty50,0.2557355800388853
2015-02-12,nifty50,0.7145077720207254
2015-02-13,nifty50,0.5253273604410751
2015-02-16,nifty50,0.5328273788215079
2015-02-18,nifty50,0.6668793873643906
2015-02-19,nifty50,0.24643600705646762
2015-02-20,nifty50,0.6601006705311552
2015-02-23,nifty50,0.4230886943747322
2015-02-24,nifty50,1.0
2015-02-25,nifty50,0.8341232227488151
2015-02-26,nifty50,0.4061302681992337
2015-02-27,nifty50,1.0
2015-03-02,nifty50,0.5033955857385399
2015-03-03,nifty50,0.7496423462088698
2015-03-04,nifty50,0.8908296943231441
2015-03-05,nifty50,0.30672652286579805
2015-03-09,nifty50,0.3174686192468619
2015-03-10,nifty50,0.45549443608677176
2015-03-11,nifty50,0.49152175481636484
2015-03-12,nifty50,0.5352825414675288
2015-03-13,nifty50,0.6662516828558607
2015-03-16,nifty50,0.6396222246769027
2015-03-17,nifty50,0.25521926433226555
2015-03-18,nifty50,0.7725688393168352
2015-03-19,nifty50,0.8357441617288254
2015-03-20,nifty50,0.5974831127972611
2015-03-23,nifty50,0.6806167400881057
2015-03-24,nifty50,0.5230676014887908
2015-03-25,nifty50,0.3681636282792352
2015-03-26,nifty50,0.48214285714285715
2015-03-27,nifty50,0.3663361684131385
2015-03-30,nifty50,0.5268284763373651
2015-03-31,nifty50,0.8110536957986969
2015-04-01,nifty50,0.7205358003276476
2015-04-06,nifty50,0.5350854139290407
2015-04-07,nifty50,0.37786977794505083
2015-04-08,nifty50,0.23008849557522124
2015-04-09,nifty50,0.4880505908013872
2015-04-10,nifty50,0.5388003099131428
2015-04-13,nifty50,0.5005564093052832
2015-04-15,nifty50,0.5038244766505636
2015-04-16,nifty50,0.26868408986703346
2015-04-17,nifty50,0.6715288137466159
2015-04-20,nifty50,0.3614984524075433
2015-04-21,nifty50,0.5834702948364322
2015-04-22,nifty50,0.49558001897504633
2015-04-23,nifty50,0.5642290205748632
2015-04-24,nifty50,0.561765411369633
2015-04-27,nifty50,0.3466815167316357
2015-04-28,nifty50,0.5500045638482368
2015-04-29,nifty50,0.40127315478580033
2015-04-30,nifty50,0.5890022675736961
2015-05-04,nifty50,0.32396748772537853
2015-05-05,nifty50,0.2302476072383462
2015-05-06,nifty50,0.6784625334934861
2015-05-07,nifty50,0.9106684464524079
2015-05-08,nifty50,0.6938344594594594
2015-05-11,nifty50,0.554880067415054
2015-05-12,nifty50,0.6203388810304873
2015-05-13,nifty50,0.5223331072570487
2015-05-14,nifty50,0.5683096261991399
2015-05-15,nifty50,0.9313067508882747
2015-05-18,nifty50,0.16130346232179227
2015-05-19,nifty50,0.5476382277554009
2015-05-20,nifty50,0.8395662757247179
2015-05-21,nifty50,0.4058197891247295
2015-05-22,nifty50,0.662864663303356
2015-05-25,nifty50,0.4273352562680275
2015-05-26,nifty50,0.4702827212840564
2015-05-27,nifty50,0.34988084178212225
2015-05-28,nifty50,0.36646997882978244
2015-05-29,nifty50,0.37553379004561066
2015-06-01,nifty50,0.23607218921645556
2015-06-02,nifty50,0.9018586973499245
2015-06-03,nifty50,0.6489631228300647
2015-06-04,nifty50,0.628839590443686
2015-06-05,nifty50,0.3562528841716659
2015-06-08,nifty50,0.47115384615384615
2015-06-09,nifty50,1.0
2015-06-10,nifty50,0.5546418309719607
2015-06-11,nifty50,0.45216077147277894
2015-06-12,nifty50,0.6783231722347296
2015-06-15,nifty50,0.7022179627601315
2015-06-16,nifty50,1.0
2015-06-17,nifty50,0.8511089813800657
2015-06-18,nifty50,0.11101905550952776
2015-06-19,nifty50,1.0
2015-06-22,nifty50,0.8960573476702509
2015-06-23,nifty50,0.5450156891141684
2015-06-24,nifty50,0.6889524490525563
2015-06-25,nifty50,0.22411596500665326
2015-06-26,nifty50,0.5799561082662765
2015-06-29,nifty50,0.45440677966101695
2015-06-30,nifty50,0.550122471196589
2015-07-01,nifty50,0.4601366742596811
2015-07-02,nifty50,0.4391304347826087
2015-07-03,nifty50,0.9153471915081822
2015-07-06,nifty50,0.7880614251944349
2015-07-07,nifty50,0.6487743435713593
2015-07-08,nifty50,0.4739856801909308
2015-07-09,nifty50,0.338860103626943
2015-07-10,nifty50,0.3712816375920137
2015-07-13,nifty50,0.7344682582745523
2015-07-14,nifty50,0.7876198779424586
2015-07-15,nifty50,0.7618477331052181
2015-07-16,nifty50,0.6874251497005988
2015-07-17,nifty50,0.505566368236668
2015-07-20,nifty50,0.3111686380347824
2015-07-21,nifty50,0.4485540856959628
2015-07-22,nifty50,0.7481472904122278
2015-07-23,nifty50,0.5300178994726912
2015-07-24,nifty50,0.6058379987702663
2015-07-27,nifty50,0.724663042668851
2015-07-28,nifty50,0.3905197589425885
2015-07-29,nifty50,0.3597686199342826
2015-07-30,nifty50,0.3440996746289977
2015-07-31,nifty50,0.3030131159163417
2015-08-03,nifty50,0.2692307692307692
2015-08-04,nifty50,0.464075382803298
2015-08-05,nifty50,0.329376397132506
2015-08-06,nifty50,0.6129991611804478
2015-08-07,nifty50,0.349404470549845
2015-08-10,nifty50,0.43774235243429555
2015-08-11,nifty50,0.4192597156815281
2015-08-12,nifty50,0.4447867611460763
2015-08-13,nifty50,0.4793910670687922
2015-08-14,nifty50,0.5166666666666667
2015-08-17,nifty50,0.2937269372693727
2015-08-18,nifty50,0.42822076173885504
2015-08-19,nifty50,0.18538143282282063
2015-08-20,nifty50,0.2515339414992046
2015-08-21,nifty50,0.449307338951785
2015-08-24,nifty50,0.1923267827269886
2015-08-25,nifty50,0.40520602981144177
2015-08-26,nifty50,0.48124025318778096
2015-08-27,nifty50,0.49625059326056004
2015-08-28,nifty50,0.5558098591549295
2015-08-31,nifty50,0.8212594908441269
2015-09-01,nifty50,0.7070156477609135
2015-09-02,nifty50,0.5373324824505424
2015-09-03,nifty50,0.4401192905352378
2015-09-04,nifty50,0.2957020900794819
2015-09-07,nifty50,0.5051596652311693
2015-09-08,nifty50,0.39898864295780484
2015-09-09,nifty50,0.40698971371917214
2015-09-10,nifty50,0.4297310539348756
2015-09-11,nifty50,0.370237205084557
2015-09-14,nifty50,0.7437432301465139
2015-09-15,nifty50,0.5983379501385041
2015-09-16,nifty50,1.0
2015-09-18,nifty50,0.46989061942694094
2015-09-21,nifty50,0.13730337689152108
2015-09-22,nifty50,0.30114817162144236
2015-09-23,nifty50,0.785969367510515
2015-09-24,nifty50,0.6842334494773519
2015-09-28,nifty50,0.7808343409915357
2015-09-29,nifty50,0.586687429069123
2015-09-30,nifty50,0.7818009549111041
2015-10-01,nifty50,0.4535175879396985
2015-10-05,nifty50,0.43995114221576653
2015-10-06,nifty50,0.31491703918168656
2015-10-07,nifty50,0.4495752058238706
2015-10-08,nifty50,0.6966315642652905
2015-10-09,nifty50,0.9218946385607067
2015-10-12,nifty50,0.8579772183124138
2015-10-13,nifty50,0.6325108240346369
2015-10-14,nifty50,0.9018655097613882
2015-10-15,nifty50,0.5723728813559322
2015-10-16,nifty50,0.4556295778276712
2015-10-19,nifty50,0.3562472556959555
2015-10-20,nifty50,0.8032564450474898
2015-10-21,nifty50,0.2650583474126753
2015-10-23,nifty50,0.8789761661875174
2015-10-26,nifty50,0.35625732953593564
2015-10-27,nifty50,0.23653769445552453
2015-10-28,nifty50,0.49697914636523094
2015-10-29,nifty50,0.295016134815346
2015-10-30,nifty50,0.3920133111480865
2015-11-02,nifty50,0.5601014688994396
2015-11-03,nifty50,0.3962384791728397
2015-11-04,nifty50,0.6909938847365495
2015-11-05,nifty50,0.4942350547427575
2015-11-06,nifty50,0.6349410080466011
2015-11-09,nifty50,0.4687961951282216
2015-11-10,nifty50,0.3709428626518414
2015-11-13,nifty50,0.6760674958409253
2015-11-16,nifty50,1.0
2015-11-17,nifty50,0.42648323301805674
2015-11-18,nifty50,0.4931588934385299
2015-11-19,nifty50,0.46181190862041926
2015-11-20,nifty50,0.45962732919254656
2015-11-23,nifty50,0.3412857142857143
2015-11-24,nifty50,0.23583662714097497
2015-11-26,nifty50,0.24841350578888727
2015-11-27,nifty50,0.2542451289866115
2015-11-30,nifty50,0.42176956868504006
2015-12-01,nifty50,0.3428430318700793
2015-12-02,nifty50,0.6828058917894123
2015-12-03,nifty50,0.7604185790343309
2015-12-04,nifty50,0.5068801339402501
2015-12-07,nifty50,0.28951666565845985
2015-12-08,nifty50,0.8932777232580962
2015-12-09,nifty50,0.5030074935313686
2015-12-10,nifty50,0.590409764603313
2015-12-11,nifty50,0.5093275488069414
2015-12-14,nifty50,0.5069441599410054
2015-12-15,nifty50,0.34237918215613383
2015-12-16,nifty50,0.25218274111675126
2015-12-17,nifty50,0.4319226118500605
2015-12-18,nifty50,0.6461016949152543
2015-12-21,nifty50,0.3382237221746201
2015-12-22,nifty50,0.5440763615946098
2015-12-23,nifty50,0.7436378248057862
2015-12-24,nifty50,0.4977291971364791
2015-12-28,nifty50,0.18950695809722062
2015-12-29,nifty50,0.22664904043397
2015-12-30,nifty50,0.14346732907212748
2015-12-31,nifty50,0.4856901567045135
2016-01-01,nifty50,0.3721151558410659
2016-01-04,nifty50,0.37887927266369437
2016-01-05,nifty50,0.5159073055773763
2016-01-06,nifty50,0.6901709401709402
2016-01-07,nifty50,0.8229548229548229
2016-01-08,nifty50,0.5980080090358353
2016-01-11,nifty50,0.5279398581381816
2016-01-12,nifty50,0.3003567668733185
2016-01-13,nifty50,0.4226354991333677
2016-01-14,nifty50,0.6208555590419412
2016-01-15,nifty50,0.4510454889626653
2016-01-18,nifty50,0.29833518312985574
2016-01-19,nifty50,0.3773126266036462
2016-01-20,nifty50,0.8059582603154373
2016-01-21,nifty50,0.4846262341325811
2016-01-22,nifty50,0.13802528185855825
2016-01-25,nifty50,0.6041201290642839
2016-01-27,nifty50,0.6571023175153713
2016-01-28,nifty50,0.30114817162144236
2016-01-29,nifty50,0.40128048497595226
2016-02-01,nifty50,0.5384321548321379
2016-02-02,nifty50,0.5713581868943998
2016-02-03,nifty50,0.612365621978272
2016-02-04,nifty50,0.5958705420624538
2016-02-05,nifty50,0.7485064559645404
2016-02-08,nifty50,0.4245369837800529
2016-02-09,nifty50,0.34603009568235144
2016-02-10,nifty50,0.5624591928567647
2016-02-11,nifty50,0.47576630861933455
2016-02-12,nifty50,0.6177567769211639
2016-02-15,nifty50,0.5925426848306575
2016-02-16,nifty50,0.6211361806320148
2016-02-17,nifty50,0.45014903013373697
2016-02-18,nifty50,0.6584328480287911
2016-02-19,nifty50,0.3569955311103472
2016-02-22,nifty50,0.38583315810027335
2016-02-23,nifty50,0.39983443708609273
2016-02-24,nifty50,0.34118636937315944
2016-02-25,nifty50,0.7241995446554655
2016-02-26,nifty50,0.4335191607040955
2016-02-29,nifty50,0.24129603541960154
2016-03-01,nifty50,0.5409529994317721
2016-03-02,nifty50,0.46400540129968776
2016-03-03,nifty50,0.370237205084557
2016-03-04,nifty50,0.4381006510282112
2016-03-08,nifty50,0.5427790624343073
2016-03-09,nifty50,0.9121237482323743
2016-03-10,nifty50,0.45510482194722424
2016-03-11,nifty50,0.8886463764601269
2016-03-14,nifty50,0.41265282073943144
2016-03-15,nifty50,0.4363049744796763
2016-03-16,nifty50,1.0
2016-03-17,nifty50,0.5700208336501468
2016-03-18,nifty50,1.0
2016-03-21,nifty50,0.9496301061434544
2016-03-22,nifty50,0.4287590282337492
2016-03-23,nifty50,0.44456518786166427
2016-03-28,nifty50,0.5650343393942584
2016-03-29,nifty50,0.5131257631257631
2016-03-30,nifty50,0.47794779477947796
2016-03-31,nifty50,0.2606987629555333
2016-04-01,nifty50,0.4937878632303111
2016-04-04,nifty50,0.514559721011334
2016-04-05,nifty50,0.6055797733217088
2016-04-06,nifty50,0.4787077826725404
2016-04-07,nifty50,0.5021645021645021
2016-04-08,nifty50,0.2964874343551816
2016-04-11,nifty50,0.7573798260654011
2016-04-12,nifty50,0.5294179229480737
2016-04-13,nifty50,0.5935845530987232
2016-04-18,nifty50,0.5273920614367996
2016-04-20,nifty50,0.26290572321715505
2016-04-21,nifty50,0.31465943648554573
2016-04-22,nifty50,0.3424533293023959
2016-04-25,nifty50,0.4197275716298732
2016-04-26,nifty50,0.34782608695652173
2016-04-27,nifty50,0.46845289541918755
2016-04-28,nifty50,0.4371326111871049
2016-04-29,nifty50,0.45321453658175903
2016-05-02,nifty50,0.6783459416415448
2016-05-03,nifty50,0.5032051282051282
2016-05-04,nifty50,0.5238095238095238
2016-05-05,nifty50,0.5120384971793663
2016-05-06,nifty50,0.45855436683163914
2016-05-09,nifty50,0.8353312302839117
2016-05-10,nifty50,0.45465942331801085
2016-05-11,nifty50,0.4619792400544831
2016-05-12,nifty50,0.1999902348518139
2016-05-13,nifty50,0.4579283372634727
2016-05-16,nifty50,0.49203299807887896
2016-05-17,nifty50,0.38868489052087585
2016-05-18,nifty50,0.31470013037809647
2016-05-19,nifty50,0.7270445513490902
2016-05-20,nifty50,0.500125686788523
2016-05-23,nifty50,0.3732627013811069
2016-05-24,nifty50,1.0
2016-05-25,nifty50,0.7344322344322345
2016-05-26,nifty50,0.44936708860759494
2016-05-27,nifty50,0.7147540983606557
2016-05-30,nifty50,0.7512959292575088
2016-05-31,nifty50,0.514559721011334
2016-06-01,nifty50,0.23703703703703705
2016-06-02,nifty50,0.4170096021947874
2016-06-03,nifty50,0.21912476806806352
2016-06-06,nifty50,0.2968892955169259
2016-06-07,nifty50,0.5930242100943783
2016-06-08,nifty50,0.8938099389712293
2016-06-09,nifty50,0.6164541508410201
2016-06-10,nifty50,0.5029492603687348
2016-06-13,nifty50,0.5587615673912705
2016-06-14,nifty50,0.4427115245362892
2016-06-15,nifty50,0.3872575576985589
2016-06-16,nifty50,0.47034533872134676
2016-06-17,nifty50,0.3452428107422958
2016-06-20,nifty50,0.5766929887532902
2016-06-21,nifty50,0.7679743971748607
2016-06-22,nifty50,1.0
2016-06-23,nifty50,0.5297297297297298
2016-06-24,nifty50,0.4588699080157687
2016-06-27,nifty50,0.6630400338016267
2016-06-28,nifty50,0.6873327318050436
2016-06-29,nifty50,0.4442563147444087
2016-06-30,nifty50,0.6009326860594014
2016-07-01,nifty50,0.5568135945099094
2016-07-04,nifty50,0.5347112000552067
2016-07-05,nifty50,0.5014081739586063
2016-07-07,nifty50,0.7676793063365901
2016-07-08,nifty50,0.46786877432679325
2016-07-11,nifty50,0.43063747273167974
2016-07-12,nifty50,0.40288263555250514
2016-07-13,nifty50,0.3975267930750206
2016-07-14,nifty50,0.5134040501446481
2016-07-15,nifty50,0.2762063227953411
2016-07-18,nifty50,0.3719472859644272
2016-07-19,nifty50,0.605748689065838
2016-07-20,nifty50,0.3809328188500418
2016-07-21,nifty50,0.4272128749085589
2016-07-22,nifty50,0.37224791859389456
2016-07-25,nifty50,0.7491396149195424
2016-07-26,nifty50,0.40194767996944814
2016-07-27,nifty50,0.6035816467097594
2016-07-28,nifty50,0.5134040501446481
2016-07-29,nifty50,0.5134040501446481
2016-08-01,nifty50,0.3806025694961328
2016-08-02,nifty50,0.49665723836461817
2016-08-03,nifty50,0.539864101690661
2016-08-04,nifty50,0.49307062050666045
2016-08-05,nifty50,0.5180006849729033
2016-08-08,nifty50,0.4648110835725621
2016-08-09,nifty50,0.610354711572913
2016-08-10,nifty50,0.3609817269795772
2016-08-11,nifty50,0.621241593953204
2016-08-12,nifty50,0.6699772398096421
2016-08-16,nifty50,0.5375103770699524
2016-08-17,nifty50,0.42025766326077296
2016-08-18,nifty50,0.554531490015361
2016-08-19,nifty50,0.703020993343574
2016-08-22,nifty50,0.5777140552892155
2016-08-23,nifty50,0.4301282697263291
2016-08-24,nifty50,0.6498289394244314
2016-08-25,nifty50,0.4296242709228196
2016-08-26,nifty50,0.5853588790391764
2016-08-29,nifty50,0.7381909255052711
2016-08-30,nifty50,0.5572268717484732
2016-08-31,nifty50,0.4765187419215855
2016-09-01,nifty50,0.4714765100671141
2016-09-02,nifty50,0.7652117592026195
2016-09-06,nifty50,1.0
2016-09-07,nifty50,0.7774851751510903
2016-09-08,nifty50,0.7409578135773836
2016-09-09,nifty50,0.5555889423076923
2016-09-12,nifty50,0.3217070168239639
2016-09-14,nifty50,0.5683490162532079
2016-09-15,nifty50,0.6002328146060532
2016-09-16,nifty50,0.6217156345114604
2016-09-19,nifty50,0.7702788339670469
2016-09-20,nifty50,1.0
2016-09-21,nifty50,0.4836720514156679
2016-09-22,nifty50,0.39199712471546666
2016-09-23,nifty50,0.45388701110574603
2016-09-26,nifty50,0.39384960358773125
2016-09-27,nifty50,1.0
2016-09-28,nifty50,0.5074207721226579
2016-09-29,nifty50,0.6428438141444299
2016-09-30,nifty50,0.6703356189101407
2016-10-03,nifty50,0.8116203536629376
2016-10-04,nifty50,0.7781291441395491
2016-10-05,nifty50,0.5985233041070604
2016-10-06,nifty50,0.5185108017657859
2016-10-07,nifty50,0.3910907394192238
2016-10-10,nifty50,0.8747432476532355
2016-10-13,nifty50,0.5966764139505029
2016-10-14,nifty50,0.4447172034564022
2016-10-17,nifty50,0.4937878632303111
2016-10-18,nifty50,0.5912550505841451
2016-10-19,nifty50,1.0
2016-10-20,nifty50,0.9743891669119812
2016-10-21,nifty50,0.7185832120329937
2016-10-24,nifty50,0.7307335190343547
2016-10-25,nifty50,0.44083175803402647
2016-10-26,nifty50,0.20361687876758205
2016-10-27,nifty50,0.2910653733932655
2016-10-28,nifty50,0.5784429848174868
2016-11-01,nifty50,0.20010372954877648
2016-11-02,nifty50,0.48634590377113135
2016-11-03,nifty50,0.38787407695297316
2016-11-04,nifty50,0.3670034594475866
2016-11-07,nifty50,0.24297775029124538
2016-11-08,nifty50,0.41708542713567837
2016-11-09,nifty50,0.25810872544540886
2016-11-10,nifty50,0.18024111314763663
2016-11-11,nifty50,0.1319390452495724
2016-11-15,nifty50,0.3545395530000927
2016-11-16,nifty50,0.3869804373191096
2016-11-17,nifty50,0.6139353834176723
2016-11-18,nifty50,0.6658329611433675
2016-11-21,nifty50,0.3729779941702169
2016-11-22,nifty50,0.6876346402412753
2016-11-23,nifty50,0.40036545489517217
2016-11-24,nifty50,1.0
2016-11-25,nifty50,0.32280963945451147
2016-11-28,nifty50,0.2063230939490922
2016-11-29,nifty50,0.2940121294951738
2016-11-30,nifty50,0.5349014815946235
2016-12-01,nifty50,0.7068856601389766
2016-12-02,nifty50,0.5149450209075422
2016-12-05,nifty50,1.0
2016-12-06,nifty50,0.5409520057407381
2016-12-07,nifty50,0.602585031975917
2016-12-08,nifty50,0.7688740762208376
2016-12-09,nifty50,0.7789634146341463
2016-12-12,nifty50,0.5167868689380751
2016-12-13,nifty50,0.5925426848306575
2016-12-14,nifty50,0.360056258790436
2016-12-15,nifty50,0.35994930291508237
2016-12-16,nifty50,0.5391072835447852
2016-12-19,nifty50,0.6909938847365495
2016-12-20,nifty50,0.590752291020593
2016-12-21,nifty50,0.6665389037945573
2016-12-22,nifty50,0.7240635605315741
2016-12-23,nifty50,1.0
2016-12-26,nifty50,0.7240635605315741
2016-12-27,nifty50,0.536766512847118
2016-12-28,nifty50,0.3179718341406053
2016-12-29,nifty50,0.7619792073790355
2016-12-30,nifty50,0.4664805198194202
2017-01-02,nifty50,0.165665295558534
2017-01-03,nifty50,0.4305113461341
2017-01-04,nifty50,0.6150584417978688
2017-01-05,nifty50,0.43093173118852657
2017-01-06,nifty50,0.4875927148460254
2017-01-09,nifty50,0.2859934344223855
2017-01-10,nifty50,0.2859934344223855
2017-01-11,nifty50,0.3705651556891226
2017-01-12,nifty50,0.7063426309490932
2017-01-13,nifty50,0.4947325769854133
2017-01-16,nifty50,0.3179899497487437
2017-01-17,nifty50,0.6237504431052818
2017-01-18,nifty50,0.7447848761408083
2017-01-19,nifty50,0.4649745625314474
2017-01-20,nifty50,0.523995622948257
2017-01-23,nifty50,0.6252525727174475
2017-01-24,nifty50,0.7028844638259865
2017-01-25,nifty50,0.7344322344322345
2017-01-27,nifty50,0.5323837678043537
2017-01-30,nifty50,1.0
2017-01-31,nifty50,0.45450411343999336
2017-02-01,nifty50,0.34501557632398755
2017-02-02,nifty50,0.6605351170568562
2017-02-03,nifty50,0.8194597325730372
2017-02-06,nifty50,0.6775588362468342
2017-02-07,nifty50,0.5730980025063035
2017-02-08,nifty50,0.5776051515306383
2017-02-09,nifty50,0.2414647577092511
2017-02-10,nifty50,0.4182233918633246
2017-02-13,nifty50,0.43883840266032165
2017-02-14,nifty50,0.41313887271539546
2017-02-15,nifty50,1.0
2017-02-16,nifty50,0.3378787641031274
2017-02-17,nifty50,0.4042536050914364
2017-02-20,nifty50,0.6238493723849372
2017-02-21,nifty50,0.3889789303079417
2017-02-22,nifty50,0.387698191379173
2017-02-23,nifty50,0.5291160638818453
2017-02-27,nifty50,0.4892207975200789
2017-02-28,nifty50,0.3424849534174293
2017-03-01,nifty50,0.5140360928100831
2017-03-02,nifty50,0.5867422899680964
2017-03-03,nifty50,1.0
2017-03-06,nifty50,0.48264960481746333
2017-03-07,nifty50,0.6535398230088496
2017-03-08,nifty50,0.5201853077432164
2017-03-09,nifty50,0.5496685671904695
2017-03-10,nifty50,0.6349770472382644
2017-03-14,nifty50,0.47618518312677155
2017-03-15,nifty50,0.4209979547446677
2017-03-16,nifty50,0.6399913641106834
2017-03-17,nifty50,0.6905505276054222
2017-03-20,nifty50,0.5644801860284856
2017-03-21,nifty50,0.13353006270748802
2017-03-22,nifty50,0.46686461557900055
2017-03-23,nifty50,0.601643213682269
2017-03-24,nifty50,0.37872991583779647
2017-03-27,nifty50,0.6186069167072576
2017-03-28,nifty50,0.6408164613402914
2017-03-29,nifty50,0.5301230008014216
2017-03-30,nifty50,0.26214555463099276
2017-03-31,nifty50,0.7195357833655706
2017-04-03,nifty50,0.2081949058693245
2017-04-05,nifty50,0.17027417027417027
2017-04-06,nifty50,0.5229732521733602
2017-04-07,nifty50,0.27944445230982684
2017-04-10,nifty50,0.7209003903117147
2017-04-11,nifty50,0.5213382899628253
2017-04-12,nifty50,0.8999557717823972
2017-04-13,nifty50,0.8999557717823972
2017-04-17,nifty50,0.6639798488664987
2017-04-18,nifty50,0.398788725832751
2017-04-19,nifty50,0.4919118705899294
2017-04-20,nifty50,0.7186547168068004
2017-04-21,nifty50,0.25557616808317873
2017-04-24,nifty50,0.5805346811199043
2017-04-25,nifty50,0.6502832084779828
2017-04-26,nifty50,0.4393759538748516
2017-04-27,nifty50,0.4148684235454597
2017-04-28,nifty50,0.6703977957637334
2017-05-02,nifty50,0.47937894226103833
2017-05-03,nifty50,0.4841925948193797
2017-05-04,nifty50,0.15129374722480118
2017-05-05,nifty50,0.4002150952761768
2017-05-08,nifty50,0.7171167470992915
2017-05-09,nifty50,0.5462032614066875
2017-05-10,nifty50,0.40372841085625516
2017-05-11,nifty50,0.5786200862446097
2017-05-12,nifty50,0.7188206988185442
2017-05-15,nifty50,0.3418551421810141
2017-05-16,nifty50,0.40547748895346525
2017-05-17,nifty50,0.5250090994425394
2017-05-18,nifty50,0.6199469068181055
2017-05-19,nifty50,0.5621042377009254
2017-05-22,nifty50,0.5245901639344263
2017-05-23,nifty50,0.7100966344551816
2017-05-24,nifty50,0.6418122251616181
2017-05-25,nifty50,0.4467056728567794
2017-05-26,nifty50,0.47974375541289194
2017-05-29,nifty50,0.3499267298289395
2017-05-30,nifty50,0.27957241079344897
2017-05-31,nifty50,0.2893719958530992
2017-06-01,nifty50,0.6644597287394742
2017-06-02,nifty50,0.6644597287394742
2017-06-05,nifty50,0.7020752003287446
2017-06-06,nifty50,0.3704529453180005
2017-06-07,nifty50,0.6136630075668763
2017-06-08,nifty50,0.6376969038565997
2017-06-09,nifty50,0.4077391615908277
2017-06-12,nifty50,0.4885438649381972
2017-06-13,nifty50,0.38642374375550986
2017-06-14,nifty50,0.5266281945589447
2017-06-15,nifty50,0.7023096663815227
2017-06-16,nifty50,0.4405228367182125
2017-06-19,nifty50,0.4568921882908723
2017-06-20,nifty50,0.6231190150478796
2017-06-21,nifty50,0.4182714351215039
2017-06-22,nifty50,0.41608778818081144
2017-06-23,nifty50,0.26148332128147894
2017-06-27,nifty50,0.34623564440663546
2017-06-28,nifty50,0.28903225806451616
2017-06-29,nifty50,0.6114683815648446
2017-06-30,nifty50,0.5339652448657188
2017-07-03,nifty50,0.22413793103448276
2017-07-04,nifty50,0.48540706605222733
2017-07-05,nifty50,0.4104395604395604
2017-07-06,nifty50,0.8774647887323944
2017-07-07,nifty50,0.6815307820299501
2017-07-10,nifty50,0.8994126624427693
2017-07-11,nifty50,0.5815295815295816
2017-07-12,nifty50,0.4061433447098976
2017-07-13,nifty50,0.3947033739806987
2017-07-14,nifty50,0.8881532429131581
2017-07-17,nifty50,0.8881532429131581
2017-07-18,nifty50,0.48225639740658377
2017-07-19,nifty50,0.4017372421281216
2017-07-20,nifty50,0.4751431844215349
2017-07-21,nifty50,0.4974346870069692
2017-07-24,nifty50,0.34352834649630265
2017-07-25,nifty50,0.21506043966704824
2017-07-26,nifty50,0.33101957687351924
2017-07-27,nifty50,1.0
2017-07-28,nifty50,0.3974960876369327
2017-07-31,nifty50,1.0
2017-08-01,nifty50,0.559748427672956
2017-08-02,nifty50,0.4277361593276083
2017-08-03,nifty50,0.4013610586011342
2017-08-04,nifty50,0.2945945945945946
2017-08-07,nifty50,0.3957284250737975
2017-08-08,nifty50,0.3747005270723527
2017-08-09,nifty50,0.4302267002518892
2017-08-10,nifty50,0.5019083969465649
2017-08-11,nifty50,0.48122188513442826
2017-08-14,nifty50,0.5237825594563986
2017-08-16,nifty50,0.45978219335116544
2017-08-17,nifty50,0.23815437523882307
2017-08-18,nifty50,0.5290408865112725
2017-08-21,nifty50,0.41056051753529643
2017-08-22,nifty50,0.5836144805184615
2017-08-23,nifty50,0.6250942650913922
2017-08-24,nifty50,0.7317347457012261
2017-08-28,nifty50,0.5687474360727471
2017-08-29,nifty50,0.5836182141392041
2017-08-30,nifty50,0.41123923988955663
2017-08-31,nifty50,0.47928391488449373
2017-09-01,nifty50,0.42771298535059027
2017-09-04,nifty50,0.8453278338785379
2017-09-05,nifty50,0.6074933714618876
2017-09-06,nifty50,0.4650566472173526
2017-09-07,nifty50,0.7102667385581528
2017-09-08,nifty50,0.8175967621374268
2017-09-11,nifty50,0.6943457055468298
2017-09-12,nifty50,0.4781144781144781
2017-09-13,nifty50,0.4209039548022599
2017-09-14,nifty50,0.4452757043510788
2017-09-15,nifty50,0.4481271210631482
2017-09-18,nifty50,0.564535504538174
2017-09-19,nifty50,0.7107111683777381
2017-09-20,nifty50,0.7074243338794516
2017-09-21,nifty50,0.6895880635744405
2017-09-22,nifty50,0.4988175368382754
2017-09-25,nifty50,0.6150325002288749
2017-09-26,nifty50,0.5307015544513836
2017-09-27,nifty50,0.3336074694015771
2017-09-28,nifty50,1.0
2017-09-29,nifty50,0.6566231672293041
2017-10-03,nifty50,0.4405361431781204
2017-10-04,nifty50,0.3106896999610339
2017-10-05,nifty50,0.2272733166500266
2017-10-06,nifty50,0.6664110429447853
2017-10-09,nifty50,0.6310041352984838
2017-10-10,nifty50,0.42974615659635323
2017-10-11,nifty50,0.5310911946780006
2017-10-12,nifty50,0.518354484285836
2017-10-13,nifty50,0.3069246257550556
2017-10-16,nifty50,0.7769191320801428
2017-10-17,nifty50,0.6484823567772942
2017-10-18,nifty50,0.3389987899935279
2017-10-19,nifty50,0.4330754512935696
2017-10-23,nifty50,0.35292617620808364
2017-10-24,nifty50,0.6272629487156114
2017-10-25,nifty50,0.37854977525349315
2017-10-26,nifty50,0.23968942220429565
2017-10-27,nifty50,0.30657305657305656
2017-10-30,nifty50,0.3274175657961077
2017-10-31,nifty50,0.5226961967622681
2017-11-01,nifty50,0.5153760455534139
2017-11-02,nifty50,0.5054766587870149
2017-11-03,nifty50,0.6680234037140677
2017-11-06,nifty50,0.3776623961163176
2017-11-07,nifty50,0.7504970939125115
2017-11-08,nifty50,0.8605545760538548
2017-11-09,nifty50,0.7136902150065818
2017-11-10,nifty50,0.6267009930121368
2017-11-13,nifty50,0.5070275762351991
2017-11-14,nifty50,0.5566300402724605
2017-11-15,nifty50,0.5551128818061088
2017-11-16,nifty50,0.45925925925925926
2017-11-17,nifty50,0.5960578186596583
2017-11-20,nifty50,0.90368402227786
2017-11-21,nifty50,0.3420389230614097
2017-11-22,nifty50,0.41882254958096926
2017-11-23,nifty50,0.5409778403095322
2017-11-24,nifty50,0.5888530492836246
2017-11-27,nifty50,0.47361344537815125
2017-11-28,nifty50,0.4494961331146004
2017-11-29,nifty50,0.8625852918877938
2017-11-30,nifty50,0.6359197907585005
2017-12-01,nifty50,0.1809414466130884
2017-12-04,nifty50,0.43601711396343834
2017-12-05,nifty50,0.6017851012701683
2017-12-06,nifty50,0.5655792276964048
2017-12-07,nifty50,0.6539379474940334
2017-12-08,nifty50,0.7695046734914478
2017-12-11,nifty50,0.7801642451042324
2017-12-12,nifty50,0.6779307071665875
2017-12-13,nifty50,0.6662598081952921
2017-12-14,nifty50,0.426280224700806
2017-12-15,nifty50,0.41226144232393175
2017-12-18,nifty50,0.3059765787038514
2017-12-19,nifty50,0.45601156350998
2017-12-20,nifty50,0.642521718713313
2017-12-21,nifty50,0.8147162176552017
2017-12-22,nifty50,0.4195038494439692
2017-12-26,nifty50,1.0
2017-12-27,nifty50,0.4499168053244592
2017-12-28,nifty50,0.8599214271913441
2017-12-29,nifty50,0.5286596597681222
2018-01-01,nifty50,0.5451490029128389
2018-01-02,nifty50,0.6848236015382615
2018-01-03,nifty50,0.5902616251129351
2018-01-04,nifty50,0.5919643555069178
2018-01-05,nifty50,0.46570972886762363
2018-01-08,nifty50,0.463519313304721
2018-01-09,nifty50,0.37687387567459524
2018-01-10,nifty50,0.7049247049247049
2018-01-11,nifty50,0.685221263568049
2018-01-12,nifty50,0.37554657206501113
2018-01-15,nifty50,0.43701994766902064
2018-01-16,nifty50,0.9402259048561299
2018-01-17,nifty50,0.8948004836759371
2018-01-18,nifty50,0.18867924528301888
2018-01-19,nifty50,0.5428973277074542
2018-01-22,nifty50,0.5047080298566807
2018-01-23,nifty50,0.43046785661015263
2018-01-24,nifty50,0.20669402204521684
2018-01-25,nifty50,0.4442592901183136
2018-01-29,nifty50,0.26241771394374624
2018-01-30,nifty50,0.5061216975052932
2018-01-31,nifty50,0.22581239068397313
2018-02-01,nifty50,0.2890289817003765
2018-02-02,nifty50,0.17887297150967968
2018-02-05,nifty50,0.5687474360727471
2018-02-06,nifty50,0.5963728384647828
2018-02-07,nifty50,0.9080985915492957
2018-02-08,nifty50,0.8927816901408451
2018-02-09,nifty50,0.5531300160513644
2018-02-12,nifty50,0.6816587894496112
2018-02-14,nifty50,0.5372032714941153
2018-02-15,nifty50,0.5966722298083245
2018-02-16,nifty50,0.24954388055255614
2018-02-19,nifty50,0.11847723818484476
2018-02-20,nifty50,0.4794255730461199
2018-02-21,nifty50,0.531502423263328
2018-02-22,nifty50,0.44526127856210523
2018-02-23,nifty50,0.7656502532054735
2018-02-26,nifty50,0.45625
2018-02-27,nifty50,0.7096075778078484
2018-02-28,nifty50,0.26490066225165565
2018-03-01,nifty50,0.3989659629470056
2018-03-05,nifty50,0.4187418655097614
2018-03-06,nifty50,0.35321849501359925
2018-03-07,nifty50,0.2732680687620029
2018-03-08,nifty50,0.23164269492808479
2018-03-09,nifty50,0.6435140500081951
2018-03-12,nifty50,0.5246512823809217
2018-03-13,nifty50,0.5076900754497968
2018-03-14,nifty50,1.0
2018-03-15,nifty50,0.6140765932278575
2018-03-16,nifty50,0.7249584026622297
2018-03-19,nifty50,0.4163191296464189
2018-03-20,nifty50,0.4163191296464189
2018-03-21,nifty50,0.34074074074074073
2018-03-22,nifty50,0.3111111111111111
2018-03-23,nifty50,0.6843391336542022
2018-03-26,nifty50,0.6350392799938982
2018-03-27,nifty50,1.0
2018-03-28,nifty50,0.6645349383993229
2018-04-02,nifty50,0.790174184903975
2018-04-03,nifty50,0.7549295774647887
2018-04-04,nifty50,0.5538461538461539
2018-04-05,nifty50,0.21741582084743033
2018-04-06,nifty50,0.8569314257523434
2018-04-09,nifty50,1.0
2018-04-10,nifty50,0.4983823953361735
2018-04-11,nifty50,0.9218946385607067
2018-04-12,nifty50,0.4356850613711207
2018-04-13,nifty50,0.47618594923471813
2018-04-16,nifty50,0.8870056497175142
2018-04-17,nifty50,0.4894894894894895
2018-04-18,nifty50,0.4948637784725324
2018-04-19,nifty50,0.37983706720977595
2018-04-20,nifty50,0.672143503165511
2018-04-23,nifty50,0.5251730789359571
2018-04-24,nifty50,0.3709428626518414
2018-04-25,nifty50,0.6211101433209281
2018-04-26,nifty50,0.5034657314430346
2018-04-27,nifty50,0.40340009947099514
2018-04-30,nifty50,0.45861416864665666
2018-05-02,nifty50,0.6284821282549835
2018-05-03,nifty50,0.26214158739636056
2018-05-04,nifty50,0.6784197270984476
2018-05-07,nifty50,0.397074989246284
2018-05-08,nifty50,0.8048598130841121
2018-05-09,nifty50,1.0
2018-05-10,nifty50,0.6608474576271186
2018-05-11,nifty50,0.17179975361182664
2018-05-14,nifty50,0.17219993702339717
2018-05-15,nifty50,0.31197588707511414
2018-05-16,nifty50,0.38003617826015457
2018-05-17,nifty50,0.2443477920144195
2018-05-18,nifty50,0.28556649035912424
2018-05-21,nifty50,0.39332270734900665
2018-05-22,nifty50,0.5297789246112002
2018-05-23,nifty50,0.46931444644006914
2018-05-24,nifty50,0.40065778752277814
2018-05-25,nifty50,0.3022056717272988
2018-05-28,nifty50,0.4274478330658106
2018-05-29,nifty50,0.5462047489295445
2018-05-30,nifty50,0.4698768826948316
2018-05-31,nifty50,0.3280979981342428
2018-06-01,nifty50,0.33983262751673005
2018-06-04,nifty50,0.24591381872213966
2018-06-05,nifty50,0.39532944120100083
2018-06-06,nifty50,0.5485528321951595
2018-06-07,nifty50,0.2239759932894628
2018-06-08,nifty50,0.7111517596501998
2018-06-11,nifty50,0.27325041767217373
2018-06-12,nifty50,0.672853267438425
2018-06-13,nifty50,0.7663237624560179
2018-06-14,nifty50,0.38547637805971363
2018-06-15,nifty50,0.8207959133228969
2018-06-18,nifty50,0.4996882145084182
2018-06-19,nifty50,0.9766191883902177
2018-06-20,nifty50,0.4548081109249462
2018-06-21,nifty50,0.5785521814163311
2018-06-22,nifty50,0.564159450368568
2018-06-25,nifty50,0.30197144354204875
2018-06-26,nifty50,0.483828764414154
2018-06-27,nifty50,0.6109184490090542
2018-06-28,nifty50,0.6109184490090542
2018-06-29,nifty50,0.7240635605315741
2018-07-02,nifty50,0.43028027591024187
2018-07-03,nifty50,0.2570056044835869
2018-07-04,nifty50,0.4431248554021748
2018-07-05,nifty50,0.33374277785360085
2018-07-06,nifty50,0.4783961844711208
2018-07-09,nifty50,0.21559045796798215
2018-07-10,nifty50,0.5995265338331032
2018-07-11,nifty50,0.4808592674194437
2018-07-12,nifty50,0.6497518958898979
2018-07-13,nifty50,0.5404825189122878
2018-07-16,nifty50,0.38798890541464004
2018-07-17,nifty50,0.8515714845379064
2018-07-18,nifty50,0.3535889611251161
2018-07-19,nifty50,0.4480037140204271
2018-07-20,nifty50,0.49310279667422524
2018-07-23,nifty50,0.4607466223107945
2018-07-24,nifty50,0.6279761904761905
2018-07-25,nifty50,0.37591776798825255
2018-07-26,nifty50,0.5404987361828951
2018-07-27,nifty50,0.7470977663584704
2018-07-30,nifty50,0.604619820723375
2018-07-31,nifty50,0.5627408276093148
2018-08-01,nifty50,0.7720524017467248
2018-08-02,nifty50,0.6352838427947598
2018-08-03,nifty50,0.7286902286902287
2018-08-06,nifty50,0.8051875349878709
2018-08-07,nifty50,0.42937786490191165
2018-08-08,nifty50,0.35621657264268447
2018-08-09,nifty50,0.6036957455951869
2018-08-10,nifty50,0.2557355800388853
2018-08-13,nifty50,0.7953519006398193
2018-08-14,nifty50,0.5443141109372372
2018-08-16,nifty50,0.6647696958918726
2018-08-17,nifty50,0.6227517816070284
2018-08-20,nifty50,0.3635126809734059
2018-08-21,nifty50,0.6207733980945265
2018-08-23,nifty50,0.5816503173687247
2018-08-24,nifty50,0.5388324612701344
2018-08-27,nifty50,0.2646259735555153
2018-08-28,nifty50,0.6252525727174475
2018-08-29,nifty50,0.269062737676212
2018-08-30,nifty50,0.23634851704702947
2018-08-31,nifty50,0.2777576525991668
2018-09-03,nifty50,0.18518706019338835
2018-09-04,nifty50,0.35216819973718794
2018-09-05,nifty50,0.7913669064748201
2018-09-06,nifty50,0.8008132314962361
2018-09-07,nifty50,0.4444813002736545
2018-09-10,nifty50,0.549696196834446
2018-09-11,nifty50,0.4813947290909856
2018-09-12,nifty50,0.4708994708994709
2018-09-14,nifty50,0.7755102040816326
2018-09-17,nifty50,0.8634437293988385
2018-09-18,nifty50,0.5303075433762752
2018-09-19,nifty50,0.8641368001873975
2018-09-21,nifty50,0.30334658714380386
2018-09-24,nifty50,0.45229101658728854
2018-09-25,nifty50,0.9326891666523391
2018-09-26,nifty50,0.5893622618734428
2018-09-27,nifty50,0.5572314240769871
2018-09-28,nifty50,0.5546822133152881
2018-10-01,nifty50,0.4536045997346307
2018-10-03,nifty50,0.6140790742526518
2018-10-04,nifty50,0.5916712889874984
2018-10-05,nifty50,0.29385321387319324
2018-10-08,nifty50,0.36681222707423583
2018-10-09,nifty50,0.5347746680487685
2018-10-10,nifty50,0.6153392678181925
2018-10-11,nifty50,0.6938344594594594
2018-10-12,nifty50,0.6148007590132827
2018-10-15,nifty50,0.5497331392527899
2018-10-16,nifty50,1.0
2018-10-17,nifty50,0.7962910930036528
2018-10-19,nifty50,0.5110986232087665
2018-10-22,nifty50,1.0
2018-10-23,nifty50,0.6438019652305367
2018-10-24,nifty50,0.4584646123107662
2018-10-25,nifty50,0.6889348889725254
2018-10-26,nifty50,0.47029598480297446
2018-10-29,nifty50,0.42171858733082407
2018-10-30,nifty50,0.41739289973396937
2018-10-31,nifty50,0.36444392496055167
2018-11-01,nifty50,0.34889473601285664
2018-11-02,nifty50,0.6103646833013435
2018-11-05,nifty50,0.5487977369165488
2018-11-06,nifty50,0.6990809368514675
2018-11-07,nifty50,0.5088587806149036
2018-11-09,nifty50,0.4989791110413067
2018-11-12,nifty50,0.9279244449353805
2018-11-13,nifty50,0.6081762298320191
2018-11-14,nifty50,0.503924330851278
2018-11-15,nifty50,0.47291657317237357
2018-11-16,nifty50,0.4093981792456875
2018-11-19,nifty50,0.468585213478281
2018-11-20,nifty50,0.6554569156133461
2018-11-21,nifty50,0.4933444259567388
2018-11-22,nifty50,0.6936619718309859
2018-11-26,nifty50,0.6195951417004049
2018-11-27,nifty50,0.5900223052998649
2018-11-28,nifty50,0.48211440189021376
2018-11-29,nifty50,0.5048643772952773
2018-11-30,nifty50,0.7181964573268921
2018-12-03,nifty50,0.5571658615136876
2018-12-04,nifty50,0.530246480874524
2018-12-05,nifty50,0.5396312593995433
2018-12-06,nifty50,0.5916451537197841
2018-12-07,nifty50,0.18130489335006272
2018-12-10,nifty50,0.2618857051384665
2018-12-11,nifty50,0.6405176062725495
2018-12-12,nifty50,0.6538532166248393
2018-12-13,nifty50,0.5075591586327782
2018-12-14,nifty50,0.6725406330196749
2018-12-17,nifty50,0.4401170079398245
2018-12-18,nifty50,0.4744689636188466
2018-12-19,nifty50,0.7211002115791498
2018-12-20,nifty50,0.6395276569297701
2018-12-21,nifty50,0.4059267019624717
2018-12-24,nifty50,0.8323311748381128
2018-12-26,nifty50,0.5375386017313826
2018-12-27,nifty50,0.9053983973769175
2018-12-28,nifty50,0.3151013143483023
2018-12-31,nifty50,0.5761714800448554
2019-01-01,nifty50,0.6382894476341319
2019-01-02,nifty50,0.42393764143827006
2019-01-03,nifty50,0.4847096231179276
2019-01-04,nifty50,0.4349441767926731
2019-01-07,nifty50,0.7966220559873766
2019-01-08,nifty50,0.23653769445552453
2019-01-09,nifty50,1.0
2019-01-10,nifty50,0.5260215053763441
2019-01-11,nifty50,0.8129032258064516
2019-01-14,nifty50,0.24847560975609756
2019-01-15,nifty50,0.26754598566216803
2019-01-16,nifty50,0.5279570506596607
2019-01-17,nifty50,0.7541392379812487
2019-01-18,nifty50,0.40329218106995884
2019-01-21,nifty50,0.405614674340607
2019-01-22,nifty50,0.46303484584839155
2019-01-23,nifty50,0.7622634820755971
2019-01-24,nifty50,0.4493184561486148
2019-01-25,nifty50,0.42578740436887
2019-01-28,nifty50,0.27137857805162563
2019-01-29,nifty50,0.20259823065274568
2019-01-30,nifty50,0.12643585830187162
2019-01-31,nifty50,0.3979396976120815
2019-02-01,nifty50,0.6474177613971769
2019-02-04,nifty50,0.7656502532054735
2019-02-05,nifty50,0.79485598200682
2019-02-06,nifty50,0.7456582544523632
2019-02-07,nifty50,0.4761140104375753
2019-02-08,nifty50,0.3150037792894936
2019-02-11,nifty50,0.4840353914214272
2019-02-12,nifty50,0.5263025632434244
2019-02-14,nifty50,0.35772769981059194
2019-02-15,nifty50,0.4842736592509938
2019-02-18,nifty50,0.7867298578199052
2019-02-19,nifty50,0.8489932885906041
2019-02-20,nifty50,0.4994585081900636
2019-02-21,nifty50,0.6803527142463489
2019-02-22,nifty50,0.44053011239724876
2019-02-25,nifty50,0.6542938619045393
2019-02-26,nifty50,0.3324064366139399
2019-02-27,nifty50,0.6049532839749411
2019-02-28,nifty50,0.6155507983581122
2019-03-01,nifty50,0.47914306980356625
2019-03-05,nifty50,0.43464776251661497
2019-03-06,nifty50,0.5442043222003929
2019-03-07,nifty50,0.4492419569522449
2019-03-08,nifty50,0.509161248723873
2019-03-11,nifty50,0.7044091094414352
2019-03-12,nifty50,0.614960669372213
2019-03-13,nifty50,0.4527711882682769
2019-03-14,nifty50,0.7628049002144752
2019-03-15,nifty50,0.4450412945679178
2019-03-18,nifty50,0.4741840787428769
2019-03-19,nifty50,0.7258894951202643
2019-03-20,nifty50,0.39696445670349145
2019-03-22,nifty50,0.5307298730119591
2019-03-25,nifty50,0.48218395365447186
2019-03-26,nifty50,0.2878234176290016
2019-03-27,nifty50,0.6914037198112335
2019-03-28,nifty50,0.4151457093879197
2019-04-01,nifty50,0.6112890014148484
2019-04-02,nifty50,0.49662487945998074
2019-04-03,nifty50,0.8309311740890688
2019-04-04,nifty50,0.6695011834838257
2019-04-05,nifty50,1.0
2019-04-08,nifty50,0.4049247606019152
2019-04-09,nifty50,0.2236077277441451
2019-04-10,nifty50,0.6086667681618756
2019-04-11,nifty50,0.5372832677374747
2019-04-12,nifty50,0.6843391336542022
2019-04-15,nifty50,0.9307386112339673
2019-04-16,nifty50,1.0
2019-04-18,nifty50,0.7225463200634713
2019-04-22,nifty50,0.5843710351957145
2019-04-23,nifty50,1.0
2019-04-24,nifty50,0.43086490064186433
2019-04-25,nifty50,0.28105427974947805
2019-04-26,nifty50,0.5207028531663187
2019-04-30,nifty50,0.4891148668003437
2019-05-02,nifty50,0.3496956153194113
2019-05-03,nifty50,0.9003110165329842
2019-05-06,nifty50,0.3487334593572779
2019-05-07,nifty50,0.3551048951048951
2019-05-08,nifty50,0.3312276428951975
2019-05-09,nifty50,0.27197721533854013
2019-05-10,nifty50,0.4733436312779193
2019-05-13,nifty50,0.6072295908836166
2019-05-14,nifty50,0.44926484241800163
2019-05-15,nifty50,0.521058945327264
2019-05-16,nifty50,0.5833258028953028
2019-05-17,nifty50,0.8323311748381128
2019-05-20,nifty50,0.34320820534180246
2019-05-21,nifty50,0.24226028662672544
2019-05-22,nifty50,0.7828051071114387
2019-05-23,nifty50,0.23411584587905077
2019-05-24,nifty50,0.29747656813266043
2019-05-27,nifty50,0.3468984591070723
2019-05-28,nifty50,0.5417405380405458
2019-05-29,nifty50,0.5403041155404216
2019-05-30,nifty50,0.36398972969117754
2019-05-31,nifty50,0.518823052247336
2019-06-03,nifty50,0.7326114709915362
2019-06-04,nifty50,0.5053387089628284
2019-06-06,nifty50,0.5053387089628284
2019-06-07,nifty50,0.1116158879673238
2019-06-10,nifty50,0.336508576033153
2019-06-11,nifty50,0.6521623242486839
2019-06-12,nifty50,0.5245373200689157
2019-06-13,nifty50,0.7146792601338056
2019-06-14,nifty50,0.7896373056994819
2019-06-17,nifty50,0.5205333333333333
2019-06-18,nifty50,0.4886092841483176
2019-06-19,nifty50,0.5355112406568353
2019-06-20,nifty50,0.6301020408163265
2019-06-21,nifty50,0.5305949158838826
2019-06-24,nifty50,1.0
2019-06-25,nifty50,0.5979095563139932
2019-06-26,nifty50,0.7159544366248277
2019-06-27,nifty50,0.6664342976646915
2019-06-28,nifty50,0.3935169048448937
2019-07-01,nifty50,0.5057724024189115
2019-07-02,nifty50,0.6280942439606323
2019-07-03,nifty50,0.6173902117233147
2019-07-04,nifty50,0.8771741585723967
2019-07-05,nifty50,0.2678467788740569
2019-07-08,nifty50,0.3180584865842629
2019-07-09,nifty50,0.34508126603934985
2019-07-10,nifty50,0.7579856115107914
2019-07-11,nifty50,0.8329493087557603
2019-07-12,nifty50,0.39017772351105684
2019-07-15,nifty50,0.5094599674226288
2019-07-16,nifty50,0.43678737000375895
2019-07-17,nifty50,0.24071903087143415
2019-07-18,nifty50,0.3584070796460177
2019-07-19,nifty50,0.6095152603231598
2019-07-22,nifty50,0.6974544442898873
2019-07-23,nifty50,0.5078225586204206
2019-07-24,nifty50,0.43656949922139915
2019-07-25,nifty50,0.45789567384724944
2019-07-26,nifty50,0.4524047539708986
2019-07-29,nifty50,0.46149162861491627
2019-07-30,nifty50,0.35764705882352943
2019-07-31,nifty50,0.8489932885906041
2019-08-01,nifty50,0.4874312647289866
2019-08-02,nifty50,0.7048209493846581
2019-08-05,nifty50,0.8074369189907038
2019-08-06,nifty50,0.6337817638266069
2019-08-07,nifty50,0.4367937853107345
2019-08-08,nifty50,0.672853267438425
2019-08-09,nifty50,0.4023372035088249
2019-08-13,nifty50,0.3679322762019079
2019-08-14,nifty50,0.36977093258500293
2019-08-16,nifty50,0.6721819369316564
2019-08-19,nifty50,0.7617671220373019
2019-08-20,nifty50,0.8994286091752816
2019-08-21,nifty50,0.2632816482233586
2019-08-22,nifty50,0.7769383290031451
2019-08-23,nifty50,0.40683404187053823
2019-08-26,nifty50,0.662279566712263
2019-08-27,nifty50,0.27631335724056344
2019-08-28,nifty50,0.25561851161729476
2019-08-29,nifty50,0.5151203694320995
2019-08-30,nifty50,0.5457836189733666
2019-09-03,nifty50,1.0
2019-09-04,nifty50,0.37025402895383774
2019-09-05,nifty50,0.46721102322020924
2019-09-06,nifty50,0.5925588656172759
2019-09-09,nifty50,1.0
2019-09-11,nifty50,0.51199750701153
2019-09-12,nifty50,0.6725329139970223
2019-09-13,nifty50,0.4924654495259067
2019-09-16,nifty50,0.586449486626949
2019-09-17,nifty50,0.4038255273507329
2019-09-18,nifty50,0.4038255273507329
2019-09-19,nifty50,0.6411009537639022
2019-09-20,nifty50,0.43380017701879525
2019-09-23,nifty50,0.527213443691999
2019-09-24,nifty50,0.34263898830827966
2019-09-25,nifty50,0.449227652570271
2019-09-26,nifty50,0.5371637026903785
2019-09-27,nifty50,0.6375888262680716
2019-09-30,nifty50,0.4208448851087825
2019-10-01,nifty50,0.4269395268258351
2019-10-03,nifty50,0.7296457426973275
2019-10-04,nifty50,0.34322404284738006
2019-10-07,nifty50,0.4458960708103341
2019-10-09,nifty50,0.8647901916767398
2019-10-10,nifty50,0.7615567330531701
2019-10-11,nifty50,0.8569340398319021
2019-10-14,nifty50,0.66015625
2019-10-15,nifty50,0.6715288137466159
2019-10-16,nifty50,0.7489901904212348
2019-10-17,nifty50,0.549816539655659
2019-10-18,nifty50,0.3735120359756635
2019-10-22,nifty50,0.7557209041134354
2019-10-23,nifty50,0.6817524457677584
2019-10-24,nifty50,0.8261931187569367
2019-10-25,nifty50,0.7905908096280088
2019-10-27,nifty50,1.0
2019-10-29,nifty50,0.37772864919092647
2019-10-30,nifty50,0.5530524927540676
2019-10-31,nifty50,0.5573857519944554
2019-11-01,nifty50,0.5134092116669929
2019-11-04,nifty50,0.62924029774419
2019-11-05,nifty50,0.5931638109019041
2019-11-06,nifty50,0.6380747554983438
2019-11-07,nifty50,1.0
2019-11-08,nifty50,0.7277506571535862
2019-11-11,nifty50,1.0
2019-11-13,nifty50,1.0
2019-11-14,nifty50,0.6931407942238267
2019-11-15,nifty50,0.4897959183673469
2019-11-18,nifty50,0.5077329309694455
2019-11-19,nifty50,0.4689407540394973
2019-11-20,nifty50,0.8938099389712293
2019-11-21,nifty50,1.0
2019-11-22,nifty50,0.660551539333618
2019-11-25,nifty50,0.5168456127360237
2019-11-26,nifty50,0.4842197035745423
2019-11-27,nifty50,0.5223279648609077
2019-11-28,nifty50,0.18381511707726336
2019-11-29,nifty50,0.5450742522484836
2019-12-02,nifty50,0.8125471325456961
2019-12-03,nifty50,0.8786526257061162
2019-12-04,nifty50,0.7090710690274209
2019-12-05,nifty50,0.6845428657339442
2019-12-06,nifty50,0.7680659723456439
2019-12-09,nifty50,0.7184288217742063
2019-12-10,nifty50,0.5756898775998238
2019-12-11,nifty50,0.3285756403808467
2019-12-12,nifty50,0.5923014946478781
2019-12-13,nifty50,0.42024462252214256
2019-12-16,nifty50,0.6936619718309859
2019-12-17,nifty50,1.0
2019-12-18,nifty50,0.8938099389712293
2019-12-19,nifty50,0.47389489821991315
2019-12-20,nifty50,0.2846384384845923
2019-12-23,nifty50,0.3698034769463341
2019-12-24,nifty50,0.4592914853946551
2019-12-26,nifty50,0.44927288280581695
2019-12-27,nifty50,0.3861771058315335
2019-12-30,nifty50,0.4584853222164322
2019-12-31,nifty50,0.7312014830263005
2020-01-01,nifty50,0.6167707832772705
2020-01-02,nifty50,0.6373817549200826
2020-01-03,nifty50,0.5755972090823084
2020-01-06,nifty50,0.25832851487790776
2020-01-07,nifty50,0.7345017002354172
2020-01-08,nifty50,0.33195510927347904
2020-01-09,nifty50,0.4684317718940937
2020-01-10,nifty50,0.43402136374588385
2020-01-13,nifty50,0.47396266344191673
2020-01-14,nifty50,0.6075187969924812
2020-01-15,nifty50,0.3201324503311258
2020-01-16,nifty50,-0.0483514819628279
2020-01-17,nifty50,0.47486007243309347
2020-01-20,nifty50,0.3325968885206665
2020-01-21,nifty50,0.3861067342604645
2020-01-22,nifty50,0.6331177958954175
2020-01-23,nifty50,0.3053380672568567
2020-01-24,nifty50,0.2919153553988063
2020-01-27,nifty50,0.3553360020441189
2020-01-28,nifty50,0.4270550863872317
2020-01-29,nifty50,0.41249222271120084
2020-01-30,nifty50,0.29435749046429044
2020-01-31,nifty50,0.22358471285509912
2020-02-03,nifty50,0.23379751599548362
2020-02-04,nifty50,0.24838012958963282
2020-02-05,nifty50,0.412705180132168
2020-02-06,nifty50,0.3352500984639622
2020-02-07,nifty50,0.32035711941180334
2020-02-10,nifty50,0.08765856370344165
2020-02-11,nifty50,1.0
2020-02-12,nifty50,0.5146514768923601
2020-02-13,nifty50,0.6156265444579233
2020-02-14,nifty50,0.7090391525502824
2020-02-17,nifty50,0.4480064115407734
2020-02-18,nifty50,1.0
2020-02-19,nifty50,1.0
2020-02-20,nifty50,0.3118177503559563
2020-02-24,nifty50,0.634453781512605
2020-02-25,nifty50,0.7207910486599011
2020-02-26,nifty50,0.3549338050061639
2020-02-27,nifty50,0.5020351055711015
2020-02-28,nifty50,0.12277361763337141
2020-03-02,nifty50,0.38950103018901727
2020-03-03,nifty50,0.768230171415973
2020-03-04,nifty50,0.9117861778066191
2020-03-05,nifty50,0.7287353454726865
2020-03-06,nifty50,0.7857406723309938
2020-03-09,nifty50,0.5494895694629383
2020-03-11,nifty50,0.6223103057757644
2020-03-12,nifty50,0.132890365448505
2020-03-13,nifty50,0.6936619718309859
2020-03-16,nifty50,0.5071351738974543
2020-03-17,nifty50,0.2264650435201155
2020-03-18,nifty50,0.551840404608036
2020-03-19,nifty50,0.21503993139304284
2020-03-20,nifty50,0.36071063156915634
2020-03-23,nifty50,0.3636064765348895
2020-03-24,nifty50,0.42803960396039603
2020-03-25,nifty50,0.3237246963562753
2020-03-26,nifty50,0.30502642251444023
2020-03-27,nifty50,0.49363293237856715
2020-03-30,nifty50,0.32558139534883723
2020-03-31,nifty50,0.4856546687532603
2020-04-01,nifty50,0.5454165447477323
2020-04-03,nifty50,0.1481684354673057
2020-04-07,nifty50,0.2999515269025691
2020-04-08,nifty50,0.9147820030038528
2020-04-09,nifty50,0.7378424736915303
2020-04-13,nifty50,0.4358487151646761
2020-04-15,nifty50,0.5136983318088767
2020-04-16,nifty50,0.6490347718283251
2020-04-17,nifty50,0.540341548215564
2020-04-20,nifty50,0.3812420555656437
2020-04-21,nifty50,0.5088709677419355
2020-04-22,nifty50,0.8971766250820749
2020-04-23,nifty50,0.47227277080739394
2020-04-24,nifty50,0.535090844317777
2020-04-27,nifty50,0.5255138562225177
2020-04-28,nifty50,0.7672617706690696
2020-04-29,nifty50,0.5628540105974785
2020-04-30,nifty50,0.3328220858895706
2020-05-04,nifty50,1.0
2020-05-05,nifty50,1.0
2020-05-06,nifty50,0.48761742100768574
2020-05-07,nifty50,0.6413849958779885
2020-05-08,nifty50,1.0
2020-05-11,nifty50,0.6822126764267555
2020-05-12,nifty50,0.364425352853511
2020-05-13,nifty50,0.37618738279382746
2020-05-14,nifty50,0.3688713227936762
2020-05-15,nifty50,0.6613687966266624
2020-05-18,nifty50,0.5151156899172437
2020-05-19,nifty50,0.6234697662915791
2020-05-20,nifty50,0.9152679933772685
2020-05-21,nifty50,1.0
2020-05-22,nifty50,0.6555006992771328
2020-05-26,nifty50,0.8879308864194563
2020-05-27,nifty50,0.43066375818011843
2020-05-28,nifty50,0.6549075871381551
2020-05-29,nifty50,0.5711564489448092
2020-06-01,nifty50,0.3435551379516529
2020-06-02,nifty50,0.5126782884310618
2020-06-03,nifty50,0.706601466992665
2020-06-04,nifty50,0.7997237569060773
2020-06-05,nifty50,0.7997237569060773
2020-06-08,nifty50,0.6779704450328863
2020-06-09,nifty50,0.4587532661440836
2020-06-10,nifty50,0.6310432569974554
2020-06-11,nifty50,0.8205805060277879
2020-06-12,nifty50,0.41679328881341215
2020-06-15,nifty50,0.3019207979458819
2020-06-16,nifty50,0.812771837622327
2020-06-17,nifty50,0.5254705971891014
2020-06-18,nifty50,0.49288212403329884
2020-06-19,nifty50,0.3703928102595173
2020-06-22,nifty50,0.26152126205954207
2020-06-23,nifty50,0.12427862031942022
2020-06-24,nifty50,0.519773156899811
2020-06-25,nifty50,0.6666666666666666
2020-06-26,nifty50,0.38095238095238093
2020-06-29,nifty50,0.5146443514644351
2020-06-30,nifty50,0.5992542224171967
2020-07-01,nifty50,0.8578993518216048
2020-07-02,nifty50,0.6055797733217088
2020-07-03,nifty50,0.6536930561698363
2020-07-06,nifty50,0.6813528434367797
2020-07-07,nifty50,0.6182201158504476
2020-07-08,nifty50,0.5616239349797794
2020-07-09,nifty50,0.17727162195023102
2020-07-10,nifty50,0.41393369969863497
2020-07-13,nifty50,0.5114854517611026
2020-07-14,nifty50,0.40291894709408393
2020-07-15,nifty50,0.6824817518248175
2020-07-16,nifty50,0.8188632104934416
2020-07-17,nifty50,0.671201814058957
2020-07-20,nifty50,0.3509044399780742
2020-07-21,nifty50,0.20856764803175654
2020-07-22,nifty50,0.45692883895131087
2020-07-23,nifty50,0.3522138013562026
2020-07-24,nifty50,0.605955233475542
2020-07-27,nifty50,0.31359943895739584
2020-07-28,nifty50,0.23561361039088707
2020-07-29,nifty50,0.5583645638795232
2020-07-30,nifty50,0.540308921669393
2020-07-31,nifty50,0.5098467903331596
2020-08-03,nifty50,0.396709323583181
2020-08-04,nifty50,0.20916162489196197
2020-08-05,nifty50,0.37205878107226376
2020-08-06,nifty50,0.2789340209398864
2020-08-07,nifty50,0.4867164872885901
2020-08-10,nifty50,0.4782668103906357
2020-08-11,nifty50,0.33208489388264667
2020-08-12,nifty50,0.46941323345817726
2020-08-13,nifty50,0.49044714626166336
2020-08-14,nifty50,0.45012366034624895
2020-08-17,nifty50,0.28251215901882004
2020-08-18,nifty50,0.4778241091736164
2020-08-19,nifty50,0.5072283957276945
2020-08-20,nifty50,0.21489346740735532
2020-08-21,nifty50,0.15298728186926944
2020-08-24,nifty50,0.2771552709810199
2020-08-25,nifty50,0.34782608695652173
2020-08-26,nifty50,0.383916990920882
2020-08-27,nifty50,0.5463164881008817
2020-08-28,nifty50,0.6814964610717897
2020-08-31,nifty50,0.6951219512195121
2020-09-01,nifty50,0.4894563745405301
2020-09-02,nifty50,0.45214864023250984
2020-09-03,nifty50,0.5128915763836399
2020-09-04,nifty50,0.8422541340295909
2020-09-07,nifty50,0.42165242165242167
2020-09-08,nifty50,0.4547008547008547
2020-09-09,nifty50,0.3101876709078877
2020-09-10,nifty50,0.8804485241576431
2020-09-11,nifty50,0.52695556316942
2020-09-14,nifty50,0.7034379768204395
2020-09-15,nifty50,0.4580737901293723
2020-09-16,nifty50,0.6780529461998293
2020-09-17,nifty50,1.0
2020-09-18,nifty50,0.570351081978989
2020-09-21,nifty50,0.5373424909415391
2020-09-22,nifty50,0.4478335827823352
2020-09-23,nifty50,0.7120390746605121
2020-09-24,nifty50,0.29349018919274833
2020-09-25,nifty50,0.6006713708296225
2020-09-28,nifty50,0.9014459918704605
2020-09-29,nifty50,0.3948115009002128
2020-09-30,nifty50,0.493628231834334
2020-10-01,nifty50,0.9420270540414474
2020-10-05,nifty50,0.36245625579517243
2020-10-06,nifty50,0.6725394410186594
2020-10-07,nifty50,0.5377111586961694
2020-10-08,nifty50,0.5453731075875661
2020-10-09,nifty50,0.3776824034334764
2020-10-12,nifty50,0.4689605281005561
2020-10-13,nifty50,0.5770318179778307
2020-10-14,nifty50,0.4859309787730557
2020-10-15,nifty50,0.46707970177465086
2020-10-16,nifty50,0.6862603678326722
2020-10-19,nifty50,0.5894106961585724
2020-10-20,nifty50,1.0
2020-10-21,nifty50,0.6794168928513652
2020-10-22,nifty50,0.9035535041219035
2020-10-23,nifty50,0.6948356807511737
2020-10-26,nifty50,0.5873015873015873
2020-10-27,nifty50,0.8191268191268192
2020-10-28,nifty50,0.5577131427618969
2020-10-29,nifty50,0.2483718045279341
2020-10-30,nifty50,1.0
2020-11-02,nifty50,0.3472942557980233
2020-11-03,nifty50,1.0
2020-11-04,nifty50,0.7224298554265192
2020-11-05,nifty50,0.7959821777534589
2020-11-06,nifty50,0.629156010230179
2020-11-09,nifty50,0.4182233918633246
2020-11-10,nifty50,0.4673399254763065
2020-11-11,nifty50,0.45066710591335857
2020-11-12,nifty50,0.685221263568049
2020-11-13,nifty50,0.6875320677270395
2020-11-14,nifty50,0.8549378304987852
2020-11-17,nifty50,0.772879838890132
2020-11-18,nifty50,0.7618345687331537
2020-11-19,nifty50,0.9267183288409704
2020-11-20,nifty50,0.8007633587786259
2020-11-23,nifty50,0.4107434799532892
2020-11-24,nifty50,0.5018009195478613
2020-11-25,nifty50,0.7112907003982197
2020-11-26,nifty50,0.8230111977922836
2020-11-27,nifty50,1.0
2020-12-01,nifty50,1.0
2020-12-02,nifty50,0.9241473111529609
2020-12-03,nifty50,0.8323311748381128
2020-12-04,nifty50,1.0
2020-12-07,nifty50,0.5808279370952821
2020-12-08,nifty50,0.6424167694204685
2020-12-09,nifty50,0.4333413321449385
2020-12-10,nifty50,0.30499978013279977
2020-12-11,nifty50,0.4528301886792453
2020-12-14,nifty50,0.5571881302218381
2020-12-15,nifty50,0.7242869490060502
2020-12-16,nifty50,0.8213919113118456
2020-12-17,nifty50,0.36611349263613596
2020-12-18,nifty50,0.4831824327092466
2020-12-21,nifty50,0.8786526257061162
2020-12-22,nifty50,1.0
2020-12-23,nifty50,0.5793472629943015
2020-12-24,nifty50,0.5299756012547926
2020-12-28,nifty50,0.4392359076526427
2020-12-29,nifty50,0.534542916957432
2020-12-30,nifty50,0.22853688029020555
2020-12-31,nifty50,0.7238095238095238
2021-01-01,nifty50,0.4630665380906461
2021-01-04,nifty50,0.6760741678457071
2021-01-05,nifty50,0.5131918068366793
2021-01-06,nifty50,0.4729029717366938
2021-01-07,nifty50,0.3236280487804878
2021-01-08,nifty50,0.2230040595399188
2021-01-11,nifty50,0.3271461716937355
2021-01-12,nifty50,0.47191090310889033
2021-01-13,nifty50,0.29497568881685576
2021-01-14,nifty50,0.4691052374642583
2021-01-15,nifty50,0.5186699424241856
2021-01-18,nifty50,0.36021027799216554
2021-01-19,nifty50,0.3526613696154766
2021-01-20,nifty50,0.8968522141205763
2021-01-21,nifty50,0.5885115960465799
2021-01-22,nifty50,0.4156152042778495
2021-01-25,nifty50,0.3702075178293742
2021-01-27,nifty50,0.6481404921539374
2021-01-28,nifty50,0.3071409609769047
2021-01-29,nifty50,0.9003949854027133
2021-02-01,nifty50,0.28761011971990064
2021-02-02,nifty50,0.4437174721189591
2021-02-03,nifty50,0.9080985915492957
2021-02-04,nifty50,0.45414697034808765
2021-02-05,nifty50,0.6302367941712204
2021-02-08,nifty50,0.781160551652355
2021-02-09,nifty50,0.41835087988934144
2021-02-10,nifty50,1.0
2021-02-11,nifty50,0.5699624962731652
2021-02-12,nifty50,0.5089710076045627
2021-02-15,nifty50,0.45510482194722424
2021-02-16,nifty50,0.5509548660893502
2021-02-17,nifty50,0.5309080529036759
2021-02-18,nifty50,0.47203200623342373
2021-02-19,nifty50,0.6843391336542022
2021-02-22,nifty50,0.8161971830985916
2021-02-23,nifty50,1.0
2021-02-24,nifty50,0.9089799476896251
2021-02-25,nifty50,0.5015469233413544
2021-02-26,nifty50,0.328176535259934
2021-03-01,nifty50,0.4415460256760448
2021-03-02,nifty50,0.6150143622389566
2021-03-03,nifty50,0.5262500400397194
2021-03-04,nifty50,0.6619296103030976
2021-03-05,nifty50,0.2151937382036194
2021-03-08,nifty50,0.5352825414675288
2021-03-09,nifty50,0.6266094420600858
2021-03-10,nifty50,0.3110312058559137
2021-03-12,nifty50,0.6168901066640572
2021-03-15,nifty50,0.8389127536661235
2021-03-16,nifty50,0.42780872794800373
2021-03-17,nifty50,0.6470110900730321
2021-03-18,nifty50,0.6607104871303978
2021-03-19,nifty50,0.7227040249054926
2021-03-22,nifty50,0.6855188521855189
2021-03-23,nifty50,0.5783769495109702
2021-03-24,nifty50,0.5047861850016836
2021-03-25,nifty50,1.0
2021-03-26,nifty50,0.5401611645438004
2021-03-30,nifty50,0.41467889908256883
2021-03-31,nifty50,0.37840065952184665
2021-04-01,nifty50,0.6204362801377726
2021-04-05,nifty50,0.7326993416239942
2021-04-06,nifty50,0.5531672056305877
2021-04-07,nifty50,0.4980187695516163
2021-04-08,nifty50,0.42
2021-04-09,nifty50,0.4432890737482003
2021-04-12,nifty50,0.33013215365662446
2021-04-13,nifty50,0.30167065737919024
2021-04-15,nifty50,0.55613436803523
2021-04-16,nifty50,0.4655390053016915
2021-04-19,nifty50,0.5303156146179402
2021-04-20,nifty50,0.43913798547521316
2021-04-22,nifty50,0.8228266280490565
2021-04-23,nifty50,0.5421490766433834
2021-04-26,nifty50,0.7472873446899421
2021-04-27,nifty50,0.6287762416794674
2021-04-28,nifty50,0.32408435072142067
2021-04-29,nifty50,0.39122137404580154
2021-04-30,nifty50,0.41690603200656545
2021-05-03,nifty50,0.27177997950119576
2021-05-04,nifty50,0.4069144619379971
2021-05-05,nifty50,0.538006372325899
2021-05-06,nifty50,0.49524884749270864
2021-05-07,nifty50,0.35882961708533256
2021-05-10,nifty50,0.8006677140612726
2021-05-11,nifty50,1.0
2021-05-12,nifty50,0.571489979044651
2021-05-14,nifty50,0.6373589729339187
2021-05-17,nifty50,0.4387708745979539
2021-05-18,nifty50,0.5716833559366118
2021-05-19,nifty50,0.6575623780675635
2021-05-20,nifty50,0.6698292220113852
2021-05-21,nifty50,0.5950240770465489
2021-05-24,nifty50,0.5953488372093023
2021-05-25,nifty50,0.5413953488372093
2021-05-26,nifty50,0.9241499564080209
2021-05-27,nifty50,0.6217156345114604
2021-05-28,nifty50,0.6558858429427693
2021-05-31,nifty50,0.39839171906411736
2021-06-01,nifty50,0.34616718695802984
2021-06-02,nifty50,0.5404727320744751
2021-06-03,nifty50,0.45923323001442046
2021-06-04,nifty50,0.39888067435915153
2021-06-07,nifty50,0.606141773871053
2021-06-08,nifty50,0.36502025738798854
2021-06-09,nifty50,0.2591363085272213
2021-06-10,nifty50,0.49442119944211993
2021-06-11,nifty50,0.574185428611383
2021-06-14,nifty50,0.6313559322033898
2021-06-15,nifty50,0.5293663060278208
2021-06-16,nifty50,0.7656502532054735
2021-06-17,nifty50,0.7063426309490932
2021-06-18,nifty50,0.48933084731717424
2021-06-21,nifty50,0.8072296783995948
2021-06-22,nifty50,0.6365408717448823
2021-06-23,nifty50,1.0
2021-06-24,nifty50,0.9170287167532055
2021-06-25,nifty50,0.5904383303692855
2021-06-28,nifty50,0.5185114503816793
2021-06-29,nifty50,0.3776580107790299
2021-06-30,nifty50,0.6926953327367776
2021-07-01,nifty50,0.47620459050406627
2021-07-02,nifty50,0.6525132112572201
2021-07-05,nifty50,0.5593821220562167
2021-07-06,nifty50,0.6427715996578272
2021-07-07,nifty50,0.34508126603934985
2021-07-08,nifty50,0.2853475716192628
2021-07-09,nifty50,0.5843209769294729
2021-07-12,nifty50,0.4444444444444444
2021-07-13,nifty50,0.62882096069869
2021-07-14,nifty50,0.6148007590132827
2021-07-15,nifty50,0.6461616675139806
2021-07-16,nifty50,0.5285432546239539
2021-07-19,nifty50,0.692231498514221
2021-07-20,nifty50,0.7177157689811811
2021-07-22,nifty50,0.6495486376500238
2021-07-23,nifty50,0.8270739617114761
2021-07-26,nifty50,0.8172617911017759
2021-07-27,nifty50,0.6054719975814375
2021-07-28,nifty50,0.7494751704534899
2021-07-29,nifty50,0.5841962721045085
2021-07-30,nifty50,0.5287557750517763
2021-08-02,nifty50,0.7396493451626531
2021-08-03,nifty50,0.7172701949860725
2021-08-04,nifty50,0.39815526518063027
2021-08-05,nifty50,0.7306501547987616
2021-08-06,nifty50,0.7889947418459807
2021-08-09,nifty50,0.6473524768528395
2021-08-10,nifty50,0.5935545173806319
2021-08-11,nifty50,0.34906474820143885
2021-08-12,nifty50,0.6147820163487738
2021-08-13,nifty50,1.0
2021-08-16,nifty50,1.0
2021-08-17,nifty50,0.4301807702384071
2021-08-18,nifty50,0.8261738261738262
2021-08-20,nifty50,0.35092240911557243
2021-08-23,nifty50,0.618705970197708
2021-08-24,nifty50,0.6725255302435192
2021-08-25,nifty50,0.5018960517510596
2021-08-26,nifty50,0.6290117453430089
2021-08-27,nifty50,0.4792986903253063
2021-08-30,nifty50,0.341144636748864
2021-08-31,nifty50,0.34197647310067447
2021-09-01,nifty50,0.5079577498446686
2021-09-02,nifty50,0.4655363066715813
2021-09-03,nifty50,0.5198759613868498
2021-09-06,nifty50,0.8378781290763402
2021-09-07,nifty50,1.0
2021-09-08,nifty50,1.0
2021-09-09,nifty50,0.5349295219874518
2021-09-13,nifty50,0.8723066987612282
2021-09-14,nifty50,0.4962055408247234
2021-09-15,nifty50,0.585821864450792
2021-09-16,nifty50,0.4368932038834951
2021-09-17,nifty50,0.6436049157942649
2021-09-20,nifty50,0.5942434539276434
2021-09-21,nifty50,0.6166101694915255
2021-09-22,nifty50,0.8927816901408451
2021-09-23,nifty50,0.5445679455001793
2021-09-24,nifty50,0.38094153811123127
2021-09-27,nifty50,0.5814412802376813
2021-09-28,nifty50,0.866744271535351
2021-09-29,nifty50,0.5342025699168557
2021-09-30,nifty50,0.47918506742036154
2021-10-01,nifty50,0.5876451536456276
2021-10-04,nifty50,0.41747348653932
2021-10-05,nifty50,0.544611611282266
2021-10-06,nifty50,0.47824348637302594
2021-10-07,nifty50,0.2790553138595401
2021-10-08,nifty50,0.5414589698236587
2021-10-11,nifty50,0.6345235822035517
2021-10-12,nifty50,0.8553014553014553
2021-10-13,nifty50,0.7678094847053993
2021-10-14,nifty50,0.6383789400762037
2021-10-18,nifty50,0.5626013623094389
2021-10-19,nifty50,0.6126593789667127
2021-10-20,nifty50,0.7180705854626156
2021-10-21,nifty50,0.6419870950750592
2021-10-22,nifty50,0.6238297552355528
2021-10-25,nifty50,0.05125980551639374
2021-10-26,nifty50,0.5344890845716382
2021-10-27,nifty50,0.43117857752004096
2021-10-28,nifty50,0.32504561760653417
2021-10-29,nifty50,0.6377186180752994
2021-11-01,nifty50,0.6200873362445415
2021-11-02,nifty50,0.4553772070626003
2021-11-03,nifty50,0.6679389312977099
2021-11-04,nifty50,0.573620853370907
2021-11-08,nifty50,0.4004043250528379
2021-11-09,nifty50,0.7462447134315299
2021-11-10,nifty50,0.929960713595672
2021-11-11,nifty50,0.5885299887892377
2021-11-12,nifty50,0.6051858838604047
2021-11-15,nifty50,1.0
2021-11-16,nifty50,0.8116203536629376
2021-11-17,nifty50,0.6606446314925066
2021-11-18,nifty50,0.6733650373654665
2021-11-22,nifty50,0.5022705331283298
2021-11-23,nifty50,0.45128244333167694
2021-11-24,nifty50,0.3733141245708681
2021-11-25,nifty50,0.32413678668939405
2021-11-26,nifty50,0.19962549865667997
2021-11-29,nifty50,0.5510074231177094
2021-11-30,nifty50,0.31151542045706676
2021-12-01,nifty50,0.34854883637343875
2021-12-02,nifty50,0.8924509642327345
2021-12-03,nifty50,0.6513752644739373
2021-12-06,nifty50,0.5274349521825079
2021-12-07,nifty50,0.6438629813990044
2021-12-08,nifty50,0.5362782330601639
2021-12-09,nifty50,1.0
2021-12-10,nifty50,1.0
2021-12-13,nifty50,0.49280431740955427
2021-12-14,nifty50,0.693034040122316
2021-12-15,nifty50,0.4689923147017864
2021-12-16,nifty50,0.4175592960979342
2021-12-17,nifty50,0.29482889394547807
2021-12-20,nifty50,0.5907258064516129
2021-12-21,nifty50,0.6266619767850862
2021-12-22,nifty50,0.895776286966046
2021-12-23,nifty50,0.582408762570228
2021-12-24,nifty50,0.5748869157312783
2021-12-27,nifty50,0.47945751894694855
2021-12-28,nifty50,0.5963462374945628
2021-12-29,nifty50,0.7953009982857719
2021-12-30,nifty50,0.8888434609291154
2021-12-31,nifty50,1.0
2022-01-03,nifty50,0.728037436295777
2022-01-04,nifty50,0.22743041147277043
2022-01-05,nifty50,0.37677006630460136
2022-01-06,nifty50,0.5711008712799566
2022-01-07,nifty50,0.44206244503078274
2022-01-10,nifty50,0.6288
2022-01-11,nifty50,0.4906515580736544
2022-01-12,nifty50,0.573701504582925
2022-01-13,nifty50,0.4105112241491054
2022-01-14,nifty50,0.8329564364039767
2022-01-17,nifty50,0.4092126608065794
2022-01-18,nifty50,0.6477608787494719
2022-01-19,nifty50,0.3577384054194893
2022-01-20,nifty50,0.6097954790096879
2022-01-21,nifty50,0.5353407098373542
2022-01-24,nifty50,0.5543848095708485
2022-01-25,nifty50,0.687582111514005
2022-01-27,nifty50,0.43454038997214484
2022-01-28,nifty50,0.47041336353340885
2022-01-31,nifty50,0.24886910841967022
2022-02-01,nifty50,0.16510880131608466
2022-02-02,nifty50,1.0
2022-02-03,nifty50,0.43088812486688777
2022-02-04,nifty50,0.7240635605315741
2022-02-07,nifty50,0.5947484645642123
2022-02-08,nifty50,0.6238684289470433
2022-02-09,nifty50,0.7200200938760773
2022-02-10,nifty50,0.6909938847365495
2022-02-11,nifty50,0.7102667385581528
2022-02-14,nifty50,0.47858500219266187
2022-02-15,nifty50,0.6309880239520959
2022-02-16,nifty50,0.536062603600478
2022-02-17,nifty50,0.6787829467878295
2022-02-18,nifty50,0.6398221989802588
2022-02-21,nifty50,0.39580738004209803
2022-02-22,nifty50,0.5601486988847584
2022-02-23,nifty50,0.5328011611030479
2022-02-24,nifty50,0.5182319047819322
2022-02-25,nifty50,0.5148620472288222
2022-02-28,nifty50,0.37863195143330197
2022-03-02,nifty50,0.5726644695145139
2022-03-03,nifty50,0.4588926174496644
2022-03-04,nifty50,0.27139552814186585
2022-03-07,nifty50,0.20580048487025232
2022-03-08,nifty50,0.891917793632201
2022-03-09,nifty50,0.6576561163387511
2022-03-10,nifty50,0.6286585365853659
2022-03-11,nifty50,0.8867575529218332
2022-03-14,nifty50,0.6810802723124112
2022-03-15,nifty50,0.8938099389712293
2022-03-16,nifty50,0.49793899422918386
2022-03-17,nifty50,0.5239168222494045
2022-03-21,nifty50,0.6952545997566462
2022-03-22,nifty50,0.5073234407693932
2022-03-23,nifty50,0.8096993937878882
2022-03-24,nifty50,0.42286817030515017
2022-03-25,nifty50,0.5345179804792632
2022-03-28,nifty50,0.5856839328888563
2022-03-29,nifty50,0.45796289814490726
2022-03-30,nifty50,0.3517647058823529
2022-03-31,nifty50,0.5915492957746479
2022-04-01,nifty50,0.6702232205531378
2022-04-04,nifty50,0.8900744068510459
2022-04-05,nifty50,0.5704519559437904
2022-04-06,nifty50,0.5243165467625899
2022-04-07,nifty50,0.42899761336515513
2022-04-08,nifty50,0.4368758476143509
2022-04-11,nifty50,0.416525082714835
2022-04-12,nifty50,0.5959335328723294
2022-04-13,nifty50,0.786108430004917
2022-04-18,nifty50,0.7430249632892805
2022-04-19,nifty50,0.746031746031746
2022-04-20,nifty50,0.6407375396139441
2022-04-21,nifty50,0.5036746199536897
2022-04-22,nifty50,0.5036746199536897
2022-04-25,nifty50,0.32384627753658146
2022-04-26,nifty50,0.5151702786377709
2022-04-27,nifty50,0.5333333333333333
2022-04-28,nifty50,0.30962343096234307
2022-04-29,nifty50,0.4409020347527083
2022-05-02,nifty50,0.4431978002876061
2022-05-04,nifty50,0.42861610633307273
2022-05-05,nifty50,0.5832335329341317
2022-05-06,nifty50,0.8324006971837447
2022-05-09,nifty50,0.532094712579451
2022-05-10,nifty50,0.3402843601895735
2022-05-11,nifty50,0.781870781099325
2022-05-12,nifty50,0.6979749276759885
2022-05-13,nifty50,0.6462861610633307
2022-05-16,nifty50,0.4913024411635726
2022-05-17,nifty50,0.7662686567164179
2022-05-18,nifty50,1.0
2022-05-19,nifty50,0.6402228036121191
2022-05-20,nifty50,0.7049578983936873
2022-05-23,nifty50,0.5095060607009742
2022-05-24,nifty50,0.533275713050994
2022-05-25,nifty50,0.3963254593175853
2022-05-26,nifty50,0.47085002225189143
2022-05-27,nifty50,0.24022571543732366
2022-05-30,nifty50,0.5115314848406323
2022-05-31,nifty50,0.46405991635054955
2022-06-01,nifty50,0.3570027573268143
2022-06-02,nifty50,0.4018033089017112
2022-06-03,nifty50,0.5362473347547975
2022-06-06,nifty50,0.7563025210084033
2022-06-07,nifty50,0.423110188548694
2022-06-08,nifty50,0.5901639344262295
2022-06-09,nifty50,0.6108663729809104
2022-06-10,nifty50,0.6754612045577862
2022-06-13,nifty50,0.4003492219090798
2022-06-14,nifty50,0.40228036836719777
2022-06-15,nifty50,0.30328656544301363
2022-06-16,nifty50,0.4097693351424695
2022-06-17,nifty50,0.4436300926923906
2022-06-20,nifty50,0.3854967822947732
2022-06-21,nifty50,0.6073271677481988
2022-06-22,nifty50,0.4035232057300489
2022-06-23,nifty50,0.4905521858448845
2022-06-24,nifty50,0.5362093004182727
2022-06-27,nifty50,0.5865580448065173
2022-06-28,nifty50,0.514160351017152
2022-06-29,nifty50,0.5266839378238342
2022-06-30,nifty50,0.5141039236479321
2022-07-01,nifty50,0.4737616478666013
2022-07-04,nifty50,0.6671008711226899
2022-07-05,nifty50,0.7544207900056455
2022-07-06,nifty50,0.6824431196009247
2022-07-07,nifty50,0.4238578310798026
2022-07-08,nifty50,0.8213857998289136
2022-07-11,nifty50,0.4986440677966102
2022-07-12,nifty50,0.4128034911888164
2022-07-13,nifty50,0.8782243551289742
2022-07-14,nifty50,0.7092348284960422
2022-07-15,nifty50,0.7186333858528899
2022-07-18,nifty50,0.7711149414859838
2022-07-19,nifty50,0.7448680351906158
2022-07-20,nifty50,0.867579908675799
2022-07-21,nifty50,1.0
2022-07-22,nifty50,0.49024303255719165
2022-07-25,nifty50,1.0
2022-07-26,nifty50,0.8663685701607673
2022-07-27,nifty50,0.584223546609693
2022-07-28,nifty50,0.42390813965334073
2022-07-29,nifty50,0.49977885891198587
2022-08-01,nifty50,0.5144186046511627
2022-08-02,nifty50,0.275913566994913
2022-08-03,nifty50,0.641340364960097
2022-08-04,nifty50,0.45209176788124156
2022-08-05,nifty50,0.5693735498839907
2022-08-08,nifty50,0.3887327542156362
2022-08-10,nifty50,0.2831245880026368
2022-08-11,nifty50,0.28458919181858194
2022-08-12,nifty50,0.300025953802232
2022-08-16,nifty50,0.5964125560538116
2022-08-17,nifty50,0.5565217391304348
2022-08-18,nifty50,0.8373831775700935
2022-08-19,nifty50,0.21990144219901442
2022-08-22,nifty50,0.7025080601264497
2022-08-23,nifty50,0.6361706234317699
2022-08-24,nifty50,0.645909645909646
2022-08-25,nifty50,0.7161572052401747
2022-08-26,nifty50,0.5833333333333334
2022-08-29,nifty50,0.7699334882602773
2022-08-30,nifty50,0.8840541080828946
2022-09-01,nifty50,0.45900978118382574
2022-09-02,nifty50,0.590805644060082
2022-09-05,nifty50,0.577890572516235
2022-09-06,nifty50,0.4482985193221582
2022-09-07,nifty50,0.6157728706624606
2022-09-08,nifty50,0.4692497938994229
2022-09-09,nifty50,0.5789845405320568
2022-09-12,nifty50,0.7767169695103172
2022-09-13,nifty50,0.5034657314430346
2022-09-14,nifty50,0.46400540129968776
2022-09-15,nifty50,0.7324906047147249
2022-09-16,nifty50,0.8246405467145298
2022-09-19,nifty50,0.7215901009813682
2022-09-20,nifty50,0.610800236567945
2022-09-21,nifty50,0.585407179921635
2022-09-22,nifty50,0.3600964212868533
2022-09-23,nifty50,0.4108352144469526
2022-09-26,nifty50,0.6835443037974683
2022-09-27,nifty50,0.5636623748211731
2022-09-28,nifty50,0.47932697240176464
2022-09-29,nifty50,0.5224744103248776
2022-09-30,nifty50,0.45794392523364486
2022-10-03,nifty50,0.2504523132592401
2022-10-04,nifty50,0.0874165025676667
2022-10-06,nifty50,0.5832812695239286
2022-10-07,nifty50,0.4753447884074184
2022-10-10,nifty50,0.7314463173255009
2022-10-11,nifty50,0.6663423942528951
2022-10-12,nifty50,0.9147820030038528
2022-10-13,nifty50,0.4828098682255028
2022-10-14,nifty50,0.3186776304749119
2022-10-17,nifty50,0.29768684318675515
2022-10-18,nifty50,0.3647623906962014
2022-10-19,nifty50,0.596863585978812
2022-10-20,nifty50,0.39573056642286103
2022-10-21,nifty50,0.368835110418913
2022-10-24,nifty50,0.42997260056387243
2022-10-25,nifty50,0.5033976624082631
2022-10-27,nifty50,0.3854158754272693
2022-10-28,nifty50,0.5411997363216875
2022-10-31,nifty50,0.5351179943586959
2022-11-01,nifty50,0.5886560184309613
2022-11-02,nifty50,0.5977684625816791
2022-11-03,nifty50,1.0
2022-11-04,nifty50,0.5042170047868703
2022-11-07,nifty50,0.4225774802331621
2022-11-09,nifty50,0.3512399111007135
2022-11-10,nifty50,0.37648711406702406
2022-11-11,nifty50,0.5427539874777204
2022-11-14,nifty50,0.8511140774206798
2022-11-15,nifty50,0.5841962721045085
2022-11-16,nifty50,0.6756481952211489
2022-11-17,nifty50,0.7417171357320983
2022-11-18,nifty50,0.8067310896367877
2022-11-21,nifty50,0.8138223636465137
2022-11-22,nifty50,1.0
2022-11-23,nifty50,1.0
2022-11-24,nifty50,0.5014991915354547
2022-11-25,nifty50,0.26953084633667457
2022-11-28,nifty50,0.25769780922984264
2022-11-29,nifty50,0.41111769185210256
2022-11-30,nifty50,0.7211385240947304
2022-12-01,nifty50,0.5300178994726912
2022-12-02,nifty50,0.5529903404809208
2022-12-05,nifty50,0.5076910815334343
2022-12-06,nifty50,0.46844347567621125
2022-12-07,nifty50,0.3924674248353976
2022-12-08,nifty50,0.4212758670653477
2022-12-09,nifty50,1.0
2022-12-12,nifty50,0.2698109248595342
2022-12-13,nifty50,0.4965153791218263
2022-12-14,nifty50,1.0
2022-12-15,nifty50,0.3968871595330739
2022-12-16,nifty50,0.4128113879003559
2022-12-19,nifty50,0.31193713804627904
2022-12-20,nifty50,0.2635699925933764
2022-12-21,nifty50,0.49368561950765294
2022-12-22,nifty50,0.5942444551924273
2022-12-23,nifty50,0.7283406754772394
2022-12-26,nifty50,0.6370370370370371
2022-12-27,nifty50,0.5848156182212582
2022-12-28,nifty50,0.49568871820882543
2022-12-29,nifty50,0.36287917556335914
2022-12-30,nifty50,0.29431023803203255
2023-01-02,nifty50,0.32223712555379425
2023-01-03,nifty50,0.9038700588381536
2023-01-04,nifty50,0.5714989328517485
2023-01-05,nifty50,0.5639474593847218
2023-01-06,nifty50,0.6500954213523019
2023-01-09,nifty50,0.7126531690722331
2023-01-10,nifty50,0.3847046296149139
2023-01-11,nifty50,0.4824592430624779
2023-01-12,nifty50,0.6631349220317505
2023-01-13,nifty50,0.6778255073322471
2023-01-16,nifty50,0.6277686016198682
2023-01-17,nifty50,0.5908279423339028
2023-01-18,nifty50,0.4271756271236039
2023-01-19,nifty50,0.41115884880230713
2023-01-20,nifty50,0.7102667385581528
2023-01-23,nifty50,0.4146366710371955
2023-01-24,nifty50,0.3141982750625985
2023-01-25,nifty50,0.5059852670349908
2023-01-27,nifty50,0.32215447154471544
2023-01-30,nifty50,0.7370666666666666
2023-01-31,nifty50,0.7702464788732394
2023-02-01,nifty50,0.5083087304934627
2023-02-02,nifty50,0.261045048727217
2023-02-03,nifty50,0.5022819309635533
2023-02-06,nifty50,0.5906239107703033
2023-02-07,nifty50,0.790174184903975
2023-02-08,nifty50,0.5028571428571429
2023-02-09,nifty50,0.5696889070814573
2023-02-10,nifty50,0.585821864450792
2023-02-13,nifty50,0.29636048526863085
2023-02-14,nifty50,0.2628293332947089
2023-02-15,nifty50,0.5254523043792415
2023-02-16,nifty50,0.7229695480952938
2023-02-17,nifty50,0.6292867848011989
2023-02-20,nifty50,0.5806798249079502
2023-02-21,nifty50,0.6974263853466265
2023-02-22,nifty50,0.6225525332930923
2023-02-23,nifty50,0.4778241091736164
2023-02-24,nifty50,0.32811854842409505
2023-02-27,nifty50,0.10931264852262028
2023-02-28,nifty50,0.18444530643910007
2023-03-01,nifty50,0.5893303741490965
2023-03-02,nifty50,0.2953305128729377
2023-03-03,nifty50,0.5223993690754172
2023-03-06,nifty50,0.49244616853302625
2023-03-08,nifty50,1.0
2023-03-09,nifty50,0.487864517297591
2023-03-10,nifty50,0.9031137244420687
2023-03-13,nifty50,0.8850118953211736
2023-03-14,nifty50,0.3922780576605563
2023-03-15,nifty50,0.3295557570262919
2023-03-16,nifty50,0.493006993006993
2023-03-17,nifty50,0.6345643334789476
2023-03-20,nifty50,0.4982698961937716
2023-03-21,nifty50,0.29934479934479935
2023-03-22,nifty50,0.6897674418604651
2023-03-23,nifty50,0.4788685524126456
2023-03-24,nifty50,0.4744790093627303
2023-03-27,nifty50,0.6375823676437173
2023-03-28,nifty50,0.55950937745133
2023-03-29,nifty50,0.7222867092280906
2023-03-31,nifty50,0.3540766738660907
2023-04-03,nifty50,0.41947565543071164
2023-04-05,nifty50,0.6188850967007964
2023-04-06,nifty50,0.4900351699882767
2023-04-10,nifty50,0.7749778303281112
2023-04-11,nifty50,0.3325490998363339
2023-04-12,nifty50,0.3416122869265315
2023-04-13,nifty50,0.37156157426999575
2023-04-17,nifty50,0.49130434782608695
2023-04-18,nifty50,0.5169939065673663
2023-04-19,nifty50,0.44631008801624916
2023-04-20,nifty50,1.0
2023-04-21,nifty50,0.6984280532043531
2023-04-24,nifty50,0.6813838213500946
2023-04-25,nifty50,0.44099534371401394
2023-04-26,nifty50,0.8264636890229308
2023-04-27,nifty50,0.7566455524876834
2023-04-28,nifty50,0.4276986804569553
2023-05-02,nifty50,0.5053288551556343
2023-05-03,nifty50,0.7072897196261683
2023-05-04,nifty50,0.4429878048780488
2023-05-05,nifty50,0.06208536045997346
2023-05-08,nifty50,0.30697493685642124
2023-05-09,nifty50,0.4451758897346225
2023-05-10,nifty50,0.6373589729339187
2023-05-11,nifty50,0.272874556395618
2023-05-12,nifty50,0.3949345041547226
2023-05-15,nifty50,0.4254612074474884
2023-05-16,nifty50,0.30960350897443295
2023-05-17,nifty50,0.6822188671894024
2023-05-18,nifty50,0.4520879759713206
2023-05-19,nifty50,0.5301248199711954
2023-05-22,nifty50,0.5238063060019191
2023-05-23,nifty50,0.4130555200477225
2023-05-24,nifty50,0.5330495060313302
2023-05-25,nifty50,0.6917654956366077
2023-05-26,nifty50,0.6472019464720195
2023-05-29,nifty50,0.4333544571187157
2023-05-30,nifty50,0.505207407670707
2023-05-31,nifty50,0.21974414511980506
2023-06-01,nifty50,0.4603268784724095
2023-06-02,nifty50,0.25626671814245927
2023-06-05,nifty50,0.4988404279195033
2023-06-06,nifty50,0.46440410418310973
2023-06-07,nifty50,0.4186123257157
2023-06-08,nifty50,0.30077423848688617
2023-06-09,nifty50,0.33904927284566966
2023-06-12,nifty50,0.36248168050806057
2023-06-13,nifty50,0.7498108067201453
2023-06-14,nifty50,0.7997122302158274
2023-06-15,nifty50,0.49330227140361094
2023-06-16,nifty50,0.43995114221576653
2023-06-19,nifty50,0.46888248261828047
2023-06-20,nifty50,0.5724007561436673
2023-06-21,nifty50,0.3311189072180339
2023-06-22,nifty50,0.3635355542207642
2023-06-23,nifty50,0.5748987854251012
2023-06-26,nifty50,0.5079365079365079
2023-06-27,nifty50,0.4153126329221608
2023-06-28,nifty50,0.2705024200695344
2023-06-30,nifty50,0.3607231012883987
2023-07-03,nifty50,0.5246512823809217
2023-07-04,nifty50,0.22418612079750846
2023-07-05,nifty50,0.7182125964041702
2023-07-06,nifty50,0.4027772329659122
2023-07-07,nifty50,0.18776325502627123
2023-07-10,nifty50,0.2058938583909245
2023-07-11,nifty50,0.5286402869633449
2023-07-12,nifty50,0.4856390891406339
2023-07-13,nifty50,0.4679363969945833
2023-07-14,nifty50,0.8125404007756949
2023-07-17,nifty50,0.5150106053189754
2023-07-18,nifty50,0.40015610771432286
2023-07-19,nifty50,0.24828299239347168
2023-07-20,nifty50,0.2618010019142264
2023-07-21,nifty50,0.5643749727870423
2023-07-24,nifty50,0.9293487087867468
2023-07-25,nifty50,0.6204570623175274
2023-07-26,nifty50,0.47313725197003453
2023-07-27,nifty50,0.6139353834176723
2023-07-28,nifty50,0.34508126603934985
2023-07-31,nifty50,0.19783441297460874
2023-08-01,nifty50,0.3992786469756787
2023-08-02,nifty50,0.5132521669422315
2023-08-03,nifty50,0.34971169484007686
2023-08-04,nifty50,0.5673266397672891
2023-08-07,nifty50,0.5971204849709523
2023-08-08,nifty50,0.40994089719988375
2023-08-09,nifty50,0.46922138322516754
2023-08-10,nifty50,0.8247411845078564
2023-08-11,nifty50,0.7307335190343547
2023-08-14,nifty50,0.36008499509643677
2023-08-16,nifty50,0.724663042668851
2023-08-17,nifty50,0.4580180508706354
2023-08-18,nifty50,0.4755768031594263
2023-08-21,nifty50,1.0
2023-08-22,nifty50,0.39180171591992374
2023-08-23,nifty50,0.49357906614367847
2023-08-24,nifty50,0.511897297118907
2023-08-25,nifty50,0.2667821299890207
2023-08-28,nifty50,1.0
2023-08-29,nifty50,0.359087341475841
2023-08-30,nifty50,0.3944611326837131
2023-08-31,nifty50,0.2566351606805293
2023-09-01,nifty50,0.3873666596946246
2023-09-04,nifty50,0.37252803499139175
2023-09-05,nifty50,0.7317444770921754
2023-09-06,nifty50,0.3325968885206665
2023-09-07,nifty50,1.0
2023-09-08,nifty50,0.3899390243902439
2023-09-11,nifty50,0.8685138539042822
2023-09-12,nifty50,0.5042102577188058
2023-09-13,nifty50,1.0
2023-09-14,nifty50,0.7656502532054735
2023-09-15,nifty50,0.3290415807504343
2023-09-18,nifty50,0.621941973779101
2023-09-20,nifty50,0.7016410994195091
2023-09-21,nifty50,0.9053983973769175
2023-09-22,nifty50,0.5636623748211731
2023-09-25,nifty50,0.6132208157524613
2023-09-26,nifty50,0.6582875098193244
2023-09-27,nifty50,0.5776051515306383
2023-09-28,nifty50,0.42411842580334574
2023-09-29,nifty50,0.4530355634794032
2023-10-03,nifty50,0.7467775467775468
2023-10-04,nifty50,0.4080558831534065
2023-10-05,nifty50,0.6990330582696299
2023-10-06,nifty50,0.5438135025014184
2023-10-09,nifty50,0.837656279156559
2023-10-10,nifty50,0.4400924529085298
2023-10-11,nifty50,0.4909925548740501
2023-10-12,nifty50,0.22639758756668987
2023-10-13,nifty50,0.3493089211990666
2023-10-16,nifty50,1.0
2023-10-17,nifty50,0.30590076406149314
2023-10-18,nifty50,0.3618408541389334
2023-10-19,nifty50,0.30380457672329075
2023-10-20,nifty50,0.3897729843879629
2023-10-23,nifty50,0.6879580825250289
2023-10-25,nifty50,0.5920600187558612
2023-10-26,nifty50,0.3623259223063767
2023-10-27,nifty50,0.4509466437177281
2023-10-30,nifty50,0.3386243386243386
2023-10-31,nifty50,0.3070362473347548
2023-11-01,nifty50,0.6839985030928742
2023-11-02,nifty50,0.5177169719278016
2023-11-03,nifty50,0.6803944315545244
2023-11-06,nifty50,0.3760245901639344
2023-11-07,nifty50,0.39760394190203213
2023-11-08,nifty50,0.910775331601258
2023-11-09,nifty50,0.5423710367844446
2023-11-10,nifty50,0.6492578339747114
2023-11-13,nifty50,0.5720771850170261
2023-11-15,nifty50,0.4008493706240196
2023-11-16,nifty50,0.5806527769580357
2023-11-17,nifty50,0.5619335347432024
2023-11-20,nifty50,0.721186943620178
2023-11-21,nifty50,0.6330743618201998
2023-11-22,nifty50,0.7909072701782496
2023-11-23,nifty50,0.5694433446828727
2023-11-24,nifty50,0.6129470348574015
2023-11-28,nifty50,0.6390374331550802
2023-11-29,nifty50,0.5194293674047745
2023-11-30,nifty50,0.32461977186311786
2023-12-01,nifty50,0.8317214700193424
2023-12-04,nifty50,0.5153760455534139
2023-12-05,nifty50,0.35503437120905784
2023-12-06,nifty50,0.7691187844047132
2023-12-07,nifty50,0.7344417711064029
2023-12-08,nifty50,0.7422307084540427
2023-12-11,nifty50,0.7422307084540427
2023-12-12,nifty50,0.42094798389135085
2023-12-13,nifty50,0.4209817100225133
2023-12-14,nifty50,0.5328115045053244
2023-12-15,nifty50,0.6165865384615384
2023-12-18,nifty50,0.5129483150937263
2023-12-19,nifty50,0.37145065358378976
2023-12-20,nifty50,0.5752397558849172
2023-12-21,nifty50,0.48091982597886884
2023-12-22,nifty50,0.6634266647323371
2023-12-26,nifty50,0.6800746775288526
2023-12-27,nifty50,0.4895243001889061
2023-12-28,nifty50,0.6876224050137094
2023-12-29,nifty50,1.0
2024-01-01,nifty50,0.35469514908767247
2024-01-02,nifty50,0.5940507436570429
2024-01-03,nifty50,0.6725255302435192
2024-01-04,nifty50,0.3032141169056247
2024-01-05,nifty50,0.5556451612903226
2024-01-08,nifty50,0.7646778042959427
2024-01-09,nifty50,0.6234697662915791
2024-01-10,nifty50,0.5271944698056606
2024-01-11,nifty50,0.8351023502653525
2024-01-12,nifty50,0.395630719110813
2024-01-15,nifty50,0.5163941029565777
2024-01-16,nifty50,0.6396367691572408
2024-01-17,nifty50,0.4856901567045135
2024-01-18,nifty50,0.6643337819650067
2024-01-19,nifty50,0.3863979848866499
2024-01-23,nifty50,0.35669014084507045
2024-01-24,nifty50,0.48229317851959363
2024-01-25,nifty50,0.766517571884984
2024-01-29,nifty50,0.63928923988154
2024-01-30,nifty50,0.15301506434186832
2024-01-31,nifty50,0.4495278886401246
2024-02-01,nifty50,0.6490874256327518
2024-02-02,nifty50,0.7458039801318054
2024-02-05,nifty50,0.5107978159889169
2024-02-06,nifty50,0.4122466580422596
2024-02-07,nifty50,0.28749798614467537
2024-02-08,nifty50,0.60713865001767
2024-02-09,nifty50,0.2782289756353157
2024-02-12,nifty50,0.7104632587859425
2024-02-13,nifty50,0.609355865784962
2024-02-14,nifty50,0.2553965007952738
2024-02-15,nifty50,0.27754918829954367
2024-02-16,nifty50,0.5024197096348438
2024-02-19,nifty50,0.3447698744769874
2024-02-20,nifty50,1.0
2024-02-21,nifty50,0.790529695024077
2024-02-22,nifty50,0.7302325581395349
2024-02-23,nifty50,0.48652370647255555
2024-02-26,nifty50,0.5414921801555422
2024-02-27,nifty50,0.4819191958851938
2024-02-28,nifty50,0.4393323870588811
2024-02-29,nifty50,0.601131468313697
2024-03-01,nifty50,0.4450412945679178
2024-03-04,nifty50,0.47941209469314483
2024-03-05,nifty50,0.5441554729922835
2024-03-06,nifty50,0.5567367796687502
2024-03-07,nifty50,0.3868825758762176
2024-03-11,nifty50,0.3723124873741018
2024-03-12,nifty50,1.0
2024-03-13,nifty50,0.37209701161909936
2024-03-14,nifty50,0.7965469779375409
2024-03-15,nifty50,0.8220722448040494
2024-03-18,nifty50,0.4456937261074882
2024-03-19,nifty50,0.6638330757341576
2024-03-20,nifty50,0.9145154086645824
2024-03-21,nifty50,0.536
2024-03-22,nifty50,0.37667526424922876
2024-03-26,nifty50,0.5601724957058802
2024-03-27,nifty50,0.13
2024-03-28,nifty50,0.5668388914983561
2024-04-01,nifty50,0.8213919113118456
2024-04-02,nifty50,0.7372593431483578
2024-04-03,nifty50,0.8537159511265553
2024-04-04,nifty50,0.4052662671955439
2024-04-05,nifty50,1.0
2024-04-08,nifty50,0.44559502947267804
2024-04-09,nifty50,0.7678762006403416
2024-04-10,nifty50,0.859867276593003
2024-04-12,nifty50,0.5512820512820513
2024-04-15,nifty50,0.5161290322580645
2024-04-16,nifty50,0.43015944307208626
2024-04-18,nifty50,0.3636772814223022
2024-04-19,nifty50,0.36404411451606034
2024-04-22,nifty50,0.21985870904355692
2024-04-23,nifty50,0.4948992286638467
2024-04-24,nifty50,0.3708766716196137
2024-04-25,nifty50,0.4307806691449814
2024-04-26,nifty50,0.7685075685903501
2024-04-29,nifty50,0.2631433059225723
2024-04-30,nifty50,0.444886391885845
2024-05-02,nifty50,0.5888618270384238
2024-05-03,nifty50,0.4012287651917008
2024-05-06,nifty50,0.37809470674384543
2024-05-07,nifty50,0.6784469710303073
2024-05-08,nifty50,0.58394239618862
2024-05-09,nifty50,0.5816503173687247
2024-05-10,nifty50,0.4558271629982757
2024-05-13,nifty50,0.5352473824277861
2024-05-14,nifty50,0.8281682048335548
2024-05-15,nifty50,0.4094041624417825
2024-05-16,nifty50,0.7314463173255009
2024-05-17,nifty50,0.5635132168950487
2024-05-21,nifty50,0.5372832677374747
2024-05-22,nifty50,0.6063348416289592
2024-05-23,nifty50,0.9356350184956843
2024-05-24,nifty50,1.0
2024-05-27,nifty50,0.7936991869918699
2024-05-28,nifty50,1.0
2024-05-29,nifty50,0.5474680358401288
2024-05-30,nifty50,1.0
2024-05-31,nifty50,1.0
2024-06-03,nifty50,0.361533493806141
2024-06-04,nifty50,0.24826805731850923
2024-06-05,nifty50,0.7553277920129992
2024-06-06,nifty50,0.6201123762131523
2024-06-07,nifty50,0.5533437117021629
2024-06-10,nifty50,0.5342025699168557
2024-06-11,nifty50,0.7305834262356001
2024-06-12,nifty50,0.6764279841835337
2024-06-13,nifty50,0.5239168222494045
2024-06-14,nifty50,0.3555328230272673
2024-06-18,nifty50,0.632883854391328
2024-06-19,nifty50,0.5050206615694808
2024-06-20,nifty50,1.0
2024-06-21,nifty50,0.6973796088737729
2024-06-24,nifty50,0.7008449043751638
2024-06-25,nifty50,0.5837167359858663
2024-06-26,nifty50,0.6186537581948468
2024-06-27,nifty50,0.6713979007633588
2024-06-28,nifty50,0.6845921450151058
2024-07-01,nifty50,0.9153471915081822
2024-07-02,nifty50,0.8000544764304319
2024-07-03,nifty50,0.8000544764304319
2024-07-04,nifty50,0.7906795972756885
2024-07-05,nifty50,0.6085866700944791
2024-07-08,nifty50,0.5690481217416725
2024-07-09,nifty50,0.7680938287037888
2024-07-10,nifty50,0.49644683108781634
2024-07-11,nifty50,0.6366429289425622
2024-07-12,nifty50,0.4678467728860524
2024-07-15,nifty50,0.5856917383258953
2024-07-16,nifty50,0.3309988942130483
2024-07-18,nifty50,1.0
2024-07-19,nifty50,0.5373267769333929
2024-07-22,nifty50,0.6718721330859717
2024-07-23,nifty50,0.6201905353227652
2024-07-24,nifty50,0.6745110697046611
2024-07-25,nifty50,0.5917224257470708
2024-07-26,nifty50,0.868482051075323
2024-07-29,nifty50,0.9378710901634327
2024-07-30,nifty50,0.555784548543419
2024-07-31,nifty50,0.5612883602542142
2024-08-01,nifty50,0.39416011654153393
2024-08-02,nifty50,0.26039203423948093
2024-08-05,nifty50,0.5225382769333805
2024-08-06,nifty50,0.3121368796972443
2024-08-07,nifty50,0.7542835624176238
2024-08-08,nifty50,0.8063839257328161
2024-08-09,nifty50,0.782825761357963
2024-08-12,nifty50,0.782825761357963
2024-08-13,nifty50,1.0
2024-08-14,nifty50,0.8173664122137405
2024-08-16,nifty50,0.7412949640287769
2024-08-19,nifty50,0.9059540796471657
2024-08-20,nifty50,1.0
2024-08-21,nifty50,0.7583379628742745
2024-08-22,nifty50,0.5279435702658709
2024-08-23,nifty50,1.0
2024-08-26,nifty50,0.8967376559956592
2024-08-27,nifty50,0.8341972861716725
2024-08-28,nifty50,0.64972406072628
2024-08-29,nifty50,0.6317361121800299
2024-08-30,nifty50,0.44916301192167524
2024-09-02,nifty50,0.2807936070542849
2024-09-03,nifty50,0.4619792400544831
2024-09-04,nifty50,0.47941209469314483
2024-09-05,nifty50,0.5345661859818904
2024-09-06,nifty50,0.46112264105410494
2024-09-09,nifty50,0.30673041559396835
2024-09-10,nifty50,0.6148007590132827
2024-09-11,nifty50,0.5294547580763046
2024-09-12,nifty50,0.370016710432084
2024-09-13,nifty50,0.45458715596330274
2024-09-16,nifty50,0.36082708475346514
2024-09-17,nifty50,0.5423117390650835
2024-09-18,nifty50,0.8953773630285247
2024-09-19,nifty50,0.6811912852288626
2024-09-20,nifty50,0.4539487841618248
2024-09-23,nifty50,0.47052686489306206
2024-09-24,nifty50,0.5337620578778135
2024-09-25,nifty50,0.6019318759532283
2024-09-26,nifty50,0.41435118877112576
2024-09-27,nifty50,0.7414100582570443
2024-09-30,nifty50,0.33056325023084027
2024-10-01,nifty50,0.64486896889542
2024-10-03,nifty50,0.5140871292044186
2024-10-04,nifty50,0.33710232724399375
2024-10-07,nifty50,0.4141646201378436
2024-10-08,nifty50,0.35267857142857145
2024-10-09,nifty50,0.5815602836879432
2024-10-10,nifty50,0.4492753623188406
2024-10-11,nifty50,0.4682584956401271
2024-10-14,nifty50,0.5036746199536897
2024-10-15,nifty50,0.5669333333333333
2024-10-16,nifty50,0.36135734072022163
2024-10-17,nifty50,0.25829285935723884
2024-10-18,nifty50,0.5376741063936902
2024-10-21,nifty50,0.37133736719233884
2024-10-22,nifty50,0.3124858884624069
2024-10-23,nifty50,0.38372093023255816
2024-10-24,nifty50,0.25541516245487367
2024-10-25,nifty50,0.3712341448362107
2024-10-28,nifty50,0.8922718333454731
2024-10-29,nifty50,0.5236092373621141
2024-10-30,nifty50,0.3024021337294688
2024-10-31,nifty50,0.472676138292198
2024-11-01,nifty50,0.5824281311574799
2024-11-04,nifty50,0.7073297322235251
2024-11-05,nifty50,0.5831845937059652
2024-11-06,nifty50,0.5428813559322034
2024-11-07,nifty50,0.46463836973010103
2024-11-08,nifty50,0.43041082437667083
2024-11-11,nifty50,0.6326817826426896
2024-11-12,nifty50,0.4231693989071038
2024-11-13,nifty50,0.34258251722887195
2024-11-14,nifty50,0.837357577188736
2024-11-18,nifty50,0.32422553230375584
2024-11-19,nifty50,0.3889114350825711
2024-11-21,nifty50,0.47485569849473724
2024-11-22,nifty50,0.2283585619678335
2024-11-25,nifty50,0.4875922726558819
2024-11-26,nifty50,0.3158446586280598
2024-11-27,nifty50,0.6300276802696894
2024-11-28,nifty50,0.7144683203205969
2024-11-29,nifty50,0.7512959292575088
2024-12-02,nifty50,0.5636063557813663
2024-12-03,nifty50,0.4873965514906067
2024-12-04,nifty50,0.5836952840883994
2024-12-05,nifty50,0.6411009537639022
2024-12-06,nifty50,0.4744790093627303
2024-12-09,nifty50,0.9218918336565396
2024-12-10,nifty50,0.35230437752903465
2024-12-11,nifty50,0.3256503296366331
2024-12-12,nifty50,0.6395072889592044
2024-12-13,nifty50,0.5505424487687274
2024-12-16,nifty50,0.3893022602835884
2024-12-17,nifty50,0.3817129460033702
2024-12-18,nifty50,0.47183585645124104
2024-12-19,nifty50,0.5556244033962454
2024-12-20,nifty50,0.8323311748381128
2024-12-23,nifty50,0.45966219813192666
2024-12-24,nifty50,0.7108445175993923
2024-12-26,nifty50,0.5576227081027727
2024-12-27,nifty50,0.6796465064899199
2024-12-30,nifty50,0.7962910930036528
2010-04-01,bovespa,1.0
2010-04-05,bovespa,0.4761290322580645
2010-04-06,bovespa,0.6632258064516129
2010-04-07,bovespa,1.0
2010-04-08,bovespa,0.48291233283803864
2010-04-09,bovespa,0.4258688957325121
2010-04-12,bovespa,0.4482631643549773
2010-04-13,bovespa,0.7432640492686682
2010-04-14,bovespa,0.23713733075435203
2010-04-15,bovespa,0.27301369863013697
2010-04-16,bovespa,0.6416349809885932
2010-04-19,bovespa,0.7128712871287128
2010-04-20,bovespa,0.37784423351969837
2010-04-22,bovespa,0.8847714249864068
2010-04-23,bovespa,0.7111030610396667
2010-04-26,bovespa,0.9099441032364917
2010-04-27,bovespa,0.46835302396207545
2010-04-28,bovespa,0.4286979627989371
2010-04-29,bovespa,0.5522388059701493
2010-04-30,bovespa,0.5258855585831063
2010-05-03,bovespa,0.38097447795823663
2010-05-04,bovespa,0.5038022813688213
2010-05-05,bovespa,0.7876798788184802
2010-05-06,bovespa,0.5794663573085846
2010-05-07,bovespa,0.49719925313416913
2010-05-10,bovespa,0.6754538671972147
2010-05-11,bovespa,0.5479634077784025
2010-05-12,bovespa,0.5235650477461752
2010-05-13,bovespa,0.5999812329923994
2010-05-14,bovespa,0.5391949152542372
2010-05-17,bovespa,0.5881413101366945
2010-05-18,bovespa,0.7051037866804404
2010-05-19,bovespa,0.805929591174562
2010-05-20,bovespa,0.3447817296079682
2010-05-21,bovespa,0.36600149833140366
2010-05-24,bovespa,0.7801642451042324
2010-05-25,bovespa,0.5105053660502846
2010-05-26,bovespa,0.5277207392197125
2010-05-27,bovespa,0.5340314136125655
2010-05-28,bovespa,0.5682552185899961
2010-05-31,bovespa,0.6490649064906491
2010-06-01,bovespa,0.35090252707581226
2010-06-02,bovespa,0.8045968406079209
2010-06-04,bovespa,0.3335283302690958
2010-06-07,bovespa,0.3706213828815108
2010-06-08,bovespa,0.3422284307089676
2010-06-09,bovespa,0.22765831524955613
2010-06-10,bovespa,0.3014422037614651
2010-06-11,bovespa,1.0
2010-06-14,bovespa,0.6117091100026254
2010-06-15,bovespa,0.7913669064748201
2010-06-16,bovespa,0.4876325088339223
2010-06-17,bovespa,0.4876325088339223
2010-06-18,bovespa,1.0
2010-06-21,bovespa,0.469281045751634
2010-06-22,bovespa,0.5457836189733666
2010-06-23,bovespa,0.35244004893363007
2010-06-24,bovespa,0.6128833515881709
2010-06-25,bovespa,0.895776286966046
2010-06-28,bovespa,0.6335299073294018
2010-06-29,bovespa,0.4721089733975102
2010-06-30,bovespa,0.6128038343033207
2010-07-01,bovespa,0.7357917570498915
2010-07-02,bovespa,1.0
2010-07-05,bovespa,0.895776286966046
2010-07-06,bovespa,1.0
2010-07-07,bovespa,0.895776286966046
2010-07-08,bovespa,0.7355101638374444
2010-07-12,bovespa,0.5412433752953584
2010-07-13,bovespa,0.23453304806876732
2010-07-14,bovespa,0.5296885044708083
2010-07-15,bovespa,0.8132245598969515
2010-07-16,bovespa,0.7457379444715051
2010-07-19,bovespa,1.0
2010-07-20,bovespa,0.5401183431952663
2010-07-21,bovespa,0.6808733624454149
2010-07-22,bovespa,0.714227058098953
2010-07-23,bovespa,0.6099092030041475
2010-07-26,bovespa,0.8213552361396304
2010-07-27,bovespa,0.6157898814596731
2010-07-28,bovespa,0.4038373686614893
2010-07-29,bovespa,0.672686230248307
2010-07-30,bovespa,0.6324150752070306
2010-08-02,bovespa,0.6129541864139021
2010-08-03,bovespa,0.5880861850443599
2010-08-04,bovespa,0.7250729828151804
2010-08-05,bovespa,0.7651668869487518
2010-08-06,bovespa,0.7720381807973049
2010-08-09,bovespa,0.5788964181994192
2010-08-10,bovespa,1.0
2010-08-11,bovespa,0.7534452883354116
2010-08-12,bovespa,0.6172532517214996
2010-08-13,bovespa,0.6811125485122898
2010-08-16,bovespa,0.4674270249371738
2010-08-17,bovespa,0.2593878968659339
2010-08-18,bovespa,0.29472382522671065
2010-08-19,bovespa,0.3270718232044199
2010-08-20,bovespa,0.5098985997102848
2010-08-23,bovespa,0.5579689435076689
2010-08-24,bovespa,0.5030843043180261
2010-08-25,bovespa,0.6398735606231655
2010-08-26,bovespa,0.4072769232657771
2010-08-27,bovespa,0.7289094056549337
2010-08-30,bovespa,0.3662619808306709
2010-08-31,bovespa,0.5540628034962771
2010-09-01,bovespa,0.24894787957267725
2010-09-02,bovespa,0.5082662144976685
2010-09-03,bovespa,0.414985590778098
2010-09-06,bovespa,0.45860081226254423
2010-09-08,bovespa,0.4307772834336561
2010-09-09,bovespa,0.6053294801572634
2010-09-10,bovespa,0.468585213478281
2010-09-13,bovespa,0.48642266824085006
2010-09-14,bovespa,0.49070047501170805
2010-09-15,bovespa,0.5267237862097103
2010-09-16,bovespa,0.6716847194174164
2010-09-17,bovespa,0.7049441786283892
2010-09-20,bovespa,0.3378995433789954
2010-09-21,bovespa,0.22355747989749933
2010-09-22,bovespa,0.37440413670517897
2010-09-23,bovespa,0.4923709776234793
2010-09-24,bovespa,0.6250359160999904
2010-09-27,bovespa,0.7214130771614503
2010-09-28,bovespa,0.4673986978913614
2010-09-29,bovespa,0.6738817016204994
2010-09-30,bovespa,1.0
2010-10-01,bovespa,0.6555546757462982
2010-10-04,bovespa,0.7677864703175333
2010-10-05,bovespa,0.4978227848101266
2010-10-06,bovespa,0.8308626974483596
2010-10-07,bovespa,0.7334389857369256
2010-10-08,bovespa,0.8534695710756793
2010-10-11,bovespa,1.0
2010-10-13,bovespa,0.5376411083418854
2010-10-14,bovespa,0.6651883887992963
2010-10-15,bovespa,0.596428157253856
2010-10-18,bovespa,0.40399295361127424
2010-10-19,bovespa,0.7081783253034092
2010-10-20,bovespa,0.5854713385134145
2010-10-21,bovespa,0.45167723364626644
2010-10-22,bovespa,1.0
2010-10-25,bovespa,0.7348987273704966
2010-10-26,bovespa,0.6019053334333508
2010-10-27,bovespa,0.4597255460301112
2010-10-28,bovespa,0.43943298969072164
2010-10-29,bovespa,0.31147116380798895
2010-11-01,bovespa,0.3928501748435413
2010-11-03,bovespa,0.7000904899383806
2010-11-04,bovespa,0.7750678674537855
2010-11-05,bovespa,0.7066959423246486
2010-11-08,bovespa,0.603389191058572
2010-11-09,bovespa,0.335918826813058
2010-11-10,bovespa,0.6663536041324255
2010-11-11,bovespa,0.8869946419873356
2010-11-12,bovespa,0.880883561018651
2010-11-16,bovespa,0.7765185856754306
2010-11-17,bovespa,0.7062615101289135
2010-11-18,bovespa,0.44866920152091255
2010-11-19,bovespa,0.5831401279792265
2010-11-22,bovespa,0.826427255985267
2010-11-23,bovespa,0.6581669473177773
2010-11-24,bovespa,0.5015550826649207
2010-11-25,bovespa,0.3566386554621849
2010-11-26,bovespa,0.5253208330131407
2010-11-29,bovespa,0.2901178603807797
2010-11-30,bovespa,0.3771228771228771
2010-12-01,bovespa,0.9114894194248507
2010-12-02,bovespa,0.7446654236585871
2010-12-03,bovespa,0.6597333333333333
2010-12-06,bovespa,0.8144
2010-12-07,bovespa,0.9226666666666666
2010-12-08,bovespa,0.8453333333333334
2010-12-09,bovespa,0.6758130081300813
2010-12-10,bovespa,0.7578585461689588
2010-12-13,bovespa,0.826925163670561
2010-12-14,bovespa,0.5258712040933725
2010-12-15,bovespa,0.6745110697046611
2010-12-16,bovespa,0.7637484889363864
2010-12-17,bovespa,0.4476809321084472
2010-12-20,bovespa,0.8334240280549006
2010-12-21,bovespa,0.4086804544130498
2010-12-22,bovespa,0.5044770583871994
2010-12-23,bovespa,0.5348124278157216
2010-12-27,bovespa,0.798358713753498
2010-12-28,bovespa,0.7864572147393613
2010-12-29,bovespa,0.3564831474151373
2010-12-30,bovespa,0.44401840490797545
2011-01-03,bovespa,0.4677708146821844
2011-01-04,bovespa,0.24823252160251374
2011-01-05,bovespa,0.2788727205746915
2011-01-06,bovespa,0.7903556724453685
2011-01-07,bovespa,0.22203344361978003
2011-01-10,bovespa,0.5384731975951094
2011-01-11,bovespa,0.595536959553696
2011-01-12,bovespa,0.5636257467547051
2011-01-13,bovespa,0.3594492432407815
2011-01-14,bovespa,0.447401851067691
2011-01-17,bovespa,0.359729172799529
2011-01-18,bovespa,0.2078811275402433
2011-01-19,bovespa,1.0
2011-01-20,bovespa,0.6082764162314183
2011-01-21,bovespa,0.18036428254109285
2011-01-24,bovespa,0.3343997774377521
2011-01-26,bovespa,0.49707922599488863
2011-01-27,bovespa,0.7344322344322345
2011-01-28,bovespa,0.8067310896367877
2011-01-31,bovespa,0.8492999938864095
2011-02-01,bovespa,0.5932912326744854
2011-02-02,bovespa,0.47542743867184273
2011-02-03,bovespa,0.8671701646886387
2011-02-04,bovespa,0.7066328855512822
2011-02-07,bovespa,0.6773061731860377
2011-02-08,bovespa,0.41625765179506974
2011-02-09,bovespa,0.4482548034011368
2011-02-10,bovespa,0.66152343426651
2011-02-11,bovespa,0.38537834170362184
2011-02-14,bovespa,1.0
2011-02-15,bovespa,1.0
2011-02-16,bovespa,0.7126025436326598
2011-02-17,bovespa,0.6203408974227334
2011-02-18,bovespa,0.6203408974227334
2011-02-21,bovespa,0.42374025194961007
2011-02-22,bovespa,0.3699693710378232
2011-02-23,bovespa,0.36983274557719603
2011-02-24,bovespa,0.8979481349141898
2011-02-25,bovespa,0.5167367048253876
2011-02-28,bovespa,0.6700379266750948
2011-03-01,bovespa,0.5833265687149931
2011-03-02,bovespa,0.6078081143148762
2011-03-03,bovespa,0.37857142857142856
2011-03-04,bovespa,0.8045529429384454
2011-03-09,bovespa,0.5102990841877871
2011-03-10,bovespa,0.2878234176290016
2011-03-11,bovespa,0.5707427657020936
2011-03-14,bovespa,0.30292523745702465
2011-03-15,bovespa,0.44841163908168713
2011-03-16,bovespa,0.30617670054730256
2011-03-17,bovespa,0.5385799828913601
2011-03-18,bovespa,0.627588420996308
2011-03-21,bovespa,0.2866549059557234
2011-03-22,bovespa,0.45621910335814536
2011-03-23,bovespa,0.5662200062324712
2011-03-24,bovespa,0.44226563089222415
2011-03-25,bovespa,0.5576770986329228
2011-03-28,bovespa,0.36702403452140026
2011-03-29,bovespa,0.34303923641525963
2011-03-30,bovespa,0.60577699418346
2011-03-31,bovespa,0.8028569874734877
2011-04-01,bovespa,0.5943110282117043
2011-04-04,bovespa,0.5068615751789977
2011-04-05,bovespa,0.8065233506300964
2011-04-06,bovespa,0.6233100645047274
2011-04-07,bovespa,0.6426895095048111
2011-04-08,bovespa,0.8554336989032901
2011-04-11,bovespa,0.675362600992894
2011-04-12,bovespa,0.4429028815368196
2011-04-13,bovespa,0.5300472653612424
2011-04-14,bovespa,0.48392530208714757
2011-04-15,bovespa,0.3690745719541531
2011-04-18,bovespa,0.287935832378458
2011-04-19,bovespa,0.4786021777665232
2011-04-20,bovespa,0.3652951204902548
2011-04-25,bovespa,0.6029469291954622
2011-04-26,bovespa,1.0
2011-04-27,bovespa,0.34825416303991097
2011-04-28,bovespa,0.44498602250734715
2011-04-29,bovespa,0.5238347457627118
2011-05-02,bovespa,0.454908788730165
2011-05-03,bovespa,0.2591698228311431
2011-05-04,bovespa,0.3743028239300182
2011-05-05,bovespa,0.856362381052442
2011-05-06,bovespa,1.0
2011-05-09,bovespa,0.5104037401517993
2011-05-10,bovespa,0.5969858867854606
2011-05-11,bovespa,0.4736471846244759
2011-05-12,bovespa,0.4519263075372382
2011-05-13,bovespa,1.0
2011-05-16,bovespa,0.4519263075372382
2011-05-17,bovespa,0.5701150083785681
2011-05-18,bovespa,0.629663902872372
2011-05-19,bovespa,0.7276036162968181
2011-05-20,bovespa,0.607956740054075
2011-05-23,bovespa,0.7637484889363864
2011-05-24,bovespa,0.43453791922188745
2011-05-25,bovespa,0.730723355427053
2011-05-26,bovespa,0.7445200159142148
2011-05-27,bovespa,0.583374616070544
2011-05-30,bovespa,0.43730943361360064
2011-05-31,bovespa,0.6783903675538656
2011-06-01,bovespa,0.9062702003878474
2011-06-02,bovespa,0.6845866998135488
2011-06-03,bovespa,0.5929731217319512
2011-06-06,bovespa,0.4693628600919583
2011-06-07,bovespa,0.6352257904217653
2011-06-08,bovespa,0.5946953226908503
2011-06-09,bovespa,0.693034040122316
2011-06-10,bovespa,0.6071249372804817
2011-06-13,bovespa,0.4575131434160655
2011-06-14,bovespa,1.0
2011-06-15,bovespa,0.48544538160872247
2011-06-16,bovespa,0.2929467878174212
2011-06-17,bovespa,0.6864186851211073
2011-06-20,bovespa,1.0
2011-06-21,bovespa,0.8380534503390507
2011-06-22,bovespa,1.0
2011-06-24,bovespa,0.42126892147587514
2011-06-27,bovespa,0.9314108516266928
2011-06-28,bovespa,0.9300530631934395
2011-06-29,bovespa,0.3704775687409551
2011-06-30,bovespa,0.257256687535572
2011-07-01,bovespa,0.8048452220726783
2011-07-04,bovespa,1.0
2011-07-05,bovespa,0.8018352206169465
2011-07-06,bovespa,0.22690811278159373
2011-07-07,bovespa,0.3734208599966941
2011-07-08,bovespa,0.7256866591928252
2011-07-11,bovespa,0.6244334124757177
2011-07-12,bovespa,0.6569135363345344
2011-07-13,bovespa,0.8553255175854327
2011-07-14,bovespa,1.0
2011-07-15,bovespa,0.873318189760615
2011-07-18,bovespa,0.47513071457299905
2011-07-19,bovespa,0.5426138467234357
2011-07-20,bovespa,0.9248704663212435
2011-07-21,bovespa,0.5764206581050543
2011-07-22,bovespa,0.3148734428941884
2011-07-25,bovespa,0.3962028890039053
2011-07-26,bovespa,0.3054099142040038
2011-07-27,bovespa,0.49798711755233493
2011-07-28,bovespa,0.7091273821464393
2011-07-29,bovespa,0.5070039439684483
2011-08-01,bovespa,0.3455399934856452
2011-08-02,bovespa,0.3351224540575125
2011-08-03,bovespa,0.831981460023175
2011-08-04,bovespa,0.5932906989790194
2011-08-05,bovespa,0.4000154685022623
2011-08-08,bovespa,0.3348367449211673
2011-08-09,bovespa,0.7637319316688568
2011-08-10,bovespa,0.8027898866608544
2011-08-11,bovespa,0.59608612624608
2011-08-12,bovespa,0.869172932330827
2011-08-15,bovespa,1.0
2011-08-16,bovespa,0.841475054229935
2011-08-17,bovespa,0.8112798264642083
2011-08-18,bovespa,0.6843391336542022
2011-08-19,bovespa,0.6695267462126291
2011-08-22,bovespa,0.7725133354251648
2011-08-23,bovespa,0.8213368929048157
2011-08-24,bovespa,0.5904933189079822
2011-08-25,bovespa,0.29255612042360835
2011-08-26,bovespa,0.37968947824348637
2011-08-29,bovespa,0.5743319533308242
2011-08-30,bovespa,1.0
2011-08-31,bovespa,0.9226666666666666
2011-09-01,bovespa,0.52410668885499
2011-09-02,bovespa,0.8362267308094541
2011-09-05,bovespa,1.0
2011-09-06,bovespa,0.6285028022417934
2011-09-08,bovespa,0.4995781885113889
2011-09-09,bovespa,0.5921183057840169
2011-09-12,bovespa,0.5641590110494898
2011-09-13,bovespa,0.7419811105534516
2011-09-14,bovespa,0.7042041154210028
2011-09-15,bovespa,0.41181723091052885
2011-09-16,bovespa,0.8113376023675282
2011-09-19,bovespa,0.7131657996922851
2011-09-20,bovespa,0.8147517247253215
2011-09-21,bovespa,1.0
2011-09-22,bovespa,0.6289451236849588
2011-09-23,bovespa,0.6372636717861637
2011-09-26,bovespa,0.7397014361300076
2011-09-27,bovespa,0.8999628509260733
2011-09-28,bovespa,0.7109813192416446
2011-09-29,bovespa,0.7283881240048703
2011-09-30,bovespa,0.7358834244080146
2011-10-03,bovespa,1.0
2011-10-04,bovespa,1.0
2011-10-05,bovespa,0.656233051832339
2011-10-06,bovespa,1.0
2011-10-07,bovespa,1.0
2011-10-10,bovespa,0.5808223906571359
2011-10-11,bovespa,0.55240335146259
2011-10-13,bovespa,0.5003015421728267
2011-10-14,bovespa,0.8979481349141898
2011-10-17,bovespa,1.0
2011-10-18,bovespa,0.8979481349141898
2011-10-19,bovespa,0.8437836673130791
2011-10-20,bovespa,0.3092750490372683
2011-10-21,bovespa,0.36969092721834496
2011-10-24,bovespa,0.7152587350729765
2011-10-25,bovespa,0.9218946385607067
2011-10-26,bovespa,0.7342700061087355
2011-10-27,bovespa,1.0
2011-10-28,bovespa,0.7892982306180015
2011-10-31,bovespa,0.623837070610687
2011-11-01,bovespa,0.7461854888117396
2011-11-03,bovespa,0.7470418689320388
2011-11-04,bovespa,0.5559400230680508
2011-11-07,bovespa,0.8130841121495327
2011-11-08,bovespa,0.47575115322279016
2011-11-09,bovespa,0.35749155088246337
2011-11-10,bovespa,0.6995734308348568
2011-11-11,bovespa,1.0
2011-11-14,bovespa,0.5234388514097907
2011-11-16,bovespa,0.513189448441247
2011-11-17,bovespa,0.3667168674698795
2011-11-18,bovespa,0.4848734153546988
2011-11-21,bovespa,0.9186642234770577
2011-11-22,bovespa,1.0
2011-11-23,bovespa,0.5525660459073192
2011-11-24,bovespa,0.6234200958042362
2011-11-25,bovespa,0.6513993342374553
2011-11-28,bovespa,0.7989568202825829
2011-11-29,bovespa,0.5428382027195265
2011-11-30,bovespa,0.48233306398295744
2011-12-01,bovespa,0.555764579414136
2011-12-02,bovespa,0.4241212546942966
2011-12-05,bovespa,0.23624295196631218
2011-12-06,bovespa,0.7871704267463985
2011-12-07,bovespa,0.647001541832346
2011-12-08,bovespa,0.5991790919752052
2011-12-09,bovespa,0.5863783313863458
2011-12-12,bovespa,0.7378570567675063
2011-12-13,bovespa,0.8915140775743257
2011-12-14,bovespa,1.0
2011-12-15,bovespa,1.0
2011-12-16,bovespa,0.9079365079365079
2011-12-19,bovespa,1.0
2011-12-20,bovespa,1.0
2011-12-21,bovespa,0.9079365079365079
2011-12-22,bovespa,0.548590660496424
2011-12-23,bovespa,1.0
2011-12-26,bovespa,0.725897920604915
2011-12-27,bovespa,0.8715677590788308
2011-12-28,bovespa,0.6532759445241512
2011-12-29,bovespa,0.6840550704520877
2012-01-02,bovespa,0.4035171917315142
2012-01-03,bovespa,0.8202373221559714
2012-01-04,bovespa,0.7745196045762524
2012-01-05,bovespa,0.7889374090247453
2012-01-06,bovespa,1.0
2012-01-09,bovespa,0.4604985737318616
2012-01-10,bovespa,0.2875824981667074
2012-01-11,bovespa,0.5511201629327902
2012-01-12,bovespa,0.7884927066450568
2012-01-13,bovespa,0.49369544131910764
2012-01-16,bovespa,0.2792135526153085
2012-01-17,bovespa,0.8975928432699665
2012-01-18,bovespa,0.516141264504386
2012-01-19,bovespa,0.5281873821759677
2012-01-20,bovespa,1.0
2012-01-23,bovespa,0.8842016254051769
2012-01-24,bovespa,0.8332694518972786
2012-01-26,bovespa,0.439885315981939
2012-01-27,bovespa,0.9247419311431921
2012-01-30,bovespa,0.7139502113668389
2012-01-31,bovespa,0.3863979848866499
2012-02-01,bovespa,0.8888356492573072
2012-02-02,bovespa,0.6934940890941831
2012-02-03,bovespa,1.0
2012-02-06,bovespa,1.0
2012-02-07,bovespa,0.8445342242250019
2012-02-08,bovespa,0.5553173948887057
2012-02-09,bovespa,0.565
2012-02-10,bovespa,0.48065607322550385
2012-02-13,bovespa,0.6666119231400887
2012-02-14,bovespa,0.6363921322780346
2012-02-15,bovespa,0.7633297062023939
2012-02-16,bovespa,0.7024772708315956
2012-02-17,bovespa,0.5856506375787371
2012-02-23,bovespa,0.3265073615330685
2012-02-24,bovespa,0.45689836571508735
2012-02-27,bovespa,0.4529151463395699
2012-02-28,bovespa,0.48443640446634645
2012-02-29,bovespa,0.2650918635170604
2012-03-01,bovespa,0.7341115434500648
2012-03-02,bovespa,0.15715097654231683
2012-03-05,bovespa,0.40561278116459953
2012-03-06,bovespa,0.8922341557249238
2012-03-07,bovespa,0.4323816483114985
2012-03-08,bovespa,0.7954294139329156
2012-03-09,bovespa,0.6209386281588448
2012-03-12,bovespa,1.0
2012-03-13,bovespa,0.6229587768262663
2012-03-14,bovespa,0.7479559647202729
2012-03-15,bovespa,0.8180373128085
2012-03-16,bovespa,0.7258325525934759
2012-03-19,bovespa,0.5271944698056606
2012-03-20,bovespa,0.3937963587322994
2012-03-21,bovespa,0.5274307441607822
2012-03-22,bovespa,0.6487820483524519
2012-03-23,bovespa,0.4415064347507107
2012-03-26,bovespa,0.4942299349240781
2012-03-27,bovespa,0.7629873179896665
2012-03-28,bovespa,0.6030960518379909
2012-03-29,bovespa,0.5602253032928943
2012-03-30,bovespa,0.550949050949051
2012-04-02,bovespa,0.6369133804616302
2012-04-03,bovespa,0.5546565389696169
2012-04-04,bovespa,0.693106228582947
2012-04-05,bovespa,0.7050147492625368
2012-04-09,bovespa,0.9053857350800583
2012-04-10,bovespa,0.596227604686597
2012-04-11,bovespa,0.39853831972609954
2012-04-12,bovespa,0.4670140682895145
2012-04-13,bovespa,0.3142553807547534
2012-04-16,bovespa,0.5870791222290469
2012-04-17,bovespa,0.7558283126894435
2012-04-18,bovespa,0.394201244987332
2012-04-19,bovespa,0.5556965551394348
2012-04-20,bovespa,0.436703204508563
2012-04-23,bovespa,0.6301509626466643
2012-04-24,bovespa,0.6495837968468295
2012-04-25,bovespa,0.6075345349559917
2012-04-26,bovespa,0.4254487954608874
2012-04-27,bovespa,0.7592080051096445
2012-04-30,bovespa,0.8454432403624089
2012-05-02,bovespa,0.3345924515343552
2012-05-03,bovespa,0.2532824026104573
2012-05-04,bovespa,0.7214360965936086
2012-05-07,bovespa,1.0
2012-05-08,bovespa,0.5244277417150667
2012-05-09,bovespa,0.6422053720601465
2012-05-10,bovespa,0.570446735395189
2012-05-11,bovespa,1.0
2012-05-14,bovespa,0.6794871794871795
2012-05-15,bovespa,0.6170419794273005
2012-05-16,bovespa,0.4075446598251615
2012-05-17,bovespa,0.27538137822198844
2012-05-18,bovespa,0.5626099759399577
2012-05-21,bovespa,0.4797076991135943
2012-05-22,bovespa,0.5233203205259914
2012-05-23,bovespa,0.9378710901634327
2012-05-24,bovespa,0.6716043337210014
2012-05-25,bovespa,0.53559990145356
2012-05-28,bovespa,0.841313269493844
2012-05-29,bovespa,0.5581064607882974
2012-05-30,bovespa,0.4588206021398358
2012-05-31,bovespa,0.7814802411252512
2012-06-01,bovespa,0.41818218114307387
2012-06-04,bovespa,0.9018655097613882
2012-06-05,bovespa,0.9018655097613882
2012-06-06,bovespa,0.770319265021648
2012-06-08,bovespa,0.6851892640256757
2012-06-11,bovespa,1.0
2012-06-12,bovespa,0.5330991510893656
2012-06-13,bovespa,0.3906596891849033
2012-06-14,bovespa,0.690643096616885
2012-06-15,bovespa,0.4845125886492498
2012-06-18,bovespa,0.393707097808286
2012-06-19,bovespa,0.5406546990496304
2012-06-20,bovespa,0.6588669167673428
2012-06-21,bovespa,0.5412031601361167
2012-06-22,bovespa,0.4838251599976657
2012-06-25,bovespa,0.7797565324586699
2012-06-26,bovespa,0.49390270177101736
2012-06-27,bovespa,0.6338523931591231
2012-06-28,bovespa,0.5007489252436439
2012-06-29,bovespa,0.4777500049203881
2012-07-02,bovespa,0.9058237713790864
2012-07-03,bovespa,0.47076504687611825
2012-07-04,bovespa,0.7014844511864774
2012-07-05,bovespa,0.6793540172887489
2012-07-06,bovespa,0.5724242695022786
2012-07-10,bovespa,0.45971926839642707
2012-07-11,bovespa,0.8051875349878709
2012-07-12,bovespa,0.5411460577337355
2012-07-13,bovespa,0.3114754098360656
2012-07-16,bovespa,0.5475432740821238
2012-07-17,bovespa,0.5277713512840134
2012-07-18,bovespa,0.7177272174230441
2012-07-19,bovespa,0.5838768588572919
2012-07-20,bovespa,0.6003484872485347
2012-07-23,bovespa,0.6382742821737784
2012-07-24,bovespa,0.5450451759100549
2012-07-25,bovespa,0.6356245380635624
2012-07-26,bovespa,0.6440677966101694
2012-07-27,bovespa,0.3120567375886525
2012-07-30,bovespa,0.9166267369429804
2012-07-31,bovespa,0.5068801339402501
2012-08-01,bovespa,0.8352896630064369
2012-08-02,bovespa,0.8352896630064369
2012-08-03,bovespa,0.8966500356379188
2012-08-06,bovespa,1.0
2012-08-07,bovespa,0.47540363950537284
2012-08-08,bovespa,0.7344682582745523
2012-08-09,bovespa,0.6368082061068703
2012-08-10,bovespa,0.5300345721694036
2012-08-13,bovespa,0.3748119923794244
2012-08-14,bovespa,0.40979397582816707
2012-08-15,bovespa,0.5377615487161653
2012-08-16,bovespa,0.5228170250109697
2012-08-17,bovespa,0.6265436854733969
2012-08-20,bovespa,0.5110814513013242
2012-08-21,bovespa,0.63866746331298
2012-08-22,bovespa,0.7850591396189123
2012-08-23,bovespa,0.8005893909626719
2012-08-24,bovespa,0.6581532416502947
2012-08-27,bovespa,0.5067228252065447
2012-08-28,bovespa,0.607956740054075
2012-08-29,bovespa,0.9009267856830008
2012-08-30,bovespa,0.7677180577804784
2012-08-31,bovespa,0.7931054163575139
2012-09-03,bovespa,0.9348680516563729
2012-09-04,bovespa,0.867579908675799
2012-09-05,bovespa,0.7219486913708214
2012-09-06,bovespa,0.8205568924028875
2012-09-10,bovespa,0.7349361931788506
2012-09-11,bovespa,0.7320878669677684
2012-09-12,bovespa,0.5731655290102389
2012-09-13,bovespa,0.3916783203386908
2012-09-14,bovespa,0.7702788339670469
2012-09-17,bovespa,0.6996063807748084
2012-09-18,bovespa,0.39636283961437335
2012-09-19,bovespa,0.36459246275197194
2012-09-20,bovespa,0.716786631460918
2012-09-21,bovespa,0.342410255376615
2012-09-24,bovespa,0.9201199730672706
2012-09-25,bovespa,0.5576155831964328
2012-09-26,bovespa,0.5672583703795816
2012-09-27,bovespa,0.5366439126847198
2012-09-28,bovespa,0.3158080763453212
2012-10-01,bovespa,0.38302418537825345
2012-10-02,bovespa,0.6972632370920718
2012-10-03,bovespa,0.5225560412984839
2012-10-04,bovespa,0.6690844758956214
2012-10-05,bovespa,0.7382896433175763
2012-10-08,bovespa,0.34064053459375765
2012-10-09,bovespa,0.6039944263817928
2012-10-10,bovespa,0.5033550325488232
2012-10-11,bovespa,0.5752397558849172
2012-10-15,bovespa,0.6656295754026355
2012-10-16,bovespa,0.6367713004484304
2012-10-17,bovespa,0.4529983792544571
2012-10-18,bovespa,0.7500123146643023
2012-10-19,bovespa,1.0
2012-10-22,bovespa,0.6917517006802721
2012-10-23,bovespa,0.4739867134433082
2012-10-24,bovespa,0.1782762691853601
2012-10-25,bovespa,0.16391079453913338
2012-10-26,bovespa,0.5047033475222029
2012-10-29,bovespa,0.9053983973769175
2012-10-30,bovespa,0.685277665037322
2012-10-31,bovespa,0.7957027122226136
2012-11-01,bovespa,0.7957027122226136
2012-11-05,bovespa,0.6066832111733134
2012-11-06,bovespa,0.6653846153846154
2012-11-07,bovespa,0.9098445595854923
2012-11-08,bovespa,0.5532190929239418
2012-11-09,bovespa,1.0
2012-11-12,bovespa,0.8467770341669602
2012-11-13,bovespa,0.6935540683339204
2012-11-14,bovespa,0.3900129300140227
2012-11-16,bovespa,0.42038097025429294
2012-11-19,bovespa,0.6689365111155617
2012-11-21,bovespa,0.48507585001183734
2012-11-22,bovespa,0.7102897102897103
2012-11-23,bovespa,0.5922120064899946
2012-11-26,bovespa,0.9170216824569212
2012-11-27,bovespa,0.7179458678374924
2012-11-28,bovespa,1.0
2012-11-29,bovespa,0.3188342757720748
2012-11-30,bovespa,0.3047487321346243
2012-12-03,bovespa,1.0
2012-12-04,bovespa,0.827088432812402
2012-12-05,bovespa,0.6757501690155494
2012-12-06,bovespa,0.7360757189661449
2012-12-07,bovespa,0.7806354009077155
2012-12-10,bovespa,0.7806354009077155
2012-12-11,bovespa,0.6925667248690447
2012-12-12,bovespa,0.7168217886236079
2012-12-13,bovespa,0.7168217886236079
2012-12-14,bovespa,0.5279848787146908
2012-12-17,bovespa,1.0
2012-12-18,bovespa,0.7374547335747542
2012-12-19,bovespa,0.9157270719516448
2012-12-20,bovespa,0.5859578399260938
2012-12-21,bovespa,1.0
2012-12-26,bovespa,0.833129904097646
2012-12-27,bovespa,0.5154430379746835
2012-12-28,bovespa,0.6460024956145903
2013-01-02,bovespa,0.6861524522223528
2013-01-03,bovespa,0.7750678674537855
2013-01-04,bovespa,1.0
2013-01-07,bovespa,0.6488358259687288
2013-01-08,bovespa,0.5194595513256288
2013-01-09,bovespa,1.0
2013-01-10,bovespa,0.725922592259226
2013-01-11,bovespa,1.0
2013-01-14,bovespa,0.8116203536629376
2013-01-15,bovespa,0.7488271382172501
2013-01-16,bovespa,0.7235169491525424
2013-01-17,bovespa,0.8188632104934416
2013-01-18,bovespa,0.6775986659255142
2013-01-21,bovespa,0.48624294650277766
2013-01-22,bovespa,0.6168640914565097
2013-01-23,bovespa,0.7447083219218279
2013-01-24,bovespa,0.6483180428134556
2013-01-28,bovespa,0.5620437956204379
2013-01-29,bovespa,0.2745782431646306
2013-01-30,bovespa,0.4678337903395908
2013-01-31,bovespa,0.6692015209125475
2013-02-01,bovespa,1.0
2013-02-04,bovespa,0.7112663755458515
2013-02-05,bovespa,0.6740463215258855
2013-02-06,bovespa,0.7530554998998197
2013-02-07,bovespa,0.5648134914963556
2013-02-08,bovespa,0.5648134914963556
2013-02-13,bovespa,0.8360655737704918
2013-02-14,bovespa,0.9085794655414908
2013-02-15,bovespa,1.0
2013-02-18,bovespa,0.8043404925222085
2013-02-19,bovespa,0.38556166212953924
2013-02-20,bovespa,0.391
2013-02-21,bovespa,0.4107434799532892
2013-02-22,bovespa,0.5772089059018796
2013-02-25,bovespa,0.7238796496127967
2013-02-26,bovespa,0.8598356694055099
2013-02-27,bovespa,0.8714311048058166
2013-02-28,bovespa,0.5390672122328546
2013-03-01,bovespa,0.6791812198210484
2013-03-04,bovespa,0.3591849505260276
2013-03-05,bovespa,0.31093007467752887
2013-03-06,bovespa,0.41377701757113977
2013-03-07,bovespa,0.2674151569277877
2013-03-08,bovespa,0.3340837460603332
2013-03-11,bovespa,0.366700003797901
2013-03-12,bovespa,0.896981817224956
2013-03-13,bovespa,0.6045229842604694
2013-03-14,bovespa,0.5943137307149138
2013-03-15,bovespa,0.43683245226022227
2013-03-18,bovespa,0.3868825758762176
2013-03-19,bovespa,0.5411691169768078
2013-03-20,bovespa,1.0
2013-03-21,bovespa,0.6817504403197399
2013-03-22,bovespa,0.42375530252288457
2013-03-25,bovespa,0.6635730858468677
2013-03-26,bovespa,0.4463062917908644
2013-03-27,bovespa,0.49710982658959535
2013-03-28,bovespa,0.6686746987951807
2013-04-01,bovespa,0.6503287507471608
2013-04-02,bovespa,0.3988084855153166
2013-04-03,bovespa,0.4130346781810822
2013-04-04,bovespa,0.8335883703136955
2013-04-05,bovespa,0.6787522858348572
2013-04-08,bovespa,0.5610494450050454
2013-04-09,bovespa,0.6489631228300647
2013-04-10,bovespa,0.5686857760951866
2013-04-11,bovespa,0.7163459351257905
2013-04-12,bovespa,0.4042536050914364
2013-04-15,bovespa,0.7782067157112681
2013-04-16,bovespa,0.410663558889941
2013-04-17,bovespa,0.5662200062324712
2013-04-18,bovespa,0.6168640914565097
2013-04-19,bovespa,0.7308584686774942
2013-04-22,bovespa,0.5047157787407596
2013-04-23,bovespa,0.4301879645850102
2013-04-24,bovespa,0.3265558881205491
2013-04-25,bovespa,0.3378730222311236
2013-04-26,bovespa,0.9464175733935537
2013-04-29,bovespa,0.3297163155077612
2013-04-30,bovespa,0.33909410312410976
2013-05-02,bovespa,0.47134176383642634
2013-05-03,bovespa,0.28005226480836237
2013-05-06,bovespa,0.6200390680832817
2013-05-07,bovespa,0.596100278551532
2013-05-08,bovespa,0.7416250890947969
2013-05-09,bovespa,0.6546632371153663
2013-05-10,bovespa,0.7255866767600303
2013-05-13,bovespa,0.46603620269359103
2013-05-14,bovespa,0.43101553916182705
2013-05-15,bovespa,0.8527215152058314
2013-05-16,bovespa,0.8509463245520328
2013-05-17,bovespa,0.9210892306451938
2013-05-20,bovespa,0.8794298158780439
2013-05-21,bovespa,0.6317386790192476
2013-05-22,bovespa,0.3923474035833586
2013-05-23,bovespa,0.6870241780306199
2013-05-24,bovespa,1.0
2013-05-27,bovespa,0.35497309740012145
2013-05-28,bovespa,0.6997584263200276
2013-05-29,bovespa,1.0
2013-05-31,bovespa,0.6722962911053102
2013-06-03,bovespa,0.39015453241994585
2013-06-04,bovespa,0.33244370308590493
2013-06-05,bovespa,0.5364386387074596
2013-06-06,bovespa,0.6832853725340637
2013-06-07,bovespa,0.7426891936855337
2013-06-10,bovespa,0.7512959292575088
2013-06-11,bovespa,0.6243388147241913
2013-06-12,bovespa,0.49911841963225506
2013-06-13,bovespa,0.5924104005621925
2013-06-14,bovespa,0.47431116635591464
2013-06-17,bovespa,0.6312059142702117
2013-06-18,bovespa,0.606141773871053
2013-06-19,bovespa,0.6152712264150944
2013-06-20,bovespa,0.48674458906382506
2013-06-21,bovespa,0.2940749948207997
2013-06-24,bovespa,0.4637401511497025
2013-06-25,bovespa,0.30159184537070455
2013-06-26,bovespa,0.219671477647114
2013-06-27,bovespa,0.3305701760057936
2013-06-28,bovespa,0.62345398259951
2013-07-01,bovespa,0.6056210335448776
2013-07-02,bovespa,0.4419749403341289
2013-07-03,bovespa,0.3909672563041024
2013-07-04,bovespa,1.0
2013-07-05,bovespa,0.34935209181784527
2013-07-08,bovespa,0.7271721084670725
2013-07-10,bovespa,0.6627906976744186
2013-07-11,bovespa,0.5502266762109281
2013-07-12,bovespa,0.7675537031099712
2013-07-15,bovespa,0.7587045570916539
2013-07-16,bovespa,0.3508343508343508
2013-07-17,bovespa,0.5814087759815243
2013-07-18,bovespa,0.7274056538086617
2013-07-19,bovespa,0.6536317791736707
2013-07-22,bovespa,0.8222070844686649
2013-07-23,bovespa,0.9238252748321821
2013-07-24,bovespa,1.0
2013-07-25,bovespa,0.4447792944513384
2013-07-26,bovespa,0.3474307881138909
2013-07-29,bovespa,0.4708994708994709
2013-07-30,bovespa,0.6330275229357798
2013-07-31,bovespa,0.47818758825941055
2013-08-01,bovespa,0.3862975046292214
2013-08-02,bovespa,1.0
2013-08-05,bovespa,0.8963841646419894
2013-08-06,bovespa,0.5182724252491694
2013-08-07,bovespa,0.6666666666666666
2013-08-08,bovespa,0.32950191570881227
2013-08-09,bovespa,1.0
2013-08-12,bovespa,0.5338208409506399
2013-08-13,bovespa,0.774537845775824
2013-08-14,bovespa,0.6415622940013184
2013-08-15,bovespa,0.553696072659995
2013-08-16,bovespa,0.5733079453003289
2013-08-19,bovespa,0.7010309278350515
2013-08-20,bovespa,0.7898550724637681
2013-08-21,bovespa,0.8201151971643775
2013-08-22,bovespa,0.6023350572010656
2013-08-23,bovespa,0.30067994939911447
2013-08-26,bovespa,0.5761033572236892
2013-08-27,bovespa,0.427896065119255
2013-08-28,bovespa,0.4541847531199132
2013-08-29,bovespa,0.8994286091752816
2013-08-30,bovespa,1.0
2013-09-02,bovespa,0.6892352654651729
2013-09-03,bovespa,0.4165680473372781
2013-09-04,bovespa,0.7835331372992536
2013-09-05,bovespa,0.6180261548593471
2013-09-06,bovespa,0.7187196896217265
2013-09-09,bovespa,0.5324075419075565
2013-09-10,bovespa,0.6610479446608889
2013-09-11,bovespa,0.678037007240547
2013-09-12,bovespa,0.3657774573419851
2013-09-13,bovespa,0.7038225853516195
2013-09-16,bovespa,0.6965998256320837
2013-09-17,bovespa,0.8298666666666666
2013-09-18,bovespa,0.7396493451626531
2013-09-19,bovespa,0.5662120545534536
2013-09-20,bovespa,0.5024197096348438
2013-09-23,bovespa,0.6484878702955487
2013-09-24,bovespa,0.5098379128022883
2013-09-25,bovespa,0.3739973577427574
2013-09-26,bovespa,0.41342209478928615
2013-09-27,bovespa,0.5122141630353011
2013-09-30,bovespa,0.6528734965105988
2013-10-01,bovespa,0.6852267966637469
2013-10-02,bovespa,0.8225137973242854
2013-10-03,bovespa,0.7634140394966336
2013-10-04,bovespa,0.8360099524994345
2013-10-07,bovespa,0.7704139334992083
2013-10-08,bovespa,0.7283039889262142
2013-10-09,bovespa,0.8524823657080847
2013-10-10,bovespa,0.8315378115758344
2013-10-11,bovespa,0.8594053005817712
2013-10-14,bovespa,0.6943078004216444
2013-10-15,bovespa,0.526573553419191
2013-10-16,bovespa,0.6420373337953138
2013-10-17,bovespa,0.5996779017600368
2013-10-18,bovespa,0.5798192119718005
2013-10-21,bovespa,0.7140039447731755
2013-10-22,bovespa,0.5256270447110142
2013-10-23,bovespa,0.4618452268327827
2013-10-24,bovespa,1.0
2013-10-25,bovespa,0.9275338175518092
2013-10-28,bovespa,0.3769848682981506
2013-10-29,bovespa,0.5523878699836572
2013-10-30,bovespa,0.6525132112572201
2013-10-31,bovespa,0.6391483347671132
2013-11-01,bovespa,0.4392743735655673
2013-11-04,bovespa,0.39275395253709056
2013-11-05,bovespa,0.5049146404552509
2013-11-06,bovespa,0.3634616805853226
2013-11-07,bovespa,0.575179947191377
2013-11-08,bovespa,0.7227827934147637
2013-11-11,bovespa,0.38213961922030826
2013-11-12,bovespa,0.6194102397926118
2013-11-13,bovespa,0.6411137848057752
2013-11-14,bovespa,0.42140006896891474
2013-11-18,bovespa,0.34562611113643615
2013-11-19,bovespa,0.8565421716547118
2013-11-21,bovespa,0.4943926114409575
2013-11-22,bovespa,0.5893303741490965
2013-11-25,bovespa,0.305621467707839
2013-11-26,bovespa,0.5572029210002213
2013-11-27,bovespa,0.22797000756689825
2013-11-28,bovespa,0.4325189753320683
2013-11-29,bovespa,0.26918671248568155
2013-12-02,bovespa,0.49161031805659905
2013-12-03,bovespa,0.5293432856262412
2013-12-04,bovespa,0.7682883522727273
2013-12-05,bovespa,0.45571876660439126
2013-12-06,bovespa,0.458955223880597
2013-12-09,bovespa,0.2966589600616528
2013-12-10,bovespa,0.43601711396343834
2013-12-11,bovespa,1.0
2013-12-12,bovespa,0.5168211074085909
2013-12-13,bovespa,0.837621799739989
2013-12-16,bovespa,0.3561791996356805
2013-12-17,bovespa,0.5657407951142169
2013-12-18,bovespa,0.5463164881008817
2013-12-19,bovespa,0.5172295677193944
2013-12-20,bovespa,0.4052064159873784
2013-12-23,bovespa,0.36400800579142356
2013-12-26,bovespa,0.5488783363353529
2013-12-27,bovespa,0.36373248744382763
2013-12-30,bovespa,0.6754538671972147
2014-01-02,bovespa,0.5467836257309941
2014-01-03,bovespa,0.4217687074829932
2014-01-06,bovespa,0.5257796443570727
2014-01-07,bovespa,0.4781144781144781
2014-01-08,bovespa,0.26900584795321636
2014-01-09,bovespa,0.5961275511065346
2014-01-10,bovespa,0.4965195702851181
2014-01-13,bovespa,0.4797216483635968
2014-01-14,bovespa,0.4271756271236039
2014-01-15,bovespa,1.0
2014-01-16,bovespa,0.7516986134894769
2014-01-17,bovespa,0.7347751237357435
2014-01-20,bovespa,0.6076693412950177
2014-01-21,bovespa,0.6185366475868557
2014-01-22,bovespa,0.23227879777678265
2014-01-23,bovespa,0.39439849316190323
2014-01-24,bovespa,0.48471926083866385
2014-01-27,bovespa,0.360198108959928
2014-01-28,bovespa,0.6338944146901301
2014-01-29,bovespa,0.586616511581865
2014-01-30,bovespa,0.7416353197386656
2014-01-31,bovespa,0.6555137596515541
2014-02-03,bovespa,0.2677970276705805
2014-02-04,bovespa,0.262415220140246
2014-02-05,bovespa,0.4674012855831038
2014-02-06,bovespa,0.29261459691832103
2014-02-07,bovespa,0.2707278612332974
2014-02-10,bovespa,0.259767320715402
2014-02-11,bovespa,0.4435347694826792
2014-02-12,bovespa,0.40120711562897077
2014-02-13,bovespa,0.48084929225645295
2014-02-14,bovespa,0.5255777720072708
2014-02-17,bovespa,0.5034178277194769
2014-02-18,bovespa,0.33143251123974776
2014-02-19,bovespa,0.6099036376383884
2014-02-20,bovespa,0.6240476538712122
2014-02-21,bovespa,0.3273643256185156
2014-02-24,bovespa,0.5126459961347786
2014-02-25,bovespa,0.5324204990822047
2014-02-26,bovespa,0.7382910065450038
2014-02-27,bovespa,1.0
2014-02-28,bovespa,0.8798010500138159
2014-03-05,bovespa,0.650415215644254
2014-03-06,bovespa,0.3424036281179138
2014-03-07,bovespa,0.4710527445174027
2014-03-10,bovespa,0.6015461840032242
2014-03-11,bovespa,0.6452553224715007
2014-03-12,bovespa,0.6724509703254954
2014-03-13,bovespa,0.5355083534571978
2014-03-14,bovespa,0.4830104385927231
2014-03-17,bovespa,0.6102919962950029
2014-03-18,bovespa,1.0
2014-03-19,bovespa,0.5803906707548144
2014-03-20,bovespa,0.5803906707548144
2014-03-21,bovespa,0.7161192081792473
2014-03-24,bovespa,0.6192594180376185
2014-03-25,bovespa,1.0
2014-03-26,bovespa,0.554133086801857
2014-03-27,bovespa,0.5727719151603803
2014-03-28,bovespa,0.8611948236128346
2014-03-31,bovespa,0.8611948236128346
2014-04-01,bovespa,0.5643028846153846
2014-04-02,bovespa,0.6688701923076923
2014-04-03,bovespa,0.5663458233069784
2014-04-04,bovespa,0.8205568924028875
2014-04-07,bovespa,0.8205568924028875
2014-04-08,bovespa,0.6170654258496557
2014-04-09,bovespa,0.7041280803641501
2014-04-10,bovespa,0.803070563920874
2014-04-11,bovespa,0.9489236790606653
2014-04-14,bovespa,0.7405263157894737
2014-04-15,bovespa,0.7057971014492753
2014-04-16,bovespa,0.4050632911392405
2014-04-17,bovespa,0.38253638253638256
2014-04-22,bovespa,0.9465355661391919
2014-04-23,bovespa,0.8879988556715778
2014-04-24,bovespa,0.8879988556715778
2014-04-25,bovespa,1.0
2014-04-28,bovespa,0.9465355661391919
2014-04-29,bovespa,0.7838769132141998
2014-04-30,bovespa,0.778723548562127
2014-05-02,bovespa,0.662279566712263
2014-05-05,bovespa,0.7409262892376681
2014-05-06,bovespa,0.9128243074504
2014-05-07,bovespa,0.6045731067757499
2014-05-08,bovespa,0.3409090909090909
2014-05-09,bovespa,0.6873482390877834
2014-05-12,bovespa,0.5571166768478925
2014-05-13,bovespa,0.38084728685889746
2014-05-14,bovespa,0.6033606877686596
2014-05-15,bovespa,0.4431956542099841
2014-05-16,bovespa,0.5255076355093137
2014-05-19,bovespa,0.5566433998393971
2014-05-20,bovespa,0.5120735317027575
2014-05-21,bovespa,0.5667662606297403
2014-05-22,bovespa,1.0
2014-05-23,bovespa,0.5005120566055302
2014-05-26,bovespa,0.6536975118329064
2014-05-27,bovespa,0.8968430413517119
2014-05-28,bovespa,0.5504381037968996
2014-05-29,bovespa,0.35697090002956455
2014-05-30,bovespa,0.2967992240543162
2014-06-02,bovespa,0.45403200502039537
2014-06-03,bovespa,0.5919456574478409
2014-06-04,bovespa,0.5181301233291485
2014-06-05,bovespa,0.7494276641311572
2014-06-06,bovespa,0.7202163426399649
2014-06-09,bovespa,0.7260015117157974
2014-06-10,bovespa,1.0
2014-06-11,bovespa,0.7656755009696187
2014-06-13,bovespa,0.8320009268914378
2014-06-16,bovespa,1.0
2014-06-17,bovespa,0.5003049083147788
2014-06-18,bovespa,0.5279096222492449
2014-06-20,bovespa,0.26529965956773016
2014-06-23,bovespa,0.35595096770751355
2014-06-24,bovespa,0.8922734026745914
2014-06-25,bovespa,0.7861948207538476
2014-06-26,bovespa,0.7051870064778476
2014-06-27,bovespa,0.7988572183505631
2014-06-30,bovespa,0.6787352077357746
2014-07-01,bovespa,0.6294993334320841
2014-07-02,bovespa,0.43619463783143236
2014-07-03,bovespa,0.6407153373792509
2014-07-04,bovespa,0.7360806459140337
2014-07-07,bovespa,0.4208448851087825
2014-07-08,bovespa,0.8621915590129888
2014-07-10,bovespa,0.5856917383258953
2014-07-11,bovespa,0.46272712301696217
2014-07-14,bovespa,0.6272247857613711
2014-07-15,bovespa,0.8500615510874026
2014-07-16,bovespa,0.7549295774647887
2014-07-17,bovespa,0.5222961730449251
2014-07-18,bovespa,0.37681683519479253
2014-07-21,bovespa,0.7549019607843137
2014-07-22,bovespa,0.3320363164721141
2014-07-23,bovespa,0.38315028499930487
2014-07-24,bovespa,0.5773116372329761
2014-07-25,bovespa,0.8999557717823972
2014-07-28,bovespa,0.9018655097613882
2014-07-29,bovespa,0.6368886390351102
2014-07-30,bovespa,0.8017219549252975
2014-07-31,bovespa,0.4541652143604043
2014-08-01,bovespa,0.5553748038524107
2014-08-04,bovespa,0.6290400523039313
2014-08-05,bovespa,0.5999812329923994
2014-08-06,bovespa,0.8172617911017759
2014-08-07,bovespa,0.5544699322072475
2014-08-08,bovespa,0.46786877432679325
2014-08-11,bovespa,0.5477684172790823
2014-08-12,bovespa,0.4967542901214731
2014-08-13,bovespa,0.41362285417309536
2014-08-14,bovespa,0.6379706381703785
2014-08-15,bovespa,1.0
2014-08-18,bovespa,0.7994467496542186
2014-08-19,bovespa,0.49816775244299677
2014-08-20,bovespa,0.6126728571168978
2014-08-21,bovespa,0.4858879477727439
2014-08-22,bovespa,0.7224860711399691
2014-08-25,bovespa,0.7190087497797875
2014-08-26,bovespa,0.560446222868922
2014-08-27,bovespa,0.7424734676196665
2014-08-28,bovespa,0.5727863139553303
2014-08-29,bovespa,0.6728428825379461
2014-09-01,bovespa,0.530661336823673
2014-09-02,bovespa,0.9018586973499245
2014-09-03,bovespa,0.8537159511265553
2014-09-04,bovespa,0.8537159511265553
2014-09-05,bovespa,0.5314807976366323
2014-09-08,bovespa,0.4460539301518576
2014-09-09,bovespa,0.6505238125843563
2014-09-10,bovespa,0.5857823017566902
2014-09-11,bovespa,0.7510861502596164
2014-09-12,bovespa,0.4440387073215264
2014-09-15,bovespa,0.5390038243560799
2014-09-16,bovespa,0.8001984236344596
2014-09-17,bovespa,0.8302896315975254
2014-09-18,bovespa,0.673360915207821
2014-09-19,bovespa,0.2841583103460523
2014-09-22,bovespa,1.0
2014-09-23,bovespa,0.45458269710625304
2014-09-24,bovespa,0.28972273743282445
2014-09-25,bovespa,0.5765757671054405
2014-09-26,bovespa,0.5576770986329228
2014-09-29,bovespa,0.8064483006468837
2014-09-30,bovespa,0.9106684464524079
2014-10-01,bovespa,0.7368863201048422
2014-10-02,bovespa,0.6004678970626462
2014-10-03,bovespa,0.8096280087527352
2014-10-06,bovespa,0.40307622709794166
2014-10-07,bovespa,0.8396506130298902
2014-10-08,bovespa,0.47904191616766467
2014-10-09,bovespa,0.6762790697674419
2014-10-10,bovespa,0.3745411160058737
2014-10-13,bovespa,0.5866765202702703
2014-10-14,bovespa,0.8264228969419959
2014-10-15,bovespa,0.6752
2014-10-16,bovespa,0.6814298169136879
2014-10-17,bovespa,0.7990165341077852
2014-10-20,bovespa,1.0
2014-10-21,bovespa,0.7990165341077852
2014-10-22,bovespa,1.0
2014-10-23,bovespa,0.5493064468739852
2014-10-24,bovespa,0.9311797954810223
2014-10-27,bovespa,0.21129388269918015
2014-10-28,bovespa,0.3496106973595125
2014-10-29,bovespa,0.4010514457378896
2014-10-30,bovespa,0.33643406215415905
2014-10-31,bovespa,0.37369807621615
2014-11-03,bovespa,0.483828764414154
2014-11-04,bovespa,0.7472473199500305
2014-11-05,bovespa,0.34291834885062206
2014-11-06,bovespa,0.8030248143452273
2014-11-07,bovespa,0.7237594121382563
2014-11-10,bovespa,0.5999812329923994
2014-11-11,bovespa,0.7908779520461511
2014-11-12,bovespa,0.40816326530612246
2014-11-13,bovespa,0.5098591549295775
2014-11-14,bovespa,0.5098591549295775
2014-11-17,bovespa,0.8212594908441269
2014-11-18,bovespa,0.9145154086645824
2014-11-19,bovespa,0.6815307820299501
2014-11-21,bovespa,0.5990493575030272
2014-11-24,bovespa,1.0
2014-11-25,bovespa,0.5757091022589833
2014-11-26,bovespa,0.7429693862885067
2014-11-27,bovespa,0.6564632297194845
2014-11-28,bovespa,0.7980674999570173
2014-12-01,bovespa,0.7196879769374258
2014-12-02,bovespa,0.7258325525934759
2014-12-03,bovespa,0.8177960700041886
2014-12-04,bovespa,0.7838011965025311
2014-12-05,bovespa,1.0
2014-12-08,bovespa,0.7785202863961814
2014-12-09,bovespa,0.5327899924184989
2014-12-10,bovespa,0.5183447499296238
2014-12-11,bovespa,0.7320878669677684
2014-12-12,bovespa,0.50277104260478
2014-12-15,bovespa,0.4225327510917031
2014-12-16,bovespa,0.6402950050284948
2014-12-17,bovespa,1.0
2014-12-18,bovespa,0.5232426303854876
2014-12-19,bovespa,0.691249026226954
2014-12-22,bovespa,0.8356768100734523
2014-12-23,bovespa,0.5258611825192802
2014-12-26,bovespa,0.5350306092702362
2014-12-29,bovespa,0.5299330019451048
2014-12-30,bovespa,0.5987669304335161
2015-01-02,bovespa,0.7347329906786305
2015-01-05,bovespa,0.7238626526882754
2015-01-06,bovespa,0.3790263543191801
2015-01-07,bovespa,0.58601756954612
2015-01-08,bovespa,0.6962868930498255
2015-01-09,bovespa,0.7078576225654802
2015-01-12,bovespa,0.5174411438432146
2015-01-13,bovespa,0.4537205723685374
2015-01-14,bovespa,0.6351399928106403
2015-01-15,bovespa,0.7217721303087157
2015-01-16,bovespa,1.0
2015-01-19,bovespa,0.6803944315545244
2015-01-20,bovespa,0.7231892195395845
2015-01-21,bovespa,0.841859257335757
2015-01-22,bovespa,0.888030888030888
2015-01-23,bovespa,0.888030888030888
2015-01-26,bovespa,0.5376811594202898
2015-01-27,bovespa,0.8258839226150767
2015-01-28,bovespa,0.7428622096116333
2015-01-29,bovespa,0.5799924436421645
2015-01-30,bovespa,0.5628506825224018
2015-02-02,bovespa,0.6926199201354083
2015-02-03,bovespa,0.7659869848156182
2015-02-04,bovespa,0.4958878504672897
2015-02-05,bovespa,0.7261345852895149
2015-02-06,bovespa,0.8908296943231441
2015-02-09,bovespa,0.7086403215003348
2015-02-10,bovespa,0.7086403215003348
2015-02-11,bovespa,0.6832043695949022
2015-02-12,bovespa,0.7843137254901961
2015-02-13,bovespa,0.6639784946236559
2015-02-18,bovespa,1.0
2015-02-19,bovespa,0.653657406737214
2015-02-20,bovespa,0.925159144348225
2015-02-23,bovespa,0.3551908150064683
2015-02-24,bovespa,0.33895600638249374
2015-02-25,bovespa,0.5616024187452758
2015-02-26,bovespa,0.9089799476896251
2015-02-27,bovespa,0.6377695167286246
2015-03-02,bovespa,0.5896861933521983
2015-03-03,bovespa,0.6423216444981862
2015-03-04,bovespa,0.5788324632178453
2015-03-05,bovespa,0.9084017687934302
2015-03-06,bovespa,0.7115384615384616
2015-03-09,bovespa,0.9053857350800583
2015-03-10,bovespa,0.787679113063487
2015-03-11,bovespa,0.9053215801501796
2015-03-12,bovespa,0.5094823167606356
2015-03-13,bovespa,0.38236750866765723
2015-03-16,bovespa,0.37353599500286294
2015-03-17,bovespa,0.6570542581334642
2015-03-18,bovespa,0.4460836076774955
2015-03-19,bovespa,0.7139475241665023
2015-03-20,bovespa,0.6505258545135846
2015-03-23,bovespa,0.44927288280581695
2015-03-24,bovespa,0.5903047091412742
2015-03-25,bovespa,0.6626038781163435
2015-03-26,bovespa,0.5235127478753541
2015-03-27,bovespa,0.40283497749257735
2015-03-30,bovespa,0.4717088802071902
2015-03-31,bovespa,0.38099609823272895
2015-04-01,bovespa,0.36603965429588203
2015-04-02,bovespa,0.7818057455540356
2015-04-06,bovespa,1.0
2015-04-07,bovespa,0.49964685702754513
2015-04-08,bovespa,0.46922138322516754
2015-04-09,bovespa,0.562657091561939
2015-04-10,bovespa,0.657030223390276
2015-04-13,bovespa,0.850669412976313
2015-04-14,bovespa,0.6373589729339187
2015-04-15,bovespa,0.41367479475554464
2015-04-16,bovespa,0.48363334796819357
2015-04-17,bovespa,0.30644132653061223
2015-04-20,bovespa,0.6671175099215176
2015-04-22,bovespa,0.26947273018073253
2015-04-23,bovespa,0.4568999867180236
2015-04-24,bovespa,0.7980266976204294
2015-04-27,bovespa,0.6655971122029479
2015-04-28,bovespa,0.6438050598599503
2015-04-29,bovespa,0.25423107919994137
2015-04-30,bovespa,0.33386217838173415
2015-05-04,bovespa,0.12602951155580983
2015-05-05,bovespa,0.666093524517179
2015-05-06,bovespa,0.4667128617877512
2015-05-07,bovespa,0.5722713864306784
2015-05-08,bovespa,0.4909352517985612
2015-05-11,bovespa,0.5972999035679846
2015-05-12,bovespa,0.8341972861716725
2015-05-13,bovespa,0.6754612045577862
2015-05-14,bovespa,0.27977794370678183
2015-05-15,bovespa,0.21425402459120294
2015-05-18,bovespa,0.5885299887892377
2015-05-19,bovespa,0.6068647245457167
2015-05-20,bovespa,0.46049463777631866
2015-05-21,bovespa,0.34316055250259914
2015-05-22,bovespa,0.4773273430153589
2015-05-25,bovespa,0.6022411474675033
2015-05-26,bovespa,0.363103953147877
2015-05-27,bovespa,0.387987012987013
2015-05-28,bovespa,0.6770165372932838
2015-05-29,bovespa,0.5601875595281706
2015-06-01,bovespa,0.5169773829700193
2015-06-02,bovespa,0.5117704616093013
2015-06-03,bovespa,0.6924464324363322
2015-06-05,bovespa,0.4590750361979388
2015-06-08,bovespa,0.30537462705383034
2015-06-09,bovespa,0.26738994203352656
2015-06-10,bovespa,0.2532581278026906
2015-06-11,bovespa,0.8171244394618834
2015-06-12,bovespa,0.32209645669291337
2015-06-15,bovespa,0.594955180321034
2015-06-16,bovespa,0.4386090697257573
2015-06-17,bovespa,0.7610677798527958
2015-06-18,bovespa,0.40451745379876797
2015-06-19,bovespa,0.6072736564176816
2015-06-22,bovespa,0.5980781668668577
2015-06-23,bovespa,0.5043461275515188
2015-06-24,bovespa,0.5171803046404534
2015-06-25,bovespa,0.4431314623338257
2015-06-26,bovespa,0.5010765237338269
2015-06-29,bovespa,0.7475974614687216
2015-06-30,bovespa,0.5883280757097792
2015-07-01,bovespa,0.3596329125818273
2015-07-02,bovespa,0.41847663683689035
2015-07-03,bovespa,0.38068941714482935
2015-07-06,bovespa,0.32545463089140547
2015-07-07,bovespa,0.2709459141957615
2015-07-08,bovespa,0.6202452712533777
2015-07-10,bovespa,0.6335082403370039
2015-07-13,bovespa,0.8840541080828946
2015-07-14,bovespa,0.7076442054818538
2015-07-15,bovespa,0.2672987584558124
2015-07-16,bovespa,0.4405228367182125
2015-07-17,bovespa,0.42297256557129936
2015-07-20,bovespa,0.4343903409844766
2015-07-21,bovespa,0.32506317142730484
2015-07-22,bovespa,0.6538532166248393
2015-07-23,bovespa,0.5294471153846154
2015-07-24,bovespa,0.6419753086419753
2015-07-27,bovespa,0.6094276094276094
2015-07-28,bovespa,0.6226855713094245
2015-07-29,bovespa,0.47896191646191644
2015-07-30,bovespa,0.5178316941428999
2015-07-31,bovespa,0.7017585958657571
2015-08-03,bovespa,0.511586563952219
2015-08-04,bovespa,0.7234403273397128
2015-08-05,bovespa,0.8840541080828946
2015-08-06,bovespa,0.5728894570110599
2015-08-07,bovespa,0.6138258452987494
2015-08-10,bovespa,0.7370573175935144
2015-08-11,bovespa,0.694510553626468
2015-08-12,bovespa,0.5170980170218323
2015-08-13,bovespa,0.5170193192272309
2015-08-14,bovespa,0.6478260869565218
2015-08-17,bovespa,0.9393199651264167
2015-08-18,bovespa,0.5092934867496225
2015-08-19,bovespa,0.6586562040215792
2015-08-20,bovespa,0.2947137307887181
2015-08-21,bovespa,0.474040962884256
2015-08-24,bovespa,0.6058592570220477
2015-08-25,bovespa,0.7635155542132286
2015-08-26,bovespa,0.6332371865986244
2015-08-27,bovespa,0.3177929854576561
2015-08-28,bovespa,0.4208940582959641
2015-08-31,bovespa,0.5356761638886608
2015-09-01,bovespa,0.8900774932614556
2015-09-02,bovespa,0.7618345687331537
2015-09-03,bovespa,0.5820568134437939
2015-09-04,bovespa,0.4349441767926731
2015-09-08,bovespa,1.0
2015-09-09,bovespa,0.6126728571168978
2015-09-10,bovespa,0.701514858278938
2015-09-11,bovespa,1.0
2015-09-14,bovespa,0.4730901582931865
2015-09-15,bovespa,0.7593360995850622
2015-09-16,bovespa,0.7898550724637681
2015-09-17,bovespa,0.4714792899408284
2015-09-18,bovespa,0.47256941845670236
2015-09-21,bovespa,0.31175423561210364
2015-09-22,bovespa,0.3813033359193173
2015-09-23,bovespa,0.7088353413654619
2015-09-24,bovespa,0.8847769326824838
2015-09-25,bovespa,0.45617679302983094
2015-09-28,bovespa,0.5874476987447699
2015-09-29,bovespa,0.528411214953271
2015-09-30,bovespa,0.44309782701466294
2015-10-01,bovespa,0.7144050852009908
2015-10-02,bovespa,0.6154093459145783
2015-10-05,bovespa,0.9387668918918919
2015-10-06,bovespa,0.6464692071518873
2015-10-07,bovespa,0.5450996249250547
2015-10-08,bovespa,1.0
2015-10-09,bovespa,0.5930776426566885
2015-10-13,bovespa,0.6477608787494719
2015-10-14,bovespa,0.7243346007604563
2015-10-15,bovespa,0.924860084294894
2015-10-16,bovespa,0.8179598953792502
2015-10-19,bovespa,0.6536930561698363
2015-10-20,bovespa,0.762346241080741
2015-10-21,bovespa,0.6416349809885932
2015-10-22,bovespa,0.8390166534496432
2015-10-23,bovespa,1.0
2015-10-26,bovespa,0.7929416564667483
2015-10-27,bovespa,0.9396289842557326
2015-10-28,bovespa,0.9595987740317637
2015-10-29,bovespa,0.8692633666937156
2015-10-30,bovespa,0.6564632297194845
2015-11-03,bovespa,0.6243004214744697
2015-11-04,bovespa,0.8957798541944758
2015-11-05,bovespa,0.7246652008794723
2015-11-06,bovespa,0.822683471653813
2015-11-09,bovespa,0.7186707128998557
2015-11-10,bovespa,0.6355285407431105
2015-11-11,bovespa,0.47899626080860014
2015-11-12,bovespa,0.8529728068827777
2015-11-13,bovespa,0.43795072115384615
2015-11-16,bovespa,0.49152156422206367
2015-11-17,bovespa,0.30233699921445406
2015-11-18,bovespa,0.44943044528822923
2015-11-19,bovespa,0.7234403273397128
2015-11-23,bovespa,0.8005893909626719
2015-11-24,bovespa,0.7558465855940131
2015-11-25,bovespa,0.6000724355045411
2015-11-26,bovespa,0.6559622759763031
2015-11-27,bovespa,0.8392242301632074
2015-11-30,bovespa,0.6886853216918343
2015-12-01,bovespa,0.6333783891230023
2015-12-02,bovespa,0.447386546261575
2015-12-03,bovespa,0.752483295670693
2015-12-04,bovespa,0.458102810244385
2015-12-07,bovespa,0.4910160444950232
2015-12-08,bovespa,0.5838843091466674
2015-12-09,bovespa,0.5652350081037277
2015-12-10,bovespa,0.5267782426778242
2015-12-11,bovespa,1.0
2015-12-14,bovespa,0.762326004943411
2015-12-15,bovespa,0.4135761676931617
2015-12-16,bovespa,0.7454038421813675
2015-12-17,bovespa,0.40100324579521984
2015-12-18,bovespa,0.5550257306076201
2015-12-21,bovespa,0.5152636574997592
2015-12-22,bovespa,0.27037488352089456
2015-12-23,bovespa,0.4087959074597236
2015-12-28,bovespa,0.4370840522553611
2015-12-29,bovespa,0.46584204378687594
2015-12-30,bovespa,0.38529835226363784
2016-01-04,bovespa,0.5634784104593153
2016-01-05,bovespa,0.6710725303974351
2016-01-06,bovespa,0.6552626463507634
2016-01-07,bovespa,0.48400051449886383
2016-01-08,bovespa,0.493628231834334
2016-01-11,bovespa,0.3314667279054567
2016-01-12,bovespa,0.3288723045459438
2016-01-13,bovespa,0.31070909811171266
2016-01-14,bovespa,0.25955679992364106
2016-01-15,bovespa,0.3684592583630754
2016-01-18,bovespa,0.431504243246373
2016-01-19,bovespa,0.5017366242979604
2016-01-20,bovespa,0.5499556606562223
2016-01-21,bovespa,0.6383324095336131
2016-01-22,bovespa,0.4844129211897729
2016-01-26,bovespa,0.30284609008013263
2016-01-27,bovespa,0.617372182517867
2016-01-28,bovespa,0.48933386999396256
2016-01-29,bovespa,0.36768418636676614
2016-02-01,bovespa,0.7922388059701493
2016-02-02,bovespa,0.4848862574010595
2016-02-03,bovespa,0.4109718374597811
2016-02-04,bovespa,0.415447409733124
2016-02-05,bovespa,0.8161971830985916
2016-02-10,bovespa,0.8608
2016-02-11,bovespa,1.0
2016-02-12,bovespa,0.7573475577868424
2016-02-15,bovespa,0.8957798541944758
2016-02-16,bovespa,0.8957798541944758
2016-02-17,bovespa,0.5924260234067563
2016-02-18,bovespa,0.770319265021648
2016-02-19,bovespa,0.9293487087867468
2016-02-22,bovespa,0.8326601269474899
2016-02-23,bovespa,0.8572767752519335
2016-02-24,bovespa,0.5438762354963472
2016-02-25,bovespa,0.8610615312353217
2016-02-26,bovespa,0.8928351467871074
2016-02-29,bovespa,0.843094447081158
2016-03-01,bovespa,0.5586471944657956
2016-03-02,bovespa,0.29823946131724766
2016-03-03,bovespa,0.3085317763580228
2016-03-04,bovespa,0.33520122261844115
2016-03-07,bovespa,0.49152156422206367
2016-03-08,bovespa,0.6342581976610869
2016-03-09,bovespa,0.6673779674579888
2016-03-10,bovespa,0.47468113616436997
2016-03-11,bovespa,0.7683778619976822
2016-03-14,bovespa,0.34641247321362595
2016-03-15,bovespa,0.32257379486090465
2016-03-16,bovespa,0.3507264918212556
2016-03-17,bovespa,0.5112536696748939
2016-03-18,bovespa,0.6243004214744697
2016-03-21,bovespa,0.4228582259287339
2016-03-22,bovespa,0.7292129835482437
2016-03-23,bovespa,0.7687102231531459
2016-03-24,bovespa,0.7101717500740302
2016-03-28,bovespa,1.0
2016-03-29,bovespa,0.7145044847954496
2016-03-30,bovespa,0.5864780780088725
2016-03-31,bovespa,0.870669517081251
2016-04-01,bovespa,0.2872092863142531
2016-04-04,bovespa,0.6003892565200467
2016-04-05,bovespa,0.8906642728904848
2016-04-06,bovespa,0.7898695742184805
2016-04-07,bovespa,0.8166104553119731
2016-04-08,bovespa,0.8202373221559714
2016-04-11,bovespa,0.3681434195940522
2016-04-12,bovespa,0.5876451536456276
2016-04-13,bovespa,0.4083446677266719
2016-04-14,bovespa,0.6108663729809104
2016-04-15,bovespa,0.8341232227488151
2016-04-18,bovespa,0.40456447919134486
2016-04-19,bovespa,0.5994475138121547
2016-04-20,bovespa,0.8908296943231441
2016-04-22,bovespa,0.5683930942895087
2016-04-25,bovespa,1.0
2016-04-26,bovespa,0.45269250125817817
2016-04-27,bovespa,1.0
2016-04-28,bovespa,0.23376950176144942
2016-04-29,bovespa,0.35134907014039335
2016-05-02,bovespa,1.0
2016-05-03,bovespa,1.0
2016-05-04,bovespa,1.0
2016-05-05,bovespa,0.5627484809841722
2016-05-06,bovespa,0.8394833948339483
2016-05-09,bovespa,0.6984126984126984
2016-05-10,bovespa,1.0
2016-05-11,bovespa,1.0
2016-05-12,bovespa,0.40860215053763443
2016-05-13,bovespa,0.5120727315662081
2016-05-16,bovespa,0.5412881245944192
2016-05-17,bovespa,0.5036836614943279
2016-05-18,bovespa,0.3878639800825769
2016-05-19,bovespa,0.7950418614765684
2016-05-20,bovespa,0.6941755448596615
2016-05-23,bovespa,0.5587276284327223
2016-05-24,bovespa,0.747523603157406
2016-05-25,bovespa,0.8372188751262957
2016-05-27,bovespa,0.6134080370942813
2016-05-30,bovespa,0.6385041551246537
2016-05-31,bovespa,0.5471006292155176
2016-06-01,bovespa,0.43824468214712115
2016-06-02,bovespa,0.8733940376699514
2016-06-03,bovespa,0.7603305785123967
2016-06-06,bovespa,0.535705209656925
2016-06-07,bovespa,0.6375888262680716
2016-06-08,bovespa,0.40155281618197913
2016-06-09,bovespa,0.435364238410596
2016-06-10,bovespa,0.8080575539568345
2016-06-13,bovespa,0.46829994154222243
2016-06-14,bovespa,0.5280341851808577
2016-06-15,bovespa,0.41159654725216493
2016-06-16,bovespa,0.6761161514491355
2016-06-17,bovespa,0.7269398430688754
2016-06-20,bovespa,0.6194334887056293
2016-06-21,bovespa,0.7974186680859557
2016-06-22,bovespa,0.5339647542892633
2016-06-23,bovespa,0.7181618495282944
2016-06-24,bovespa,0.6412826286910464
2016-06-27,bovespa,0.6187672012177309
2016-06-28,bovespa,0.36689999306951276
2016-06-29,bovespa,0.34544581399071556
2016-06-30,bovespa,0.40408381040275715
2016-07-01,bovespa,0.3796867700931822
2016-07-04,bovespa,0.30072152229989907
2016-07-05,bovespa,0.4176198375971361
2016-07-06,bovespa,0.337958818263205
2016-07-07,bovespa,0.7817866100713873
2016-07-08,bovespa,0.6006345221908448
2016-07-11,bovespa,0.2642841385395985
2016-07-12,bovespa,0.5064702303632208
2016-07-13,bovespa,0.542615042058387
2016-07-14,bovespa,0.5213959833937243
2016-07-15,bovespa,0.3165664979176538
2016-07-18,bovespa,0.2557355800388853
2016-07-19,bovespa,0.4787853918752565
2016-07-20,bovespa,0.4216659827656955
2016-07-21,bovespa,0.7745748987854251
2016-07-22,bovespa,0.5567405998437553
2016-07-25,bovespa,0.7908318640807822
2016-07-26,bovespa,0.43893591293833134
2016-07-27,bovespa,0.8497409326424871
2016-07-28,bovespa,0.7968628390109561
2016-07-29,bovespa,0.7267823495363244
2016-08-01,bovespa,0.43413218592084857
2016-08-02,bovespa,0.4392724147808651
2016-08-03,bovespa,0.5522252497729337
2016-08-04,bovespa,0.6268656716417911
2016-08-05,bovespa,0.9153908138597905
2016-08-08,bovespa,0.44224117366412213
2016-08-09,bovespa,0.6886580885276669
2016-08-10,bovespa,0.6431013264050321
2016-08-11,bovespa,0.6212725821664369
2016-08-12,bovespa,0.8175967621374268
2016-08-15,bovespa,0.8264228969419959
2016-08-16,bovespa,0.6195500474515715
2016-08-17,bovespa,0.6824431196009247
2016-08-18,bovespa,0.5454545454545454
2016-08-19,bovespa,0.6296296296296297
2016-08-22,bovespa,0.4988216810683425
2016-08-23,bovespa,0.5329255861365954
2016-08-24,bovespa,1.0
2016-08-25,bovespa,0.9356350184956843
2016-08-26,bovespa,0.926890756302521
2016-08-29,bovespa,1.0
2016-08-30,bovespa,0.5205014838592453
2016-08-31,bovespa,0.581690547167997
2016-09-01,bovespa,0.7656547090886043
2016-09-02,bovespa,0.7948564781337442
2016-09-05,bovespa,0.5949784588192593
2016-09-06,bovespa,0.9204801657424898
2016-09-08,bovespa,0.8387096774193549
2016-09-09,bovespa,0.7486772486772487
2016-09-12,bovespa,0.909045289173253
2016-09-13,bovespa,0.6941702522568126
2016-09-14,bovespa,0.6847203004546353
2016-09-15,bovespa,0.5009560229445507
2016-09-16,bovespa,0.6504116817540827
2016-09-19,bovespa,1.0
2016-09-20,bovespa,0.39405664757777437
2016-09-21,bovespa,0.5423117390650835
2016-09-22,bovespa,0.6963227534702492
2016-09-23,bovespa,0.5989844744582157
2016-09-26,bovespa,0.965660605741652
2016-09-27,bovespa,0.5877250926218444
2016-09-28,bovespa,0.8459135699104785
2016-09-29,bovespa,0.5538336166804828
2016-09-30,bovespa,0.6747382951800299
2016-10-03,bovespa,1.0
2016-10-04,bovespa,0.7432329876043511
2016-10-05,bovespa,0.8005893909626719
2016-10-06,bovespa,0.6972596781209222
2016-10-07,bovespa,0.4661087866108787
2016-10-10,bovespa,0.5522252497729337
2016-10-11,bovespa,0.8040918741555684
2016-10-13,bovespa,0.9106684464524079
2016-10-14,bovespa,0.7297968817939002
2016-10-17,bovespa,0.807136811274872
2016-10-18,bovespa,0.6603926244517311
2016-10-19,bovespa,0.7126981392143349
2016-10-20,bovespa,0.655786350148368
2016-10-21,bovespa,0.6633077765607887
2016-10-24,bovespa,0.6423245766845516
2016-10-25,bovespa,0.5533711069703768
2016-10-26,bovespa,0.4210366201467848
2016-10-27,bovespa,0.5577727431160683
2016-10-28,bovespa,0.3810582481102712
2016-10-31,bovespa,0.3764412589591773
2016-11-01,bovespa,0.6153720199109248
2016-11-03,bovespa,0.660917157309893
2016-11-04,bovespa,0.8295715867472958
2016-11-07,bovespa,0.49419482480345706
2016-11-08,bovespa,0.5460754738459788
2016-11-09,bovespa,0.5674448767833982
2016-11-10,bovespa,0.49740034662045063
2016-11-11,bovespa,0.4689923147017864
2016-11-14,bovespa,0.6662947206918195
2016-11-16,bovespa,0.5711707797958194
2016-11-17,bovespa,0.8133724959572292
2016-11-18,bovespa,0.8046362191667242
2016-11-21,bovespa,0.6757562581526803
2016-11-22,bovespa,0.7838375054351202
2016-11-23,bovespa,0.6018166455428813
2016-11-24,bovespa,0.6308264786525656
2016-11-25,bovespa,0.4279828175681599
2016-11-28,bovespa,1.0
2016-11-29,bovespa,1.0
2016-11-30,bovespa,0.5579268292682927
2016-12-01,bovespa,0.6449536964369801
2016-12-02,bovespa,1.0
2016-12-05,bovespa,0.8065012831479897
2016-12-06,bovespa,0.8938099389712293
2016-12-07,bovespa,0.5297297297297298
2016-12-08,bovespa,0.4739856801909308
2016-12-09,bovespa,0.48782816229116943
2016-12-12,bovespa,0.7312475247524752
2016-12-13,bovespa,0.6094633238012902
2016-12-14,bovespa,0.579613765540286
2016-12-15,bovespa,0.48661407540841045
2016-12-16,bovespa,0.8578993518216048
2016-12-19,bovespa,0.7212134159367657
2016-12-20,bovespa,0.6951348708336729
2016-12-21,bovespa,0.7244270542202348
2016-12-22,bovespa,0.6456889243504712
2016-12-23,bovespa,0.6507426736250502
2016-12-26,bovespa,0.5654345654345654
2016-12-27,bovespa,0.7327294210319023
2016-12-28,bovespa,0.2878234176290016
2016-12-29,bovespa,0.4171701595166469
2017-01-02,bovespa,0.5820879590093937
2017-01-03,bovespa,0.35154936724919916
2017-01-04,bovespa,0.7237627534820711
2017-01-05,bovespa,0.8562190127182583
2017-01-06,bovespa,0.7600174216027874
2017-01-09,bovespa,0.523995622948257
2017-01-10,bovespa,1.0
2017-01-11,bovespa,0.498854413420838
2017-01-12,bovespa,0.8956437068710046
2017-01-13,bovespa,0.5594069155670596
2017-01-16,bovespa,0.4018905757662561
2017-01-17,bovespa,1.0
2017-01-18,bovespa,0.4326367274344153
2017-01-19,bovespa,0.5261437908496732
2017-01-20,bovespa,0.4953483702563416
2017-01-23,bovespa,0.3880080393032604
2017-01-24,bovespa,0.9036260246658298
2017-01-26,bovespa,0.60540990676164
2017-01-27,bovespa,0.72538704343905
2017-01-30,bovespa,0.9152999325994159
2017-01-31,bovespa,0.7440829071819705
2017-02-01,bovespa,0.8601915536414476
2017-02-02,bovespa,0.8263653876190972
2017-02-03,bovespa,0.7333101357061192
2017-02-06,bovespa,1.0
2017-02-07,bovespa,0.9316188260445813
2017-02-08,bovespa,0.5175855513307985
2017-02-09,bovespa,0.6635730858468677
2017-02-10,bovespa,0.576869178138653
2017-02-13,bovespa,0.9043710841607738
2017-02-14,bovespa,0.8697734757010278
2017-02-15,bovespa,0.6609401097590074
2017-02-16,bovespa,0.5323817076394396
2017-02-17,bovespa,0.5330495060313302
2017-02-20,bovespa,0.57372737118985
2017-02-21,bovespa,0.4247787610619469
2017-02-22,bovespa,0.4811320754716981
2017-02-23,bovespa,0.3534819581705355
2017-02-24,bovespa,0.576226826608506
2017-03-01,bovespa,0.3611040769815143
2017-03-02,bovespa,0.9053857350800583
2017-03-03,bovespa,1.0
2017-03-06,bovespa,0.8850574712643678
2017-03-07,bovespa,0.9053857350800583
2017-03-08,bovespa,0.5699995573850307
2017-03-09,bovespa,0.5801526717557252
2017-03-10,bovespa,0.5997088791848617
2017-03-13,bovespa,0.7362619191974866
2017-03-14,bovespa,0.765638062682297
2017-03-15,bovespa,0.6979450126677301
2017-03-16,bovespa,0.6137624861265261
2017-03-17,bovespa,0.7197657393850659
2017-03-20,bovespa,0.5482105263157895
2017-03-21,bovespa,0.5950634696755994
2017-03-22,bovespa,0.7888191799238181
2017-03-23,bovespa,0.7643298298840611
2017-03-24,bovespa,0.6868434584588261
2017-03-27,bovespa,0.49130635482381907
2017-03-28,bovespa,0.5156239125896026
2017-03-29,bovespa,0.8674609919979474
2017-03-30,bovespa,0.8723066987612282
2017-03-31,bovespa,0.6519106789666782
2017-04-03,bovespa,0.7641036596388017
2017-04-04,bovespa,0.7641036596388017
2017-04-05,bovespa,0.7641036596388017
2017-04-06,bovespa,0.7819021109593541
2017-04-07,bovespa,0.492335352006056
2017-04-10,bovespa,0.6068685042928151
2017-04-11,bovespa,0.4013610586011342
2017-04-12,bovespa,0.7508290624057884
2017-04-13,bovespa,0.8232613188715575
2017-04-17,bovespa,0.5666552349223458
2017-04-18,bovespa,0.8975446034269564
2017-04-19,bovespa,1.0
2017-04-20,bovespa,0.5645645645645646
2017-04-24,bovespa,0.7255842612561066
2017-04-25,bovespa,0.7255842612561066
2017-04-26,bovespa,0.6287830300813751
2017-04-27,bovespa,0.5230799505228831
2017-04-28,bovespa,0.6225698869336515
2017-05-02,bovespa,0.4354081519938142
2017-05-03,bovespa,0.4003274074499555
2017-05-04,bovespa,0.30533786781014344
2017-05-05,bovespa,0.6499535747446611
2017-05-08,bovespa,0.7344322344322345
2017-05-09,bovespa,0.40704169160183523
2017-05-10,bovespa,0.42638000968135004
2017-05-11,bovespa,0.49595780669392536
2017-05-12,bovespa,0.46797479460796043
2017-05-15,bovespa,0.5826369545032498
2017-05-16,bovespa,0.7417611690387397
2017-05-17,bovespa,0.6207894553316131
2017-05-18,bovespa,0.4084315503173164
2017-05-19,bovespa,0.7576765306639207
2017-05-22,bovespa,0.819763828464885
2017-05-23,bovespa,0.46797479460796043
2017-05-24,bovespa,0.4212758670653477
2017-05-25,bovespa,0.9018655097613882
2017-05-26,bovespa,1.0
2017-05-29,bovespa,0.4148148148148148
2017-05-30,bovespa,0.9130434782608695
2017-05-31,bovespa,0.5595633602278121
2017-06-01,bovespa,0.5459438301203641
2017-06-02,bovespa,1.0
2017-06-05,bovespa,0.8991499227202473
2017-06-06,bovespa,0.7409968308844713
2017-06-07,bovespa,0.438866227382073
2017-06-08,bovespa,0.9248704663212435
2017-06-09,bovespa,0.3770594369134515
2017-06-12,bovespa,1.0
2017-06-13,bovespa,0.5343065693430656
2017-06-14,bovespa,0.45052631578947366
2017-06-15,bovespa,0.68476802812341
2017-06-16,bovespa,0.6823253681153513
2017-06-19,bovespa,0.64801189288873
2017-06-20,bovespa,0.5127787394359027
2017-06-21,bovespa,0.4359423759244218
2017-06-22,bovespa,0.7206747539959389
2017-06-23,bovespa,0.6469983589706598
2017-06-26,bovespa,0.9158542246982359
2017-06-27,bovespa,0.8210479075507685
2017-06-28,bovespa,0.5808440932742339
2017-06-29,bovespa,0.8482999128160419
2017-06-30,bovespa,0.9089799476896251
2017-07-03,bovespa,0.8787783082839468
2017-07-04,bovespa,0.8700587473862391
2017-07-05,bovespa,0.9318982387475538
2017-07-06,bovespa,0.9044655929721815
2017-07-07,bovespa,0.8141267393687183
2017-07-10,bovespa,0.4972246400593599
2017-07-11,bovespa,0.5387584295873213
2017-07-12,bovespa,0.43241319709216613
2017-07-13,bovespa,0.2918701522550991
2017-07-14,bovespa,0.6554817436842361
2017-07-17,bovespa,0.800150357098108
2017-07-18,bovespa,0.5086476257536416
2017-07-19,bovespa,0.6671385392355664
2017-07-20,bovespa,0.36111741994094937
2017-07-21,bovespa,0.6468029578077426
2017-07-24,bovespa,0.6811487972279603
2017-07-25,bovespa,0.6017023874118286
2017-07-26,bovespa,0.554589472588119
2017-07-27,bovespa,0.8565627115114282
2017-07-28,bovespa,0.7678762006403416
2017-07-31,bovespa,1.0
2017-08-01,bovespa,0.5352698293535068
2017-08-02,bovespa,0.5087706090491606
2017-08-03,bovespa,0.4664409773329408
2017-08-04,bovespa,0.4232021022686179
2017-08-07,bovespa,0.6245752198068936
2017-08-08,bovespa,0.7439588934315394
2017-08-09,bovespa,0.46240136895142125
2017-08-10,bovespa,0.21876957774714947
2017-08-11,bovespa,0.4799358622726697
2017-08-14,bovespa,0.7116177540625758
2017-08-15,bovespa,0.6359170305676856
2017-08-16,bovespa,0.6815319932227498
2017-08-17,bovespa,0.8718056666526334
2017-08-18,bovespa,0.6927200199451509
2017-08-21,bovespa,0.9229406554472985
2017-08-22,bovespa,0.49018695935261836
2017-08-23,bovespa,0.33177730384334314
2017-08-24,bovespa,0.2303451459049182
2017-08-25,bovespa,1.0
2017-08-28,bovespa,0.3801724262007225
2017-08-29,bovespa,0.6303207212533255
2017-08-30,bovespa,0.6021292942596861
2017-08-31,bovespa,0.3124128312412831
2017-09-01,bovespa,0.3400555041628122
2017-09-04,bovespa,0.6540226368920159
2017-09-05,bovespa,0.612365621978272
2017-09-06,bovespa,0.7294963034616182
2017-09-07,bovespa,1.0
2017-09-08,bovespa,0.8578993518216048
2017-09-11,bovespa,0.5977684625816791
2017-09-12,bovespa,0.492719821410722
2017-09-13,bovespa,0.43073176051474066
2017-09-14,bovespa,0.39863930784883267
2017-09-15,bovespa,0.833550164536619
2017-09-18,bovespa,0.534268265098394
2017-09-19,bovespa,0.39537528430629265
2017-09-20,bovespa,0.49890824063408007
2017-09-21,bovespa,0.6725329139970223
2017-09-22,bovespa,0.5837167359858663
2017-09-25,bovespa,0.7147540983606557
2017-09-26,bovespa,0.841475054229935
2017-09-27,bovespa,0.841475054229935
2017-09-28,bovespa,0.7152587350729765
2017-09-29,bovespa,0.9009267856830008
2017-10-02,bovespa,0.9009267856830008
2017-10-03,bovespa,0.9153471915081822
2017-10-04,bovespa,0.6383016364440514
2017-10-05,bovespa,0.592212986688332
2017-10-06,bovespa,0.9748946730536158
2017-10-09,bovespa,0.6210240815320128
2017-10-10,bovespa,0.8020387730954764
2017-10-11,bovespa,0.6553545490558563
2017-10-12,bovespa,0.652527590760152
2017-10-13,bovespa,0.7521524436566219
2017-10-16,bovespa,0.48897348580605826
2017-10-17,bovespa,0.34672722610893375
2017-10-18,bovespa,0.3118569421769999
2017-10-19,bovespa,0.8483792262112234
2017-10-20,bovespa,0.7182001225597479
2017-10-23,bovespa,0.6791927860279575
2017-10-24,bovespa,0.5114494290884133
2017-10-25,bovespa,0.4289173498264142
2017-10-26,bovespa,0.21718460422765976
2017-10-27,bovespa,0.47993168232280103
2017-10-30,bovespa,0.610738255033557
2017-10-31,bovespa,0.6941788526434196
2017-11-01,bovespa,0.26131146303727093
2017-11-02,bovespa,0.5311689175703546
2017-11-03,bovespa,0.3745694174030253
2017-11-06,bovespa,0.27768897717220936
2017-11-07,bovespa,0.3200673319706625
2017-11-08,bovespa,0.4495219347581552
2017-11-09,bovespa,0.43073176051474066
2017-11-10,bovespa,0.4628337743565071
2017-11-13,bovespa,0.6692015209125475
2017-11-14,bovespa,0.42809892193359994
2017-11-15,bovespa,0.6516235089148975
2017-11-16,bovespa,0.5086791106883842
2017-11-17,bovespa,0.4357976653696498
2017-11-20,bovespa,0.7101449275362319
2017-11-21,bovespa,0.6004502476361999
2017-11-22,bovespa,0.7105675146771038
2017-11-23,bovespa,0.6337847730600292
2017-11-24,bovespa,0.7520963933892372
2017-11-27,bovespa,0.912128039779349
2017-11-28,bovespa,0.5884467751527275
2017-11-29,bovespa,0.3840604139977075
2017-11-30,bovespa,0.4710352980915386
2017-12-01,bovespa,0.31709313403196154
2017-12-04,bovespa,0.40827485892065885
2017-12-05,bovespa,0.7483771450607366
2017-12-06,bovespa,0.43694073949012324
2017-12-07,bovespa,0.9076138897738133
2017-12-08,bovespa,0.805242378607188
2017-12-11,bovespa,0.5150978656437494
2017-12-12,bovespa,0.41029250743000156
2017-12-13,bovespa,0.460459833144021
2017-12-14,bovespa,0.7530864197530864
2017-12-15,bovespa,0.7142857142857143
2017-12-18,bovespa,0.5233724653148346
2017-12-19,bovespa,0.7244110077212433
2017-12-20,bovespa,1.0
2017-12-21,bovespa,1.0
2017-12-22,bovespa,0.8082625420740503
2017-12-25,bovespa,1.0
2017-12-26,bovespa,0.9302772880269274
2017-12-27,bovespa,0.8297722470063396
2017-12-28,bovespa,0.5892351274787535
2017-12-29,bovespa,0.47719202403714833
2018-01-02,bovespa,0.5687308206782595
2018-01-03,bovespa,0.7931054163575139
2018-01-04,bovespa,0.6544190665342602
2018-01-05,bovespa,0.7984111221449851
2018-01-08,bovespa,0.720714410786202
2018-01-09,bovespa,0.6802460538532962
2018-01-10,bovespa,0.4480095714596476
2018-01-11,bovespa,0.8797802881127578
2018-01-12,bovespa,0.5944482872695558
2018-01-15,bovespa,0.6430491497127981
2018-01-16,bovespa,0.3894022692712598
2018-01-17,bovespa,0.6340144230769231
2018-01-18,bovespa,0.680119709277469
2018-01-19,bovespa,0.6055415617128463
2018-01-22,bovespa,0.39008931143762604
2018-01-23,bovespa,0.2514463729417
2018-01-24,bovespa,0.4523002421307506
2018-01-25,bovespa,0.44996729888816217
2018-01-26,bovespa,0.6577161404544113
2018-01-29,bovespa,0.32666793025018953
2018-01-30,bovespa,0.7128807630111218
2018-01-31,bovespa,0.5797642815740324
2018-02-01,bovespa,0.3784705309303458
2018-02-02,bovespa,0.9159420289855073
2018-02-05,bovespa,0.47912977485454084
2018-02-06,bovespa,0.680707906862945
2018-02-07,bovespa,0.838604953158334
2018-02-08,bovespa,0.6431354854587965
2018-02-09,bovespa,0.4684472374967269
2018-02-14,bovespa,0.5705172020961494
2018-02-15,bovespa,0.8386722915024801
2018-02-16,bovespa,0.6389756155396593
2018-02-19,bovespa,0.8380601055909029
2018-02-20,bovespa,1.0
2018-02-21,bovespa,0.4924654495259067
2018-02-22,bovespa,0.5921650090997665
2018-02-23,bovespa,0.5117001986011571
2018-02-26,bovespa,0.43891361613225544
2018-02-27,bovespa,0.45892900411921494
2018-02-28,bovespa,1.0
2018-03-01,bovespa,0.43595825426944973
2018-03-02,bovespa,0.43119338322174083
2018-03-05,bovespa,0.4686689534008199
2018-03-06,bovespa,0.590914023221326
2018-03-07,bovespa,0.5797251842839762
2018-03-08,bovespa,1.0
2018-03-09,bovespa,0.5081759732698831
2018-03-12,bovespa,0.4385411976587123
2018-03-13,bovespa,0.5352825414675288
2018-03-14,bovespa,0.5909860214379741
2018-03-15,bovespa,0.4497242945183263
2018-03-16,bovespa,0.4645055395978662
2018-03-19,bovespa,0.7724498692240628
2018-03-20,bovespa,0.6108663729809104
2018-03-21,bovespa,0.49760765550239233
2018-03-22,bovespa,0.6730517319131574
2018-03-23,bovespa,0.4721650242682747
2018-03-26,bovespa,0.24673150740281105
2018-03-27,bovespa,0.4491827615817893
2018-03-28,bovespa,0.5890068359917746
2018-03-29,bovespa,0.5036674816625917
2018-04-02,bovespa,0.677396449704142
2018-04-03,bovespa,0.7146581448154066
2018-04-04,bovespa,1.0
2018-04-05,bovespa,0.5294522568590815
2018-04-06,bovespa,0.714258114374034
2018-04-09,bovespa,0.48450461450066434
2018-04-10,bovespa,0.6075187969924812
2018-04-11,bovespa,0.8938099389712293
2018-04-12,bovespa,0.7083197221601362
2018-04-13,bovespa,0.36630540925608723
2018-04-16,bovespa,0.5548227535037098
2018-04-17,bovespa,0.45686186857398303
2018-04-18,bovespa,0.39722068255602183
2018-04-19,bovespa,0.6690289341536053
2018-04-20,bovespa,0.4854341680534114
2018-04-23,bovespa,0.7269684078387614
2018-04-24,bovespa,1.0
2018-04-25,bovespa,0.40768183345417247
2018-04-26,bovespa,0.22076718759651615
2018-04-27,bovespa,0.34810801464019137
2018-04-30,bovespa,0.35036430284654024
2018-05-02,bovespa,0.4599758162031439
2018-05-03,bovespa,0.31434944237918216
2018-05-04,bovespa,0.325204765450484
2018-05-07,bovespa,0.5892351274787535
2018-05-08,bovespa,0.6626038781163435
2018-05-09,bovespa,0.3931487031104681
2018-05-10,bovespa,0.48588312541037426
2018-05-11,bovespa,0.4709258626580116
2018-05-14,bovespa,0.6563626996393611
2018-05-15,bovespa,1.0
2018-05-16,bovespa,0.7959121228810966
2018-05-17,bovespa,0.5856996719461004
2018-05-18,bovespa,0.42427911691822484
2018-05-21,bovespa,0.4642777654128645
2018-05-22,bovespa,0.7695800227014756
2018-05-23,bovespa,0.5496894409937888
2018-05-24,bovespa,0.7156147850138295
2018-05-25,bovespa,1.0
2018-05-28,bovespa,0.7560096153846154
2018-05-29,bovespa,0.6349139739823751
2018-05-30,bovespa,0.5384514759959884
2018-06-01,bovespa,0.46548329311442405
2018-06-04,bovespa,0.5664224386661304
2018-06-05,bovespa,0.5366105837014757
2018-06-06,bovespa,0.5754695734426377
2018-06-07,bovespa,0.5073753924224831
2018-06-08,bovespa,0.32525951557093424
2018-06-11,bovespa,0.28266438941076005
2018-06-12,bovespa,0.5770112833684983
2018-06-13,bovespa,0.7423956931359353
2018-06-14,bovespa,0.7067817509247842
2018-06-15,bovespa,0.6631247185952274
2018-06-18,bovespa,0.5581997411132131
2018-06-19,bovespa,0.6931247858424203
2018-06-20,bovespa,0.8392242301632074
2018-06-21,bovespa,0.8253830200040142
2018-06-22,bovespa,0.625498943413947
2018-06-25,bovespa,0.6581669473177773
2018-06-26,bovespa,0.5504185758087298
2018-06-27,bovespa,0.8253830200040142
2018-06-28,bovespa,0.7189922480620154
2018-06-29,bovespa,0.9148761300927557
2018-07-02,bovespa,0.6408298069976262
2018-07-03,bovespa,0.4954680183856695
2018-07-04,bovespa,0.7503114981310112
2018-07-05,bovespa,0.4019450353840142
2018-07-06,bovespa,0.4019450353840142
2018-07-10,bovespa,0.5866702864123795
2018-07-11,bovespa,0.37268699504821473
2018-07-12,bovespa,0.6051437216338881
2018-07-13,bovespa,0.39227690134212384
2018-07-16,bovespa,0.3485278080697928
2018-07-17,bovespa,0.463768115942029
2018-07-18,bovespa,0.5714285714285714
2018-07-19,bovespa,0.8509823677581864
2018-07-20,bovespa,0.6358478281090131
2018-07-23,bovespa,0.8938210474928516
2018-07-24,bovespa,0.5195062993260442
2018-07-25,bovespa,0.7481260074177243
2018-07-26,bovespa,0.6553480475382003
2018-07-27,bovespa,0.48039470267462997
2018-07-30,bovespa,0.314506096043792
2018-07-31,bovespa,0.6261510128913443
2018-08-01,bovespa,0.6244604316546762
2018-08-02,bovespa,0.6414545454545455
2018-08-03,bovespa,0.383634431455898
2018-08-06,bovespa,0.4197851055946647
2018-08-07,bovespa,0.8085106382978723
2018-08-08,bovespa,1.0
2018-08-09,bovespa,0.9078014184397163
2018-08-10,bovespa,0.7898550724637681
2018-08-13,bovespa,0.541447053186392
2018-08-14,bovespa,1.0
2018-08-15,bovespa,1.0
2018-08-16,bovespa,0.49611867014747324
2018-08-17,bovespa,0.8075258267443873
2018-08-20,bovespa,0.6883028364704031
2018-08-21,bovespa,0.41661451215306605
2018-08-22,bovespa,0.4587167854828257
2018-08-23,bovespa,0.553464499572284
2018-08-24,bovespa,0.7197164948453608
2018-08-27,bovespa,0.5776270596930568
2018-08-28,bovespa,0.5572614286328645
2018-08-29,bovespa,0.6045839690939194
2018-08-30,bovespa,0.9179425912534976
2018-08-31,bovespa,0.6200162226243214
2018-09-03,bovespa,0.7828664129281837
2018-09-04,bovespa,0.5490166183869493
2018-09-05,bovespa,0.563334751169715
2018-09-06,bovespa,0.7393864270220019
2018-09-10,bovespa,0.8064331574597927
2018-09-11,bovespa,0.9059540796471657
2018-09-12,bovespa,0.7615458407564752
2018-09-13,bovespa,0.9040934812963916
2018-09-14,bovespa,0.8335246842709529
2018-09-17,bovespa,0.7487324305243566
2018-09-18,bovespa,0.8433843384338434
2018-09-19,bovespa,0.9170287167532055
2018-09-20,bovespa,0.7587148525835218
2018-09-21,bovespa,0.5356761638886608
2018-09-24,bovespa,0.698367021461013
2018-09-25,bovespa,1.0
2018-09-26,bovespa,0.47828847578397826
2018-09-27,bovespa,0.20085731781996327
2018-09-28,bovespa,0.3425278669941432
2018-10-01,bovespa,0.9394347240915208
2018-10-02,bovespa,0.6847960444993819
2018-10-03,bovespa,0.7231566506046004
2018-10-04,bovespa,0.37440413670517897
2018-10-05,bovespa,0.4605809128630705
2018-10-08,bovespa,0.36863543788187375
2018-10-09,bovespa,0.4088578664525295
2018-10-10,bovespa,0.4025737023310067
2018-10-11,bovespa,0.5713248387821788
2018-10-15,bovespa,0.7624330136191418
2018-10-16,bovespa,0.6213835602130696
2018-10-17,bovespa,0.7237594121382563
2018-10-18,bovespa,0.4652896725440806
2018-10-19,bovespa,0.6379799508227728
2018-10-22,bovespa,0.5811472027353652
2018-10-23,bovespa,0.896797153024911
2018-10-24,bovespa,0.6868626274745051
2018-10-25,bovespa,0.5535947843934241
2018-10-26,bovespa,0.6192211387740977
2018-10-29,bovespa,0.7536407766990292
2018-10-30,bovespa,0.4983984625240231
2018-10-31,bovespa,0.3886594389950095
2018-11-01,bovespa,0.6699352127473297
2018-11-05,bovespa,0.48885702336141484
2018-11-06,bovespa,0.7472221733082111
2018-11-07,bovespa,0.3341171272113245
2018-11-08,bovespa,0.5928745242403444
2018-11-09,bovespa,0.6543835616438356
2018-11-12,bovespa,0.4041095890410959
2018-11-13,bovespa,0.40264426915338675
2018-11-14,bovespa,0.24037840141900532
2018-11-16,bovespa,0.3184883451630042
2018-11-19,bovespa,0.33730495998973686
2018-11-21,bovespa,0.6327206598688057
2018-11-22,bovespa,0.35379856341425053
2018-11-23,bovespa,0.45468509984639016
2018-11-26,bovespa,0.32
2018-11-27,bovespa,0.5549160671462829
2018-11-28,bovespa,0.8336201950659782
2018-11-29,bovespa,0.7601118147070569
2018-11-30,bovespa,0.7521035164761489
2018-12-03,bovespa,0.9409778233405195
2018-12-04,bovespa,0.771505376344086
2018-12-05,bovespa,0.9070100143061517
2018-12-06,bovespa,0.8148087503274823
2018-12-07,bovespa,0.6584663700601937
2018-12-10,bovespa,0.9302691595867154
2018-12-11,bovespa,0.4979919678714859
2018-12-12,bovespa,0.9572649572649573
2018-12-13,bovespa,0.9085617268978898
2018-12-14,bovespa,0.9085617268978898
2018-12-17,bovespa,1.0
2018-12-18,bovespa,0.8086229652441707
2018-12-19,bovespa,0.9360124738901474
2018-12-20,bovespa,0.47119559211253376
2018-12-21,bovespa,0.8608395834073863
2018-12-26,bovespa,1.0
2018-12-27,bovespa,1.0
2018-12-28,bovespa,1.0
2019-01-02,bovespa,0.8059582603154373
2019-01-03,bovespa,0.9103620841919341
2019-01-04,bovespa,1.0
2019-01-07,bovespa,0.6961102106969206
2019-01-08,bovespa,0.7105704697986577
2019-01-09,bovespa,0.4688294115705752
2019-01-10,bovespa,0.6082054786011554
2019-01-11,bovespa,0.3210550959887623
2019-01-14,bovespa,0.4271039114974318
2019-01-15,bovespa,0.7366871165644172
2019-01-16,bovespa,0.8385043754972156
2019-01-17,bovespa,0.5495340006903694
2019-01-18,bovespa,0.7272560444097812
2019-01-21,bovespa,0.4095242657979208
2019-01-22,bovespa,0.5205162850234675
2019-01-23,bovespa,0.7153536515238643
2019-01-24,bovespa,0.5377258235919234
2019-01-28,bovespa,0.48473669960741844
2019-01-29,bovespa,0.7130186189708254
2019-01-30,bovespa,0.4307679725198332
2019-01-31,bovespa,0.7531942899938724
2019-02-01,bovespa,0.374227833533603
2019-02-04,bovespa,0.4862564915629904
2019-02-05,bovespa,0.39607150815007797
2019-02-06,bovespa,0.44798662911263115
2019-02-07,bovespa,0.5277856261245855
2019-02-08,bovespa,0.5781211473658255
2019-02-11,bovespa,0.5280583613916947
2019-02-12,bovespa,0.23302558184266206
2019-02-13,bovespa,0.5002596666824041
2019-02-14,bovespa,0.7468852683461117
2019-02-15,bovespa,0.7702363660372376
2019-02-18,bovespa,0.1777164539496378
2019-02-19,bovespa,0.27243090007087173
2019-02-20,bovespa,0.24870466321243523
2019-02-21,bovespa,0.5228170250109697
2019-02-22,bovespa,0.5473834540446803
2019-02-25,bovespa,0.5643901462046865
2019-02-26,bovespa,0.5187234042553192
2019-02-27,bovespa,0.2742967992240543
2019-02-28,bovespa,0.6209326040604431
2019-03-01,bovespa,0.3902081807720473
2019-03-06,bovespa,0.3249203626562117
2019-03-07,bovespa,0.4160093975499245
2019-03-08,bovespa,0.3946229488140207
2019-03-11,bovespa,0.8119396251950152
2019-03-12,bovespa,0.5226917057902973
2019-03-13,bovespa,0.434654919236417
2019-03-14,bovespa,0.3512304250559284
2019-03-15,bovespa,0.3188935281837161
2019-03-18,bovespa,0.3234229653336524
2019-03-19,bovespa,0.47431116635591464
2019-03-20,bovespa,0.43454038997214484
2019-03-21,bovespa,0.7993850883935434
2019-03-22,bovespa,0.6089887640449438
2019-03-25,bovespa,0.25762329024971764
2019-03-26,bovespa,0.4136098509397278
2019-03-27,bovespa,0.40364425162689804
2019-03-28,bovespa,0.549810737627061
2019-03-29,bovespa,0.5804241106776269
2019-04-01,bovespa,0.5652352006291679
2019-04-02,bovespa,0.2753275355771403
2019-04-03,bovespa,0.422603689728714
2019-04-04,bovespa,0.5752841899714066
2019-04-05,bovespa,0.46403470715835143
2019-04-08,bovespa,0.5151702786377709
2019-04-09,bovespa,0.5351179943586959
2019-04-10,bovespa,0.48395027766793325
2019-04-11,bovespa,0.34965299088806007
2019-04-12,bovespa,0.42764065249441197
2019-04-15,bovespa,0.7382536489762236
2019-04-16,bovespa,0.74218178014852
2019-04-17,bovespa,0.6908671852492078
2019-04-18,bovespa,0.3254871830690787
2019-04-22,bovespa,0.3033984901248062
2019-04-23,bovespa,0.6075027909893101
2019-04-24,bovespa,0.377806606127133
2019-04-25,bovespa,0.7952257300350781
2019-04-26,bovespa,0.4534412955465587
2019-04-29,bovespa,0.29971988795518206
2019-04-30,bovespa,0.321127593514366
2019-05-02,bovespa,0.8407759882869692
2019-05-03,bovespa,0.18561399187092006
2019-05-06,bovespa,0.46075690916603873
2019-05-07,bovespa,0.833129904097646
2019-05-08,bovespa,0.9226666666666666
2019-05-09,bovespa,0.6453291699193339
2019-05-10,bovespa,0.8972036234738086
2019-05-13,bovespa,0.5584467896560058
2019-05-14,bovespa,0.5125078352042851
2019-05-15,bovespa,0.5926741944367943
2019-05-16,bovespa,0.5811082902915171
2019-05-17,bovespa,0.662468195680026
2019-05-20,bovespa,0.6191777884976148
2019-05-21,bovespa,0.5277819530036575
2019-05-22,bovespa,0.6037267080745342
2019-05-23,bovespa,0.7804416403785489
2019-05-24,bovespa,0.7352569404347623
2019-05-27,bovespa,0.9177312036861922
2019-05-28,bovespa,0.6671008711226899
2019-05-29,bovespa,0.5465376023827252
2019-05-30,bovespa,0.5924104005621925
2019-05-31,bovespa,0.5553056634635044
2019-06-03,bovespa,0.49218416332108994
2019-06-04,bovespa,0.7345038536329184
2019-06-05,bovespa,0.620990099009901
2019-06-06,bovespa,0.7855633802816901
2019-06-07,bovespa,0.7961822125813449
2019-06-10,bovespa,0.8511089813800657
2019-06-11,bovespa,0.6818326738058176
2019-06-12,bovespa,0.8096835350736473
2019-06-13,bovespa,0.6009728978457262
2019-06-14,bovespa,0.6266619767850862
2019-06-17,bovespa,0.6844232562959892
2019-06-18,bovespa,0.8809034907597536
2019-06-19,bovespa,0.47510130571814496
2019-06-21,bovespa,0.528868888719396
2019-06-24,bovespa,0.7700980680016443
2019-06-25,bovespa,1.0
2019-06-26,bovespa,0.7127954575465469
2019-06-27,bovespa,0.7883505942865087
2019-06-28,bovespa,0.8185862236741502
2019-07-01,bovespa,0.5807603069784044
2019-07-02,bovespa,0.9191199256275178
2019-07-03,bovespa,0.5189826760044232
2019-07-04,bovespa,0.3814560197426406
2019-07-05,bovespa,0.42271662763466045
2019-07-08,bovespa,0.45900978118382574
2019-07-10,bovespa,0.6420068777003791
2019-07-11,bovespa,0.3263105604581848
2019-07-12,bovespa,0.7391217431865129
2019-07-15,bovespa,0.39192269122071294
2019-07-16,bovespa,0.3126082596408059
2019-07-17,bovespa,0.78892328285786
2019-07-18,bovespa,0.49978438982319967
2019-07-19,bovespa,0.3189581554227156
2019-07-22,bovespa,0.5947053927475558
2019-07-23,bovespa,1.0
2019-07-24,bovespa,0.9333514921434773
2019-07-25,bovespa,0.44216465760451396
2019-07-26,bovespa,0.7037009006281693
2019-07-29,bovespa,0.9348680516563729
2019-07-30,bovespa,1.0
2019-07-31,bovespa,1.0
2019-08-01,bovespa,0.6614785992217899
2019-08-02,bovespa,0.6831058513051008
2019-08-05,bovespa,0.4766242695084221
2019-08-06,bovespa,0.9229406554472985
2019-08-07,bovespa,0.8700483957698513
2019-08-08,bovespa,0.6249692092946876
2019-08-09,bovespa,1.0
2019-08-12,bovespa,0.545759677780264
2019-08-13,bovespa,1.0
2019-08-14,bovespa,0.5116784356328082
2019-08-15,bovespa,0.6318758815232722
2019-08-16,bovespa,0.5948822564193534
2019-08-19,bovespa,0.8158748715054522
2019-08-20,bovespa,0.8873154304464209
2019-08-21,bovespa,0.937562796038467
2019-08-22,bovespa,0.7710635854743793
2019-08-23,bovespa,0.7187050209641419
2019-08-26,bovespa,0.7703806929752328
2019-08-27,bovespa,0.5236339255782769
2019-08-28,bovespa,0.4652690073250821
2019-08-29,bovespa,0.6839461713419257
2019-08-30,bovespa,0.46392561057584586
2019-09-02,bovespa,0.469242501270971
2019-09-03,bovespa,0.40612200905367535
2019-09-04,bovespa,0.44877532361291567
2019-09-05,bovespa,0.43137254901960786
2019-09-06,bovespa,0.3547282841249465
2019-09-09,bovespa,0.524652504589562
2019-09-10,bovespa,1.0
2019-09-11,bovespa,0.7182201970113248
2019-09-12,bovespa,0.5678587803759744
2019-09-13,bovespa,0.5678587803759744
2019-09-16,bovespa,0.5840089809155544
2019-09-17,bovespa,0.3902081807720473
2019-09-18,bovespa,0.8998849252013809
2019-09-19,bovespa,0.4112357467321776
2019-09-20,bovespa,0.5056818181818182
2019-09-23,bovespa,0.7881990153823959
2019-09-24,bovespa,0.6435140500081951
2019-09-25,bovespa,0.6429132826827352
2019-09-26,bovespa,0.7484989993328885
2019-09-27,bovespa,0.5936952714535902
2019-09-30,bovespa,0.8842088781022469
2019-10-01,bovespa,0.6555006992771328
2019-10-02,bovespa,0.7367823916496483
2019-10-03,bovespa,1.0
2019-10-04,bovespa,0.7839761628869393
2019-10-07,bovespa,0.579216472051406
2019-10-08,bovespa,0.8064483006468837
2019-10-09,bovespa,1.0
2019-10-10,bovespa,0.5108957541361032
2019-10-11,bovespa,0.5715278984877455
2019-10-14,bovespa,0.5249362941390608
2019-10-15,bovespa,0.7373188405797102
2019-10-16,bovespa,0.6538532166248393
2019-10-17,bovespa,0.8941434133679429
2019-10-18,bovespa,0.7051037866804404
2019-10-21,bovespa,0.43942384548880153
2019-10-22,bovespa,0.7251937331536388
2019-10-23,bovespa,0.6225525332930923
2019-10-24,bovespa,0.5593333999172457
2019-10-25,bovespa,0.3785885003159254
2019-10-28,bovespa,0.4917036690815611
2019-10-29,bovespa,0.4339973357291118
2019-10-30,bovespa,0.4742810787543665
2019-10-31,bovespa,0.5986176639565453
2019-11-01,bovespa,0.6686607093094543
2019-11-04,bovespa,0.5162239958131624
2019-11-05,bovespa,0.4721422875567729
2019-11-06,bovespa,0.5076400679117148
2019-11-07,bovespa,0.4931588934385299
2019-11-08,bovespa,0.47153014279739497
2019-11-11,bovespa,0.5928183067455338
2019-11-12,bovespa,0.7345942647956071
2019-11-13,bovespa,0.4499159438832438
2019-11-14,bovespa,1.0
2019-11-18,bovespa,0.6269689629752215
2019-11-19,bovespa,1.0
2019-11-21,bovespa,0.9023688559711085
2019-11-22,bovespa,0.9276537358114008
2019-11-25,bovespa,0.6450076093429498
2019-11-26,bovespa,0.8451185644093142
2019-11-27,bovespa,1.0
2019-11-28,bovespa,0.7462817147856518
2019-11-29,bovespa,0.7462817147856518
2019-12-02,bovespa,0.6958408679927667
2019-12-03,bovespa,0.7372168284789644
2019-12-04,bovespa,0.8745023368530379
2019-12-05,bovespa,0.7905633124699085
2019-12-06,bovespa,0.4948268581081081
2019-12-09,bovespa,0.7381253386310276
2019-12-10,bovespa,0.6419207317073171
2019-12-11,bovespa,0.6435991221653256
2019-12-12,bovespa,0.7111852103220857
2019-12-13,bovespa,0.8810413666113653
2019-12-16,bovespa,0.8175967621374268
2019-12-17,bovespa,0.522471449871381
2019-12-18,bovespa,0.26360895096016507
2019-12-19,bovespa,0.4806252035167698
2019-12-20,bovespa,0.7034379768204395
2019-12-23,bovespa,0.3421450607948702
2019-12-26,bovespa,0.5530780551467526
2019-12-27,bovespa,0.8900744068510459
2019-12-30,bovespa,0.44141252006420545
2020-01-02,bovespa,0.3485791610284168
2020-01-03,bovespa,0.43079276064236555
2020-01-06,bovespa,0.5227210386760538
2020-01-07,bovespa,0.003284197662873291
2020-01-08,bovespa,0.35035501873346087
2020-01-09,bovespa,0.4742143432715552
2020-01-10,bovespa,0.19857876036320568
2020-01-13,bovespa,0.8942463533225283
2020-01-14,bovespa,0.20252076768834146
2020-01-15,bovespa,0.34150772025431425
2020-01-16,bovespa,0.6927172171396082
2020-01-17,bovespa,0.4670258075808553
2020-01-20,bovespa,0.5817030307049539
2020-01-21,bovespa,0.4629969612560142
2020-01-22,bovespa,0.4895154565949168
2020-01-23,bovespa,0.4808449695667741
2020-01-24,bovespa,0.49173760640961445
2020-01-27,bovespa,0.16844709321938603
2020-01-28,bovespa,0.6067290707539953
2020-01-29,bovespa,0.3231296732350147
2020-01-30,bovespa,0.541798333812123
2020-01-31,bovespa,0.3859029948573157
2020-02-03,bovespa,0.9114774114774115
2020-02-04,bovespa,0.7481181239143022
2020-02-05,bovespa,0.7326696165191741
2020-02-06,bovespa,0.7616363721760369
2020-02-07,bovespa,0.5313477444915549
2020-02-10,bovespa,0.6258643822891939
2020-02-11,bovespa,0.7811733635163177
2020-02-12,bovespa,0.5383875027763382
2020-02-13,bovespa,0.5164312211938397
2020-02-14,bovespa,0.7344322344322345
2020-02-17,bovespa,0.5048074397099774
2020-02-18,bovespa,0.511226952052902
2020-02-19,bovespa,0.31417309903103957
2020-02-20,bovespa,0.20420911727522867
2020-02-21,bovespa,0.3856981020810379
2020-02-26,bovespa,0.5362782330601639
2020-02-27,bovespa,0.3756578317864319
2020-02-28,bovespa,0.5563706944764286
2020-03-02,bovespa,0.7378603825049954
2020-03-03,bovespa,0.720134322971425
2020-03-04,bovespa,0.7525245342056607
2020-03-05,bovespa,0.5266594124047879
2020-03-06,bovespa,0.6193050193050194
2020-03-09,bovespa,0.3089254766031196
2020-03-10,bovespa,0.33177730384334314
2020-03-11,bovespa,0.5238095238095238
2020-03-12,bovespa,0.33447098976109213
2020-03-13,bovespa,0.6039797112758486
2020-03-16,bovespa,0.5403665180782565
2020-03-17,bovespa,0.8727512066695919
2020-03-18,bovespa,0.5069109258446687
2020-03-19,bovespa,0.7746113989637305
2020-03-20,bovespa,0.7306501547987616
2020-03-23,bovespa,0.5954162444299457
2020-03-24,bovespa,0.5954162444299457
2020-03-25,bovespa,0.4402041269136898
2020-03-26,bovespa,0.42114498793595084
2020-03-27,bovespa,0.5265048438010231
2020-03-30,bovespa,0.393137837203199
2020-03-31,bovespa,0.8264228969419959
2020-04-01,bovespa,0.5521328992403373
2020-04-02,bovespa,0.6016379287788796
2020-04-03,bovespa,0.6542015832532874
2020-04-06,bovespa,0.5246207251221394
2020-04-07,bovespa,0.5246207251221394
2020-04-08,bovespa,0.7538386086694081
2020-04-09,bovespa,0.5191045394873213
2020-04-13,bovespa,0.6123890300650143
2020-04-14,bovespa,0.5057299613673992
2020-04-15,bovespa,0.5332753371030883
2020-04-16,bovespa,0.5123893805309735
2020-04-17,bovespa,0.4429878048780488
2020-04-20,bovespa,0.8023386144012602
2020-04-22,bovespa,0.6656220435193945
2020-04-23,bovespa,1.0
2020-04-24,bovespa,0.40766507390260204
2020-04-27,bovespa,0.6657221074876327
2020-04-28,bovespa,0.6657221074876327
2020-04-29,bovespa,0.838454111064346
2020-04-30,bovespa,1.0
2020-05-04,bovespa,0.7685075685903501
2020-05-05,bovespa,1.0
2020-05-06,bovespa,0.7685075685903501
2020-05-07,bovespa,0.581350585467572
2020-05-08,bovespa,0.5989591078066915
2020-05-11,bovespa,0.6437108232344337
2020-05-12,bovespa,1.0
2020-05-13,bovespa,0.4803520905375668
2020-05-14,bovespa,0.6474088126239544
2020-05-15,bovespa,1.0
2020-05-18,bovespa,0.6461976413176088
2020-05-19,bovespa,1.0
2020-05-20,bovespa,0.6461976413176088
2020-05-21,bovespa,1.0
2020-05-22,bovespa,0.7601847803357223
2020-05-25,bovespa,0.6845428657339442
2020-05-26,bovespa,0.658339878546388
2020-05-27,bovespa,0.48247091361381933
2020-05-28,bovespa,0.42227627475265994
2020-05-29,bovespa,0.7524345516630834
2020-06-01,bovespa,1.0
2020-06-02,bovespa,1.0
2020-06-03,bovespa,1.0
2020-06-04,bovespa,0.6687182356506738
2020-06-05,bovespa,1.0
2020-06-08,bovespa,0.5217678100263852
2020-06-09,bovespa,0.5945174729392965
2020-06-10,bovespa,0.6882837692583303
2020-06-12,bovespa,0.6957012298318853
2020-06-15,bovespa,0.7462734931950745
2020-06-16,bovespa,0.42206740116655866
2020-06-17,bovespa,0.5590918305290898
2020-06-18,bovespa,0.5590918305290898
2020-06-19,bovespa,0.6060802069857697
2020-06-22,bovespa,0.674031729719314
2020-06-23,bovespa,0.7543087955910794
2020-06-24,bovespa,0.4167141564144682
2020-06-25,bovespa,0.6076853702099064
2020-06-26,bovespa,0.4898720682302772
2020-06-29,bovespa,0.7735082786629178
2020-06-30,bovespa,0.6623544631306598
2020-07-01,bovespa,0.6061922868006518
2020-07-02,bovespa,0.4777572276842208
2020-07-03,bovespa,0.8205568924028875
2020-07-06,bovespa,0.6765166340508806
2020-07-07,bovespa,0.6782279937535958
2020-07-08,bovespa,0.6782279937535958
2020-07-09,bovespa,0.9311027519303108
2020-07-10,bovespa,0.8443426608459171
2020-07-13,bovespa,0.6426506830559527
2020-07-14,bovespa,0.5299955118934823
2020-07-15,bovespa,0.4326570126255496
2020-07-16,bovespa,1.0
2020-07-17,bovespa,0.5756642279553331
2020-07-20,bovespa,0.682046596619461
2020-07-21,bovespa,0.5213959833937243
2020-07-22,bovespa,0.7719750183468376
2020-07-23,bovespa,1.0
2020-07-24,bovespa,0.5030813166992334
2020-07-27,bovespa,0.4682240643054509
2020-07-28,bovespa,0.8130841121495327
2020-07-29,bovespa,0.6831955922865014
2020-07-30,bovespa,0.5732431455568751
2020-07-31,bovespa,0.8476290555628531
2020-08-03,bovespa,0.7295646022252235
2020-08-04,bovespa,0.570299637800461
2020-08-05,bovespa,0.427066183733948
2020-08-06,bovespa,0.8598130841121495
2020-08-07,bovespa,1.0
2020-08-10,bovespa,0.7321428571428571
2020-08-11,bovespa,0.8453278338785379
2020-08-12,bovespa,1.0
2020-08-13,bovespa,0.8607950504906842
2020-08-14,bovespa,0.7949147306985742
2020-08-17,bovespa,0.6079989513869546
2020-08-18,bovespa,0.5409529994317721
2020-08-19,bovespa,0.5564760235781424
2020-08-20,bovespa,0.3150287580182659
2020-08-21,bovespa,0.43030606800433313
2020-08-24,bovespa,0.6819621905789786
2020-08-25,bovespa,0.9082149388099592
2020-08-26,bovespa,0.39259492815638936
2020-08-27,bovespa,0.21970202357126972
2020-08-28,bovespa,0.46018614270941055
2020-08-31,bovespa,0.3330352009199514
2020-09-01,bovespa,0.14182111200644643
2020-09-02,bovespa,0.20205632543585159
2020-09-03,bovespa,0.5063018935547459
2020-09-04,bovespa,1.0
2020-09-08,bovespa,0.6831192367144608
2020-09-09,bovespa,0.3746948738812042
2020-09-10,bovespa,0.5211009174311927
2020-09-11,bovespa,0.823170731707317
2020-09-14,bovespa,0.8535353535353535
2020-09-15,bovespa,0.9148727984344422
2020-09-16,bovespa,0.6435963777490298
2020-09-17,bovespa,0.7263462506290891
2020-09-18,bovespa,0.7068952609118814
2020-09-21,bovespa,1.0
2020-09-22,bovespa,1.0
2020-09-23,bovespa,0.4839456232132091
2020-09-24,bovespa,0.24844287643190036
2020-09-25,bovespa,0.6803820720058781
2020-09-28,bovespa,0.8449618981347906
2020-09-29,bovespa,1.0
2020-09-30,bovespa,0.7337108313884532
2020-10-01,bovespa,0.8821776814734561
2020-10-02,bovespa,0.8169261965795616
2020-10-05,bovespa,0.9334277078471133
2020-10-06,bovespa,1.0
2020-10-07,bovespa,0.5407016348773842
2020-10-08,bovespa,0.3710843373493976
2020-10-09,bovespa,0.6544092611508342
2020-10-13,bovespa,0.6821967562151668
2020-10-14,bovespa,0.7038683325324363
2020-10-15,bovespa,0.6516098029793369
2020-10-16,bovespa,0.47052686489306206
2020-10-19,bovespa,0.5318805488297014
2020-10-20,bovespa,0.28847583643122676
2020-10-21,bovespa,0.9453860640301318
2020-10-22,bovespa,0.8555223423009121
2020-10-23,bovespa,0.4076363064997643
2020-10-26,bovespa,0.4752233335878445
2020-10-27,bovespa,0.7674240977658965
2020-10-28,bovespa,0.7023809523809523
2020-10-29,bovespa,0.7447447447447447
2020-10-30,bovespa,0.5436461980734908
2020-11-03,bovespa,0.5993031358885017
2020-11-04,bovespa,0.6642246642246642
2020-11-05,bovespa,0.4230089017272888
2020-11-06,bovespa,0.606648099251275
2020-11-09,bovespa,0.5604376459110073
2020-11-10,bovespa,0.687346321165122
2020-11-11,bovespa,0.5507491746381106
2020-11-12,bovespa,0.4035171917315142
2020-11-13,bovespa,0.5064360890488673
2020-11-16,bovespa,1.0
2020-11-17,bovespa,0.899025069637883
2020-11-18,bovespa,0.899025069637883
2020-11-19,bovespa,0.9149027739739426
2020-11-23,bovespa,0.7981438515081206
2020-11-24,bovespa,0.6102538576406172
2020-11-25,bovespa,0.6868465256590449
2020-11-26,bovespa,0.6383324095336131
2020-11-27,bovespa,0.6383324095336131
2020-11-30,bovespa,0.7385503065272269
2020-12-01,bovespa,0.5783769495109702
2020-12-02,bovespa,0.7915668423574509
2020-12-03,bovespa,0.8164139856507483
2020-12-04,bovespa,0.8051948051948052
2020-12-07,bovespa,0.5373891001267427
2020-12-08,bovespa,0.680049034630708
2020-12-09,bovespa,0.597621407333994
2020-12-10,bovespa,0.6528545119705341
2020-12-11,bovespa,0.9281822684497276
2020-12-14,bovespa,0.645909645909646
2020-12-15,bovespa,1.0
2020-12-16,bovespa,0.5507269404941606
2020-12-17,bovespa,0.4652104263166391
2020-12-18,bovespa,0.7415636882129277
2020-12-21,bovespa,1.0
2020-12-22,bovespa,0.6847126691812736
2020-12-23,bovespa,0.5860726643598616
2020-12-28,bovespa,1.0
2020-12-29,bovespa,1.0
2020-12-30,bovespa,0.8392083067307369
2021-01-04,bovespa,0.8112667256729318
2021-01-05,bovespa,0.9018586973499245
2021-01-06,bovespa,0.6300536438571241
2021-01-07,bovespa,0.5149874767714309
2021-01-08,bovespa,0.853781512605042
2021-01-11,bovespa,1.0
2021-01-12,bovespa,0.6032009287668961
2021-01-13,bovespa,1.0
2021-01-14,bovespa,0.6032009287668961
2021-01-15,bovespa,1.0
2021-01-18,bovespa,1.0
2021-01-19,bovespa,0.853781512605042
2021-01-20,bovespa,0.4494961331146004
2021-01-21,bovespa,0.6808978873239436
2021-01-22,bovespa,0.7982187586974673
2021-01-26,bovespa,0.6870420208372192
2021-01-27,bovespa,0.6870420208372192
2021-01-28,bovespa,0.5613057324840764
2021-01-29,bovespa,0.5869351669941061
2021-02-01,bovespa,1.0
2021-02-02,bovespa,1.0
2021-02-03,bovespa,0.6469499724052852
2021-02-04,bovespa,0.6960066555740433
2021-02-05,bovespa,0.7907493061979648
2021-02-08,bovespa,0.6780758556891767
2021-02-09,bovespa,0.7539101497504159
2021-02-10,bovespa,0.8276492639663527
2021-02-11,bovespa,0.8276492639663527
2021-02-12,bovespa,0.7932247433134745
2021-02-17,bovespa,0.317029771072267
2021-02-18,bovespa,0.4915702002978049
2021-02-19,bovespa,0.3998605846730275
2021-02-22,bovespa,0.47727178552189947
2021-02-23,bovespa,0.5026594422627628
2021-02-24,bovespa,0.6359070935342122
2021-02-25,bovespa,0.5582533234859675
2021-02-26,bovespa,0.7692552514322087
2021-03-01,bovespa,0.4236970378702662
2021-03-02,bovespa,0.5915492957746479
2021-03-03,bovespa,0.5401961360032885
2021-03-04,bovespa,0.26755346017848125
2021-03-05,bovespa,0.4201303077960009
2021-03-08,bovespa,0.6015679577738104
2021-03-09,bovespa,0.33850784096309205
2021-03-10,bovespa,0.4787853918752565
2021-03-11,bovespa,0.7066970387243736
2021-03-12,bovespa,0.5050551022398492
2021-03-15,bovespa,0.2720598211997407
2021-03-16,bovespa,0.5309531552193335
2021-03-17,bovespa,0.5281779434455155
2021-03-18,bovespa,0.6575632796415163
2021-03-19,bovespa,0.9375493503696791
2021-03-22,bovespa,0.6031206024711213
2021-03-23,bovespa,0.5007098196755974
2021-03-24,bovespa,1.0
2021-03-25,bovespa,1.0
2021-03-26,bovespa,0.32335348546320497
2021-03-29,bovespa,0.5620658411356085
2021-03-30,bovespa,0.851990472949983
2021-03-31,bovespa,0.6379706381703785
2021-04-01,bovespa,0.25119881962375507
2021-04-05,bovespa,0.1329647013437922
2021-04-06,bovespa,0.4525466390287237
2021-04-07,bovespa,0.41234367762853175
2021-04-08,bovespa,0.5206145468689226
2021-04-09,bovespa,0.8153538293614699
2021-04-12,bovespa,0.4470807558681468
2021-04-13,bovespa,0.44676131322094054
2021-04-14,bovespa,0.7245745943806886
2021-04-15,bovespa,0.6040440817918793
2021-04-16,bovespa,0.47733754107615917
2021-04-19,bovespa,0.7542095151994576
2021-04-20,bovespa,0.8319932586636705
2021-04-22,bovespa,0.6344146814785385
2021-04-23,bovespa,0.5925452355818552
2021-04-26,bovespa,0.6216632100086974
2021-04-27,bovespa,0.769911362579942
2021-04-28,bovespa,0.5489716646806667
2021-04-29,bovespa,0.4590643274853801
2021-04-30,bovespa,0.5535714285714286
2021-05-03,bovespa,0.5186496654806694
2021-05-04,bovespa,0.46915254237288134
2021-05-05,bovespa,0.4324582338902148
2021-05-06,bovespa,0.4157414040114613
2021-05-07,bovespa,0.7783702999218777
2021-05-10,bovespa,0.9378761603590737
2021-05-11,bovespa,0.9191199256275178
2021-05-12,bovespa,0.9470738532668208
2021-05-13,bovespa,0.6453924798750043
2021-05-14,bovespa,0.6306171665364627
2021-05-17,bovespa,0.8256932200673185
2021-05-18,bovespa,0.7075396190171283
2021-05-19,bovespa,0.2681102975541362
2021-05-20,bovespa,0.4196951934349355
2021-05-21,bovespa,0.8353658536585366
2021-05-24,bovespa,1.0
2021-05-25,bovespa,0.7462734931950745
2021-05-26,bovespa,0.4531501242508405
2021-05-27,bovespa,0.37158908507223115
2021-05-28,bovespa,0.2826855123674912
2021-05-31,bovespa,0.49435897435897436
2021-06-01,bovespa,0.6189224704336399
2021-06-02,bovespa,0.4080558831534065
2021-06-04,bovespa,0.6044255835101546
2021-06-07,bovespa,0.7005569578005382
2021-06-08,bovespa,0.6669914399053518
2021-06-09,bovespa,0.7918091070696021
2021-06-10,bovespa,0.5699866460866096
2021-06-11,bovespa,0.5236954662104363
2021-06-14,bovespa,0.6170774647887324
2021-06-15,bovespa,0.6780758556891767
2021-06-16,bovespa,0.6474561008554706
2021-06-17,bovespa,0.5509269356597601
2021-06-18,bovespa,0.3252578556008635
2021-06-21,bovespa,0.3252578556008635
2021-06-22,bovespa,0.28387632288856607
2021-06-23,bovespa,0.6293944606085936
2021-06-24,bovespa,0.5447048748770973
2021-06-25,bovespa,0.7542095151994576
2021-06-28,bovespa,0.5013964451188996
2021-06-29,bovespa,0.5185499643707264
2021-06-30,bovespa,0.8625399389066395
2021-07-01,bovespa,1.0
2021-07-02,bovespa,0.7145044847954496
2021-07-05,bovespa,1.0
2021-07-06,bovespa,0.6168365420913552
2021-07-07,bovespa,0.7980501392757661
2021-07-08,bovespa,0.7980501392757661
2021-07-12,bovespa,0.9069048035954007
2021-07-13,bovespa,0.6024856072375034
2021-07-14,bovespa,0.49268319773415153
2021-07-15,bovespa,1.0
2021-07-16,bovespa,0.25004536930615207
2021-07-19,bovespa,0.6022675322300448
2021-07-20,bovespa,0.43522210887508117
2021-07-21,bovespa,0.4153880613730541
2021-07-22,bovespa,0.4153880613730541
2021-07-23,bovespa,0.6143165431520484
2021-07-26,bovespa,0.6169977748251076
2021-07-27,bovespa,0.5305319593371397
2021-07-28,bovespa,0.9257584161795451
2021-07-29,bovespa,0.6932731631645748
2021-07-30,bovespa,0.7909072701782496
2021-08-02,bovespa,0.7795814957305057
2021-08-03,bovespa,0.37591776798825255
2021-08-04,bovespa,0.6577380952380952
2021-08-05,bovespa,0.46206718049004947
2021-08-06,bovespa,0.3494765903600598
2021-08-09,bovespa,0.35741623581548376
2021-08-10,bovespa,0.3546940971259964
2021-08-11,bovespa,0.37320797007582923
2021-08-12,bovespa,0.47227739931476714
2021-08-13,bovespa,0.35404649037637786
2021-08-16,bovespa,0.9316188260445813
2021-08-17,bovespa,0.5207601735178682
2021-08-18,bovespa,0.5976740067300312
2021-08-19,bovespa,0.748780244946729
2021-08-20,bovespa,0.6555137596515541
2021-08-23,bovespa,0.5475505321915196
2021-08-24,bovespa,0.5608077099586967
2021-08-25,bovespa,0.5312202852614897
2021-08-26,bovespa,0.6485521112386784
2021-08-27,bovespa,0.786921381337252
2021-08-30,bovespa,0.5497716894977169
2021-08-31,bovespa,0.5730595893840761
2021-09-01,bovespa,0.5903047091412742
2021-09-02,bovespa,0.3247715557638238
2021-09-03,bovespa,0.7950433471541651
2021-09-06,bovespa,0.7950433471541651
2021-09-08,bovespa,0.7294387828333573
2021-09-09,bovespa,0.786921381337252
2021-09-10,bovespa,0.715895175116336
2021-09-13,bovespa,1.0
2021-09-14,bovespa,0.7661454315966623
2021-09-15,bovespa,1.0
2021-09-16,bovespa,0.6791378109248862
2021-09-17,bovespa,0.57300422980136
2021-09-20,bovespa,0.6722309163623718
2021-09-21,bovespa,0.7661290322580645
2021-09-22,bovespa,0.47582467239042026
2021-09-23,bovespa,0.4082181615805584
2021-09-24,bovespa,0.5767690753283689
2021-09-27,bovespa,0.4364450695883921
2021-09-28,bovespa,0.5192540148506303
2021-09-29,bovespa,0.5192540148506303
2021-09-30,bovespa,0.6235430591614649
2021-10-01,bovespa,0.5061142442347423
2021-10-04,bovespa,0.36728295300277974
2021-10-05,bovespa,0.45230755872009726
2021-10-06,bovespa,0.6829581993569132
2021-10-07,bovespa,0.6917874396135266
2021-10-08,bovespa,1.0
2021-10-11,bovespa,1.0
2021-10-13,bovespa,0.8860190903986525
2021-10-14,bovespa,1.0
2021-10-15,bovespa,1.0
2021-10-18,bovespa,0.665952317171176
2021-10-19,bovespa,0.8752588816313526
2021-10-20,bovespa,0.6947814646981435
2021-10-21,bovespa,0.43830309901738473
2021-10-22,bovespa,0.5725464972932411
2021-10-25,bovespa,0.7598012147984539
2021-10-26,bovespa,0.7598012147984539
2021-10-27,bovespa,0.7151194097186849
2021-10-28,bovespa,0.5425234550134226
2021-10-29,bovespa,0.4620475283264815
2021-11-01,bovespa,1.0
2021-11-03,bovespa,1.0
2021-11-04,bovespa,0.8238153098420413
2021-11-05,bovespa,0.7210409072498988
2021-11-08,bovespa,0.428276380022531
2021-11-09,bovespa,0.7122381477398015
2021-11-10,bovespa,0.5700581395348837
2021-11-11,bovespa,0.7399535038193291
2021-11-12,bovespa,0.5902178626433602
2021-11-16,bovespa,0.7882387304059975
2021-11-17,bovespa,0.6823230964369451
2021-11-18,bovespa,0.5239487294805487
2021-11-19,bovespa,1.0
2021-11-22,bovespa,0.8998849252013809
2021-11-23,bovespa,0.5418641390205371
2021-11-24,bovespa,0.5627464625376942
2021-11-25,bovespa,0.5841941352409732
2021-11-26,bovespa,0.42040319777546054
2021-11-29,bovespa,0.6040826940579899
2021-11-30,bovespa,0.7282948157401624
2021-12-01,bovespa,0.581981981981982
2021-12-02,bovespa,0.46396677050882656
2021-12-03,bovespa,0.6842689089440024
2021-12-06,bovespa,0.707595787586825
2021-12-07,bovespa,0.6826599326599326
2021-12-08,bovespa,0.7260820284622812
2021-12-09,bovespa,0.8945011237045062
2021-12-10,bovespa,0.5784284588248976
2021-12-13,bovespa,1.0
2021-12-14,bovespa,0.6644726693063198
2021-12-15,bovespa,0.7937789604073955
2021-12-16,bovespa,0.7027470274702747
2021-12-17,bovespa,0.3812736213272646
2021-12-20,bovespa,0.4655793264138954
2021-12-21,bovespa,0.6289562289562289
2021-12-22,bovespa,0.6455071842161698
2021-12-23,bovespa,1.0
2021-12-27,bovespa,0.7816386859278264
2021-12-28,bovespa,0.5448997384481256
2021-12-29,bovespa,1.0
2021-12-30,bovespa,0.4899311751210808
2022-01-03,bovespa,0.7264848330359419
2022-01-04,bovespa,0.71
2022-01-05,bovespa,1.0
2022-01-06,bovespa,0.604994324631101
2022-01-07,bovespa,0.5372340425531915
2022-01-10,bovespa,0.6686483975847655
2022-01-11,bovespa,0.6776671305416494
2022-01-12,bovespa,0.41117355100701425
2022-01-13,bovespa,0.8622218702985193
2022-01-14,bovespa,0.9210892306451938
2022-01-17,bovespa,0.5877724492433162
2022-01-18,bovespa,0.543357395575485
2022-01-19,bovespa,0.5992425017913809
2022-01-20,bovespa,0.6429809042659906
2022-01-21,bovespa,0.5710735978543819
2022-01-24,bovespa,0.5236369245006555
2022-01-25,bovespa,0.4281118881118881
2022-01-26,bovespa,0.31820198136921485
2022-01-27,bovespa,0.453693566046242
2022-01-28,bovespa,0.48657213536192984
2022-01-31,bovespa,0.8596239035409393
2022-02-01,bovespa,0.4429856552394846
2022-02-02,bovespa,0.6737714624037893
2022-02-03,bovespa,0.45677624800974054
2022-02-04,bovespa,0.5373324824505424
2022-02-07,bovespa,0.7300876250435099
2022-02-08,bovespa,0.547886161464861
2022-02-09,bovespa,0.5139511826637081
2022-02-10,bovespa,0.3682871069318035
2022-02-11,bovespa,0.5900487181535021
2022-02-14,bovespa,1.0
2022-02-15,bovespa,0.5839709257842387
2022-02-16,bovespa,0.5203551635086905
2022-02-17,bovespa,0.40534462230453766
2022-02-18,bovespa,0.6297585886722377
2022-02-21,bovespa,0.5464203505872631
2022-02-22,bovespa,0.4476809321084472
2022-02-23,bovespa,0.5374449339207048
2022-02-24,bovespa,0.41636582430806257
2022-02-25,bovespa,0.4787481497145274
2022-03-02,bovespa,0.2318577648766328
2022-03-03,bovespa,0.46721102322020924
2022-03-04,bovespa,0.365984821832437
2022-03-07,bovespa,0.5015964191325868
2022-03-08,bovespa,0.7145044847954496
2022-03-09,bovespa,0.5327742220260429
2022-03-10,bovespa,0.48043375766148044
2022-03-11,bovespa,0.8297402658400262
2022-03-14,bovespa,0.7064929672497016
2022-03-15,bovespa,0.6974439227960355
2022-03-16,bovespa,0.4763674986723314
2022-03-17,bovespa,0.7908318640807822
2022-03-18,bovespa,0.6417541692402717
2022-03-21,bovespa,0.8914467527606214
2022-03-22,bovespa,0.4294268605645851
2022-03-23,bovespa,0.42343485617597293
2022-03-24,bovespa,1.0
2022-03-25,bovespa,0.8914467527606214
2022-03-28,bovespa,0.6374370550442785
2022-03-29,bovespa,0.7416353197386656
2022-03-30,bovespa,0.5521927115503397
2022-03-31,bovespa,0.4901271301054909
2022-04-01,bovespa,0.5773554907824507
2022-04-04,bovespa,0.4435255656488648
2022-04-05,bovespa,0.5334604450043411
2022-04-06,bovespa,0.45487810990994004
2022-04-07,bovespa,0.521058945327264
2022-04-08,bovespa,0.5520687384999747
2022-04-11,bovespa,0.6094882950072509
2022-04-12,bovespa,0.6266225235167376
2022-04-13,bovespa,0.9009406695044406
2022-04-14,bovespa,1.0
2022-04-18,bovespa,0.9043535620052771
2022-04-19,bovespa,0.7358834244080146
2022-04-20,bovespa,1.0
2022-04-22,bovespa,1.0
2022-04-25,bovespa,0.8454706927175843
2022-04-26,bovespa,0.524679217008523
2022-04-27,bovespa,0.6223255813953489
2022-04-28,bovespa,0.45217391304347826
2022-04-29,bovespa,1.0
2022-05-02,bovespa,0.6412754650132861
2022-05-03,bovespa,0.4581587589174499
2022-05-04,bovespa,0.6409635857476603
2022-05-05,bovespa,0.7355104442483084
2022-05-06,bovespa,0.9513259483048002
2022-05-09,bovespa,0.8607490739470435
2022-05-10,bovespa,0.7854063445080754
2022-05-11,bovespa,0.4397323532183583
2022-05-12,bovespa,0.2720883534136546
2022-05-13,bovespa,0.6134621792735755
2022-05-16,bovespa,0.47583143978516834
2022-05-17,bovespa,0.4822598870056497
2022-05-18,bovespa,0.37279821627647713
2022-05-19,bovespa,0.4708029197080292
2022-05-20,bovespa,0.6610719735090738
2022-05-23,bovespa,0.6066067053619876
2022-05-24,bovespa,0.6543046357615894
2022-05-25,bovespa,0.454293059125964
2022-05-26,bovespa,0.4111276566941925
2022-05-27,bovespa,0.5943663458662491
2022-05-30,bovespa,0.5778513132984393
2022-05-31,bovespa,0.4492586444588245
2022-06-01,bovespa,0.5386920771536157
2022-06-02,bovespa,0.6569277648324072
2022-06-03,bovespa,0.41585877112537667
2022-06-06,bovespa,0.606345803110251
2022-06-07,bovespa,0.6596141691997472
2022-06-08,bovespa,0.6333724446794797
2022-06-09,bovespa,0.6868465256590449
2022-06-10,bovespa,0.7763189468993178
2022-06-13,bovespa,0.338583723299036
2022-06-14,bovespa,0.30571181872890446
2022-06-15,bovespa,0.4381006510282112
2022-06-17,bovespa,0.7122381477398015
2022-06-20,bovespa,0.865351131746953
2022-06-21,bovespa,0.7807459677419355
2022-06-22,bovespa,0.8221149914124478
2022-06-23,bovespa,0.8221149914124478
2022-06-24,bovespa,0.5710937063977825
2022-06-27,bovespa,0.6659036489315242
2022-06-28,bovespa,0.5758987294758507
2022-06-29,bovespa,0.3851312742473911
2022-06-30,bovespa,0.6329343375941494
2022-07-01,bovespa,0.8002831235413399
2022-07-04,bovespa,0.7298640004968019
2022-07-05,bovespa,0.5451503617884479
2022-07-06,bovespa,0.6995718034900318
2022-07-07,bovespa,0.6995718034900318
2022-07-08,bovespa,1.0
2022-07-11,bovespa,1.0
2022-07-12,bovespa,0.4397169278860765
2022-07-13,bovespa,0.6807650256855726
2022-07-14,bovespa,0.44276695031567387
2022-07-15,bovespa,0.9232398094229751
2022-07-18,bovespa,0.6730317132850357
2022-07-19,bovespa,0.7708998981777325
2022-07-20,bovespa,0.614794261762796
2022-07-21,bovespa,0.6385513835541271
2022-07-22,bovespa,0.7775328454280928
2022-07-25,bovespa,0.602893156841403
2022-07-26,bovespa,0.7707928015564203
2022-07-27,bovespa,0.921152800435019
2022-07-28,bovespa,0.7277506571535862
2022-07-29,bovespa,0.5275347854165443
2022-08-01,bovespa,0.5275347854165443
2022-08-02,bovespa,0.7122381477398015
2022-08-03,bovespa,1.0
2022-08-04,bovespa,0.8335883703136955
2022-08-05,bovespa,0.6131468278492079
2022-08-08,bovespa,0.4972016060347974
2022-08-09,bovespa,0.8912102498990015
2022-08-10,bovespa,0.662808934076037
2022-08-11,bovespa,0.5687235557789787
2022-08-12,bovespa,0.5687235557789787
2022-08-15,bovespa,0.6459216550788537
2022-08-16,bovespa,0.8237941639786963
2022-08-17,bovespa,0.7099957036400539
2022-08-18,bovespa,0.8211848660736307
2022-08-19,bovespa,0.6043126973085773
2022-08-22,bovespa,1.0
2022-08-23,bovespa,0.6240476538712122
2022-08-24,bovespa,1.0
2022-08-25,bovespa,1.0
2022-08-26,bovespa,1.0
2022-08-29,bovespa,1.0
2022-08-30,bovespa,0.7279462467326289
2022-08-31,bovespa,1.0
2022-09-01,bovespa,0.6052870364769222
2022-09-02,bovespa,0.5754272196396962
2022-09-05,bovespa,0.7107071602748836
2022-09-06,bovespa,0.7948113207547169
2022-09-08,bovespa,0.5670445120265414
2022-09-09,bovespa,0.7125373371044911
2022-09-12,bovespa,0.7882387304059975
2022-09-13,bovespa,0.7913897757011907
2022-09-14,bovespa,0.5908691428835746
2022-09-15,bovespa,0.6109620544269835
2022-09-16,bovespa,0.8953639410510111
2022-09-19,bovespa,0.7386279291697593
2022-09-20,bovespa,0.9117897554447013
2022-09-21,bovespa,1.0
2022-09-22,bovespa,0.9210892306451938
2022-09-23,bovespa,0.5178017848755284
2022-09-26,bovespa,0.7855633802816901
2022-09-27,bovespa,0.5668388914983561
2022-09-28,bovespa,0.6083889103235408
2022-09-29,bovespa,1.0
2022-09-30,bovespa,0.4122756224667053
2022-10-03,bovespa,0.49962490622655664
2022-10-04,bovespa,0.39372822299651566
2022-10-05,bovespa,0.9167198468410976
2022-10-06,bovespa,0.43322475570032576
2022-10-07,bovespa,0.44577557190940725
2022-10-10,bovespa,0.5400895792083966
2022-10-11,bovespa,0.5344214670693016
2022-10-13,bovespa,1.0
2022-10-14,bovespa,0.5614376426057273
2022-10-17,bovespa,0.634285623641757
2022-10-18,bovespa,0.5357799252979191
2022-10-19,bovespa,0.5067129597222416
2022-10-20,bovespa,0.9091567237946733
2022-10-21,bovespa,0.31982754694639687
2022-10-24,bovespa,0.17746340780166678
2022-10-25,bovespa,0.45015956448282335
2022-10-26,bovespa,0.1591568058929551
2022-10-27,bovespa,0.39659433345557166
2022-10-28,bovespa,0.5663500423210759
2022-10-31,bovespa,0.4093113482056256
2022-11-01,bovespa,0.9219807275276777
2022-11-03,bovespa,1.0
2022-11-04,bovespa,0.7371896646200103
2022-11-07,bovespa,0.5607868067761116
2022-11-08,bovespa,0.558330795004569
2022-11-09,bovespa,0.4389093982119824
2022-11-10,bovespa,0.754938206401183
2022-11-11,bovespa,0.5387405822714166
2022-11-14,bovespa,0.7815086968654079
2022-11-16,bovespa,1.0
2022-11-17,bovespa,0.681463142478555
2022-11-18,bovespa,0.6937590200288641
2022-11-21,bovespa,1.0
2022-11-22,bovespa,0.7188206988185442
2022-11-23,bovespa,1.0
2022-11-24,bovespa,1.0
2022-11-25,bovespa,1.0
2022-11-28,bovespa,1.0
2022-11-29,bovespa,1.0
2022-11-30,bovespa,1.0
2022-12-01,bovespa,0.5684523809523809
2022-12-02,bovespa,0.6198830409356725
2022-12-05,bovespa,1.0
2022-12-06,bovespa,0.7896803140773977
2022-12-07,bovespa,0.8408488063660478
2022-12-08,bovespa,0.7896803140773977
2022-12-09,bovespa,0.7896803140773977
2022-12-12,bovespa,0.8010610079575596
2022-12-13,bovespa,1.0
2022-12-14,bovespa,1.0
2022-12-15,bovespa,0.7018739352640545
2022-12-16,bovespa,0.9145276244574245
2022-12-19,bovespa,0.7813985851791719
2022-12-20,bovespa,0.8816920856084856
2022-12-21,bovespa,0.6140853720954038
2022-12-22,bovespa,0.893908907993415
2022-12-23,bovespa,0.722662440570523
2022-12-26,bovespa,0.6017699115044248
2022-12-27,bovespa,1.0
2022-12-28,bovespa,0.478538283062645
2022-12-29,bovespa,0.43744457582027785
2023-01-02,bovespa,0.5491760804228417
2023-01-03,bovespa,1.0
2023-01-04,bovespa,0.49937225360954174
2023-01-05,bovespa,0.6170909475018486
2023-01-06,bovespa,0.5757091022589833
2023-01-09,bovespa,0.71399140878408
2023-01-10,bovespa,0.6189587538561145
2023-01-11,bovespa,0.5297789246112002
2023-01-12,bovespa,0.8938210474928516
2023-01-13,bovespa,0.5383845734036747
2023-01-16,bovespa,0.38522973772431474
2023-01-17,bovespa,0.5487356818673006
2023-01-18,bovespa,0.7510861502596164
2023-01-19,bovespa,0.47332007264550724
2023-01-20,bovespa,0.7543246804861212
2023-01-23,bovespa,0.7525164113785558
2023-01-24,bovespa,1.0
2023-01-25,bovespa,1.0
2023-01-26,bovespa,0.7468477206595538
2023-01-27,bovespa,0.47760467380720545
2023-01-30,bovespa,0.5570479561654463
2023-01-31,bovespa,0.24996845956516253
2023-02-01,bovespa,0.5135065381968341
2023-02-02,bovespa,0.5103231253357894
2023-02-03,bovespa,0.39136920248378254
2023-02-06,bovespa,0.6849308105772774
2023-02-07,bovespa,0.45853430838649445
2023-02-08,bovespa,1.0
2023-02-09,bovespa,0.6595863610955841
2023-02-10,bovespa,0.7147852693694678
2023-02-13,bovespa,0.7331288343558282
2023-02-14,bovespa,0.34947984395318593
2023-02-15,bovespa,0.3673327431389908
2023-02-16,bovespa,0.5064360890488673
2023-02-17,bovespa,0.47116244144885044
2023-02-22,bovespa,0.5505139314395519
2023-02-23,bovespa,1.0
2023-02-24,bovespa,1.0
2023-02-27,bovespa,0.6277013051850795
2023-02-28,bovespa,1.0
2023-03-01,bovespa,0.8823594915766533
2023-03-02,bovespa,0.6308553971486762
2023-03-03,bovespa,0.4125094960749557
2023-03-06,bovespa,0.42505947660586835
2023-03-07,bovespa,0.41141809611103836
2023-03-08,bovespa,0.8529682890855457
2023-03-09,bovespa,0.5028571428571429
2023-03-10,bovespa,1.0
2023-03-13,bovespa,1.0
2023-03-14,bovespa,0.628709990300679
2023-03-15,bovespa,0.7031295700497221
2023-03-16,bovespa,1.0
2023-03-17,bovespa,0.5439104177151485
2023-03-20,bovespa,0.5319718993270184
2023-03-21,bovespa,0.6958701993779985
2023-03-22,bovespa,0.4851690213773208
2023-03-23,bovespa,0.7197526091998454
2023-03-24,bovespa,0.7539990305380514
2023-03-27,bovespa,0.8810413666113653
2023-03-28,bovespa,0.7013046463721675
2023-03-29,bovespa,0.5742772091505933
2023-03-30,bovespa,0.6357219763129561
2023-03-31,bovespa,0.6693386773547094
2023-04-03,bovespa,0.6925207756232687
2023-04-04,bovespa,0.3699977132403384
2023-04-05,bovespa,0.5382598108082794
2023-04-06,bovespa,1.0
2023-04-10,bovespa,0.5833333333333334
2023-04-11,bovespa,0.8284625158831004
2023-04-12,bovespa,0.7509541984732825
2023-04-13,bovespa,0.5503285151116951
2023-04-14,bovespa,1.0
2023-04-17,bovespa,0.7269303201506592
2023-04-18,bovespa,0.8686296715741789
2023-04-19,bovespa,0.6040759794222398
2023-04-20,bovespa,0.4167614263165934
2023-04-24,bovespa,0.7964372621201722
2023-04-25,bovespa,0.8122831546786805
2023-04-26,bovespa,1.0
2023-04-27,bovespa,1.0
2023-04-28,bovespa,1.0
2023-05-02,bovespa,0.6108128834355828
2023-05-03,bovespa,0.8308928340028509
2023-05-04,bovespa,0.5400895792083966
2023-05-05,bovespa,0.521697698284709
2023-05-08,bovespa,0.8156949433545179
2023-05-09,bovespa,0.8066666666666666
2023-05-10,bovespa,0.47490946714950855
2023-05-11,bovespa,0.5812386351481442
2023-05-12,bovespa,0.5246613277449292
2023-05-15,bovespa,0.7643824374230611
2023-05-16,bovespa,0.6662598081952921
2023-05-17,bovespa,0.7046063304032897
2023-05-18,bovespa,0.7360602573490951
2023-05-19,bovespa,0.9095634095634095
2023-05-22,bovespa,1.0
2023-05-23,bovespa,0.7393864270220019
2023-05-24,bovespa,0.8527567050952751
2023-05-25,bovespa,0.7217371760515897
2023-05-26,bovespa,0.5198519624711879
2023-05-29,bovespa,0.4014895462566925
2023-05-30,bovespa,0.5507885843034172
2023-05-31,bovespa,0.800275482093664
2023-06-01,bovespa,0.730702263493906
2023-06-02,bovespa,0.39141494435612084
2023-06-05,bovespa,0.6101832993890021
2023-06-06,bovespa,0.39983443708609273
2023-06-07,bovespa,0.5363179534033805
2023-06-09,bovespa,0.5004533091568449
2023-06-12,bovespa,0.5013420567018957
2023-06-13,bovespa,0.34467174119885824
2023-06-14,bovespa,0.22239375964898025
2023-06-15,bovespa,0.5268310369833212
2023-06-16,bovespa,1.0
2023-06-19,bovespa,0.9117897554447013
2023-06-20,bovespa,0.9023688559711085
2023-06-21,bovespa,0.4327813274220889
2023-06-22,bovespa,0.41215281641997487
2023-06-23,bovespa,0.5588831800973499
2023-06-26,bovespa,0.5288285285785702
2023-06-27,bovespa,0.36324877424856106
2023-06-28,bovespa,1.0
2023-06-29,bovespa,0.6413335723247894
2023-06-30,bovespa,0.5694433446828727
2023-07-03,bovespa,0.643643080877038
2023-07-04,bovespa,0.7075396190171283
2023-07-05,bovespa,1.0
2023-07-06,bovespa,0.7526571316100249
2023-07-07,bovespa,0.9154272382618839
2023-07-10,bovespa,0.674031729719314
2023-07-11,bovespa,0.8668554156942265
2023-07-12,bovespa,0.6713536201469045
2023-07-13,bovespa,0.8037982195845698
2023-07-14,bovespa,1.0
2023-07-17,bovespa,1.0
2023-07-18,bovespa,0.6773061731860377
2023-07-19,bovespa,0.8884329315209027
2023-07-20,bovespa,1.0
2023-07-21,bovespa,1.0
2023-07-24,bovespa,0.7231892195395845
2023-07-25,bovespa,0.7171543316121629
2023-07-26,bovespa,0.5500221663957441
2023-07-27,bovespa,0.9278835285074829
2023-07-28,bovespa,0.3625609463671969
2023-07-31,bovespa,0.3357247817443167
2023-08-01,bovespa,1.0
2023-08-02,bovespa,0.9070711386455885
2023-08-03,bovespa,1.0
2023-08-04,bovespa,0.434048903684996
2023-08-07,bovespa,1.0
2023-08-08,bovespa,0.3624439279316624
2023-08-09,bovespa,0.5433869839048285
2023-08-10,bovespa,0.6883954154727794
2023-08-11,bovespa,0.5537317260836112
2023-08-14,bovespa,0.6235430591614649
2023-08-15,bovespa,0.6641250844513078
2023-08-16,bovespa,0.465510768285607
2023-08-17,bovespa,0.3546290206634955
2023-08-18,bovespa,0.62007608840466
2023-08-21,bovespa,0.796044499381953
2023-08-22,bovespa,0.7968397291196389
2023-08-23,bovespa,0.6243004214744697
2023-08-24,bovespa,0.6314269208549971
2023-08-25,bovespa,0.840877914951989
2023-08-28,bovespa,0.42089568134618455
2023-08-29,bovespa,0.29905664804993665
2023-08-30,bovespa,0.4589103574094038
2023-08-31,bovespa,0.503896597605018
2023-09-01,bovespa,0.33379463050096875
2023-09-04,bovespa,0.39536679536679536
2023-09-05,bovespa,0.9177071509648127
2023-09-06,bovespa,0.7616531642597159
2023-09-08,bovespa,0.4910632323559587
2023-09-11,bovespa,0.4700824077391616
2023-09-12,bovespa,0.6765166340508806
2023-09-13,bovespa,0.5964808952366929
2023-09-14,bovespa,0.5145089285714286
2023-09-15,bovespa,0.3627761501306517
2023-09-18,bovespa,0.5005542798321324
2023-09-19,bovespa,0.5794981717311815
2023-09-20,bovespa,0.524650107174379
2023-09-21,bovespa,0.5006323572331939
2023-09-22,bovespa,1.0
2023-09-25,bovespa,0.7036406216734086
2023-09-26,bovespa,0.7836807426132361
2023-09-27,bovespa,0.6393991644008223
2023-09-28,bovespa,0.5939658514869969
2023-09-29,bovespa,0.5893749709846644
2023-10-02,bovespa,0.6526225004791414
2023-10-03,bovespa,0.5634283420313128
2023-10-04,bovespa,0.6109372005366384
2023-10-05,bovespa,0.8860148236879539
2023-10-06,bovespa,0.8096714668898739
2023-10-09,bovespa,0.6607187018471665
2023-10-10,bovespa,0.9263280706046179
2023-10-11,bovespa,1.0
2023-10-13,bovespa,1.0
2023-10-16,bovespa,0.8169261965795616
2023-10-17,bovespa,1.0
2023-10-18,bovespa,0.6211101433209281
2023-10-19,bovespa,0.7419696942462207
2023-10-20,bovespa,0.6637712098347381
2023-10-23,bovespa,0.7144029544521954
2023-10-24,bovespa,0.5507491746381106
2023-10-25,bovespa,0.6284999694991765
2023-10-26,bovespa,0.5765757671054405
2023-10-27,bovespa,0.5311645028105257
2023-10-30,bovespa,0.6301020408163265
2023-10-31,bovespa,0.6267028998462474
2023-11-01,bovespa,0.8873842477347406
2023-11-03,bovespa,0.3486472690148035
2023-11-06,bovespa,0.6897188989397919
2023-11-07,bovespa,0.6411009537639022
2023-11-08,bovespa,0.4677014233271076
2023-11-09,bovespa,0.5952909181993845
2023-11-10,bovespa,0.5021042807585976
2023-11-13,bovespa,0.3890353022866792
2023-11-14,bovespa,0.6378274964128182
2023-11-16,bovespa,0.6802438708003632
2023-11-17,bovespa,0.5779750232222107
2023-11-20,bovespa,0.5566208862399585
2023-11-21,bovespa,0.5378151260504201
2023-11-22,bovespa,0.27566807313642755
2023-11-23,bovespa,0.5204315844644051
2023-11-24,bovespa,0.5926807381686239
2023-11-27,bovespa,0.4192256341789052
2023-11-28,bovespa,0.48974303017076765
2023-11-29,bovespa,0.5857262416669071
2023-11-30,bovespa,0.41858267291309453
2023-12-01,bovespa,1.0
2023-12-04,bovespa,0.6387622197293084
2023-12-05,bovespa,0.7271016311166876
2023-12-06,bovespa,0.3611955796187792
2023-12-07,bovespa,0.3032906231799651
2023-12-08,bovespa,0.595533876991083
2023-12-11,bovespa,0.5535845183990618
2023-12-12,bovespa,0.8445054841683443
2023-12-13,bovespa,0.8683314415437003
2023-12-14,bovespa,1.0
2023-12-15,bovespa,0.5884346536750689
2023-12-18,bovespa,0.33526894865525675
2023-12-19,bovespa,0.5490190866074751
2023-12-20,bovespa,1.0
2023-12-21,bovespa,0.4748537391050558
2023-12-22,bovespa,1.0
2023-12-26,bovespa,0.8483157821326452
2023-12-27,bovespa,0.9071967003271227
2023-12-28,bovespa,1.0
2024-01-02,bovespa,1.0
2024-01-03,bovespa,1.0
2024-01-04,bovespa,0.7911527573133785
2024-01-05,bovespa,0.6818272491522043
2024-01-08,bovespa,0.768
2024-01-09,bovespa,0.4088266199649737
2024-01-10,bovespa,0.2027957996120661
2024-01-11,bovespa,0.3680071893956414
2024-01-12,bovespa,0.47599380485286524
2024-01-15,bovespa,0.710693293548793
2024-01-16,bovespa,0.589485604773727
2024-01-17,bovespa,0.3981841763942931
2024-01-18,bovespa,0.904709748083242
2024-01-19,bovespa,0.8527332470377377
2024-01-22,bovespa,0.5792682926829268
2024-01-23,bovespa,0.5729860690490611
2024-01-24,bovespa,0.6730317132850357
2024-01-25,bovespa,0.8624288425047438
2024-01-26,bovespa,0.3705884573283509
2024-01-29,bovespa,0.4221247131757981
2024-01-30,bovespa,0.6839546191247974
2024-01-31,bovespa,0.5542347696879644
2024-02-01,bovespa,0.5542347696879644
2024-02-02,bovespa,0.5081967213114754
2024-02-05,bovespa,0.5324017199017199
2024-02-06,bovespa,0.47024002219858485
2024-02-07,bovespa,0.3510183555443802
2024-02-08,bovespa,0.47601246105919004
2024-02-09,bovespa,0.6611316113161132
2024-02-14,bovespa,0.32355881372875706
2024-02-15,bovespa,0.6792652433160223
2024-02-16,bovespa,0.42825543373725716
2024-02-19,bovespa,0.510828164109261
2024-02-20,bovespa,0.44758796958639424
2024-02-21,bovespa,0.491297052692236
2024-02-22,bovespa,0.6997301650385926
2024-02-23,bovespa,0.6617810054756903
2024-02-26,bovespa,0.1172841198892149
2024-02-27,bovespa,0.4922330968842597
2024-02-28,bovespa,0.2762623331398723
2024-02-29,bovespa,0.305974118064173
2024-03-01,bovespa,0.7639484978540773
2024-03-04,bovespa,0.8205128205128205
2024-03-05,bovespa,0.46955420064929926
2024-03-06,bovespa,0.7052635332715212
2024-03-07,bovespa,0.30548163916977117
2024-03-08,bovespa,0.541830544630358
2024-03-11,bovespa,0.5410449295021992
2024-03-12,bovespa,0.2728302192024589
2024-03-13,bovespa,0.8093276058560533
2024-03-14,bovespa,0.3499750948312196
2024-03-15,bovespa,0.6696953707159496
2024-03-18,bovespa,0.4296242709228196
2024-03-19,bovespa,0.7498731608320649
2024-03-20,bovespa,1.0
2024-03-21,bovespa,1.0
2024-03-22,bovespa,1.0
2024-03-25,bovespa,1.0
2024-03-26,bovespa,1.0
2024-03-27,bovespa,0.7070707070707071
2024-03-28,bovespa,0.7070707070707071
2024-04-01,bovespa,0.7070707070707071
2024-04-02,bovespa,0.7070707070707071
2024-04-03,bovespa,0.6520262621688929
2024-04-04,bovespa,0.6520262621688929
2024-04-05,bovespa,0.7257341961174714
2024-04-08,bovespa,0.7834743653558984
2024-04-09,bovespa,0.6192408689424683
2024-04-10,bovespa,1.0
2024-04-11,bovespa,0.7838035374945184
2024-04-12,bovespa,0.62618160985391
2024-04-15,bovespa,1.0
2024-04-16,bovespa,0.6506887392674038
2024-04-17,bovespa,0.7164276401564538
2024-04-18,bovespa,0.6883582089552239
2024-04-19,bovespa,0.4900045092439501
2024-04-22,bovespa,0.657766632246644
2024-04-23,bovespa,0.31310624859011954
2024-04-24,bovespa,0.8046632124352332
2024-04-25,bovespa,0.7566982408660352
2024-04-26,bovespa,0.5303030303030303
2024-04-29,bovespa,0.5321637426900585
2024-04-30,bovespa,0.5855738022574238
2024-05-02,bovespa,0.6217825680397657
2024-05-03,bovespa,0.898965535723857
2024-05-06,bovespa,0.8047138047138047
2024-05-07,bovespa,0.30114978736808945
2024-05-08,bovespa,0.4253801444255269
2024-05-09,bovespa,0.32762285051845175
2024-05-10,bovespa,0.39293637729907677
2024-05-13,bovespa,0.43583092613334906
2024-05-14,bovespa,0.19907441964618944
2024-05-15,bovespa,0.2192397331833159
2024-05-16,bovespa,0.41140556417279955
2024-05-17,bovespa,0.5003948029574331
2024-05-20,bovespa,0.5217678100263852
2024-05-21,bovespa,0.49551066217732886
2024-05-22,bovespa,0.3499205087440382
2024-05-23,bovespa,0.32668024439918536
2024-05-24,bovespa,0.29238535969709717
2024-05-27,bovespa,0.6144593567991896
2024-05-28,bovespa,0.32530387439858194
2024-05-29,bovespa,0.7277617090373979
2024-05-31,bovespa,0.6514004087029691
2024-06-03,bovespa,0.6348904025567357
2024-06-04,bovespa,0.5429944923752825
2024-06-05,bovespa,0.8924230030247113
2024-06-06,bovespa,1.0
2024-06-07,bovespa,0.5869194941440694
2024-06-10,bovespa,0.21216041397153945
2024-06-11,bovespa,0.5125660316952138
2024-06-12,bovespa,0.5121000703381936
2024-06-13,bovespa,0.5922139483877814
2024-06-14,bovespa,0.42842376355577355
2024-06-17,bovespa,0.6716013920344694
2024-06-18,bovespa,0.6214099216710183
2024-06-19,bovespa,0.7551849921834288
2024-06-20,bovespa,1.0
2024-06-21,bovespa,0.28558394160583944
2024-06-24,bovespa,0.3717929021355047
2024-06-25,bovespa,0.41174236093173083
2024-06-26,bovespa,0.8611976357254646
2024-06-27,bovespa,0.38558408540121025
2024-06-28,bovespa,0.3320722460544853
2024-07-01,bovespa,0.6877122179320515
2024-07-02,bovespa,0.8641368001873975
2024-07-03,bovespa,0.31995831162063576
2024-07-04,bovespa,0.6977592496091715
2024-07-05,bovespa,0.4700904020003847
2024-07-08,bovespa,0.227632126508531
2024-07-09,bovespa,0.3517724091216979
2024-07-10,bovespa,0.22081734025739444
2024-07-11,bovespa,0.2479740680713128
2024-07-12,bovespa,0.405243133991202
2024-07-15,bovespa,0.3208161321054303
2024-07-16,bovespa,0.1725850814893879
2024-07-17,bovespa,0.8420670458671184
2024-07-18,bovespa,0.271197056290613
2024-07-19,bovespa,0.31732344571872034
2024-07-22,bovespa,0.5339373320050375
2024-07-23,bovespa,0.6844014510278114
2024-07-24,bovespa,0.574966307277628
2024-07-25,bovespa,0.2671832884097035
2024-07-26,bovespa,0.42594200382010766
2024-07-29,bovespa,0.4465729786642879
2024-07-30,bovespa,0.7077344645421371
2024-07-31,bovespa,0.3717208041030478
2024-08-01,bovespa,0.3909446313301209
2024-08-02,bovespa,0.3370972183971358
2024-08-05,bovespa,0.26283680732079306
2024-08-06,bovespa,0.5134722928317235
2024-08-07,bovespa,0.6736334405144695
2024-08-08,bovespa,0.5923551171393342
2024-08-09,bovespa,0.42606596942880126
2024-08-12,bovespa,0.37248840803709427
2024-08-13,bovespa,0.3502419788492561
2024-08-14,bovespa,0.28230980751604035
2024-08-15,bovespa,0.41116751269035534
2024-08-16,bovespa,0.4528867524680829
2024-08-19,bovespa,0.6989753778154787
2024-08-20,bovespa,0.6859049373801758
2024-08-21,bovespa,1.0
2024-08-22,bovespa,0.6813461455595294
2024-08-23,bovespa,0.6532859937685674
2024-08-26,bovespa,0.6532859937685674
2024-08-27,bovespa,0.5959825900092878
2024-08-28,bovespa,0.4401174878716874
2024-08-29,bovespa,0.5123318385650224
2024-08-30,bovespa,0.4813226317381787
2024-09-02,bovespa,0.4609084541192952
2024-09-03,bovespa,0.4430603135056576
2024-09-04,bovespa,0.3617776515689337
2024-09-05,bovespa,1.0
2024-09-06,bovespa,0.6509095077957812
2024-09-09,bovespa,0.4754193356407887
2024-09-10,bovespa,0.401840490797546
2024-09-11,bovespa,0.40580985915492956
2024-09-12,bovespa,0.6007953502600184
2024-09-13,bovespa,0.5620556665582455
2024-09-16,bovespa,1.0
2024-09-17,bovespa,0.7005369681949608
2024-09-18,bovespa,0.8008360704687967
2024-09-19,bovespa,0.8191268191268192
2024-09-20,bovespa,0.8998849252013809
2024-09-23,bovespa,1.0
2024-09-24,bovespa,0.7324906047147249
2024-09-25,bovespa,0.3979896569305849
2024-09-26,bovespa,0.6286324084715154
2024-09-27,bovespa,1.0
2024-09-30,bovespa,0.7237594121382563
2024-10-01,bovespa,0.7237594121382563
2024-10-02,bovespa,0.6868030555799456
2024-10-03,bovespa,0.6104135569409079
2024-10-04,bovespa,0.7000492529962239
2024-10-07,bovespa,1.0
2024-10-08,bovespa,0.5823331733077293
2024-10-09,bovespa,0.5387206437326514
2024-10-10,bovespa,1.0
2024-10-11,bovespa,1.0
2024-10-14,bovespa,0.4168257022538366
2024-10-15,bovespa,0.41623955116493394
2024-10-16,bovespa,0.8247498824951319
2024-10-17,bovespa,0.6334224892829663
2024-10-18,bovespa,0.7100429565990224
2024-10-21,bovespa,1.0
2024-10-22,bovespa,0.7680247440273038
2024-10-23,bovespa,0.490277930352631
2024-10-24,bovespa,0.6891943008447863
2024-10-25,bovespa,0.6294205052005943
2024-10-28,bovespa,0.4741542625169147
2024-10-29,bovespa,0.6428152492668622
2024-10-30,bovespa,0.8914760914760915
2024-10-31,bovespa,0.6979450126677301
2024-11-01,bovespa,0.7091216614876293
2024-11-04,bovespa,0.8990578734858681
2024-11-05,bovespa,0.5623342175066313
2024-11-06,bovespa,0.3698630136986301
2024-11-07,bovespa,0.4958609271523179
2024-11-08,bovespa,0.3889518845092829
2024-11-11,bovespa,0.5898989898989899
2024-11-12,bovespa,0.42492917847025496
2024-11-13,bovespa,0.3735110034322633
2024-11-14,bovespa,0.3899507152301959
2024-11-18,bovespa,0.5573558764823294
2024-11-19,bovespa,0.5328224234629613
2024-11-21,bovespa,0.4560525997337744
2024-11-22,bovespa,0.5124294463792483
2024-11-25,bovespa,0.5404749794592902
2024-11-26,bovespa,0.5787900475729382
2024-11-27,bovespa,0.567388766376962
2024-11-28,bovespa,0.49357906614367847
2024-11-29,bovespa,0.2796096406920006
2024-12-02,bovespa,0.38597867001254704
2024-12-03,bovespa,0.9348656135359736
2024-12-04,bovespa,0.41620533467539006
2024-12-05,bovespa,0.6613204609156026
2024-12-06,bovespa,0.6550052872752908
2024-12-09,bovespa,0.9185820169199671
2024-12-10,bovespa,0.6178250683326826
2024-12-11,bovespa,0.5714587291534726
2024-12-12,bovespa,0.5268882175226586
2024-12-13,bovespa,0.6198047419804742
2024-12-16,bovespa,0.5991104700084144
2024-12-17,bovespa,0.6621527432042218
2024-12-18,bovespa,0.904709748083242
2024-12-19,bovespa,0.8954201226108908
2024-12-20,bovespa,0.6339770289031932
2024-12-23,bovespa,0.6369317834822792
2024-12-26,bovespa,0.3485870981543787
2024-12-27,bovespa,0.5814836695079754
2024-12-30,bovespa,0.5304116651897205
