date,market,ticker,community,ari_stability
2010-07-06,nifty50,ADANIENT.NS,4,1.0
2010-07-06,nifty50,ADANIPORTS.NS,4,1.0
2010-07-06,nifty50,APOLLOHOSP.NS,2,1.0
2010-07-06,nifty50,ASIANPAINT.NS,3,1.0
2010-07-06,nifty50,AXISBANK.NS,2,1.0
2010-07-06,nifty50,BAJAJ-AUTO.NS,3,1.0
2010-07-06,nifty50,BAJAJFINSV.NS,2,1.0
2010-07-06,nifty50,BAJFINANCE.NS,2,1.0
2010-07-06,nifty50,BEL.NS,4,1.0
2010-07-06,nifty50,BHARTIARTL.NS,3,1.0
2010-07-06,nifty50,BPCL.NS,4,1.0
2010-07-06,nifty50,BRITANNIA.NS,1,1.0
2010-07-06,nifty50,CIPLA.NS,3,1.0
2010-07-06,nifty50,DIVISLAB.NS,4,1.0
2010-07-06,nifty50,DRREDDY.NS,1,1.0
2010-07-06,nifty50,EICHERMOT.NS,0,1.0
2010-07-06,nifty50,GRASIM.NS,0,1.0
2010-07-06,nifty50,HCLTECH.NS,1,1.0
2010-07-06,nifty50,HDFCBANK.NS,2,1.0
2010-07-06,nifty50,HEROMOTOCO.NS,3,1.0
2010-07-06,nifty50,HINDALCO.NS,0,1.0
2010-07-06,nifty50,HINDUNILVR.NS,4,1.0
2010-07-06,nifty50,ICICIBANK.NS,3,1.0
2010-07-06,nifty50,INDUSINDBK.NS,2,1.0
2010-07-06,nifty50,INFY.NS,1,1.0
2010-07-06,nifty50,ITC.NS,2,1.0
2010-07-06,nifty50,JSWSTEEL.NS,4,1.0
2010-07-06,nifty50,KOTAKBANK.NS,4,1.0
2010-07-06,nifty50,LT.NS,4,1.0
2010-07-06,nifty50,M&M.NS,4,1.0
2010-07-06,nifty50,MARUTI.NS,3,1.0
2010-07-06,nifty50,NESTLEIND.NS,1,1.0
2010-07-06,nifty50,NTPC.NS,4,1.0
2010-07-06,nifty50,ONGC.NS,4,1.0
2010-07-06,nifty50,POWERGRID.NS,4,1.0
2010-07-06,nifty50,RELIANCE.NS,0,1.0
2010-07-06,nifty50,SBIN.NS,4,1.0
2010-07-06,nifty50,SHRIRAMFIN.NS,4,1.0
2010-07-06,nifty50,SUNPHARMA.NS,4,1.0
2010-07-06,nifty50,TATACONSUM.NS,0,1.0
2010-07-06,nifty50,TATASTEEL.NS,0,1.0
2010-07-06,nifty50,TCS.NS,1,1.0
2010-07-06,nifty50,TECHM.NS,1,1.0
2010-07-06,nifty50,TITAN.NS,2,1.0
2010-07-06,nifty50,ULTRACEMCO.NS,0,1.0
2010-07-06,nifty50,WIPRO.NS,1,1.0
2010-08-04,nifty50,ADANIENT.NS,2,0.054098134770101204
2010-08-04,nifty50,ADANIPORTS.NS,4,0.054098134770101204
2010-08-04,nifty50,APOLLOHOSP.NS,2,0.054098134770101204
2010-08-04,nifty50,ASIANPAINT.NS,3,0.054098134770101204
2010-08-04,nifty50,AXISBANK.NS,2,0.054098134770101204
2010-08-04,nifty50,BAJAJ-AUTO.NS,3,0.054098134770101204
2010-08-04,nifty50,BAJAJFINSV.NS,3,0.054098134770101204
2010-08-04,nifty50,BAJFINANCE.NS,3,0.054098134770101204
2010-08-04,nifty50,BEL.NS,2,0.054098134770101204
2010-08-04,nifty50,BHARTIARTL.NS,2,0.054098134770101204
2010-08-04,nifty50,BPCL.NS,0,0.054098134770101204
2010-08-04,nifty50,BRITANNIA.NS,4,0.054098134770101204
2010-08-04,nifty50,CIPLA.NS,4,0.054098134770101204
2010-08-04,nifty50,DIVISLAB.NS,4,0.054098134770101204
2010-08-04,nifty50,DRREDDY.NS,0,0.054098134770101204
2010-08-04,nifty50,EICHERMOT.NS,0,0.054098134770101204
2010-08-04,nifty50,GRASIM.NS,4,0.054098134770101204
2010-08-04,nifty50,HCLTECH.NS,1,0.054098134770101204
2010-08-04,nifty50,HDFCBANK.NS,2,0.054098134770101204
2010-08-04,nifty50,HEROMOTOCO.NS,4,0.054098134770101204
2010-08-04,nifty50,HINDALCO.NS,2,0.054098134770101204
2010-08-04,nifty50,HINDUNILVR.NS,0,0.054098134770101204
2010-08-04,nifty50,ICICIBANK.NS,3,0.054098134770101204
2010-08-04,nifty50,INDUSINDBK.NS,0,0.054098134770101204
2010-08-04,nifty50,INFY.NS,1,0.054098134770101204
2010-08-04,nifty50,ITC.NS,4,0.054098134770101204
2010-08-04,nifty50,JSWSTEEL.NS,4,0.054098134770101204
2010-08-04,nifty50,KOTAKBANK.NS,4,0.054098134770101204
2010-08-04,nifty50,LT.NS,3,0.054098134770101204
2010-08-04,nifty50,M&M.NS,2,0.054098134770101204
2010-08-04,nifty50,MARUTI.NS,4,0.054098134770101204
2010-08-04,nifty50,NESTLEIND.NS,4,0.054098134770101204
2010-08-04,nifty50,NTPC.NS,0,0.054098134770101204
2010-08-04,nifty50,ONGC.NS,0,0.054098134770101204
2010-08-04,nifty50,POWERGRID.NS,0,0.054098134770101204
2010-08-04,nifty50,RELIANCE.NS,0,0.054098134770101204
2010-08-04,nifty50,SBIN.NS,4,0.054098134770101204
2010-08-04,nifty50,SHRIRAMFIN.NS,4,0.054098134770101204
2010-08-04,nifty50,SUNPHARMA.NS,2,0.054098134770101204
2010-08-04,nifty50,TATACONSUM.NS,4,0.054098134770101204
2010-08-04,nifty50,TATASTEEL.NS,2,0.054098134770101204
2010-08-04,nifty50,TCS.NS,1,0.054098134770101204
2010-08-04,nifty50,TECHM.NS,4,0.054098134770101204
2010-08-04,nifty50,TITAN.NS,3,0.054098134770101204
2010-08-04,nifty50,ULTRACEMCO.NS,1,0.054098134770101204
2010-08-04,nifty50,WIPRO.NS,1,0.054098134770101204
2010-09-02,nifty50,ADANIENT.NS,3,0.09606986899563319
2010-09-02,nifty50,ADANIPORTS.NS,3,0.09606986899563319
2010-09-02,nifty50,APOLLOHOSP.NS,2,0.09606986899563319
2010-09-02,nifty50,ASIANPAINT.NS,3,0.09606986899563319
2010-09-02,nifty50,AXISBANK.NS,2,0.09606986899563319
2010-09-02,nifty50,BAJAJ-AUTO.NS,0,0.09606986899563319
2010-09-02,nifty50,BAJAJFINSV.NS,3,0.09606986899563319
2010-09-02,nifty50,BAJFINANCE.NS,3,0.09606986899563319
2010-09-02,nifty50,BEL.NS,0,0.09606986899563319
2010-09-02,nifty50,BHARTIARTL.NS,3,0.09606986899563319
2010-09-02,nifty50,BPCL.NS,0,0.09606986899563319
2010-09-02,nifty50,BRITANNIA.NS,0,0.09606986899563319
2010-09-02,nifty50,CIPLA.NS,0,0.09606986899563319
2010-09-02,nifty50,DIVISLAB.NS,1,0.09606986899563319
2010-09-02,nifty50,DRREDDY.NS,1,0.09606986899563319
2010-09-02,nifty50,EICHERMOT.NS,0,0.09606986899563319
2010-09-02,nifty50,GRASIM.NS,0,0.09606986899563319
2010-09-02,nifty50,HCLTECH.NS,1,0.09606986899563319
2010-09-02,nifty50,HDFCBANK.NS,2,0.09606986899563319
2010-09-02,nifty50,HEROMOTOCO.NS,0,0.09606986899563319
2010-09-02,nifty50,HINDALCO.NS,2,0.09606986899563319
2010-09-02,nifty50,HINDUNILVR.NS,3,0.09606986899563319
2010-09-02,nifty50,ICICIBANK.NS,3,0.09606986899563319
2010-09-02,nifty50,INDUSINDBK.NS,0,0.09606986899563319
2010-09-02,nifty50,INFY.NS,1,0.09606986899563319
2010-09-02,nifty50,ITC.NS,3,0.09606986899563319
2010-09-02,nifty50,JSWSTEEL.NS,2,0.09606986899563319
2010-09-02,nifty50,KOTAKBANK.NS,3,0.09606986899563319
2010-09-02,nifty50,LT.NS,2,0.09606986899563319
2010-09-02,nifty50,M&M.NS,3,0.09606986899563319
2010-09-02,nifty50,MARUTI.NS,0,0.09606986899563319
2010-09-02,nifty50,NESTLEIND.NS,1,0.09606986899563319
2010-09-02,nifty50,NTPC.NS,1,0.09606986899563319
2010-09-02,nifty50,ONGC.NS,0,0.09606986899563319
2010-09-02,nifty50,POWERGRID.NS,1,0.09606986899563319
2010-09-02,nifty50,RELIANCE.NS,0,0.09606986899563319
2010-09-02,nifty50,SBIN.NS,0,0.09606986899563319
2010-09-02,nifty50,SHRIRAMFIN.NS,1,0.09606986899563319
2010-09-02,nifty50,SUNPHARMA.NS,2,0.09606986899563319
2010-09-02,nifty50,TATACONSUM.NS,3,0.09606986899563319
2010-09-02,nifty50,TATASTEEL.NS,0,0.09606986899563319
2010-09-02,nifty50,TCS.NS,1,0.09606986899563319
2010-09-02,nifty50,TECHM.NS,3,0.09606986899563319
2010-09-02,nifty50,TITAN.NS,3,0.09606986899563319
2010-09-02,nifty50,ULTRACEMCO.NS,2,0.09606986899563319
2010-09-02,nifty50,WIPRO.NS,1,0.09606986899563319
2010-10-04,nifty50,ADANIENT.NS,0,0.17600860677783756
2010-10-04,nifty50,ADANIPORTS.NS,0,0.17600860677783756
2010-10-04,nifty50,APOLLOHOSP.NS,1,0.17600860677783756
2010-10-04,nifty50,ASIANPAINT.NS,2,0.17600860677783756
2010-10-04,nifty50,AXISBANK.NS,2,0.17600860677783756
2010-10-04,nifty50,BAJAJ-AUTO.NS,3,0.17600860677783756
2010-10-04,nifty50,BAJAJFINSV.NS,0,0.17600860677783756
2010-10-04,nifty50,BAJFINANCE.NS,0,0.17600860677783756
2010-10-04,nifty50,BEL.NS,0,0.17600860677783756
2010-10-04,nifty50,BHARTIARTL.NS,3,0.17600860677783756
2010-10-04,nifty50,BPCL.NS,2,0.17600860677783756
2010-10-04,nifty50,BRITANNIA.NS,3,0.17600860677783756
2010-10-04,nifty50,CIPLA.NS,2,0.17600860677783756
2010-10-04,nifty50,DIVISLAB.NS,1,0.17600860677783756
2010-10-04,nifty50,DRREDDY.NS,1,0.17600860677783756
2010-10-04,nifty50,EICHERMOT.NS,2,0.17600860677783756
2010-10-04,nifty50,GRASIM.NS,2,0.17600860677783756
2010-10-04,nifty50,HCLTECH.NS,1,0.17600860677783756
2010-10-04,nifty50,HDFCBANK.NS,2,0.17600860677783756
2010-10-04,nifty50,HEROMOTOCO.NS,3,0.17600860677783756
2010-10-04,nifty50,HINDALCO.NS,2,0.17600860677783756
2010-10-04,nifty50,HINDUNILVR.NS,2,0.17600860677783756
2010-10-04,nifty50,ICICIBANK.NS,0,0.17600860677783756
2010-10-04,nifty50,INDUSINDBK.NS,2,0.17600860677783756
2010-10-04,nifty50,INFY.NS,1,0.17600860677783756
2010-10-04,nifty50,ITC.NS,2,0.17600860677783756
2010-10-04,nifty50,JSWSTEEL.NS,0,0.17600860677783756
2010-10-04,nifty50,KOTAKBANK.NS,2,0.17600860677783756
2010-10-04,nifty50,LT.NS,2,0.17600860677783756
2010-10-04,nifty50,M&M.NS,0,0.17600860677783756
2010-10-04,nifty50,MARUTI.NS,3,0.17600860677783756
2010-10-04,nifty50,NESTLEIND.NS,2,0.17600860677783756
2010-10-04,nifty50,NTPC.NS,2,0.17600860677783756
2010-10-04,nifty50,ONGC.NS,2,0.17600860677783756
2010-10-04,nifty50,POWERGRID.NS,2,0.17600860677783756
2010-10-04,nifty50,RELIANCE.NS,0,0.17600860677783756
2010-10-04,nifty50,SBIN.NS,3,0.17600860677783756
2010-10-04,nifty50,SHRIRAMFIN.NS,1,0.17600860677783756
2010-10-04,nifty50,SUNPHARMA.NS,2,0.17600860677783756
2010-10-04,nifty50,TATACONSUM.NS,0,0.17600860677783756
2010-10-04,nifty50,TATASTEEL.NS,3,0.17600860677783756
2010-10-04,nifty50,TCS.NS,1,0.17600860677783756
2010-10-04,nifty50,TECHM.NS,2,0.17600860677783756
2010-10-04,nifty50,TITAN.NS,0,0.17600860677783756
2010-10-04,nifty50,ULTRACEMCO.NS,2,0.17600860677783756
2010-10-04,nifty50,WIPRO.NS,1,0.17600860677783756
2010-11-02,nifty50,ADANIENT.NS,1,0.04759912999832692
2010-11-02,nifty50,ADANIPORTS.NS,0,0.04759912999832692
2010-11-02,nifty50,APOLLOHOSP.NS,2,0.04759912999832692
2010-11-02,nifty50,ASIANPAINT.NS,0,0.04759912999832692
2010-11-02,nifty50,AXISBANK.NS,2,0.04759912999832692
2010-11-02,nifty50,BAJAJ-AUTO.NS,0,0.04759912999832692
2010-11-02,nifty50,BAJAJFINSV.NS,3,0.04759912999832692
2010-11-02,nifty50,BAJFINANCE.NS,3,0.04759912999832692
2010-11-02,nifty50,BEL.NS,0,0.04759912999832692
2010-11-02,nifty50,BHARTIARTL.NS,1,0.04759912999832692
2010-11-02,nifty50,BPCL.NS,0,0.04759912999832692
2010-11-02,nifty50,BRITANNIA.NS,3,0.04759912999832692
2010-11-02,nifty50,CIPLA.NS,0,0.04759912999832692
2010-11-02,nifty50,DIVISLAB.NS,0,0.04759912999832692
2010-11-02,nifty50,DRREDDY.NS,2,0.04759912999832692
2010-11-02,nifty50,EICHERMOT.NS,0,0.04759912999832692
2010-11-02,nifty50,GRASIM.NS,3,0.04759912999832692
2010-11-02,nifty50,HCLTECH.NS,1,0.04759912999832692
2010-11-02,nifty50,HDFCBANK.NS,2,0.04759912999832692
2010-11-02,nifty50,HEROMOTOCO.NS,3,0.04759912999832692
2010-11-02,nifty50,HINDALCO.NS,3,0.04759912999832692
2010-11-02,nifty50,HINDUNILVR.NS,2,0.04759912999832692
2010-11-02,nifty50,ICICIBANK.NS,1,0.04759912999832692
2010-11-02,nifty50,INDUSINDBK.NS,0,0.04759912999832692
2010-11-02,nifty50,INFY.NS,1,0.04759912999832692
2010-11-02,nifty50,ITC.NS,2,0.04759912999832692
2010-11-02,nifty50,JSWSTEEL.NS,0,0.04759912999832692
2010-11-02,nifty50,KOTAKBANK.NS,3,0.04759912999832692
2010-11-02,nifty50,LT.NS,0,0.04759912999832692
2010-11-02,nifty50,M&M.NS,0,0.04759912999832692
2010-11-02,nifty50,MARUTI.NS,3,0.04759912999832692
2010-11-02,nifty50,NESTLEIND.NS,0,0.04759912999832692
2010-11-02,nifty50,NTPC.NS,0,0.04759912999832692
2010-11-02,nifty50,ONGC.NS,0,0.04759912999832692
2010-11-02,nifty50,POWERGRID.NS,0,0.04759912999832692
2010-11-02,nifty50,RELIANCE.NS,0,0.04759912999832692
2010-11-02,nifty50,SBIN.NS,3,0.04759912999832692
2010-11-02,nifty50,SHRIRAMFIN.NS,0,0.04759912999832692
2010-11-02,nifty50,SUNPHARMA.NS,2,0.04759912999832692
2010-11-02,nifty50,TATACONSUM.NS,3,0.04759912999832692
2010-11-02,nifty50,TATASTEEL.NS,0,0.04759912999832692
2010-11-02,nifty50,TCS.NS,1,0.04759912999832692
2010-11-02,nifty50,TECHM.NS,3,0.04759912999832692
2010-11-02,nifty50,TITAN.NS,2,0.04759912999832692
2010-11-02,nifty50,ULTRACEMCO.NS,1,0.04759912999832692
2010-11-02,nifty50,WIPRO.NS,1,0.04759912999832692
2010-12-03,nifty50,ADANIENT.NS,0,0.1206857316240613
2010-12-03,nifty50,ADANIPORTS.NS,3,0.1206857316240613
2010-12-03,nifty50,APOLLOHOSP.NS,2,0.1206857316240613
2010-12-03,nifty50,ASIANPAINT.NS,2,0.1206857316240613
2010-12-03,nifty50,AXISBANK.NS,2,0.1206857316240613
2010-12-03,nifty50,BAJAJ-AUTO.NS,0,0.1206857316240613
2010-12-03,nifty50,BAJAJFINSV.NS,3,0.1206857316240613
2010-12-03,nifty50,BAJFINANCE.NS,4,0.1206857316240613
2010-12-03,nifty50,BEL.NS,3,0.1206857316240613
2010-12-03,nifty50,BHARTIARTL.NS,2,0.1206857316240613
2010-12-03,nifty50,BPCL.NS,3,0.1206857316240613
2010-12-03,nifty50,BRITANNIA.NS,3,0.1206857316240613
2010-12-03,nifty50,CIPLA.NS,2,0.1206857316240613
2010-12-03,nifty50,DIVISLAB.NS,4,0.1206857316240613
2010-12-03,nifty50,DRREDDY.NS,4,0.1206857316240613
2010-12-03,nifty50,EICHERMOT.NS,0,0.1206857316240613
2010-12-03,nifty50,GRASIM.NS,3,0.1206857316240613
2010-12-03,nifty50,HCLTECH.NS,1,0.1206857316240613
2010-12-03,nifty50,HDFCBANK.NS,2,0.1206857316240613
2010-12-03,nifty50,HEROMOTOCO.NS,2,0.1206857316240613
2010-12-03,nifty50,HINDALCO.NS,4,0.1206857316240613
2010-12-03,nifty50,HINDUNILVR.NS,2,0.1206857316240613
2010-12-03,nifty50,ICICIBANK.NS,2,0.1206857316240613
2010-12-03,nifty50,INDUSINDBK.NS,3,0.1206857316240613
2010-12-03,nifty50,INFY.NS,1,0.1206857316240613
2010-12-03,nifty50,ITC.NS,2,0.1206857316240613
2010-12-03,nifty50,JSWSTEEL.NS,0,0.1206857316240613
2010-12-03,nifty50,KOTAKBANK.NS,3,0.1206857316240613
2010-12-03,nifty50,LT.NS,4,0.1206857316240613
2010-12-03,nifty50,M&M.NS,0,0.1206857316240613
2010-12-03,nifty50,MARUTI.NS,2,0.1206857316240613
2010-12-03,nifty50,NESTLEIND.NS,2,0.1206857316240613
2010-12-03,nifty50,NTPC.NS,4,0.1206857316240613
2010-12-03,nifty50,ONGC.NS,3,0.1206857316240613
2010-12-03,nifty50,POWERGRID.NS,3,0.1206857316240613
2010-12-03,nifty50,RELIANCE.NS,0,0.1206857316240613
2010-12-03,nifty50,SBIN.NS,2,0.1206857316240613
2010-12-03,nifty50,SHRIRAMFIN.NS,0,0.1206857316240613
2010-12-03,nifty50,SUNPHARMA.NS,2,0.1206857316240613
2010-12-03,nifty50,TATACONSUM.NS,3,0.1206857316240613
2010-12-03,nifty50,TATASTEEL.NS,0,0.1206857316240613
2010-12-03,nifty50,TCS.NS,1,0.1206857316240613
2010-12-03,nifty50,TECHM.NS,3,0.1206857316240613
2010-12-03,nifty50,TITAN.NS,0,0.1206857316240613
2010-12-03,nifty50,ULTRACEMCO.NS,4,0.1206857316240613
2010-12-03,nifty50,WIPRO.NS,1,0.1206857316240613
2011-01-04,nifty50,ADANIENT.NS,0,0.1389072628654584
2011-01-04,nifty50,ADANIPORTS.NS,3,0.1389072628654584
2011-01-04,nifty50,APOLLOHOSP.NS,3,0.1389072628654584
2011-01-04,nifty50,ASIANPAINT.NS,5,0.1389072628654584
2011-01-04,nifty50,AXISBANK.NS,4,0.1389072628654584
2011-01-04,nifty50,BAJAJ-AUTO.NS,2,0.1389072628654584
2011-01-04,nifty50,BAJAJFINSV.NS,5,0.1389072628654584
2011-01-04,nifty50,BAJFINANCE.NS,3,0.1389072628654584
2011-01-04,nifty50,BEL.NS,0,0.1389072628654584
2011-01-04,nifty50,BHARTIARTL.NS,1,0.1389072628654584
2011-01-04,nifty50,BPCL.NS,5,0.1389072628654584
2011-01-04,nifty50,BRITANNIA.NS,3,0.1389072628654584
2011-01-04,nifty50,CIPLA.NS,0,0.1389072628654584
2011-01-04,nifty50,DIVISLAB.NS,3,0.1389072628654584
2011-01-04,nifty50,DRREDDY.NS,3,0.1389072628654584
2011-01-04,nifty50,EICHERMOT.NS,2,0.1389072628654584
2011-01-04,nifty50,GRASIM.NS,5,0.1389072628654584
2011-01-04,nifty50,HCLTECH.NS,1,0.1389072628654584
2011-01-04,nifty50,HDFCBANK.NS,2,0.1389072628654584
2011-01-04,nifty50,HEROMOTOCO.NS,0,0.1389072628654584
2011-01-04,nifty50,HINDALCO.NS,0,0.1389072628654584
2011-01-04,nifty50,HINDUNILVR.NS,4,0.1389072628654584
2011-01-04,nifty50,ICICIBANK.NS,3,0.1389072628654584
2011-01-04,nifty50,INDUSINDBK.NS,2,0.1389072628654584
2011-01-04,nifty50,INFY.NS,1,0.1389072628654584
2011-01-04,nifty50,ITC.NS,4,0.1389072628654584
2011-01-04,nifty50,JSWSTEEL.NS,0,0.1389072628654584
2011-01-04,nifty50,KOTAKBANK.NS,5,0.1389072628654584
2011-01-04,nifty50,LT.NS,0,0.1389072628654584
2011-01-04,nifty50,M&M.NS,0,0.1389072628654584
2011-01-04,nifty50,MARUTI.NS,0,0.1389072628654584
2011-01-04,nifty50,NESTLEIND.NS,4,0.1389072628654584
2011-01-04,nifty50,NTPC.NS,0,0.1389072628654584
2011-01-04,nifty50,ONGC.NS,5,0.1389072628654584
2011-01-04,nifty50,POWERGRID.NS,0,0.1389072628654584
2011-01-04,nifty50,RELIANCE.NS,0,0.1389072628654584
2011-01-04,nifty50,SBIN.NS,2,0.1389072628654584
2011-01-04,nifty50,SHRIRAMFIN.NS,4,0.1389072628654584
2011-01-04,nifty50,SUNPHARMA.NS,2,0.1389072628654584
2011-01-04,nifty50,TATACONSUM.NS,5,0.1389072628654584
2011-01-04,nifty50,TATASTEEL.NS,0,0.1389072628654584
2011-01-04,nifty50,TCS.NS,1,0.1389072628654584
2011-01-04,nifty50,TECHM.NS,3,0.1389072628654584
2011-01-04,nifty50,TITAN.NS,0,0.1389072628654584
2011-01-04,nifty50,ULTRACEMCO.NS,0,0.1389072628654584
2011-01-04,nifty50,WIPRO.NS,1,0.1389072628654584
2011-02-03,nifty50,ADANIENT.NS,3,0.15649349001294383
2011-02-03,nifty50,ADANIPORTS.NS,2,0.15649349001294383
2011-02-03,nifty50,APOLLOHOSP.NS,2,0.15649349001294383
2011-02-03,nifty50,ASIANPAINT.NS,2,0.15649349001294383
2011-02-03,nifty50,AXISBANK.NS,2,0.15649349001294383
2011-02-03,nifty50,BAJAJ-AUTO.NS,3,0.15649349001294383
2011-02-03,nifty50,BAJAJFINSV.NS,2,0.15649349001294383
2011-02-03,nifty50,BAJFINANCE.NS,2,0.15649349001294383
2011-02-03,nifty50,BEL.NS,0,0.15649349001294383
2011-02-03,nifty50,BHARTIARTL.NS,1,0.15649349001294383
2011-02-03,nifty50,BPCL.NS,3,0.15649349001294383
2011-02-03,nifty50,BRITANNIA.NS,3,0.15649349001294383
2011-02-03,nifty50,CIPLA.NS,3,0.15649349001294383
2011-02-03,nifty50,DIVISLAB.NS,0,0.15649349001294383
2011-02-03,nifty50,DRREDDY.NS,0,0.15649349001294383
2011-02-03,nifty50,EICHERMOT.NS,3,0.15649349001294383
2011-02-03,nifty50,GRASIM.NS,2,0.15649349001294383
2011-02-03,nifty50,HCLTECH.NS,1,0.15649349001294383
2011-02-03,nifty50,HDFCBANK.NS,1,0.15649349001294383
2011-02-03,nifty50,HEROMOTOCO.NS,1,0.15649349001294383
2011-02-03,nifty50,HINDALCO.NS,0,0.15649349001294383
2011-02-03,nifty50,HINDUNILVR.NS,1,0.15649349001294383
2011-02-03,nifty50,ICICIBANK.NS,2,0.15649349001294383
2011-02-03,nifty50,INDUSINDBK.NS,2,0.15649349001294383
2011-02-03,nifty50,INFY.NS,1,0.15649349001294383
2011-02-03,nifty50,ITC.NS,1,0.15649349001294383
2011-02-03,nifty50,JSWSTEEL.NS,3,0.15649349001294383
2011-02-03,nifty50,KOTAKBANK.NS,0,0.15649349001294383
2011-02-03,nifty50,LT.NS,3,0.15649349001294383
2011-02-03,nifty50,M&M.NS,0,0.15649349001294383
2011-02-03,nifty50,MARUTI.NS,1,0.15649349001294383
2011-02-03,nifty50,NESTLEIND.NS,1,0.15649349001294383
2011-02-03,nifty50,NTPC.NS,0,0.15649349001294383
2011-02-03,nifty50,ONGC.NS,3,0.15649349001294383
2011-02-03,nifty50,POWERGRID.NS,0,0.15649349001294383
2011-02-03,nifty50,RELIANCE.NS,0,0.15649349001294383
2011-02-03,nifty50,SBIN.NS,2,0.15649349001294383
2011-02-03,nifty50,SHRIRAMFIN.NS,3,0.15649349001294383
2011-02-03,nifty50,SUNPHARMA.NS,2,0.15649349001294383
2011-02-03,nifty50,TATACONSUM.NS,3,0.15649349001294383
2011-02-03,nifty50,TATASTEEL.NS,0,0.15649349001294383
2011-02-03,nifty50,TCS.NS,1,0.15649349001294383
2011-02-03,nifty50,TECHM.NS,0,0.15649349001294383
2011-02-03,nifty50,TITAN.NS,0,0.15649349001294383
2011-02-03,nifty50,ULTRACEMCO.NS,3,0.15649349001294383
2011-02-03,nifty50,WIPRO.NS,1,0.15649349001294383
2011-03-07,nifty50,ADANIENT.NS,0,0.14494532898522924
2011-03-07,nifty50,ADANIPORTS.NS,2,0.14494532898522924
2011-03-07,nifty50,APOLLOHOSP.NS,2,0.14494532898522924
2011-03-07,nifty50,ASIANPAINT.NS,3,0.14494532898522924
2011-03-07,nifty50,AXISBANK.NS,2,0.14494532898522924
2011-03-07,nifty50,BAJAJ-AUTO.NS,3,0.14494532898522924
2011-03-07,nifty50,BAJAJFINSV.NS,3,0.14494532898522924
2011-03-07,nifty50,BAJFINANCE.NS,2,0.14494532898522924
2011-03-07,nifty50,BEL.NS,0,0.14494532898522924
2011-03-07,nifty50,BHARTIARTL.NS,1,0.14494532898522924
2011-03-07,nifty50,BPCL.NS,1,0.14494532898522924
2011-03-07,nifty50,BRITANNIA.NS,2,0.14494532898522924
2011-03-07,nifty50,CIPLA.NS,0,0.14494532898522924
2011-03-07,nifty50,DIVISLAB.NS,0,0.14494532898522924
2011-03-07,nifty50,DRREDDY.NS,0,0.14494532898522924
2011-03-07,nifty50,EICHERMOT.NS,0,0.14494532898522924
2011-03-07,nifty50,GRASIM.NS,3,0.14494532898522924
2011-03-07,nifty50,HCLTECH.NS,0,0.14494532898522924
2011-03-07,nifty50,HDFCBANK.NS,2,0.14494532898522924
2011-03-07,nifty50,HEROMOTOCO.NS,3,0.14494532898522924
2011-03-07,nifty50,HINDALCO.NS,0,0.14494532898522924
2011-03-07,nifty50,HINDUNILVR.NS,1,0.14494532898522924
2011-03-07,nifty50,ICICIBANK.NS,2,0.14494532898522924
2011-03-07,nifty50,INDUSINDBK.NS,3,0.14494532898522924
2011-03-07,nifty50,INFY.NS,1,0.14494532898522924
2011-03-07,nifty50,ITC.NS,1,0.14494532898522924
2011-03-07,nifty50,JSWSTEEL.NS,0,0.14494532898522924
2011-03-07,nifty50,KOTAKBANK.NS,2,0.14494532898522924
2011-03-07,nifty50,LT.NS,3,0.14494532898522924
2011-03-07,nifty50,M&M.NS,3,0.14494532898522924
2011-03-07,nifty50,MARUTI.NS,3,0.14494532898522924
2011-03-07,nifty50,NESTLEIND.NS,1,0.14494532898522924
2011-03-07,nifty50,NTPC.NS,0,0.14494532898522924
2011-03-07,nifty50,ONGC.NS,0,0.14494532898522924
2011-03-07,nifty50,POWERGRID.NS,3,0.14494532898522924
2011-03-07,nifty50,RELIANCE.NS,0,0.14494532898522924
2011-03-07,nifty50,SBIN.NS,2,0.14494532898522924
2011-03-07,nifty50,SHRIRAMFIN.NS,2,0.14494532898522924
2011-03-07,nifty50,SUNPHARMA.NS,0,0.14494532898522924
2011-03-07,nifty50,TATACONSUM.NS,3,0.14494532898522924
2011-03-07,nifty50,TATASTEEL.NS,0,0.14494532898522924
2011-03-07,nifty50,TCS.NS,1,0.14494532898522924
2011-03-07,nifty50,TECHM.NS,3,0.14494532898522924
2011-03-07,nifty50,TITAN.NS,3,0.14494532898522924
2011-03-07,nifty50,ULTRACEMCO.NS,3,0.14494532898522924
2011-03-07,nifty50,WIPRO.NS,1,0.14494532898522924
2011-04-05,nifty50,ADANIENT.NS,3,0.16198019801980199
2011-04-05,nifty50,ADANIPORTS.NS,0,0.16198019801980199
2011-04-05,nifty50,APOLLOHOSP.NS,0,0.16198019801980199
2011-04-05,nifty50,ASIANPAINT.NS,3,0.16198019801980199
2011-04-05,nifty50,AXISBANK.NS,0,0.16198019801980199
2011-04-05,nifty50,BAJAJ-AUTO.NS,1,0.16198019801980199
2011-04-05,nifty50,BAJAJFINSV.NS,1,0.16198019801980199
2011-04-05,nifty50,BAJFINANCE.NS,0,0.16198019801980199
2011-04-05,nifty50,BEL.NS,3,0.16198019801980199
2011-04-05,nifty50,BHARTIARTL.NS,1,0.16198019801980199
2011-04-05,nifty50,BPCL.NS,3,0.16198019801980199
2011-04-05,nifty50,BRITANNIA.NS,3,0.16198019801980199
2011-04-05,nifty50,CIPLA.NS,0,0.16198019801980199
2011-04-05,nifty50,DIVISLAB.NS,1,0.16198019801980199
2011-04-05,nifty50,DRREDDY.NS,0,0.16198019801980199
2011-04-05,nifty50,EICHERMOT.NS,3,0.16198019801980199
2011-04-05,nifty50,GRASIM.NS,3,0.16198019801980199
2011-04-05,nifty50,HCLTECH.NS,1,0.16198019801980199
2011-04-05,nifty50,HDFCBANK.NS,1,0.16198019801980199
2011-04-05,nifty50,HEROMOTOCO.NS,3,0.16198019801980199
2011-04-05,nifty50,HINDALCO.NS,3,0.16198019801980199
2011-04-05,nifty50,HINDUNILVR.NS,0,0.16198019801980199
2011-04-05,nifty50,ICICIBANK.NS,0,0.16198019801980199
2011-04-05,nifty50,INDUSINDBK.NS,3,0.16198019801980199
2011-04-05,nifty50,INFY.NS,1,0.16198019801980199
2011-04-05,nifty50,ITC.NS,1,0.16198019801980199
2011-04-05,nifty50,JSWSTEEL.NS,3,0.16198019801980199
2011-04-05,nifty50,KOTAKBANK.NS,0,0.16198019801980199
2011-04-05,nifty50,LT.NS,3,0.16198019801980199
2011-04-05,nifty50,M&M.NS,3,0.16198019801980199
2011-04-05,nifty50,MARUTI.NS,3,0.16198019801980199
2011-04-05,nifty50,NESTLEIND.NS,0,0.16198019801980199
2011-04-05,nifty50,NTPC.NS,3,0.16198019801980199
2011-04-05,nifty50,ONGC.NS,1,0.16198019801980199
2011-04-05,nifty50,POWERGRID.NS,1,0.16198019801980199
2011-04-05,nifty50,RELIANCE.NS,0,0.16198019801980199
2011-04-05,nifty50,SBIN.NS,0,0.16198019801980199
2011-04-05,nifty50,SHRIRAMFIN.NS,3,0.16198019801980199
2011-04-05,nifty50,SUNPHARMA.NS,3,0.16198019801980199
2011-04-05,nifty50,TATACONSUM.NS,3,0.16198019801980199
2011-04-05,nifty50,TATASTEEL.NS,3,0.16198019801980199
2011-04-05,nifty50,TCS.NS,1,0.16198019801980199
2011-04-05,nifty50,TECHM.NS,3,0.16198019801980199
2011-04-05,nifty50,TITAN.NS,3,0.16198019801980199
2011-04-05,nifty50,ULTRACEMCO.NS,3,0.16198019801980199
2011-04-05,nifty50,WIPRO.NS,1,0.16198019801980199
2011-05-09,nifty50,ADANIENT.NS,3,0.30251191723858145
2011-05-09,nifty50,ADANIPORTS.NS,0,0.30251191723858145
2011-05-09,nifty50,APOLLOHOSP.NS,4,0.30251191723858145
2011-05-09,nifty50,ASIANPAINT.NS,3,0.30251191723858145
2011-05-09,nifty50,AXISBANK.NS,0,0.30251191723858145
2011-05-09,nifty50,BAJAJ-AUTO.NS,0,0.30251191723858145
2011-05-09,nifty50,BAJAJFINSV.NS,2,0.30251191723858145
2011-05-09,nifty50,BAJFINANCE.NS,0,0.30251191723858145
2011-05-09,nifty50,BEL.NS,3,0.30251191723858145
2011-05-09,nifty50,BHARTIARTL.NS,2,0.30251191723858145
2011-05-09,nifty50,BPCL.NS,2,0.30251191723858145
2011-05-09,nifty50,BRITANNIA.NS,3,0.30251191723858145
2011-05-09,nifty50,CIPLA.NS,4,0.30251191723858145
2011-05-09,nifty50,DIVISLAB.NS,3,0.30251191723858145
2011-05-09,nifty50,DRREDDY.NS,0,0.30251191723858145
2011-05-09,nifty50,EICHERMOT.NS,3,0.30251191723858145
2011-05-09,nifty50,GRASIM.NS,3,0.30251191723858145
2011-05-09,nifty50,HCLTECH.NS,1,0.30251191723858145
2011-05-09,nifty50,HDFCBANK.NS,0,0.30251191723858145
2011-05-09,nifty50,HEROMOTOCO.NS,4,0.30251191723858145
2011-05-09,nifty50,HINDALCO.NS,3,0.30251191723858145
2011-05-09,nifty50,HINDUNILVR.NS,0,0.30251191723858145
2011-05-09,nifty50,ICICIBANK.NS,0,0.30251191723858145
2011-05-09,nifty50,INDUSINDBK.NS,4,0.30251191723858145
2011-05-09,nifty50,INFY.NS,1,0.30251191723858145
2011-05-09,nifty50,ITC.NS,2,0.30251191723858145
2011-05-09,nifty50,JSWSTEEL.NS,4,0.30251191723858145
2011-05-09,nifty50,KOTAKBANK.NS,0,0.30251191723858145
2011-05-09,nifty50,LT.NS,2,0.30251191723858145
2011-05-09,nifty50,M&M.NS,4,0.30251191723858145
2011-05-09,nifty50,MARUTI.NS,4,0.30251191723858145
2011-05-09,nifty50,NESTLEIND.NS,0,0.30251191723858145
2011-05-09,nifty50,NTPC.NS,4,0.30251191723858145
2011-05-09,nifty50,ONGC.NS,4,0.30251191723858145
2011-05-09,nifty50,POWERGRID.NS,0,0.30251191723858145
2011-05-09,nifty50,RELIANCE.NS,0,0.30251191723858145
2011-05-09,nifty50,SBIN.NS,0,0.30251191723858145
2011-05-09,nifty50,SHRIRAMFIN.NS,2,0.30251191723858145
2011-05-09,nifty50,SUNPHARMA.NS,4,0.30251191723858145
2011-05-09,nifty50,TATACONSUM.NS,3,0.30251191723858145
2011-05-09,nifty50,TATASTEEL.NS,3,0.30251191723858145
2011-05-09,nifty50,TCS.NS,1,0.30251191723858145
2011-05-09,nifty50,TECHM.NS,3,0.30251191723858145
2011-05-09,nifty50,TITAN.NS,4,0.30251191723858145
2011-05-09,nifty50,ULTRACEMCO.NS,4,0.30251191723858145
2011-05-09,nifty50,WIPRO.NS,1,0.30251191723858145
2011-06-07,nifty50,ADANIENT.NS,3,0.16906301545827435
2011-06-07,nifty50,ADANIPORTS.NS,3,0.16906301545827435
2011-06-07,nifty50,APOLLOHOSP.NS,4,0.16906301545827435
2011-06-07,nifty50,ASIANPAINT.NS,3,0.16906301545827435
2011-06-07,nifty50,AXISBANK.NS,0,0.16906301545827435
2011-06-07,nifty50,BAJAJ-AUTO.NS,0,0.16906301545827435
2011-06-07,nifty50,BAJAJFINSV.NS,2,0.16906301545827435
2011-06-07,nifty50,BAJFINANCE.NS,0,0.16906301545827435
2011-06-07,nifty50,BEL.NS,3,0.16906301545827435
2011-06-07,nifty50,BHARTIARTL.NS,3,0.16906301545827435
2011-06-07,nifty50,BPCL.NS,0,0.16906301545827435
2011-06-07,nifty50,BRITANNIA.NS,4,0.16906301545827435
2011-06-07,nifty50,CIPLA.NS,4,0.16906301545827435
2011-06-07,nifty50,DIVISLAB.NS,2,0.16906301545827435
2011-06-07,nifty50,DRREDDY.NS,4,0.16906301545827435
2011-06-07,nifty50,EICHERMOT.NS,3,0.16906301545827435
2011-06-07,nifty50,GRASIM.NS,3,0.16906301545827435
2011-06-07,nifty50,HCLTECH.NS,1,0.16906301545827435
2011-06-07,nifty50,HDFCBANK.NS,2,0.16906301545827435
2011-06-07,nifty50,HEROMOTOCO.NS,2,0.16906301545827435
2011-06-07,nifty50,HINDALCO.NS,3,0.16906301545827435
2011-06-07,nifty50,HINDUNILVR.NS,2,0.16906301545827435
2011-06-07,nifty50,ICICIBANK.NS,0,0.16906301545827435
2011-06-07,nifty50,INDUSINDBK.NS,4,0.16906301545827435
2011-06-07,nifty50,INFY.NS,1,0.16906301545827435
2011-06-07,nifty50,ITC.NS,1,0.16906301545827435
2011-06-07,nifty50,JSWSTEEL.NS,1,0.16906301545827435
2011-06-07,nifty50,KOTAKBANK.NS,2,0.16906301545827435
2011-06-07,nifty50,LT.NS,4,0.16906301545827435
2011-06-07,nifty50,M&M.NS,2,0.16906301545827435
2011-06-07,nifty50,MARUTI.NS,2,0.16906301545827435
2011-06-07,nifty50,NESTLEIND.NS,1,0.16906301545827435
2011-06-07,nifty50,NTPC.NS,2,0.16906301545827435
2011-06-07,nifty50,ONGC.NS,0,0.16906301545827435
2011-06-07,nifty50,POWERGRID.NS,3,0.16906301545827435
2011-06-07,nifty50,RELIANCE.NS,0,0.16906301545827435
2011-06-07,nifty50,SBIN.NS,0,0.16906301545827435
2011-06-07,nifty50,SHRIRAMFIN.NS,0,0.16906301545827435
2011-06-07,nifty50,SUNPHARMA.NS,2,0.16906301545827435
2011-06-07,nifty50,TATACONSUM.NS,1,0.16906301545827435
2011-06-07,nifty50,TATASTEEL.NS,3,0.16906301545827435
2011-06-07,nifty50,TCS.NS,1,0.16906301545827435
2011-06-07,nifty50,TECHM.NS,1,0.16906301545827435
2011-06-07,nifty50,TITAN.NS,4,0.16906301545827435
2011-06-07,nifty50,ULTRACEMCO.NS,2,0.16906301545827435
2011-06-07,nifty50,WIPRO.NS,1,0.16906301545827435
2011-07-06,nifty50,ADANIENT.NS,2,0.18541001151970196
2011-07-06,nifty50,ADANIPORTS.NS,1,0.18541001151970196
2011-07-06,nifty50,APOLLOHOSP.NS,2,0.18541001151970196
2011-07-06,nifty50,ASIANPAINT.NS,0,0.18541001151970196
2011-07-06,nifty50,AXISBANK.NS,3,0.18541001151970196
2011-07-06,nifty50,BAJAJ-AUTO.NS,3,0.18541001151970196
2011-07-06,nifty50,BAJAJFINSV.NS,0,0.18541001151970196
2011-07-06,nifty50,BAJFINANCE.NS,0,0.18541001151970196
2011-07-06,nifty50,BEL.NS,2,0.18541001151970196
2011-07-06,nifty50,BHARTIARTL.NS,2,0.18541001151970196
2011-07-06,nifty50,BPCL.NS,3,0.18541001151970196
2011-07-06,nifty50,BRITANNIA.NS,3,0.18541001151970196
2011-07-06,nifty50,CIPLA.NS,2,0.18541001151970196
2011-07-06,nifty50,DIVISLAB.NS,2,0.18541001151970196
2011-07-06,nifty50,DRREDDY.NS,1,0.18541001151970196
2011-07-06,nifty50,EICHERMOT.NS,0,0.18541001151970196
2011-07-06,nifty50,GRASIM.NS,0,0.18541001151970196
2011-07-06,nifty50,HCLTECH.NS,1,0.18541001151970196
2011-07-06,nifty50,HDFCBANK.NS,0,0.18541001151970196
2011-07-06,nifty50,HEROMOTOCO.NS,0,0.18541001151970196
2011-07-06,nifty50,HINDALCO.NS,2,0.18541001151970196
2011-07-06,nifty50,HINDUNILVR.NS,3,0.18541001151970196
2011-07-06,nifty50,ICICIBANK.NS,3,0.18541001151970196
2011-07-06,nifty50,INDUSINDBK.NS,2,0.18541001151970196
2011-07-06,nifty50,INFY.NS,1,0.18541001151970196
2011-07-06,nifty50,ITC.NS,1,0.18541001151970196
2011-07-06,nifty50,JSWSTEEL.NS,2,0.18541001151970196
2011-07-06,nifty50,KOTAKBANK.NS,0,0.18541001151970196
2011-07-06,nifty50,LT.NS,3,0.18541001151970196
2011-07-06,nifty50,M&M.NS,0,0.18541001151970196
2011-07-06,nifty50,MARUTI.NS,0,0.18541001151970196
2011-07-06,nifty50,NESTLEIND.NS,2,0.18541001151970196
2011-07-06,nifty50,NTPC.NS,3,0.18541001151970196
2011-07-06,nifty50,ONGC.NS,3,0.18541001151970196
2011-07-06,nifty50,POWERGRID.NS,3,0.18541001151970196
2011-07-06,nifty50,RELIANCE.NS,0,0.18541001151970196
2011-07-06,nifty50,SBIN.NS,3,0.18541001151970196
2011-07-06,nifty50,SHRIRAMFIN.NS,3,0.18541001151970196
2011-07-06,nifty50,SUNPHARMA.NS,0,0.18541001151970196
2011-07-06,nifty50,TATACONSUM.NS,2,0.18541001151970196
2011-07-06,nifty50,TATASTEEL.NS,2,0.18541001151970196
2011-07-06,nifty50,TCS.NS,1,0.18541001151970196
2011-07-06,nifty50,TECHM.NS,2,0.18541001151970196
2011-07-06,nifty50,TITAN.NS,2,0.18541001151970196
2011-07-06,nifty50,ULTRACEMCO.NS,2,0.18541001151970196
2011-07-06,nifty50,WIPRO.NS,1,0.18541001151970196
2011-08-04,nifty50,ADANIENT.NS,1,0.2946568631095317
2011-08-04,nifty50,ADANIPORTS.NS,1,0.2946568631095317
2011-08-04,nifty50,APOLLOHOSP.NS,3,0.2946568631095317
2011-08-04,nifty50,ASIANPAINT.NS,2,0.2946568631095317
2011-08-04,nifty50,AXISBANK.NS,0,0.2946568631095317
2011-08-04,nifty50,BAJAJ-AUTO.NS,3,0.2946568631095317
2011-08-04,nifty50,BAJAJFINSV.NS,2,0.2946568631095317
2011-08-04,nifty50,BAJFINANCE.NS,2,0.2946568631095317
2011-08-04,nifty50,BEL.NS,1,0.2946568631095317
2011-08-04,nifty50,BHARTIARTL.NS,3,0.2946568631095317
2011-08-04,nifty50,BPCL.NS,0,0.2946568631095317
2011-08-04,nifty50,BRITANNIA.NS,3,0.2946568631095317
2011-08-04,nifty50,CIPLA.NS,3,0.2946568631095317
2011-08-04,nifty50,DIVISLAB.NS,3,0.2946568631095317
2011-08-04,nifty50,DRREDDY.NS,0,0.2946568631095317
2011-08-04,nifty50,EICHERMOT.NS,0,0.2946568631095317
2011-08-04,nifty50,GRASIM.NS,3,0.2946568631095317
2011-08-04,nifty50,HCLTECH.NS,1,0.2946568631095317
2011-08-04,nifty50,HDFCBANK.NS,2,0.2946568631095317
2011-08-04,nifty50,HEROMOTOCO.NS,2,0.2946568631095317
2011-08-04,nifty50,HINDALCO.NS,1,0.2946568631095317
2011-08-04,nifty50,HINDUNILVR.NS,3,0.2946568631095317
2011-08-04,nifty50,ICICIBANK.NS,0,0.2946568631095317
2011-08-04,nifty50,INDUSINDBK.NS,3,0.2946568631095317
2011-08-04,nifty50,INFY.NS,1,0.2946568631095317
2011-08-04,nifty50,ITC.NS,2,0.2946568631095317
2011-08-04,nifty50,JSWSTEEL.NS,1,0.2946568631095317
2011-08-04,nifty50,KOTAKBANK.NS,0,0.2946568631095317
2011-08-04,nifty50,LT.NS,2,0.2946568631095317
2011-08-04,nifty50,M&M.NS,2,0.2946568631095317
2011-08-04,nifty50,MARUTI.NS,2,0.2946568631095317
2011-08-04,nifty50,NESTLEIND.NS,3,0.2946568631095317
2011-08-04,nifty50,NTPC.NS,3,0.2946568631095317
2011-08-04,nifty50,ONGC.NS,0,0.2946568631095317
2011-08-04,nifty50,POWERGRID.NS,0,0.2946568631095317
2011-08-04,nifty50,RELIANCE.NS,0,0.2946568631095317
2011-08-04,nifty50,SBIN.NS,0,0.2946568631095317
2011-08-04,nifty50,SHRIRAMFIN.NS,3,0.2946568631095317
2011-08-04,nifty50,SUNPHARMA.NS,0,0.2946568631095317
2011-08-04,nifty50,TATACONSUM.NS,3,0.2946568631095317
2011-08-04,nifty50,TATASTEEL.NS,3,0.2946568631095317
2011-08-04,nifty50,TCS.NS,1,0.2946568631095317
2011-08-04,nifty50,TECHM.NS,3,0.2946568631095317
2011-08-04,nifty50,TITAN.NS,3,0.2946568631095317
2011-08-04,nifty50,ULTRACEMCO.NS,3,0.2946568631095317
2011-08-04,nifty50,WIPRO.NS,1,0.2946568631095317
2011-09-07,nifty50,ADANIENT.NS,0,0.015356082373177787
2011-09-07,nifty50,ADANIPORTS.NS,0,0.015356082373177787
2011-09-07,nifty50,APOLLOHOSP.NS,3,0.015356082373177787
2011-09-07,nifty50,ASIANPAINT.NS,0,0.015356082373177787
2011-09-07,nifty50,AXISBANK.NS,3,0.015356082373177787
2011-09-07,nifty50,BAJAJ-AUTO.NS,0,0.015356082373177787
2011-09-07,nifty50,BAJAJFINSV.NS,3,0.015356082373177787
2011-09-07,nifty50,BAJFINANCE.NS,3,0.015356082373177787
2011-09-07,nifty50,BEL.NS,0,0.015356082373177787
2011-09-07,nifty50,BHARTIARTL.NS,3,0.015356082373177787
2011-09-07,nifty50,BPCL.NS,3,0.015356082373177787
2011-09-07,nifty50,BRITANNIA.NS,1,0.015356082373177787
2011-09-07,nifty50,CIPLA.NS,1,0.015356082373177787
2011-09-07,nifty50,DIVISLAB.NS,1,0.015356082373177787
2011-09-07,nifty50,DRREDDY.NS,2,0.015356082373177787
2011-09-07,nifty50,EICHERMOT.NS,1,0.015356082373177787
2011-09-07,nifty50,GRASIM.NS,0,0.015356082373177787
2011-09-07,nifty50,HCLTECH.NS,1,0.015356082373177787
2011-09-07,nifty50,HDFCBANK.NS,1,0.015356082373177787
2011-09-07,nifty50,HEROMOTOCO.NS,2,0.015356082373177787
2011-09-07,nifty50,HINDALCO.NS,0,0.015356082373177787
2011-09-07,nifty50,HINDUNILVR.NS,1,0.015356082373177787
2011-09-07,nifty50,ICICIBANK.NS,3,0.015356082373177787
2011-09-07,nifty50,INDUSINDBK.NS,2,0.015356082373177787
2011-09-07,nifty50,INFY.NS,1,0.015356082373177787
2011-09-07,nifty50,ITC.NS,0,0.015356082373177787
2011-09-07,nifty50,JSWSTEEL.NS,0,0.015356082373177787
2011-09-07,nifty50,KOTAKBANK.NS,3,0.015356082373177787
2011-09-07,nifty50,LT.NS,3,0.015356082373177787
2011-09-07,nifty50,M&M.NS,3,0.015356082373177787
2011-09-07,nifty50,MARUTI.NS,3,0.015356082373177787
2011-09-07,nifty50,NESTLEIND.NS,0,0.015356082373177787
2011-09-07,nifty50,NTPC.NS,1,0.015356082373177787
2011-09-07,nifty50,ONGC.NS,3,0.015356082373177787
2011-09-07,nifty50,POWERGRID.NS,1,0.015356082373177787
2011-09-07,nifty50,RELIANCE.NS,0,0.015356082373177787
2011-09-07,nifty50,SBIN.NS,3,0.015356082373177787
2011-09-07,nifty50,SHRIRAMFIN.NS,2,0.015356082373177787
2011-09-07,nifty50,SUNPHARMA.NS,0,0.015356082373177787
2011-09-07,nifty50,TATACONSUM.NS,3,0.015356082373177787
2011-09-07,nifty50,TATASTEEL.NS,0,0.015356082373177787
2011-09-07,nifty50,TCS.NS,1,0.015356082373177787
2011-09-07,nifty50,TECHM.NS,3,0.015356082373177787
2011-09-07,nifty50,TITAN.NS,3,0.015356082373177787
2011-09-07,nifty50,ULTRACEMCO.NS,0,0.015356082373177787
2011-09-07,nifty50,WIPRO.NS,1,0.015356082373177787
2011-10-07,nifty50,ADANIENT.NS,2,0.08535446948443291
2011-10-07,nifty50,ADANIPORTS.NS,2,0.08535446948443291
2011-10-07,nifty50,APOLLOHOSP.NS,4,0.08535446948443291
2011-10-07,nifty50,ASIANPAINT.NS,2,0.08535446948443291
2011-10-07,nifty50,AXISBANK.NS,0,0.08535446948443291
2011-10-07,nifty50,BAJAJ-AUTO.NS,0,0.08535446948443291
2011-10-07,nifty50,BAJAJFINSV.NS,1,0.08535446948443291
2011-10-07,nifty50,BAJFINANCE.NS,3,0.08535446948443291
2011-10-07,nifty50,BEL.NS,2,0.08535446948443291
2011-10-07,nifty50,BHARTIARTL.NS,3,0.08535446948443291
2011-10-07,nifty50,BPCL.NS,3,0.08535446948443291
2011-10-07,nifty50,BRITANNIA.NS,4,0.08535446948443291
2011-10-07,nifty50,CIPLA.NS,3,0.08535446948443291
2011-10-07,nifty50,DIVISLAB.NS,2,0.08535446948443291
2011-10-07,nifty50,DRREDDY.NS,4,0.08535446948443291
2011-10-07,nifty50,EICHERMOT.NS,3,0.08535446948443291
2011-10-07,nifty50,GRASIM.NS,0,0.08535446948443291
2011-10-07,nifty50,HCLTECH.NS,1,0.08535446948443291
2011-10-07,nifty50,HDFCBANK.NS,2,0.08535446948443291
2011-10-07,nifty50,HEROMOTOCO.NS,0,0.08535446948443291
2011-10-07,nifty50,HINDALCO.NS,2,0.08535446948443291
2011-10-07,nifty50,HINDUNILVR.NS,0,0.08535446948443291
2011-10-07,nifty50,ICICIBANK.NS,0,0.08535446948443291
2011-10-07,nifty50,INDUSINDBK.NS,0,0.08535446948443291
2011-10-07,nifty50,INFY.NS,1,0.08535446948443291
2011-10-07,nifty50,ITC.NS,0,0.08535446948443291
2011-10-07,nifty50,JSWSTEEL.NS,2,0.08535446948443291
2011-10-07,nifty50,KOTAKBANK.NS,2,0.08535446948443291
2011-10-07,nifty50,LT.NS,3,0.08535446948443291
2011-10-07,nifty50,M&M.NS,0,0.08535446948443291
2011-10-07,nifty50,MARUTI.NS,2,0.08535446948443291
2011-10-07,nifty50,NESTLEIND.NS,2,0.08535446948443291
2011-10-07,nifty50,NTPC.NS,3,0.08535446948443291
2011-10-07,nifty50,ONGC.NS,3,0.08535446948443291
2011-10-07,nifty50,POWERGRID.NS,3,0.08535446948443291
2011-10-07,nifty50,RELIANCE.NS,0,0.08535446948443291
2011-10-07,nifty50,SBIN.NS,3,0.08535446948443291
2011-10-07,nifty50,SHRIRAMFIN.NS,0,0.08535446948443291
2011-10-07,nifty50,SUNPHARMA.NS,4,0.08535446948443291
2011-10-07,nifty50,TATACONSUM.NS,2,0.08535446948443291
2011-10-07,nifty50,TATASTEEL.NS,0,0.08535446948443291
2011-10-07,nifty50,TCS.NS,1,0.08535446948443291
2011-10-07,nifty50,TECHM.NS,0,0.08535446948443291
2011-10-07,nifty50,TITAN.NS,0,0.08535446948443291
2011-10-07,nifty50,ULTRACEMCO.NS,0,0.08535446948443291
2011-10-07,nifty50,WIPRO.NS,1,0.08535446948443291
2011-11-11,nifty50,ADANIENT.NS,0,0.08377521383463454
2011-11-11,nifty50,ADANIPORTS.NS,2,0.08377521383463454
2011-11-11,nifty50,APOLLOHOSP.NS,0,0.08377521383463454
2011-11-11,nifty50,ASIANPAINT.NS,4,0.08377521383463454
2011-11-11,nifty50,AXISBANK.NS,5,0.08377521383463454
2011-11-11,nifty50,BAJAJ-AUTO.NS,3,0.08377521383463454
2011-11-11,nifty50,BAJAJFINSV.NS,3,0.08377521383463454
2011-11-11,nifty50,BAJFINANCE.NS,3,0.08377521383463454
2011-11-11,nifty50,BEL.NS,4,0.08377521383463454
2011-11-11,nifty50,BHARTIARTL.NS,3,0.08377521383463454
2011-11-11,nifty50,BPCL.NS,5,0.08377521383463454
2011-11-11,nifty50,BRITANNIA.NS,0,0.08377521383463454
2011-11-11,nifty50,CIPLA.NS,2,0.08377521383463454
2011-11-11,nifty50,DIVISLAB.NS,2,0.08377521383463454
2011-11-11,nifty50,DRREDDY.NS,0,0.08377521383463454
2011-11-11,nifty50,EICHERMOT.NS,2,0.08377521383463454
2011-11-11,nifty50,GRASIM.NS,0,0.08377521383463454
2011-11-11,nifty50,HCLTECH.NS,1,0.08377521383463454
2011-11-11,nifty50,HDFCBANK.NS,2,0.08377521383463454
2011-11-11,nifty50,HEROMOTOCO.NS,3,0.08377521383463454
2011-11-11,nifty50,HINDALCO.NS,2,0.08377521383463454
2011-11-11,nifty50,HINDUNILVR.NS,0,0.08377521383463454
2011-11-11,nifty50,ICICIBANK.NS,4,0.08377521383463454
2011-11-11,nifty50,INDUSINDBK.NS,3,0.08377521383463454
2011-11-11,nifty50,INFY.NS,1,0.08377521383463454
2011-11-11,nifty50,ITC.NS,0,0.08377521383463454
2011-11-11,nifty50,JSWSTEEL.NS,2,0.08377521383463454
2011-11-11,nifty50,KOTAKBANK.NS,0,0.08377521383463454
2011-11-11,nifty50,LT.NS,4,0.08377521383463454
2011-11-11,nifty50,M&M.NS,3,0.08377521383463454
2011-11-11,nifty50,MARUTI.NS,5,0.08377521383463454
2011-11-11,nifty50,NESTLEIND.NS,4,0.08377521383463454
2011-11-11,nifty50,NTPC.NS,4,0.08377521383463454
2011-11-11,nifty50,ONGC.NS,0,0.08377521383463454
2011-11-11,nifty50,POWERGRID.NS,4,0.08377521383463454
2011-11-11,nifty50,RELIANCE.NS,0,0.08377521383463454
2011-11-11,nifty50,SBIN.NS,5,0.08377521383463454
2011-11-11,nifty50,SHRIRAMFIN.NS,2,0.08377521383463454
2011-11-11,nifty50,SUNPHARMA.NS,0,0.08377521383463454
2011-11-11,nifty50,TATACONSUM.NS,3,0.08377521383463454
2011-11-11,nifty50,TATASTEEL.NS,4,0.08377521383463454
2011-11-11,nifty50,TCS.NS,1,0.08377521383463454
2011-11-11,nifty50,TECHM.NS,5,0.08377521383463454
2011-11-11,nifty50,TITAN.NS,5,0.08377521383463454
2011-11-11,nifty50,ULTRACEMCO.NS,0,0.08377521383463454
2011-11-11,nifty50,WIPRO.NS,1,0.08377521383463454
2011-12-13,nifty50,ADANIENT.NS,1,0.17720830272858348
2011-12-13,nifty50,ADANIPORTS.NS,3,0.17720830272858348
2011-12-13,nifty50,APOLLOHOSP.NS,1,0.17720830272858348
2011-12-13,nifty50,ASIANPAINT.NS,3,0.17720830272858348
2011-12-13,nifty50,AXISBANK.NS,4,0.17720830272858348
2011-12-13,nifty50,BAJAJ-AUTO.NS,0,0.17720830272858348
2011-12-13,nifty50,BAJAJFINSV.NS,4,0.17720830272858348
2011-12-13,nifty50,BAJFINANCE.NS,4,0.17720830272858348
2011-12-13,nifty50,BEL.NS,0,0.17720830272858348
2011-12-13,nifty50,BHARTIARTL.NS,0,0.17720830272858348
2011-12-13,nifty50,BPCL.NS,3,0.17720830272858348
2011-12-13,nifty50,BRITANNIA.NS,0,0.17720830272858348
2011-12-13,nifty50,CIPLA.NS,2,0.17720830272858348
2011-12-13,nifty50,DIVISLAB.NS,2,0.17720830272858348
2011-12-13,nifty50,DRREDDY.NS,0,0.17720830272858348
2011-12-13,nifty50,EICHERMOT.NS,1,0.17720830272858348
2011-12-13,nifty50,GRASIM.NS,0,0.17720830272858348
2011-12-13,nifty50,HCLTECH.NS,1,0.17720830272858348
2011-12-13,nifty50,HDFCBANK.NS,2,0.17720830272858348
2011-12-13,nifty50,HEROMOTOCO.NS,0,0.17720830272858348
2011-12-13,nifty50,HINDALCO.NS,4,0.17720830272858348
2011-12-13,nifty50,HINDUNILVR.NS,0,0.17720830272858348
2011-12-13,nifty50,ICICIBANK.NS,4,0.17720830272858348
2011-12-13,nifty50,INDUSINDBK.NS,4,0.17720830272858348
2011-12-13,nifty50,INFY.NS,1,0.17720830272858348
2011-12-13,nifty50,ITC.NS,0,0.17720830272858348
2011-12-13,nifty50,JSWSTEEL.NS,4,0.17720830272858348
2011-12-13,nifty50,KOTAKBANK.NS,3,0.17720830272858348
2011-12-13,nifty50,LT.NS,4,0.17720830272858348
2011-12-13,nifty50,M&M.NS,0,0.17720830272858348
2011-12-13,nifty50,MARUTI.NS,3,0.17720830272858348
2011-12-13,nifty50,NESTLEIND.NS,0,0.17720830272858348
2011-12-13,nifty50,NTPC.NS,1,0.17720830272858348
2011-12-13,nifty50,ONGC.NS,1,0.17720830272858348
2011-12-13,nifty50,POWERGRID.NS,1,0.17720830272858348
2011-12-13,nifty50,RELIANCE.NS,0,0.17720830272858348
2011-12-13,nifty50,SBIN.NS,4,0.17720830272858348
2011-12-13,nifty50,SHRIRAMFIN.NS,2,0.17720830272858348
2011-12-13,nifty50,SUNPHARMA.NS,0,0.17720830272858348
2011-12-13,nifty50,TATACONSUM.NS,2,0.17720830272858348
2011-12-13,nifty50,TATASTEEL.NS,4,0.17720830272858348
2011-12-13,nifty50,TCS.NS,1,0.17720830272858348
2011-12-13,nifty50,TECHM.NS,4,0.17720830272858348
2011-12-13,nifty50,TITAN.NS,4,0.17720830272858348
2011-12-13,nifty50,ULTRACEMCO.NS,0,0.17720830272858348
2011-12-13,nifty50,WIPRO.NS,1,0.17720830272858348
2012-01-11,nifty50,ADANIENT.NS,0,0.27708400223059637
2012-01-11,nifty50,ADANIPORTS.NS,3,0.27708400223059637
2012-01-11,nifty50,APOLLOHOSP.NS,0,0.27708400223059637
2012-01-11,nifty50,ASIANPAINT.NS,4,0.27708400223059637
2012-01-11,nifty50,AXISBANK.NS,4,0.27708400223059637
2012-01-11,nifty50,BAJAJ-AUTO.NS,3,0.27708400223059637
2012-01-11,nifty50,BAJAJFINSV.NS,4,0.27708400223059637
2012-01-11,nifty50,BAJFINANCE.NS,4,0.27708400223059637
2012-01-11,nifty50,BEL.NS,4,0.27708400223059637
2012-01-11,nifty50,BHARTIARTL.NS,3,0.27708400223059637
2012-01-11,nifty50,BPCL.NS,0,0.27708400223059637
2012-01-11,nifty50,BRITANNIA.NS,3,0.27708400223059637
2012-01-11,nifty50,CIPLA.NS,2,0.27708400223059637
2012-01-11,nifty50,DIVISLAB.NS,2,0.27708400223059637
2012-01-11,nifty50,DRREDDY.NS,0,0.27708400223059637
2012-01-11,nifty50,EICHERMOT.NS,3,0.27708400223059637
2012-01-11,nifty50,GRASIM.NS,3,0.27708400223059637
2012-01-11,nifty50,HCLTECH.NS,1,0.27708400223059637
2012-01-11,nifty50,HDFCBANK.NS,2,0.27708400223059637
2012-01-11,nifty50,HEROMOTOCO.NS,3,0.27708400223059637
2012-01-11,nifty50,HINDALCO.NS,2,0.27708400223059637
2012-01-11,nifty50,HINDUNILVR.NS,3,0.27708400223059637
2012-01-11,nifty50,ICICIBANK.NS,4,0.27708400223059637
2012-01-11,nifty50,INDUSINDBK.NS,4,0.27708400223059637
2012-01-11,nifty50,INFY.NS,1,0.27708400223059637
2012-01-11,nifty50,ITC.NS,3,0.27708400223059637
2012-01-11,nifty50,JSWSTEEL.NS,2,0.27708400223059637
2012-01-11,nifty50,KOTAKBANK.NS,3,0.27708400223059637
2012-01-11,nifty50,LT.NS,4,0.27708400223059637
2012-01-11,nifty50,M&M.NS,3,0.27708400223059637
2012-01-11,nifty50,MARUTI.NS,0,0.27708400223059637
2012-01-11,nifty50,NESTLEIND.NS,2,0.27708400223059637
2012-01-11,nifty50,NTPC.NS,0,0.27708400223059637
2012-01-11,nifty50,ONGC.NS,0,0.27708400223059637
2012-01-11,nifty50,POWERGRID.NS,0,0.27708400223059637
2012-01-11,nifty50,RELIANCE.NS,0,0.27708400223059637
2012-01-11,nifty50,SBIN.NS,4,0.27708400223059637
2012-01-11,nifty50,SHRIRAMFIN.NS,4,0.27708400223059637
2012-01-11,nifty50,SUNPHARMA.NS,0,0.27708400223059637
2012-01-11,nifty50,TATACONSUM.NS,4,0.27708400223059637
2012-01-11,nifty50,TATASTEEL.NS,2,0.27708400223059637
2012-01-11,nifty50,TCS.NS,1,0.27708400223059637
2012-01-11,nifty50,TECHM.NS,4,0.27708400223059637
2012-01-11,nifty50,TITAN.NS,4,0.27708400223059637
2012-01-11,nifty50,ULTRACEMCO.NS,2,0.27708400223059637
2012-01-11,nifty50,WIPRO.NS,1,0.27708400223059637
2012-02-10,nifty50,ADANIENT.NS,3,0.3225388852255537
2012-02-10,nifty50,ADANIPORTS.NS,3,0.3225388852255537
2012-02-10,nifty50,APOLLOHOSP.NS,3,0.3225388852255537
2012-02-10,nifty50,ASIANPAINT.NS,3,0.3225388852255537
2012-02-10,nifty50,AXISBANK.NS,3,0.3225388852255537
2012-02-10,nifty50,BAJAJ-AUTO.NS,0,0.3225388852255537
2012-02-10,nifty50,BAJAJFINSV.NS,3,0.3225388852255537
2012-02-10,nifty50,BAJFINANCE.NS,2,0.3225388852255537
2012-02-10,nifty50,BEL.NS,2,0.3225388852255537
2012-02-10,nifty50,BHARTIARTL.NS,3,0.3225388852255537
2012-02-10,nifty50,BPCL.NS,0,0.3225388852255537
2012-02-10,nifty50,BRITANNIA.NS,0,0.3225388852255537
2012-02-10,nifty50,CIPLA.NS,3,0.3225388852255537
2012-02-10,nifty50,DIVISLAB.NS,3,0.3225388852255537
2012-02-10,nifty50,DRREDDY.NS,0,0.3225388852255537
2012-02-10,nifty50,EICHERMOT.NS,0,0.3225388852255537
2012-02-10,nifty50,GRASIM.NS,0,0.3225388852255537
2012-02-10,nifty50,HCLTECH.NS,1,0.3225388852255537
2012-02-10,nifty50,HDFCBANK.NS,0,0.3225388852255537
2012-02-10,nifty50,HEROMOTOCO.NS,0,0.3225388852255537
2012-02-10,nifty50,HINDALCO.NS,2,0.3225388852255537
2012-02-10,nifty50,HINDUNILVR.NS,0,0.3225388852255537
2012-02-10,nifty50,ICICIBANK.NS,3,0.3225388852255537
2012-02-10,nifty50,INDUSINDBK.NS,3,0.3225388852255537
2012-02-10,nifty50,INFY.NS,1,0.3225388852255537
2012-02-10,nifty50,ITC.NS,0,0.3225388852255537
2012-02-10,nifty50,JSWSTEEL.NS,2,0.3225388852255537
2012-02-10,nifty50,KOTAKBANK.NS,0,0.3225388852255537
2012-02-10,nifty50,LT.NS,3,0.3225388852255537
2012-02-10,nifty50,M&M.NS,0,0.3225388852255537
2012-02-10,nifty50,MARUTI.NS,0,0.3225388852255537
2012-02-10,nifty50,NESTLEIND.NS,2,0.3225388852255537
2012-02-10,nifty50,NTPC.NS,0,0.3225388852255537
2012-02-10,nifty50,ONGC.NS,0,0.3225388852255537
2012-02-10,nifty50,POWERGRID.NS,0,0.3225388852255537
2012-02-10,nifty50,RELIANCE.NS,0,0.3225388852255537
2012-02-10,nifty50,SBIN.NS,2,0.3225388852255537
2012-02-10,nifty50,SHRIRAMFIN.NS,3,0.3225388852255537
2012-02-10,nifty50,SUNPHARMA.NS,0,0.3225388852255537
2012-02-10,nifty50,TATACONSUM.NS,3,0.3225388852255537
2012-02-10,nifty50,TATASTEEL.NS,3,0.3225388852255537
2012-02-10,nifty50,TCS.NS,1,0.3225388852255537
2012-02-10,nifty50,TECHM.NS,3,0.3225388852255537
2012-02-10,nifty50,TITAN.NS,3,0.3225388852255537
2012-02-10,nifty50,ULTRACEMCO.NS,2,0.3225388852255537
2012-02-10,nifty50,WIPRO.NS,1,0.3225388852255537
2012-03-14,nifty50,ADANIENT.NS,0,0.16003093492208983
2012-03-14,nifty50,ADANIPORTS.NS,0,0.16003093492208983
2012-03-14,nifty50,APOLLOHOSP.NS,2,0.16003093492208983
2012-03-14,nifty50,ASIANPAINT.NS,4,0.16003093492208983
2012-03-14,nifty50,AXISBANK.NS,2,0.16003093492208983
2012-03-14,nifty50,BAJAJ-AUTO.NS,0,0.16003093492208983
2012-03-14,nifty50,BAJAJFINSV.NS,2,0.16003093492208983
2012-03-14,nifty50,BAJFINANCE.NS,2,0.16003093492208983
2012-03-14,nifty50,BEL.NS,2,0.16003093492208983
2012-03-14,nifty50,BHARTIARTL.NS,3,0.16003093492208983
2012-03-14,nifty50,BPCL.NS,0,0.16003093492208983
2012-03-14,nifty50,BRITANNIA.NS,3,0.16003093492208983
2012-03-14,nifty50,CIPLA.NS,0,0.16003093492208983
2012-03-14,nifty50,DIVISLAB.NS,1,0.16003093492208983
2012-03-14,nifty50,DRREDDY.NS,0,0.16003093492208983
2012-03-14,nifty50,EICHERMOT.NS,3,0.16003093492208983
2012-03-14,nifty50,GRASIM.NS,0,0.16003093492208983
2012-03-14,nifty50,HCLTECH.NS,1,0.16003093492208983
2012-03-14,nifty50,HDFCBANK.NS,2,0.16003093492208983
2012-03-14,nifty50,HEROMOTOCO.NS,0,0.16003093492208983
2012-03-14,nifty50,HINDALCO.NS,0,0.16003093492208983
2012-03-14,nifty50,HINDUNILVR.NS,4,0.16003093492208983
2012-03-14,nifty50,ICICIBANK.NS,2,0.16003093492208983
2012-03-14,nifty50,INDUSINDBK.NS,2,0.16003093492208983
2012-03-14,nifty50,INFY.NS,1,0.16003093492208983
2012-03-14,nifty50,ITC.NS,3,0.16003093492208983
2012-03-14,nifty50,JSWSTEEL.NS,0,0.16003093492208983
2012-03-14,nifty50,KOTAKBANK.NS,0,0.16003093492208983
2012-03-14,nifty50,LT.NS,2,0.16003093492208983
2012-03-14,nifty50,M&M.NS,3,0.16003093492208983
2012-03-14,nifty50,MARUTI.NS,2,0.16003093492208983
2012-03-14,nifty50,NESTLEIND.NS,1,0.16003093492208983
2012-03-14,nifty50,NTPC.NS,0,0.16003093492208983
2012-03-14,nifty50,ONGC.NS,3,0.16003093492208983
2012-03-14,nifty50,POWERGRID.NS,3,0.16003093492208983
2012-03-14,nifty50,RELIANCE.NS,0,0.16003093492208983
2012-03-14,nifty50,SBIN.NS,2,0.16003093492208983
2012-03-14,nifty50,SHRIRAMFIN.NS,2,0.16003093492208983
2012-03-14,nifty50,SUNPHARMA.NS,0,0.16003093492208983
2012-03-14,nifty50,TATACONSUM.NS,4,0.16003093492208983
2012-03-14,nifty50,TATASTEEL.NS,4,0.16003093492208983
2012-03-14,nifty50,TCS.NS,1,0.16003093492208983
2012-03-14,nifty50,TECHM.NS,4,0.16003093492208983
2012-03-14,nifty50,TITAN.NS,2,0.16003093492208983
2012-03-14,nifty50,ULTRACEMCO.NS,2,0.16003093492208983
2012-03-14,nifty50,WIPRO.NS,1,0.16003093492208983
2012-04-16,nifty50,ADANIENT.NS,0,0.4168572361973211
2012-04-16,nifty50,ADANIPORTS.NS,2,0.4168572361973211
2012-04-16,nifty50,APOLLOHOSP.NS,2,0.4168572361973211
2012-04-16,nifty50,ASIANPAINT.NS,0,0.4168572361973211
2012-04-16,nifty50,AXISBANK.NS,2,0.4168572361973211
2012-04-16,nifty50,BAJAJ-AUTO.NS,0,0.4168572361973211
2012-04-16,nifty50,BAJAJFINSV.NS,2,0.4168572361973211
2012-04-16,nifty50,BAJFINANCE.NS,0,0.4168572361973211
2012-04-16,nifty50,BEL.NS,2,0.4168572361973211
2012-04-16,nifty50,BHARTIARTL.NS,2,0.4168572361973211
2012-04-16,nifty50,BPCL.NS,0,0.4168572361973211
2012-04-16,nifty50,BRITANNIA.NS,0,0.4168572361973211
2012-04-16,nifty50,CIPLA.NS,3,0.4168572361973211
2012-04-16,nifty50,DIVISLAB.NS,1,0.4168572361973211
2012-04-16,nifty50,DRREDDY.NS,0,0.4168572361973211
2012-04-16,nifty50,EICHERMOT.NS,2,0.4168572361973211
2012-04-16,nifty50,GRASIM.NS,0,0.4168572361973211
2012-04-16,nifty50,HCLTECH.NS,1,0.4168572361973211
2012-04-16,nifty50,HDFCBANK.NS,2,0.4168572361973211
2012-04-16,nifty50,HEROMOTOCO.NS,0,0.4168572361973211
2012-04-16,nifty50,HINDALCO.NS,0,0.4168572361973211
2012-04-16,nifty50,HINDUNILVR.NS,0,0.4168572361973211
2012-04-16,nifty50,ICICIBANK.NS,3,0.4168572361973211
2012-04-16,nifty50,INDUSINDBK.NS,2,0.4168572361973211
2012-04-16,nifty50,INFY.NS,1,0.4168572361973211
2012-04-16,nifty50,ITC.NS,0,0.4168572361973211
2012-04-16,nifty50,JSWSTEEL.NS,0,0.4168572361973211
2012-04-16,nifty50,KOTAKBANK.NS,0,0.4168572361973211
2012-04-16,nifty50,LT.NS,2,0.4168572361973211
2012-04-16,nifty50,M&M.NS,0,0.4168572361973211
2012-04-16,nifty50,MARUTI.NS,2,0.4168572361973211
2012-04-16,nifty50,NESTLEIND.NS,1,0.4168572361973211
2012-04-16,nifty50,NTPC.NS,0,0.4168572361973211
2012-04-16,nifty50,ONGC.NS,3,0.4168572361973211
2012-04-16,nifty50,POWERGRID.NS,0,0.4168572361973211
2012-04-16,nifty50,RELIANCE.NS,0,0.4168572361973211
2012-04-16,nifty50,SBIN.NS,2,0.4168572361973211
2012-04-16,nifty50,SHRIRAMFIN.NS,2,0.4168572361973211
2012-04-16,nifty50,SUNPHARMA.NS,0,0.4168572361973211
2012-04-16,nifty50,TATACONSUM.NS,2,0.4168572361973211
2012-04-16,nifty50,TATASTEEL.NS,1,0.4168572361973211
2012-04-16,nifty50,TCS.NS,1,0.4168572361973211
2012-04-16,nifty50,TECHM.NS,1,0.4168572361973211
2012-04-16,nifty50,TITAN.NS,2,0.4168572361973211
2012-04-16,nifty50,ULTRACEMCO.NS,2,0.4168572361973211
2012-04-16,nifty50,WIPRO.NS,1,0.4168572361973211
2012-05-16,nifty50,ADANIENT.NS,0,0.03944752537407136
2012-05-16,nifty50,ADANIPORTS.NS,0,0.03944752537407136
2012-05-16,nifty50,APOLLOHOSP.NS,0,0.03944752537407136
2012-05-16,nifty50,ASIANPAINT.NS,3,0.03944752537407136
2012-05-16,nifty50,AXISBANK.NS,0,0.03944752537407136
2012-05-16,nifty50,BAJAJ-AUTO.NS,2,0.03944752537407136
2012-05-16,nifty50,BAJAJFINSV.NS,0,0.03944752537407136
2012-05-16,nifty50,BAJFINANCE.NS,0,0.03944752537407136
2012-05-16,nifty50,BEL.NS,0,0.03944752537407136
2012-05-16,nifty50,BHARTIARTL.NS,3,0.03944752537407136
2012-05-16,nifty50,BPCL.NS,2,0.03944752537407136
2012-05-16,nifty50,BRITANNIA.NS,1,0.03944752537407136
2012-05-16,nifty50,CIPLA.NS,2,0.03944752537407136
2012-05-16,nifty50,DIVISLAB.NS,0,0.03944752537407136
2012-05-16,nifty50,DRREDDY.NS,1,0.03944752537407136
2012-05-16,nifty50,EICHERMOT.NS,2,0.03944752537407136
2012-05-16,nifty50,GRASIM.NS,3,0.03944752537407136
2012-05-16,nifty50,HCLTECH.NS,1,0.03944752537407136
2012-05-16,nifty50,HDFCBANK.NS,2,0.03944752537407136
2012-05-16,nifty50,HEROMOTOCO.NS,2,0.03944752537407136
2012-05-16,nifty50,HINDALCO.NS,0,0.03944752537407136
2012-05-16,nifty50,HINDUNILVR.NS,1,0.03944752537407136
2012-05-16,nifty50,ICICIBANK.NS,3,0.03944752537407136
2012-05-16,nifty50,INDUSINDBK.NS,2,0.03944752537407136
2012-05-16,nifty50,INFY.NS,1,0.03944752537407136
2012-05-16,nifty50,ITC.NS,2,0.03944752537407136
2012-05-16,nifty50,JSWSTEEL.NS,3,0.03944752537407136
2012-05-16,nifty50,KOTAKBANK.NS,2,0.03944752537407136
2012-05-16,nifty50,LT.NS,0,0.03944752537407136
2012-05-16,nifty50,M&M.NS,1,0.03944752537407136
2012-05-16,nifty50,MARUTI.NS,1,0.03944752537407136
2012-05-16,nifty50,NESTLEIND.NS,0,0.03944752537407136
2012-05-16,nifty50,NTPC.NS,0,0.03944752537407136
2012-05-16,nifty50,ONGC.NS,0,0.03944752537407136
2012-05-16,nifty50,POWERGRID.NS,0,0.03944752537407136
2012-05-16,nifty50,RELIANCE.NS,0,0.03944752537407136
2012-05-16,nifty50,SBIN.NS,2,0.03944752537407136
2012-05-16,nifty50,SHRIRAMFIN.NS,0,0.03944752537407136
2012-05-16,nifty50,SUNPHARMA.NS,0,0.03944752537407136
2012-05-16,nifty50,TATACONSUM.NS,2,0.03944752537407136
2012-05-16,nifty50,TATASTEEL.NS,1,0.03944752537407136
2012-05-16,nifty50,TCS.NS,1,0.03944752537407136
2012-05-16,nifty50,TECHM.NS,1,0.03944752537407136
2012-05-16,nifty50,TITAN.NS,2,0.03944752537407136
2012-05-16,nifty50,ULTRACEMCO.NS,3,0.03944752537407136
2012-05-16,nifty50,WIPRO.NS,1,0.03944752537407136
2012-06-14,nifty50,ADANIENT.NS,2,0.10085918854415274
2012-06-14,nifty50,ADANIPORTS.NS,0,0.10085918854415274
2012-06-14,nifty50,APOLLOHOSP.NS,2,0.10085918854415274
2012-06-14,nifty50,ASIANPAINT.NS,0,0.10085918854415274
2012-06-14,nifty50,AXISBANK.NS,2,0.10085918854415274
2012-06-14,nifty50,BAJAJ-AUTO.NS,3,0.10085918854415274
2012-06-14,nifty50,BAJAJFINSV.NS,3,0.10085918854415274
2012-06-14,nifty50,BAJFINANCE.NS,3,0.10085918854415274
2012-06-14,nifty50,BEL.NS,2,0.10085918854415274
2012-06-14,nifty50,BHARTIARTL.NS,0,0.10085918854415274
2012-06-14,nifty50,BPCL.NS,0,0.10085918854415274
2012-06-14,nifty50,BRITANNIA.NS,0,0.10085918854415274
2012-06-14,nifty50,CIPLA.NS,2,0.10085918854415274
2012-06-14,nifty50,DIVISLAB.NS,3,0.10085918854415274
2012-06-14,nifty50,DRREDDY.NS,2,0.10085918854415274
2012-06-14,nifty50,EICHERMOT.NS,2,0.10085918854415274
2012-06-14,nifty50,GRASIM.NS,3,0.10085918854415274
2012-06-14,nifty50,HCLTECH.NS,1,0.10085918854415274
2012-06-14,nifty50,HDFCBANK.NS,2,0.10085918854415274
2012-06-14,nifty50,HEROMOTOCO.NS,3,0.10085918854415274
2012-06-14,nifty50,HINDALCO.NS,0,0.10085918854415274
2012-06-14,nifty50,HINDUNILVR.NS,2,0.10085918854415274
2012-06-14,nifty50,ICICIBANK.NS,0,0.10085918854415274
2012-06-14,nifty50,INDUSINDBK.NS,2,0.10085918854415274
2012-06-14,nifty50,INFY.NS,1,0.10085918854415274
2012-06-14,nifty50,ITC.NS,2,0.10085918854415274
2012-06-14,nifty50,JSWSTEEL.NS,0,0.10085918854415274
2012-06-14,nifty50,KOTAKBANK.NS,2,0.10085918854415274
2012-06-14,nifty50,LT.NS,3,0.10085918854415274
2012-06-14,nifty50,M&M.NS,0,0.10085918854415274
2012-06-14,nifty50,MARUTI.NS,3,0.10085918854415274
2012-06-14,nifty50,NESTLEIND.NS,3,0.10085918854415274
2012-06-14,nifty50,NTPC.NS,3,0.10085918854415274
2012-06-14,nifty50,ONGC.NS,2,0.10085918854415274
2012-06-14,nifty50,POWERGRID.NS,3,0.10085918854415274
2012-06-14,nifty50,RELIANCE.NS,0,0.10085918854415274
2012-06-14,nifty50,SBIN.NS,3,0.10085918854415274
2012-06-14,nifty50,SHRIRAMFIN.NS,3,0.10085918854415274
2012-06-14,nifty50,SUNPHARMA.NS,3,0.10085918854415274
2012-06-14,nifty50,TATACONSUM.NS,2,0.10085918854415274
2012-06-14,nifty50,TATASTEEL.NS,0,0.10085918854415274
2012-06-14,nifty50,TCS.NS,1,0.10085918854415274
2012-06-14,nifty50,TECHM.NS,0,0.10085918854415274
2012-06-14,nifty50,TITAN.NS,0,0.10085918854415274
2012-06-14,nifty50,ULTRACEMCO.NS,3,0.10085918854415274
2012-06-14,nifty50,WIPRO.NS,1,0.10085918854415274
2012-07-13,nifty50,ADANIENT.NS,3,0.20044069993519117
2012-07-13,nifty50,ADANIPORTS.NS,0,0.20044069993519117
2012-07-13,nifty50,APOLLOHOSP.NS,4,0.20044069993519117
2012-07-13,nifty50,ASIANPAINT.NS,3,0.20044069993519117
2012-07-13,nifty50,AXISBANK.NS,2,0.20044069993519117
2012-07-13,nifty50,BAJAJ-AUTO.NS,2,0.20044069993519117
2012-07-13,nifty50,BAJAJFINSV.NS,3,0.20044069993519117
2012-07-13,nifty50,BAJFINANCE.NS,3,0.20044069993519117
2012-07-13,nifty50,BEL.NS,0,0.20044069993519117
2012-07-13,nifty50,BHARTIARTL.NS,0,0.20044069993519117
2012-07-13,nifty50,BPCL.NS,2,0.20044069993519117
2012-07-13,nifty50,BRITANNIA.NS,3,0.20044069993519117
2012-07-13,nifty50,CIPLA.NS,4,0.20044069993519117
2012-07-13,nifty50,DIVISLAB.NS,3,0.20044069993519117
2012-07-13,nifty50,DRREDDY.NS,2,0.20044069993519117
2012-07-13,nifty50,EICHERMOT.NS,2,0.20044069993519117
2012-07-13,nifty50,GRASIM.NS,3,0.20044069993519117
2012-07-13,nifty50,HCLTECH.NS,1,0.20044069993519117
2012-07-13,nifty50,HDFCBANK.NS,2,0.20044069993519117
2012-07-13,nifty50,HEROMOTOCO.NS,2,0.20044069993519117
2012-07-13,nifty50,HINDALCO.NS,0,0.20044069993519117
2012-07-13,nifty50,HINDUNILVR.NS,4,0.20044069993519117
2012-07-13,nifty50,ICICIBANK.NS,0,0.20044069993519117
2012-07-13,nifty50,INDUSINDBK.NS,2,0.20044069993519117
2012-07-13,nifty50,INFY.NS,1,0.20044069993519117
2012-07-13,nifty50,ITC.NS,4,0.20044069993519117
2012-07-13,nifty50,JSWSTEEL.NS,3,0.20044069993519117
2012-07-13,nifty50,KOTAKBANK.NS,4,0.20044069993519117
2012-07-13,nifty50,LT.NS,3,0.20044069993519117
2012-07-13,nifty50,M&M.NS,1,0.20044069993519117
2012-07-13,nifty50,MARUTI.NS,3,0.20044069993519117
2012-07-13,nifty50,NESTLEIND.NS,3,0.20044069993519117
2012-07-13,nifty50,NTPC.NS,4,0.20044069993519117
2012-07-13,nifty50,ONGC.NS,0,0.20044069993519117
2012-07-13,nifty50,POWERGRID.NS,4,0.20044069993519117
2012-07-13,nifty50,RELIANCE.NS,0,0.20044069993519117
2012-07-13,nifty50,SBIN.NS,3,0.20044069993519117
2012-07-13,nifty50,SHRIRAMFIN.NS,3,0.20044069993519117
2012-07-13,nifty50,SUNPHARMA.NS,4,0.20044069993519117
2012-07-13,nifty50,TATACONSUM.NS,2,0.20044069993519117
2012-07-13,nifty50,TATASTEEL.NS,0,0.20044069993519117
2012-07-13,nifty50,TCS.NS,1,0.20044069993519117
2012-07-13,nifty50,TECHM.NS,1,0.20044069993519117
2012-07-13,nifty50,TITAN.NS,2,0.20044069993519117
2012-07-13,nifty50,ULTRACEMCO.NS,0,0.20044069993519117
2012-07-13,nifty50,WIPRO.NS,1,0.20044069993519117
2012-08-13,nifty50,ADANIENT.NS,0,0.0479728295478667
2012-08-13,nifty50,ADANIPORTS.NS,1,0.0479728295478667
2012-08-13,nifty50,APOLLOHOSP.NS,0,0.0479728295478667
2012-08-13,nifty50,ASIANPAINT.NS,0,0.0479728295478667
2012-08-13,nifty50,AXISBANK.NS,0,0.0479728295478667
2012-08-13,nifty50,BAJAJ-AUTO.NS,0,0.0479728295478667
2012-08-13,nifty50,BAJAJFINSV.NS,3,0.0479728295478667
2012-08-13,nifty50,BAJFINANCE.NS,3,0.0479728295478667
2012-08-13,nifty50,BEL.NS,1,0.0479728295478667
2012-08-13,nifty50,BHARTIARTL.NS,3,0.0479728295478667
2012-08-13,nifty50,BPCL.NS,0,0.0479728295478667
2012-08-13,nifty50,BRITANNIA.NS,3,0.0479728295478667
2012-08-13,nifty50,CIPLA.NS,0,0.0479728295478667
2012-08-13,nifty50,DIVISLAB.NS,0,0.0479728295478667
2012-08-13,nifty50,DRREDDY.NS,3,0.0479728295478667
2012-08-13,nifty50,EICHERMOT.NS,1,0.0479728295478667
2012-08-13,nifty50,GRASIM.NS,3,0.0479728295478667
2012-08-13,nifty50,HCLTECH.NS,1,0.0479728295478667
2012-08-13,nifty50,HDFCBANK.NS,1,0.0479728295478667
2012-08-13,nifty50,HEROMOTOCO.NS,0,0.0479728295478667
2012-08-13,nifty50,HINDALCO.NS,3,0.0479728295478667
2012-08-13,nifty50,HINDUNILVR.NS,1,0.0479728295478667
2012-08-13,nifty50,ICICIBANK.NS,0,0.0479728295478667
2012-08-13,nifty50,INDUSINDBK.NS,1,0.0479728295478667
2012-08-13,nifty50,INFY.NS,1,0.0479728295478667
2012-08-13,nifty50,ITC.NS,1,0.0479728295478667
2012-08-13,nifty50,JSWSTEEL.NS,3,0.0479728295478667
2012-08-13,nifty50,KOTAKBANK.NS,3,0.0479728295478667
2012-08-13,nifty50,LT.NS,0,0.0479728295478667
2012-08-13,nifty50,M&M.NS,0,0.0479728295478667
2012-08-13,nifty50,MARUTI.NS,0,0.0479728295478667
2012-08-13,nifty50,NESTLEIND.NS,0,0.0479728295478667
2012-08-13,nifty50,NTPC.NS,0,0.0479728295478667
2012-08-13,nifty50,ONGC.NS,0,0.0479728295478667
2012-08-13,nifty50,POWERGRID.NS,0,0.0479728295478667
2012-08-13,nifty50,RELIANCE.NS,0,0.0479728295478667
2012-08-13,nifty50,SBIN.NS,0,0.0479728295478667
2012-08-13,nifty50,SHRIRAMFIN.NS,0,0.0479728295478667
2012-08-13,nifty50,SUNPHARMA.NS,0,0.0479728295478667
2012-08-13,nifty50,TATACONSUM.NS,1,0.0479728295478667
2012-08-13,nifty50,TATASTEEL.NS,3,0.0479728295478667
2012-08-13,nifty50,TCS.NS,1,0.0479728295478667
2012-08-13,nifty50,TECHM.NS,3,0.0479728295478667
2012-08-13,nifty50,TITAN.NS,0,0.0479728295478667
2012-08-13,nifty50,ULTRACEMCO.NS,3,0.0479728295478667
2012-08-13,nifty50,WIPRO.NS,1,0.0479728295478667
2012-09-13,nifty50,ADANIENT.NS,0,0.06001799254594525
2012-09-13,nifty50,ADANIPORTS.NS,0,0.06001799254594525
2012-09-13,nifty50,APOLLOHOSP.NS,0,0.06001799254594525
2012-09-13,nifty50,ASIANPAINT.NS,0,0.06001799254594525
2012-09-13,nifty50,AXISBANK.NS,3,0.06001799254594525
2012-09-13,nifty50,BAJAJ-AUTO.NS,3,0.06001799254594525
2012-09-13,nifty50,BAJAJFINSV.NS,0,0.06001799254594525
2012-09-13,nifty50,BAJFINANCE.NS,0,0.06001799254594525
2012-09-13,nifty50,BEL.NS,2,0.06001799254594525
2012-09-13,nifty50,BHARTIARTL.NS,2,0.06001799254594525
2012-09-13,nifty50,BPCL.NS,0,0.06001799254594525
2012-09-13,nifty50,BRITANNIA.NS,3,0.06001799254594525
2012-09-13,nifty50,CIPLA.NS,2,0.06001799254594525
2012-09-13,nifty50,DIVISLAB.NS,0,0.06001799254594525
2012-09-13,nifty50,DRREDDY.NS,3,0.06001799254594525
2012-09-13,nifty50,EICHERMOT.NS,3,0.06001799254594525
2012-09-13,nifty50,GRASIM.NS,0,0.06001799254594525
2012-09-13,nifty50,HCLTECH.NS,1,0.06001799254594525
2012-09-13,nifty50,HDFCBANK.NS,2,0.06001799254594525
2012-09-13,nifty50,HEROMOTOCO.NS,3,0.06001799254594525
2012-09-13,nifty50,HINDALCO.NS,0,0.06001799254594525
2012-09-13,nifty50,HINDUNILVR.NS,2,0.06001799254594525
2012-09-13,nifty50,ICICIBANK.NS,2,0.06001799254594525
2012-09-13,nifty50,INDUSINDBK.NS,3,0.06001799254594525
2012-09-13,nifty50,INFY.NS,1,0.06001799254594525
2012-09-13,nifty50,ITC.NS,2,0.06001799254594525
2012-09-13,nifty50,JSWSTEEL.NS,0,0.06001799254594525
2012-09-13,nifty50,KOTAKBANK.NS,2,0.06001799254594525
2012-09-13,nifty50,LT.NS,0,0.06001799254594525
2012-09-13,nifty50,M&M.NS,0,0.06001799254594525
2012-09-13,nifty50,MARUTI.NS,0,0.06001799254594525
2012-09-13,nifty50,NESTLEIND.NS,3,0.06001799254594525
2012-09-13,nifty50,NTPC.NS,2,0.06001799254594525
2012-09-13,nifty50,ONGC.NS,2,0.06001799254594525
2012-09-13,nifty50,POWERGRID.NS,0,0.06001799254594525
2012-09-13,nifty50,RELIANCE.NS,0,0.06001799254594525
2012-09-13,nifty50,SBIN.NS,3,0.06001799254594525
2012-09-13,nifty50,SHRIRAMFIN.NS,3,0.06001799254594525
2012-09-13,nifty50,SUNPHARMA.NS,2,0.06001799254594525
2012-09-13,nifty50,TATACONSUM.NS,2,0.06001799254594525
2012-09-13,nifty50,TATASTEEL.NS,0,0.06001799254594525
2012-09-13,nifty50,TCS.NS,1,0.06001799254594525
2012-09-13,nifty50,TECHM.NS,2,0.06001799254594525
2012-09-13,nifty50,TITAN.NS,2,0.06001799254594525
2012-09-13,nifty50,ULTRACEMCO.NS,0,0.06001799254594525
2012-09-13,nifty50,WIPRO.NS,1,0.06001799254594525
2012-10-16,nifty50,ADANIENT.NS,3,0.09729285705657095
2012-10-16,nifty50,ADANIPORTS.NS,3,0.09729285705657095
2012-10-16,nifty50,APOLLOHOSP.NS,0,0.09729285705657095
2012-10-16,nifty50,ASIANPAINT.NS,2,0.09729285705657095
2012-10-16,nifty50,AXISBANK.NS,0,0.09729285705657095
2012-10-16,nifty50,BAJAJ-AUTO.NS,0,0.09729285705657095
2012-10-16,nifty50,BAJAJFINSV.NS,3,0.09729285705657095
2012-10-16,nifty50,BAJFINANCE.NS,3,0.09729285705657095
2012-10-16,nifty50,BEL.NS,3,0.09729285705657095
2012-10-16,nifty50,BHARTIARTL.NS,2,0.09729285705657095
2012-10-16,nifty50,BPCL.NS,2,0.09729285705657095
2012-10-16,nifty50,BRITANNIA.NS,3,0.09729285705657095
2012-10-16,nifty50,CIPLA.NS,0,0.09729285705657095
2012-10-16,nifty50,DIVISLAB.NS,1,0.09729285705657095
2012-10-16,nifty50,DRREDDY.NS,3,0.09729285705657095
2012-10-16,nifty50,EICHERMOT.NS,0,0.09729285705657095
2012-10-16,nifty50,GRASIM.NS,2,0.09729285705657095
2012-10-16,nifty50,HCLTECH.NS,1,0.09729285705657095
2012-10-16,nifty50,HDFCBANK.NS,2,0.09729285705657095
2012-10-16,nifty50,HEROMOTOCO.NS,0,0.09729285705657095
2012-10-16,nifty50,HINDALCO.NS,1,0.09729285705657095
2012-10-16,nifty50,HINDUNILVR.NS,2,0.09729285705657095
2012-10-16,nifty50,ICICIBANK.NS,0,0.09729285705657095
2012-10-16,nifty50,INDUSINDBK.NS,0,0.09729285705657095
2012-10-16,nifty50,INFY.NS,1,0.09729285705657095
2012-10-16,nifty50,ITC.NS,2,0.09729285705657095
2012-10-16,nifty50,JSWSTEEL.NS,3,0.09729285705657095
2012-10-16,nifty50,KOTAKBANK.NS,0,0.09729285705657095
2012-10-16,nifty50,LT.NS,3,0.09729285705657095
2012-10-16,nifty50,M&M.NS,0,0.09729285705657095
2012-10-16,nifty50,MARUTI.NS,1,0.09729285705657095
2012-10-16,nifty50,NESTLEIND.NS,3,0.09729285705657095
2012-10-16,nifty50,NTPC.NS,2,0.09729285705657095
2012-10-16,nifty50,ONGC.NS,2,0.09729285705657095
2012-10-16,nifty50,POWERGRID.NS,2,0.09729285705657095
2012-10-16,nifty50,RELIANCE.NS,0,0.09729285705657095
2012-10-16,nifty50,SBIN.NS,0,0.09729285705657095
2012-10-16,nifty50,SHRIRAMFIN.NS,3,0.09729285705657095
2012-10-16,nifty50,SUNPHARMA.NS,1,0.09729285705657095
2012-10-16,nifty50,TATACONSUM.NS,3,0.09729285705657095
2012-10-16,nifty50,TATASTEEL.NS,1,0.09729285705657095
2012-10-16,nifty50,TCS.NS,1,0.09729285705657095
2012-10-16,nifty50,TECHM.NS,1,0.09729285705657095
2012-10-16,nifty50,TITAN.NS,2,0.09729285705657095
2012-10-16,nifty50,ULTRACEMCO.NS,3,0.09729285705657095
2012-10-16,nifty50,WIPRO.NS,1,0.09729285705657095
2012-11-20,nifty50,ADANIENT.NS,0,0.19969591659426586
2012-11-20,nifty50,ADANIPORTS.NS,0,0.19969591659426586
2012-11-20,nifty50,APOLLOHOSP.NS,2,0.19969591659426586
2012-11-20,nifty50,ASIANPAINT.NS,2,0.19969591659426586
2012-11-20,nifty50,AXISBANK.NS,0,0.19969591659426586
2012-11-20,nifty50,BAJAJ-AUTO.NS,0,0.19969591659426586
2012-11-20,nifty50,BAJAJFINSV.NS,0,0.19969591659426586
2012-11-20,nifty50,BAJFINANCE.NS,0,0.19969591659426586
2012-11-20,nifty50,BEL.NS,2,0.19969591659426586
2012-11-20,nifty50,BHARTIARTL.NS,2,0.19969591659426586
2012-11-20,nifty50,BPCL.NS,2,0.19969591659426586
2012-11-20,nifty50,BRITANNIA.NS,0,0.19969591659426586
2012-11-20,nifty50,CIPLA.NS,2,0.19969591659426586
2012-11-20,nifty50,DIVISLAB.NS,1,0.19969591659426586
2012-11-20,nifty50,DRREDDY.NS,1,0.19969591659426586
2012-11-20,nifty50,EICHERMOT.NS,0,0.19969591659426586
2012-11-20,nifty50,GRASIM.NS,1,0.19969591659426586
2012-11-20,nifty50,HCLTECH.NS,1,0.19969591659426586
2012-11-20,nifty50,HDFCBANK.NS,2,0.19969591659426586
2012-11-20,nifty50,HEROMOTOCO.NS,0,0.19969591659426586
2012-11-20,nifty50,HINDALCO.NS,0,0.19969591659426586
2012-11-20,nifty50,HINDUNILVR.NS,2,0.19969591659426586
2012-11-20,nifty50,ICICIBANK.NS,0,0.19969591659426586
2012-11-20,nifty50,INDUSINDBK.NS,0,0.19969591659426586
2012-11-20,nifty50,INFY.NS,1,0.19969591659426586
2012-11-20,nifty50,ITC.NS,2,0.19969591659426586
2012-11-20,nifty50,JSWSTEEL.NS,0,0.19969591659426586
2012-11-20,nifty50,KOTAKBANK.NS,2,0.19969591659426586
2012-11-20,nifty50,LT.NS,0,0.19969591659426586
2012-11-20,nifty50,M&M.NS,0,0.19969591659426586
2012-11-20,nifty50,MARUTI.NS,0,0.19969591659426586
2012-11-20,nifty50,NESTLEIND.NS,1,0.19969591659426586
2012-11-20,nifty50,NTPC.NS,2,0.19969591659426586
2012-11-20,nifty50,ONGC.NS,0,0.19969591659426586
2012-11-20,nifty50,POWERGRID.NS,2,0.19969591659426586
2012-11-20,nifty50,RELIANCE.NS,0,0.19969591659426586
2012-11-20,nifty50,SBIN.NS,0,0.19969591659426586
2012-11-20,nifty50,SHRIRAMFIN.NS,0,0.19969591659426586
2012-11-20,nifty50,SUNPHARMA.NS,0,0.19969591659426586
2012-11-20,nifty50,TATACONSUM.NS,2,0.19969591659426586
2012-11-20,nifty50,TATASTEEL.NS,0,0.19969591659426586
2012-11-20,nifty50,TCS.NS,1,0.19969591659426586
2012-11-20,nifty50,TECHM.NS,1,0.19969591659426586
2012-11-20,nifty50,TITAN.NS,2,0.19969591659426586
2012-11-20,nifty50,ULTRACEMCO.NS,0,0.19969591659426586
2012-11-20,nifty50,WIPRO.NS,1,0.19969591659426586
2012-12-20,nifty50,ADANIENT.NS,3,0.22606459906797366
2012-12-20,nifty50,ADANIPORTS.NS,3,0.22606459906797366
2012-12-20,nifty50,APOLLOHOSP.NS,1,0.22606459906797366
2012-12-20,nifty50,ASIANPAINT.NS,1,0.22606459906797366
2012-12-20,nifty50,AXISBANK.NS,0,0.22606459906797366
2012-12-20,nifty50,BAJAJ-AUTO.NS,0,0.22606459906797366
2012-12-20,nifty50,BAJAJFINSV.NS,3,0.22606459906797366
2012-12-20,nifty50,BAJFINANCE.NS,0,0.22606459906797366
2012-12-20,nifty50,BEL.NS,3,0.22606459906797366
2012-12-20,nifty50,BHARTIARTL.NS,0,0.22606459906797366
2012-12-20,nifty50,BPCL.NS,3,0.22606459906797366
2012-12-20,nifty50,BRITANNIA.NS,0,0.22606459906797366
2012-12-20,nifty50,CIPLA.NS,2,0.22606459906797366
2012-12-20,nifty50,DIVISLAB.NS,2,0.22606459906797366
2012-12-20,nifty50,DRREDDY.NS,2,0.22606459906797366
2012-12-20,nifty50,EICHERMOT.NS,0,0.22606459906797366
2012-12-20,nifty50,GRASIM.NS,1,0.22606459906797366
2012-12-20,nifty50,HCLTECH.NS,2,0.22606459906797366
2012-12-20,nifty50,HDFCBANK.NS,2,0.22606459906797366
2012-12-20,nifty50,HEROMOTOCO.NS,0,0.22606459906797366
2012-12-20,nifty50,HINDALCO.NS,0,0.22606459906797366
2012-12-20,nifty50,HINDUNILVR.NS,2,0.22606459906797366
2012-12-20,nifty50,ICICIBANK.NS,0,0.22606459906797366
2012-12-20,nifty50,INDUSINDBK.NS,0,0.22606459906797366
2012-12-20,nifty50,INFY.NS,1,0.22606459906797366
2012-12-20,nifty50,ITC.NS,2,0.22606459906797366
2012-12-20,nifty50,JSWSTEEL.NS,0,0.22606459906797366
2012-12-20,nifty50,KOTAKBANK.NS,3,0.22606459906797366
2012-12-20,nifty50,LT.NS,0,0.22606459906797366
2012-12-20,nifty50,M&M.NS,0,0.22606459906797366
2012-12-20,nifty50,MARUTI.NS,0,0.22606459906797366
2012-12-20,nifty50,NESTLEIND.NS,1,0.22606459906797366
2012-12-20,nifty50,NTPC.NS,1,0.22606459906797366
2012-12-20,nifty50,ONGC.NS,1,0.22606459906797366
2012-12-20,nifty50,POWERGRID.NS,1,0.22606459906797366
2012-12-20,nifty50,RELIANCE.NS,0,0.22606459906797366
2012-12-20,nifty50,SBIN.NS,3,0.22606459906797366
2012-12-20,nifty50,SHRIRAMFIN.NS,0,0.22606459906797366
2012-12-20,nifty50,SUNPHARMA.NS,2,0.22606459906797366
2012-12-20,nifty50,TATACONSUM.NS,2,0.22606459906797366
2012-12-20,nifty50,TATASTEEL.NS,1,0.22606459906797366
2012-12-20,nifty50,TCS.NS,1,0.22606459906797366
2012-12-20,nifty50,TECHM.NS,2,0.22606459906797366
2012-12-20,nifty50,TITAN.NS,0,0.22606459906797366
2012-12-20,nifty50,ULTRACEMCO.NS,2,0.22606459906797366
2012-12-20,nifty50,WIPRO.NS,1,0.22606459906797366
2013-01-21,nifty50,ADANIENT.NS,4,0.15960457544678402
2013-01-21,nifty50,ADANIPORTS.NS,4,0.15960457544678402
2013-01-21,nifty50,APOLLOHOSP.NS,0,0.15960457544678402
2013-01-21,nifty50,ASIANPAINT.NS,1,0.15960457544678402
2013-01-21,nifty50,AXISBANK.NS,0,0.15960457544678402
2013-01-21,nifty50,BAJAJ-AUTO.NS,2,0.15960457544678402
2013-01-21,nifty50,BAJAJFINSV.NS,4,0.15960457544678402
2013-01-21,nifty50,BAJFINANCE.NS,0,0.15960457544678402
2013-01-21,nifty50,BEL.NS,3,0.15960457544678402
2013-01-21,nifty50,BHARTIARTL.NS,3,0.15960457544678402
2013-01-21,nifty50,BPCL.NS,3,0.15960457544678402
2013-01-21,nifty50,BRITANNIA.NS,0,0.15960457544678402
2013-01-21,nifty50,CIPLA.NS,1,0.15960457544678402
2013-01-21,nifty50,DIVISLAB.NS,2,0.15960457544678402
2013-01-21,nifty50,DRREDDY.NS,1,0.15960457544678402
2013-01-21,nifty50,EICHERMOT.NS,0,0.15960457544678402
2013-01-21,nifty50,GRASIM.NS,3,0.15960457544678402
2013-01-21,nifty50,HCLTECH.NS,1,0.15960457544678402
2013-01-21,nifty50,HDFCBANK.NS,2,0.15960457544678402
2013-01-21,nifty50,HEROMOTOCO.NS,2,0.15960457544678402
2013-01-21,nifty50,HINDALCO.NS,2,0.15960457544678402
2013-01-21,nifty50,HINDUNILVR.NS,2,0.15960457544678402
2013-01-21,nifty50,ICICIBANK.NS,0,0.15960457544678402
2013-01-21,nifty50,INDUSINDBK.NS,0,0.15960457544678402
2013-01-21,nifty50,INFY.NS,1,0.15960457544678402
2013-01-21,nifty50,ITC.NS,2,0.15960457544678402
2013-01-21,nifty50,JSWSTEEL.NS,4,0.15960457544678402
2013-01-21,nifty50,KOTAKBANK.NS,0,0.15960457544678402
2013-01-21,nifty50,LT.NS,3,0.15960457544678402
2013-01-21,nifty50,M&M.NS,2,0.15960457544678402
2013-01-21,nifty50,MARUTI.NS,2,0.15960457544678402
2013-01-21,nifty50,NESTLEIND.NS,1,0.15960457544678402
2013-01-21,nifty50,NTPC.NS,3,0.15960457544678402
2013-01-21,nifty50,ONGC.NS,3,0.15960457544678402
2013-01-21,nifty50,POWERGRID.NS,3,0.15960457544678402
2013-01-21,nifty50,RELIANCE.NS,0,0.15960457544678402
2013-01-21,nifty50,SBIN.NS,0,0.15960457544678402
2013-01-21,nifty50,SHRIRAMFIN.NS,0,0.15960457544678402
2013-01-21,nifty50,SUNPHARMA.NS,1,0.15960457544678402
2013-01-21,nifty50,TATACONSUM.NS,2,0.15960457544678402
2013-01-21,nifty50,TATASTEEL.NS,2,0.15960457544678402
2013-01-21,nifty50,TCS.NS,1,0.15960457544678402
2013-01-21,nifty50,TECHM.NS,2,0.15960457544678402
2013-01-21,nifty50,TITAN.NS,3,0.15960457544678402
2013-01-21,nifty50,ULTRACEMCO.NS,3,0.15960457544678402
2013-01-21,nifty50,WIPRO.NS,1,0.15960457544678402
2013-02-19,nifty50,ADANIENT.NS,3,0.10726324555837563
2013-02-19,nifty50,ADANIPORTS.NS,3,0.10726324555837563
2013-02-19,nifty50,APOLLOHOSP.NS,2,0.10726324555837563
2013-02-19,nifty50,ASIANPAINT.NS,2,0.10726324555837563
2013-02-19,nifty50,AXISBANK.NS,2,0.10726324555837563
2013-02-19,nifty50,BAJAJ-AUTO.NS,2,0.10726324555837563
2013-02-19,nifty50,BAJAJFINSV.NS,2,0.10726324555837563
2013-02-19,nifty50,BAJFINANCE.NS,2,0.10726324555837563
2013-02-19,nifty50,BEL.NS,2,0.10726324555837563
2013-02-19,nifty50,BHARTIARTL.NS,3,0.10726324555837563
2013-02-19,nifty50,BPCL.NS,0,0.10726324555837563
2013-02-19,nifty50,BRITANNIA.NS,3,0.10726324555837563
2013-02-19,nifty50,CIPLA.NS,2,0.10726324555837563
2013-02-19,nifty50,DIVISLAB.NS,1,0.10726324555837563
2013-02-19,nifty50,DRREDDY.NS,1,0.10726324555837563
2013-02-19,nifty50,EICHERMOT.NS,2,0.10726324555837563
2013-02-19,nifty50,GRASIM.NS,0,0.10726324555837563
2013-02-19,nifty50,HCLTECH.NS,1,0.10726324555837563
2013-02-19,nifty50,HDFCBANK.NS,2,0.10726324555837563
2013-02-19,nifty50,HEROMOTOCO.NS,2,0.10726324555837563
2013-02-19,nifty50,HINDALCO.NS,3,0.10726324555837563
2013-02-19,nifty50,HINDUNILVR.NS,3,0.10726324555837563
2013-02-19,nifty50,ICICIBANK.NS,2,0.10726324555837563
2013-02-19,nifty50,INDUSINDBK.NS,2,0.10726324555837563
2013-02-19,nifty50,INFY.NS,1,0.10726324555837563
2013-02-19,nifty50,ITC.NS,2,0.10726324555837563
2013-02-19,nifty50,JSWSTEEL.NS,3,0.10726324555837563
2013-02-19,nifty50,KOTAKBANK.NS,2,0.10726324555837563
2013-02-19,nifty50,LT.NS,2,0.10726324555837563
2013-02-19,nifty50,M&M.NS,2,0.10726324555837563
2013-02-19,nifty50,MARUTI.NS,2,0.10726324555837563
2013-02-19,nifty50,NESTLEIND.NS,3,0.10726324555837563
2013-02-19,nifty50,NTPC.NS,0,0.10726324555837563
2013-02-19,nifty50,ONGC.NS,0,0.10726324555837563
2013-02-19,nifty50,POWERGRID.NS,2,0.10726324555837563
2013-02-19,nifty50,RELIANCE.NS,0,0.10726324555837563
2013-02-19,nifty50,SBIN.NS,2,0.10726324555837563
2013-02-19,nifty50,SHRIRAMFIN.NS,3,0.10726324555837563
2013-02-19,nifty50,SUNPHARMA.NS,2,0.10726324555837563
2013-02-19,nifty50,TATACONSUM.NS,3,0.10726324555837563
2013-02-19,nifty50,TATASTEEL.NS,0,0.10726324555837563
2013-02-19,nifty50,TCS.NS,1,0.10726324555837563
2013-02-19,nifty50,TECHM.NS,1,0.10726324555837563
2013-02-19,nifty50,TITAN.NS,0,0.10726324555837563
2013-02-19,nifty50,ULTRACEMCO.NS,0,0.10726324555837563
2013-02-19,nifty50,WIPRO.NS,1,0.10726324555837563
2013-03-20,nifty50,ADANIENT.NS,1,0.1518698346202049
2013-03-20,nifty50,ADANIPORTS.NS,1,0.1518698346202049
2013-03-20,nifty50,APOLLOHOSP.NS,1,0.1518698346202049
2013-03-20,nifty50,ASIANPAINT.NS,2,0.1518698346202049
2013-03-20,nifty50,AXISBANK.NS,0,0.1518698346202049
2013-03-20,nifty50,BAJAJ-AUTO.NS,2,0.1518698346202049
2013-03-20,nifty50,BAJAJFINSV.NS,0,0.1518698346202049
2013-03-20,nifty50,BAJFINANCE.NS,2,0.1518698346202049
2013-03-20,nifty50,BEL.NS,1,0.1518698346202049
2013-03-20,nifty50,BHARTIARTL.NS,1,0.1518698346202049
2013-03-20,nifty50,BPCL.NS,0,0.1518698346202049
2013-03-20,nifty50,BRITANNIA.NS,0,0.1518698346202049
2013-03-20,nifty50,CIPLA.NS,2,0.1518698346202049
2013-03-20,nifty50,DIVISLAB.NS,1,0.1518698346202049
2013-03-20,nifty50,DRREDDY.NS,1,0.1518698346202049
2013-03-20,nifty50,EICHERMOT.NS,2,0.1518698346202049
2013-03-20,nifty50,GRASIM.NS,2,0.1518698346202049
2013-03-20,nifty50,HCLTECH.NS,1,0.1518698346202049
2013-03-20,nifty50,HDFCBANK.NS,2,0.1518698346202049
2013-03-20,nifty50,HEROMOTOCO.NS,0,0.1518698346202049
2013-03-20,nifty50,HINDALCO.NS,2,0.1518698346202049
2013-03-20,nifty50,HINDUNILVR.NS,1,0.1518698346202049
2013-03-20,nifty50,ICICIBANK.NS,0,0.1518698346202049
2013-03-20,nifty50,INDUSINDBK.NS,2,0.1518698346202049
2013-03-20,nifty50,INFY.NS,1,0.1518698346202049
2013-03-20,nifty50,ITC.NS,0,0.1518698346202049
2013-03-20,nifty50,JSWSTEEL.NS,1,0.1518698346202049
2013-03-20,nifty50,KOTAKBANK.NS,0,0.1518698346202049
2013-03-20,nifty50,LT.NS,0,0.1518698346202049
2013-03-20,nifty50,M&M.NS,2,0.1518698346202049
2013-03-20,nifty50,MARUTI.NS,2,0.1518698346202049
2013-03-20,nifty50,NESTLEIND.NS,0,0.1518698346202049
2013-03-20,nifty50,NTPC.NS,0,0.1518698346202049
2013-03-20,nifty50,ONGC.NS,0,0.1518698346202049
2013-03-20,nifty50,POWERGRID.NS,1,0.1518698346202049
2013-03-20,nifty50,RELIANCE.NS,0,0.1518698346202049
2013-03-20,nifty50,SBIN.NS,0,0.1518698346202049
2013-03-20,nifty50,SHRIRAMFIN.NS,1,0.1518698346202049
2013-03-20,nifty50,SUNPHARMA.NS,2,0.1518698346202049
2013-03-20,nifty50,TATACONSUM.NS,1,0.1518698346202049
2013-03-20,nifty50,TATASTEEL.NS,2,0.1518698346202049
2013-03-20,nifty50,TCS.NS,1,0.1518698346202049
2013-03-20,nifty50,TECHM.NS,1,0.1518698346202049
2013-03-20,nifty50,TITAN.NS,2,0.1518698346202049
2013-03-20,nifty50,ULTRACEMCO.NS,2,0.1518698346202049
2013-03-20,nifty50,WIPRO.NS,1,0.1518698346202049
2013-04-23,nifty50,ADANIENT.NS,0,0.07988947621335896
2013-04-23,nifty50,ADANIPORTS.NS,0,0.07988947621335896
2013-04-23,nifty50,APOLLOHOSP.NS,0,0.07988947621335896
2013-04-23,nifty50,ASIANPAINT.NS,0,0.07988947621335896
2013-04-23,nifty50,AXISBANK.NS,3,0.07988947621335896
2013-04-23,nifty50,BAJAJ-AUTO.NS,0,0.07988947621335896
2013-04-23,nifty50,BAJAJFINSV.NS,3,0.07988947621335896
2013-04-23,nifty50,BAJFINANCE.NS,3,0.07988947621335896
2013-04-23,nifty50,BEL.NS,0,0.07988947621335896
2013-04-23,nifty50,BHARTIARTL.NS,3,0.07988947621335896
2013-04-23,nifty50,BPCL.NS,0,0.07988947621335896
2013-04-23,nifty50,BRITANNIA.NS,3,0.07988947621335896
2013-04-23,nifty50,CIPLA.NS,0,0.07988947621335896
2013-04-23,nifty50,DIVISLAB.NS,1,0.07988947621335896
2013-04-23,nifty50,DRREDDY.NS,0,0.07988947621335896
2013-04-23,nifty50,EICHERMOT.NS,3,0.07988947621335896
2013-04-23,nifty50,GRASIM.NS,0,0.07988947621335896
2013-04-23,nifty50,HCLTECH.NS,1,0.07988947621335896
2013-04-23,nifty50,HDFCBANK.NS,3,0.07988947621335896
2013-04-23,nifty50,HEROMOTOCO.NS,0,0.07988947621335896
2013-04-23,nifty50,HINDALCO.NS,0,0.07988947621335896
2013-04-23,nifty50,HINDUNILVR.NS,0,0.07988947621335896
2013-04-23,nifty50,ICICIBANK.NS,3,0.07988947621335896
2013-04-23,nifty50,INDUSINDBK.NS,3,0.07988947621335896
2013-04-23,nifty50,INFY.NS,1,0.07988947621335896
2013-04-23,nifty50,ITC.NS,3,0.07988947621335896
2013-04-23,nifty50,JSWSTEEL.NS,0,0.07988947621335896
2013-04-23,nifty50,KOTAKBANK.NS,3,0.07988947621335896
2013-04-23,nifty50,LT.NS,3,0.07988947621335896
2013-04-23,nifty50,M&M.NS,3,0.07988947621335896
2013-04-23,nifty50,MARUTI.NS,0,0.07988947621335896
2013-04-23,nifty50,NESTLEIND.NS,0,0.07988947621335896
2013-04-23,nifty50,NTPC.NS,0,0.07988947621335896
2013-04-23,nifty50,ONGC.NS,0,0.07988947621335896
2013-04-23,nifty50,POWERGRID.NS,0,0.07988947621335896
2013-04-23,nifty50,RELIANCE.NS,0,0.07988947621335896
2013-04-23,nifty50,SBIN.NS,3,0.07988947621335896
2013-04-23,nifty50,SHRIRAMFIN.NS,0,0.07988947621335896
2013-04-23,nifty50,SUNPHARMA.NS,3,0.07988947621335896
2013-04-23,nifty50,TATACONSUM.NS,0,0.07988947621335896
2013-04-23,nifty50,TATASTEEL.NS,0,0.07988947621335896
2013-04-23,nifty50,TCS.NS,1,0.07988947621335896
2013-04-23,nifty50,TECHM.NS,1,0.07988947621335896
2013-04-23,nifty50,TITAN.NS,0,0.07988947621335896
2013-04-23,nifty50,ULTRACEMCO.NS,0,0.07988947621335896
2013-04-23,nifty50,WIPRO.NS,1,0.07988947621335896
2013-05-24,nifty50,ADANIENT.NS,3,0.29844877898940253
2013-05-24,nifty50,ADANIPORTS.NS,3,0.29844877898940253
2013-05-24,nifty50,APOLLOHOSP.NS,3,0.29844877898940253
2013-05-24,nifty50,ASIANPAINT.NS,3,0.29844877898940253
2013-05-24,nifty50,AXISBANK.NS,1,0.29844877898940253
2013-05-24,nifty50,BAJAJ-AUTO.NS,3,0.29844877898940253
2013-05-24,nifty50,BAJAJFINSV.NS,3,0.29844877898940253
2013-05-24,nifty50,BAJFINANCE.NS,2,0.29844877898940253
2013-05-24,nifty50,BEL.NS,3,0.29844877898940253
2013-05-24,nifty50,BHARTIARTL.NS,1,0.29844877898940253
2013-05-24,nifty50,BPCL.NS,0,0.29844877898940253
2013-05-24,nifty50,BRITANNIA.NS,2,0.29844877898940253
2013-05-24,nifty50,CIPLA.NS,3,0.29844877898940253
2013-05-24,nifty50,DIVISLAB.NS,2,0.29844877898940253
2013-05-24,nifty50,DRREDDY.NS,3,0.29844877898940253
2013-05-24,nifty50,EICHERMOT.NS,2,0.29844877898940253
2013-05-24,nifty50,GRASIM.NS,3,0.29844877898940253
2013-05-24,nifty50,HCLTECH.NS,0,0.29844877898940253
2013-05-24,nifty50,HDFCBANK.NS,1,0.29844877898940253
2013-05-24,nifty50,HEROMOTOCO.NS,3,0.29844877898940253
2013-05-24,nifty50,HINDALCO.NS,3,0.29844877898940253
2013-05-24,nifty50,HINDUNILVR.NS,1,0.29844877898940253
2013-05-24,nifty50,ICICIBANK.NS,1,0.29844877898940253
2013-05-24,nifty50,INDUSINDBK.NS,1,0.29844877898940253
2013-05-24,nifty50,INFY.NS,0,0.29844877898940253
2013-05-24,nifty50,ITC.NS,1,0.29844877898940253
2013-05-24,nifty50,JSWSTEEL.NS,3,0.29844877898940253
2013-05-24,nifty50,KOTAKBANK.NS,1,0.29844877898940253
2013-05-24,nifty50,LT.NS,2,0.29844877898940253
2013-05-24,nifty50,M&M.NS,1,0.29844877898940253
2013-05-24,nifty50,MARUTI.NS,3,0.29844877898940253
2013-05-24,nifty50,NESTLEIND.NS,1,0.29844877898940253
2013-05-24,nifty50,NTPC.NS,3,0.29844877898940253
2013-05-24,nifty50,ONGC.NS,0,0.29844877898940253
2013-05-24,nifty50,POWERGRID.NS,3,0.29844877898940253
2013-05-24,nifty50,RELIANCE.NS,0,0.29844877898940253
2013-05-24,nifty50,SBIN.NS,3,0.29844877898940253
2013-05-24,nifty50,SHRIRAMFIN.NS,1,0.29844877898940253
2013-05-24,nifty50,SUNPHARMA.NS,1,0.29844877898940253
2013-05-24,nifty50,TATACONSUM.NS,2,0.29844877898940253
2013-05-24,nifty50,TATASTEEL.NS,2,0.29844877898940253
2013-05-24,nifty50,TCS.NS,0,0.29844877898940253
2013-05-24,nifty50,TECHM.NS,0,0.29844877898940253
2013-05-24,nifty50,TITAN.NS,2,0.29844877898940253
2013-05-24,nifty50,ULTRACEMCO.NS,3,0.29844877898940253
2013-05-24,nifty50,WIPRO.NS,0,0.29844877898940253
2013-06-24,nifty50,ADANIENT.NS,3,0.13961419588617713
2013-06-24,nifty50,ADANIPORTS.NS,5,0.13961419588617713
2013-06-24,nifty50,APOLLOHOSP.NS,5,0.13961419588617713
2013-06-24,nifty50,ASIANPAINT.NS,2,0.13961419588617713
2013-06-24,nifty50,AXISBANK.NS,3,0.13961419588617713
2013-06-24,nifty50,BAJAJ-AUTO.NS,5,0.13961419588617713
2013-06-24,nifty50,BAJAJFINSV.NS,4,0.13961419588617713
2013-06-24,nifty50,BAJFINANCE.NS,3,0.13961419588617713
2013-06-24,nifty50,BEL.NS,5,0.13961419588617713
2013-06-24,nifty50,BHARTIARTL.NS,3,0.13961419588617713
2013-06-24,nifty50,BPCL.NS,4,0.13961419588617713
2013-06-24,nifty50,BRITANNIA.NS,5,0.13961419588617713
2013-06-24,nifty50,CIPLA.NS,5,0.13961419588617713
2013-06-24,nifty50,DIVISLAB.NS,5,0.13961419588617713
2013-06-24,nifty50,DRREDDY.NS,4,0.13961419588617713
2013-06-24,nifty50,EICHERMOT.NS,0,0.13961419588617713
2013-06-24,nifty50,GRASIM.NS,4,0.13961419588617713
2013-06-24,nifty50,HCLTECH.NS,1,0.13961419588617713
2013-06-24,nifty50,HDFCBANK.NS,2,0.13961419588617713
2013-06-24,nifty50,HEROMOTOCO.NS,5,0.13961419588617713
2013-06-24,nifty50,HINDALCO.NS,0,0.13961419588617713
2013-06-24,nifty50,HINDUNILVR.NS,5,0.13961419588617713
2013-06-24,nifty50,ICICIBANK.NS,4,0.13961419588617713
2013-06-24,nifty50,INDUSINDBK.NS,2,0.13961419588617713
2013-06-24,nifty50,INFY.NS,1,0.13961419588617713
2013-06-24,nifty50,ITC.NS,2,0.13961419588617713
2013-06-24,nifty50,JSWSTEEL.NS,0,0.13961419588617713
2013-06-24,nifty50,KOTAKBANK.NS,2,0.13961419588617713
2013-06-24,nifty50,LT.NS,5,0.13961419588617713
2013-06-24,nifty50,M&M.NS,3,0.13961419588617713
2013-06-24,nifty50,MARUTI.NS,5,0.13961419588617713
2013-06-24,nifty50,NESTLEIND.NS,5,0.13961419588617713
2013-06-24,nifty50,NTPC.NS,4,0.13961419588617713
2013-06-24,nifty50,ONGC.NS,4,0.13961419588617713
2013-06-24,nifty50,POWERGRID.NS,4,0.13961419588617713
2013-06-24,nifty50,RELIANCE.NS,4,0.13961419588617713
2013-06-24,nifty50,SBIN.NS,3,0.13961419588617713
2013-06-24,nifty50,SHRIRAMFIN.NS,5,0.13961419588617713
2013-06-24,nifty50,SUNPHARMA.NS,3,0.13961419588617713
2013-06-24,nifty50,TATACONSUM.NS,5,0.13961419588617713
2013-06-24,nifty50,TATASTEEL.NS,0,0.13961419588617713
2013-06-24,nifty50,TCS.NS,1,0.13961419588617713
2013-06-24,nifty50,TECHM.NS,1,0.13961419588617713
2013-06-24,nifty50,TITAN.NS,0,0.13961419588617713
2013-06-24,nifty50,ULTRACEMCO.NS,4,0.13961419588617713
2013-06-24,nifty50,WIPRO.NS,1,0.13961419588617713
2013-07-23,nifty50,ADANIENT.NS,3,0.21813567224051916
2013-07-23,nifty50,ADANIPORTS.NS,3,0.21813567224051916
2013-07-23,nifty50,APOLLOHOSP.NS,0,0.21813567224051916
2013-07-23,nifty50,ASIANPAINT.NS,0,0.21813567224051916
2013-07-23,nifty50,AXISBANK.NS,2,0.21813567224051916
2013-07-23,nifty50,BAJAJ-AUTO.NS,0,0.21813567224051916
2013-07-23,nifty50,BAJAJFINSV.NS,0,0.21813567224051916
2013-07-23,nifty50,BAJFINANCE.NS,2,0.21813567224051916
2013-07-23,nifty50,BEL.NS,0,0.21813567224051916
2013-07-23,nifty50,BHARTIARTL.NS,2,0.21813567224051916
2013-07-23,nifty50,BPCL.NS,0,0.21813567224051916
2013-07-23,nifty50,BRITANNIA.NS,2,0.21813567224051916
2013-07-23,nifty50,CIPLA.NS,0,0.21813567224051916
2013-07-23,nifty50,DIVISLAB.NS,0,0.21813567224051916
2013-07-23,nifty50,DRREDDY.NS,0,0.21813567224051916
2013-07-23,nifty50,EICHERMOT.NS,2,0.21813567224051916
2013-07-23,nifty50,GRASIM.NS,0,0.21813567224051916
2013-07-23,nifty50,HCLTECH.NS,1,0.21813567224051916
2013-07-23,nifty50,HDFCBANK.NS,0,0.21813567224051916
2013-07-23,nifty50,HEROMOTOCO.NS,0,0.21813567224051916
2013-07-23,nifty50,HINDALCO.NS,3,0.21813567224051916
2013-07-23,nifty50,HINDUNILVR.NS,3,0.21813567224051916
2013-07-23,nifty50,ICICIBANK.NS,2,0.21813567224051916
2013-07-23,nifty50,INDUSINDBK.NS,2,0.21813567224051916
2013-07-23,nifty50,INFY.NS,1,0.21813567224051916
2013-07-23,nifty50,ITC.NS,0,0.21813567224051916
2013-07-23,nifty50,JSWSTEEL.NS,3,0.21813567224051916
2013-07-23,nifty50,KOTAKBANK.NS,2,0.21813567224051916
2013-07-23,nifty50,LT.NS,0,0.21813567224051916
2013-07-23,nifty50,M&M.NS,2,0.21813567224051916
2013-07-23,nifty50,MARUTI.NS,0,0.21813567224051916
2013-07-23,nifty50,NESTLEIND.NS,3,0.21813567224051916
2013-07-23,nifty50,NTPC.NS,0,0.21813567224051916
2013-07-23,nifty50,ONGC.NS,0,0.21813567224051916
2013-07-23,nifty50,POWERGRID.NS,0,0.21813567224051916
2013-07-23,nifty50,RELIANCE.NS,0,0.21813567224051916
2013-07-23,nifty50,SBIN.NS,2,0.21813567224051916
2013-07-23,nifty50,SHRIRAMFIN.NS,2,0.21813567224051916
2013-07-23,nifty50,SUNPHARMA.NS,0,0.21813567224051916
2013-07-23,nifty50,TATACONSUM.NS,3,0.21813567224051916
2013-07-23,nifty50,TATASTEEL.NS,2,0.21813567224051916
2013-07-23,nifty50,TCS.NS,1,0.21813567224051916
2013-07-23,nifty50,TECHM.NS,1,0.21813567224051916
2013-07-23,nifty50,TITAN.NS,3,0.21813567224051916
2013-07-23,nifty50,ULTRACEMCO.NS,0,0.21813567224051916
2013-07-23,nifty50,WIPRO.NS,1,0.21813567224051916
2013-08-23,nifty50,ADANIENT.NS,0,0.15944435690129577
2013-08-23,nifty50,ADANIPORTS.NS,4,0.15944435690129577
2013-08-23,nifty50,APOLLOHOSP.NS,3,0.15944435690129577
2013-08-23,nifty50,ASIANPAINT.NS,0,0.15944435690129577
2013-08-23,nifty50,AXISBANK.NS,2,0.15944435690129577
2013-08-23,nifty50,BAJAJ-AUTO.NS,3,0.15944435690129577
2013-08-23,nifty50,BAJAJFINSV.NS,2,0.15944435690129577
2013-08-23,nifty50,BAJFINANCE.NS,2,0.15944435690129577
2013-08-23,nifty50,BEL.NS,3,0.15944435690129577
2013-08-23,nifty50,BHARTIARTL.NS,0,0.15944435690129577
2013-08-23,nifty50,BPCL.NS,0,0.15944435690129577
2013-08-23,nifty50,BRITANNIA.NS,3,0.15944435690129577
2013-08-23,nifty50,CIPLA.NS,4,0.15944435690129577
2013-08-23,nifty50,DIVISLAB.NS,4,0.15944435690129577
2013-08-23,nifty50,DRREDDY.NS,0,0.15944435690129577
2013-08-23,nifty50,EICHERMOT.NS,2,0.15944435690129577
2013-08-23,nifty50,GRASIM.NS,0,0.15944435690129577
2013-08-23,nifty50,HCLTECH.NS,1,0.15944435690129577
2013-08-23,nifty50,HDFCBANK.NS,2,0.15944435690129577
2013-08-23,nifty50,HEROMOTOCO.NS,1,0.15944435690129577
2013-08-23,nifty50,HINDALCO.NS,0,0.15944435690129577
2013-08-23,nifty50,HINDUNILVR.NS,3,0.15944435690129577
2013-08-23,nifty50,ICICIBANK.NS,2,0.15944435690129577
2013-08-23,nifty50,INDUSINDBK.NS,2,0.15944435690129577
2013-08-23,nifty50,INFY.NS,1,0.15944435690129577
2013-08-23,nifty50,ITC.NS,3,0.15944435690129577
2013-08-23,nifty50,JSWSTEEL.NS,0,0.15944435690129577
2013-08-23,nifty50,KOTAKBANK.NS,2,0.15944435690129577
2013-08-23,nifty50,LT.NS,4,0.15944435690129577
2013-08-23,nifty50,M&M.NS,2,0.15944435690129577
2013-08-23,nifty50,MARUTI.NS,2,0.15944435690129577
2013-08-23,nifty50,NESTLEIND.NS,2,0.15944435690129577
2013-08-23,nifty50,NTPC.NS,4,0.15944435690129577
2013-08-23,nifty50,ONGC.NS,3,0.15944435690129577
2013-08-23,nifty50,POWERGRID.NS,4,0.15944435690129577
2013-08-23,nifty50,RELIANCE.NS,0,0.15944435690129577
2013-08-23,nifty50,SBIN.NS,2,0.15944435690129577
2013-08-23,nifty50,SHRIRAMFIN.NS,2,0.15944435690129577
2013-08-23,nifty50,SUNPHARMA.NS,3,0.15944435690129577
2013-08-23,nifty50,TATACONSUM.NS,0,0.15944435690129577
2013-08-23,nifty50,TATASTEEL.NS,0,0.15944435690129577
2013-08-23,nifty50,TCS.NS,1,0.15944435690129577
2013-08-23,nifty50,TECHM.NS,1,0.15944435690129577
2013-08-23,nifty50,TITAN.NS,2,0.15944435690129577
2013-08-23,nifty50,ULTRACEMCO.NS,0,0.15944435690129577
2013-08-23,nifty50,WIPRO.NS,1,0.15944435690129577
2013-09-24,nifty50,ADANIENT.NS,2,0.43788375359507725
2013-09-24,nifty50,ADANIPORTS.NS,1,0.43788375359507725
2013-09-24,nifty50,APOLLOHOSP.NS,3,0.43788375359507725
2013-09-24,nifty50,ASIANPAINT.NS,3,0.43788375359507725
2013-09-24,nifty50,AXISBANK.NS,2,0.43788375359507725
2013-09-24,nifty50,BAJAJ-AUTO.NS,1,0.43788375359507725
2013-09-24,nifty50,BAJAJFINSV.NS,2,0.43788375359507725
2013-09-24,nifty50,BAJFINANCE.NS,2,0.43788375359507725
2013-09-24,nifty50,BEL.NS,3,0.43788375359507725
2013-09-24,nifty50,BHARTIARTL.NS,0,0.43788375359507725
2013-09-24,nifty50,BPCL.NS,0,0.43788375359507725
2013-09-24,nifty50,BRITANNIA.NS,3,0.43788375359507725
2013-09-24,nifty50,CIPLA.NS,1,0.43788375359507725
2013-09-24,nifty50,DIVISLAB.NS,1,0.43788375359507725
2013-09-24,nifty50,DRREDDY.NS,0,0.43788375359507725
2013-09-24,nifty50,EICHERMOT.NS,3,0.43788375359507725
2013-09-24,nifty50,GRASIM.NS,2,0.43788375359507725
2013-09-24,nifty50,HCLTECH.NS,1,0.43788375359507725
2013-09-24,nifty50,HDFCBANK.NS,2,0.43788375359507725
2013-09-24,nifty50,HEROMOTOCO.NS,1,0.43788375359507725
2013-09-24,nifty50,HINDALCO.NS,0,0.43788375359507725
2013-09-24,nifty50,HINDUNILVR.NS,3,0.43788375359507725
2013-09-24,nifty50,ICICIBANK.NS,2,0.43788375359507725
2013-09-24,nifty50,INDUSINDBK.NS,2,0.43788375359507725
2013-09-24,nifty50,INFY.NS,1,0.43788375359507725
2013-09-24,nifty50,ITC.NS,3,0.43788375359507725
2013-09-24,nifty50,JSWSTEEL.NS,0,0.43788375359507725
2013-09-24,nifty50,KOTAKBANK.NS,2,0.43788375359507725
2013-09-24,nifty50,LT.NS,1,0.43788375359507725
2013-09-24,nifty50,M&M.NS,2,0.43788375359507725
2013-09-24,nifty50,MARUTI.NS,1,0.43788375359507725
2013-09-24,nifty50,NESTLEIND.NS,3,0.43788375359507725
2013-09-24,nifty50,NTPC.NS,1,0.43788375359507725
2013-09-24,nifty50,ONGC.NS,0,0.43788375359507725
2013-09-24,nifty50,POWERGRID.NS,1,0.43788375359507725
2013-09-24,nifty50,RELIANCE.NS,0,0.43788375359507725
2013-09-24,nifty50,SBIN.NS,2,0.43788375359507725
2013-09-24,nifty50,SHRIRAMFIN.NS,2,0.43788375359507725
2013-09-24,nifty50,SUNPHARMA.NS,3,0.43788375359507725
2013-09-24,nifty50,TATACONSUM.NS,0,0.43788375359507725
2013-09-24,nifty50,TATASTEEL.NS,0,0.43788375359507725
2013-09-24,nifty50,TCS.NS,1,0.43788375359507725
2013-09-24,nifty50,TECHM.NS,1,0.43788375359507725
2013-09-24,nifty50,TITAN.NS,2,0.43788375359507725
2013-09-24,nifty50,ULTRACEMCO.NS,3,0.43788375359507725
2013-09-24,nifty50,WIPRO.NS,1,0.43788375359507725
2013-10-25,nifty50,ADANIENT.NS,1,0.30363652643292954
2013-10-25,nifty50,ADANIPORTS.NS,2,0.30363652643292954
2013-10-25,nifty50,APOLLOHOSP.NS,1,0.30363652643292954
2013-10-25,nifty50,ASIANPAINT.NS,1,0.30363652643292954
2013-10-25,nifty50,AXISBANK.NS,2,0.30363652643292954
2013-10-25,nifty50,BAJAJ-AUTO.NS,0,0.30363652643292954
2013-10-25,nifty50,BAJAJFINSV.NS,3,0.30363652643292954
2013-10-25,nifty50,BAJFINANCE.NS,2,0.30363652643292954
2013-10-25,nifty50,BEL.NS,1,0.30363652643292954
2013-10-25,nifty50,BHARTIARTL.NS,3,0.30363652643292954
2013-10-25,nifty50,BPCL.NS,3,0.30363652643292954
2013-10-25,nifty50,BRITANNIA.NS,3,0.30363652643292954
2013-10-25,nifty50,CIPLA.NS,0,0.30363652643292954
2013-10-25,nifty50,DIVISLAB.NS,0,0.30363652643292954
2013-10-25,nifty50,DRREDDY.NS,0,0.30363652643292954
2013-10-25,nifty50,EICHERMOT.NS,1,0.30363652643292954
2013-10-25,nifty50,GRASIM.NS,2,0.30363652643292954
2013-10-25,nifty50,HCLTECH.NS,0,0.30363652643292954
2013-10-25,nifty50,HDFCBANK.NS,2,0.30363652643292954
2013-10-25,nifty50,HEROMOTOCO.NS,0,0.30363652643292954
2013-10-25,nifty50,HINDALCO.NS,3,0.30363652643292954
2013-10-25,nifty50,HINDUNILVR.NS,3,0.30363652643292954
2013-10-25,nifty50,ICICIBANK.NS,2,0.30363652643292954
2013-10-25,nifty50,INDUSINDBK.NS,2,0.30363652643292954
2013-10-25,nifty50,INFY.NS,0,0.30363652643292954
2013-10-25,nifty50,ITC.NS,3,0.30363652643292954
2013-10-25,nifty50,JSWSTEEL.NS,3,0.30363652643292954
2013-10-25,nifty50,KOTAKBANK.NS,1,0.30363652643292954
2013-10-25,nifty50,LT.NS,1,0.30363652643292954
2013-10-25,nifty50,M&M.NS,1,0.30363652643292954
2013-10-25,nifty50,MARUTI.NS,1,0.30363652643292954
2013-10-25,nifty50,NESTLEIND.NS,3,0.30363652643292954
2013-10-25,nifty50,NTPC.NS,2,0.30363652643292954
2013-10-25,nifty50,ONGC.NS,3,0.30363652643292954
2013-10-25,nifty50,POWERGRID.NS,2,0.30363652643292954
2013-10-25,nifty50,RELIANCE.NS,0,0.30363652643292954
2013-10-25,nifty50,SBIN.NS,2,0.30363652643292954
2013-10-25,nifty50,SHRIRAMFIN.NS,2,0.30363652643292954
2013-10-25,nifty50,SUNPHARMA.NS,3,0.30363652643292954
2013-10-25,nifty50,TATACONSUM.NS,3,0.30363652643292954
2013-10-25,nifty50,TATASTEEL.NS,3,0.30363652643292954
2013-10-25,nifty50,TCS.NS,0,0.30363652643292954
2013-10-25,nifty50,TECHM.NS,0,0.30363652643292954
2013-10-25,nifty50,TITAN.NS,2,0.30363652643292954
2013-10-25,nifty50,ULTRACEMCO.NS,2,0.30363652643292954
2013-10-25,nifty50,WIPRO.NS,0,0.30363652643292954
2013-11-27,nifty50,ADANIENT.NS,0,0.29275673565013666
2013-11-27,nifty50,ADANIPORTS.NS,3,0.29275673565013666
2013-11-27,nifty50,APOLLOHOSP.NS,0,0.29275673565013666
2013-11-27,nifty50,ASIANPAINT.NS,2,0.29275673565013666
2013-11-27,nifty50,AXISBANK.NS,2,0.29275673565013666
2013-11-27,nifty50,BAJAJ-AUTO.NS,1,0.29275673565013666
2013-11-27,nifty50,BAJAJFINSV.NS,0,0.29275673565013666
2013-11-27,nifty50,BAJFINANCE.NS,2,0.29275673565013666
2013-11-27,nifty50,BEL.NS,0,0.29275673565013666
2013-11-27,nifty50,BHARTIARTL.NS,0,0.29275673565013666
2013-11-27,nifty50,BPCL.NS,0,0.29275673565013666
2013-11-27,nifty50,BRITANNIA.NS,3,0.29275673565013666
2013-11-27,nifty50,CIPLA.NS,1,0.29275673565013666
2013-11-27,nifty50,DIVISLAB.NS,1,0.29275673565013666
2013-11-27,nifty50,DRREDDY.NS,0,0.29275673565013666
2013-11-27,nifty50,EICHERMOT.NS,3,0.29275673565013666
2013-11-27,nifty50,GRASIM.NS,3,0.29275673565013666
2013-11-27,nifty50,HCLTECH.NS,1,0.29275673565013666
2013-11-27,nifty50,HDFCBANK.NS,2,0.29275673565013666
2013-11-27,nifty50,HEROMOTOCO.NS,1,0.29275673565013666
2013-11-27,nifty50,HINDALCO.NS,0,0.29275673565013666
2013-11-27,nifty50,HINDUNILVR.NS,3,0.29275673565013666
2013-11-27,nifty50,ICICIBANK.NS,2,0.29275673565013666
2013-11-27,nifty50,INDUSINDBK.NS,2,0.29275673565013666
2013-11-27,nifty50,INFY.NS,1,0.29275673565013666
2013-11-27,nifty50,ITC.NS,3,0.29275673565013666
2013-11-27,nifty50,JSWSTEEL.NS,0,0.29275673565013666
2013-11-27,nifty50,KOTAKBANK.NS,2,0.29275673565013666
2013-11-27,nifty50,LT.NS,2,0.29275673565013666
2013-11-27,nifty50,M&M.NS,0,0.29275673565013666
2013-11-27,nifty50,MARUTI.NS,2,0.29275673565013666
2013-11-27,nifty50,NESTLEIND.NS,2,0.29275673565013666
2013-11-27,nifty50,NTPC.NS,3,0.29275673565013666
2013-11-27,nifty50,ONGC.NS,0,0.29275673565013666
2013-11-27,nifty50,POWERGRID.NS,3,0.29275673565013666
2013-11-27,nifty50,RELIANCE.NS,0,0.29275673565013666
2013-11-27,nifty50,SBIN.NS,2,0.29275673565013666
2013-11-27,nifty50,SHRIRAMFIN.NS,1,0.29275673565013666
2013-11-27,nifty50,SUNPHARMA.NS,3,0.29275673565013666
2013-11-27,nifty50,TATACONSUM.NS,0,0.29275673565013666
2013-11-27,nifty50,TATASTEEL.NS,0,0.29275673565013666
2013-11-27,nifty50,TCS.NS,1,0.29275673565013666
2013-11-27,nifty50,TECHM.NS,1,0.29275673565013666
2013-11-27,nifty50,TITAN.NS,2,0.29275673565013666
2013-11-27,nifty50,ULTRACEMCO.NS,3,0.29275673565013666
2013-11-27,nifty50,WIPRO.NS,1,0.29275673565013666
2013-12-27,nifty50,ADANIENT.NS,2,0.3393354423720372
2013-12-27,nifty50,ADANIPORTS.NS,2,0.3393354423720372
2013-12-27,nifty50,APOLLOHOSP.NS,2,0.3393354423720372
2013-12-27,nifty50,ASIANPAINT.NS,2,0.3393354423720372
2013-12-27,nifty50,AXISBANK.NS,2,0.3393354423720372
2013-12-27,nifty50,BAJAJ-AUTO.NS,3,0.3393354423720372
2013-12-27,nifty50,BAJAJFINSV.NS,0,0.3393354423720372
2013-12-27,nifty50,BAJFINANCE.NS,2,0.3393354423720372
2013-12-27,nifty50,BEL.NS,2,0.3393354423720372
2013-12-27,nifty50,BHARTIARTL.NS,3,0.3393354423720372
2013-12-27,nifty50,BPCL.NS,0,0.3393354423720372
2013-12-27,nifty50,BRITANNIA.NS,3,0.3393354423720372
2013-12-27,nifty50,CIPLA.NS,3,0.3393354423720372
2013-12-27,nifty50,DIVISLAB.NS,3,0.3393354423720372
2013-12-27,nifty50,DRREDDY.NS,0,0.3393354423720372
2013-12-27,nifty50,EICHERMOT.NS,3,0.3393354423720372
2013-12-27,nifty50,GRASIM.NS,2,0.3393354423720372
2013-12-27,nifty50,HCLTECH.NS,1,0.3393354423720372
2013-12-27,nifty50,HDFCBANK.NS,2,0.3393354423720372
2013-12-27,nifty50,HEROMOTOCO.NS,1,0.3393354423720372
2013-12-27,nifty50,HINDALCO.NS,0,0.3393354423720372
2013-12-27,nifty50,HINDUNILVR.NS,3,0.3393354423720372
2013-12-27,nifty50,ICICIBANK.NS,2,0.3393354423720372
2013-12-27,nifty50,INDUSINDBK.NS,2,0.3393354423720372
2013-12-27,nifty50,INFY.NS,1,0.3393354423720372
2013-12-27,nifty50,ITC.NS,3,0.3393354423720372
2013-12-27,nifty50,JSWSTEEL.NS,0,0.3393354423720372
2013-12-27,nifty50,KOTAKBANK.NS,2,0.3393354423720372
2013-12-27,nifty50,LT.NS,2,0.3393354423720372
2013-12-27,nifty50,M&M.NS,2,0.3393354423720372
2013-12-27,nifty50,MARUTI.NS,2,0.3393354423720372
2013-12-27,nifty50,NESTLEIND.NS,2,0.3393354423720372
2013-12-27,nifty50,NTPC.NS,2,0.3393354423720372
2013-12-27,nifty50,ONGC.NS,0,0.3393354423720372
2013-12-27,nifty50,POWERGRID.NS,2,0.3393354423720372
2013-12-27,nifty50,RELIANCE.NS,0,0.3393354423720372
2013-12-27,nifty50,SBIN.NS,2,0.3393354423720372
2013-12-27,nifty50,SHRIRAMFIN.NS,2,0.3393354423720372
2013-12-27,nifty50,SUNPHARMA.NS,3,0.3393354423720372
2013-12-27,nifty50,TATACONSUM.NS,0,0.3393354423720372
2013-12-27,nifty50,TATASTEEL.NS,0,0.3393354423720372
2013-12-27,nifty50,TCS.NS,1,0.3393354423720372
2013-12-27,nifty50,TECHM.NS,1,0.3393354423720372
2013-12-27,nifty50,TITAN.NS,2,0.3393354423720372
2013-12-27,nifty50,ULTRACEMCO.NS,2,0.3393354423720372
2013-12-27,nifty50,WIPRO.NS,1,0.3393354423720372
2014-01-27,nifty50,ADANIENT.NS,3,0.46062425634356235
2014-01-27,nifty50,ADANIPORTS.NS,3,0.46062425634356235
2014-01-27,nifty50,APOLLOHOSP.NS,3,0.46062425634356235
2014-01-27,nifty50,ASIANPAINT.NS,3,0.46062425634356235
2014-01-27,nifty50,AXISBANK.NS,2,0.46062425634356235
2014-01-27,nifty50,BAJAJ-AUTO.NS,1,0.46062425634356235
2014-01-27,nifty50,BAJAJFINSV.NS,0,0.46062425634356235
2014-01-27,nifty50,BAJFINANCE.NS,3,0.46062425634356235
2014-01-27,nifty50,BEL.NS,2,0.46062425634356235
2014-01-27,nifty50,BHARTIARTL.NS,0,0.46062425634356235
2014-01-27,nifty50,BPCL.NS,0,0.46062425634356235
2014-01-27,nifty50,BRITANNIA.NS,3,0.46062425634356235
2014-01-27,nifty50,CIPLA.NS,1,0.46062425634356235
2014-01-27,nifty50,DIVISLAB.NS,1,0.46062425634356235
2014-01-27,nifty50,DRREDDY.NS,0,0.46062425634356235
2014-01-27,nifty50,EICHERMOT.NS,1,0.46062425634356235
2014-01-27,nifty50,GRASIM.NS,3,0.46062425634356235
2014-01-27,nifty50,HCLTECH.NS,1,0.46062425634356235
2014-01-27,nifty50,HDFCBANK.NS,2,0.46062425634356235
2014-01-27,nifty50,HEROMOTOCO.NS,1,0.46062425634356235
2014-01-27,nifty50,HINDALCO.NS,0,0.46062425634356235
2014-01-27,nifty50,HINDUNILVR.NS,3,0.46062425634356235
2014-01-27,nifty50,ICICIBANK.NS,2,0.46062425634356235
2014-01-27,nifty50,INDUSINDBK.NS,2,0.46062425634356235
2014-01-27,nifty50,INFY.NS,1,0.46062425634356235
2014-01-27,nifty50,ITC.NS,3,0.46062425634356235
2014-01-27,nifty50,JSWSTEEL.NS,0,0.46062425634356235
2014-01-27,nifty50,KOTAKBANK.NS,3,0.46062425634356235
2014-01-27,nifty50,LT.NS,3,0.46062425634356235
2014-01-27,nifty50,M&M.NS,3,0.46062425634356235
2014-01-27,nifty50,MARUTI.NS,2,0.46062425634356235
2014-01-27,nifty50,NESTLEIND.NS,2,0.46062425634356235
2014-01-27,nifty50,NTPC.NS,3,0.46062425634356235
2014-01-27,nifty50,ONGC.NS,0,0.46062425634356235
2014-01-27,nifty50,POWERGRID.NS,3,0.46062425634356235
2014-01-27,nifty50,RELIANCE.NS,0,0.46062425634356235
2014-01-27,nifty50,SBIN.NS,2,0.46062425634356235
2014-01-27,nifty50,SHRIRAMFIN.NS,3,0.46062425634356235
2014-01-27,nifty50,SUNPHARMA.NS,3,0.46062425634356235
2014-01-27,nifty50,TATACONSUM.NS,0,0.46062425634356235
2014-01-27,nifty50,TATASTEEL.NS,0,0.46062425634356235
2014-01-27,nifty50,TCS.NS,1,0.46062425634356235
2014-01-27,nifty50,TECHM.NS,1,0.46062425634356235
2014-01-27,nifty50,TITAN.NS,2,0.46062425634356235
2014-01-27,nifty50,ULTRACEMCO.NS,3,0.46062425634356235
2014-01-27,nifty50,WIPRO.NS,1,0.46062425634356235
2014-02-25,nifty50,ADANIENT.NS,0,0.22336715282181357
2014-02-25,nifty50,ADANIPORTS.NS,0,0.22336715282181357
2014-02-25,nifty50,APOLLOHOSP.NS,3,0.22336715282181357
2014-02-25,nifty50,ASIANPAINT.NS,3,0.22336715282181357
2014-02-25,nifty50,AXISBANK.NS,0,0.22336715282181357
2014-02-25,nifty50,BAJAJ-AUTO.NS,2,0.22336715282181357
2014-02-25,nifty50,BAJAJFINSV.NS,1,0.22336715282181357
2014-02-25,nifty50,BAJFINANCE.NS,3,0.22336715282181357
2014-02-25,nifty50,BEL.NS,4,0.22336715282181357
2014-02-25,nifty50,BHARTIARTL.NS,3,0.22336715282181357
2014-02-25,nifty50,BPCL.NS,2,0.22336715282181357
2014-02-25,nifty50,BRITANNIA.NS,0,0.22336715282181357
2014-02-25,nifty50,CIPLA.NS,1,0.22336715282181357
2014-02-25,nifty50,DIVISLAB.NS,1,0.22336715282181357
2014-02-25,nifty50,DRREDDY.NS,0,0.22336715282181357
2014-02-25,nifty50,EICHERMOT.NS,2,0.22336715282181357
2014-02-25,nifty50,GRASIM.NS,3,0.22336715282181357
2014-02-25,nifty50,HCLTECH.NS,1,0.22336715282181357
2014-02-25,nifty50,HDFCBANK.NS,2,0.22336715282181357
2014-02-25,nifty50,HEROMOTOCO.NS,2,0.22336715282181357
2014-02-25,nifty50,HINDALCO.NS,4,0.22336715282181357
2014-02-25,nifty50,HINDUNILVR.NS,3,0.22336715282181357
2014-02-25,nifty50,ICICIBANK.NS,4,0.22336715282181357
2014-02-25,nifty50,INDUSINDBK.NS,0,0.22336715282181357
2014-02-25,nifty50,INFY.NS,1,0.22336715282181357
2014-02-25,nifty50,ITC.NS,3,0.22336715282181357
2014-02-25,nifty50,JSWSTEEL.NS,4,0.22336715282181357
2014-02-25,nifty50,KOTAKBANK.NS,2,0.22336715282181357
2014-02-25,nifty50,LT.NS,0,0.22336715282181357
2014-02-25,nifty50,M&M.NS,0,0.22336715282181357
2014-02-25,nifty50,MARUTI.NS,0,0.22336715282181357
2014-02-25,nifty50,NESTLEIND.NS,2,0.22336715282181357
2014-02-25,nifty50,NTPC.NS,0,0.22336715282181357
2014-02-25,nifty50,ONGC.NS,2,0.22336715282181357
2014-02-25,nifty50,POWERGRID.NS,0,0.22336715282181357
2014-02-25,nifty50,RELIANCE.NS,0,0.22336715282181357
2014-02-25,nifty50,SBIN.NS,3,0.22336715282181357
2014-02-25,nifty50,SHRIRAMFIN.NS,3,0.22336715282181357
2014-02-25,nifty50,SUNPHARMA.NS,3,0.22336715282181357
2014-02-25,nifty50,TATACONSUM.NS,0,0.22336715282181357
2014-02-25,nifty50,TATASTEEL.NS,4,0.22336715282181357
2014-02-25,nifty50,TCS.NS,1,0.22336715282181357
2014-02-25,nifty50,TECHM.NS,1,0.22336715282181357
2014-02-25,nifty50,TITAN.NS,3,0.22336715282181357
2014-02-25,nifty50,ULTRACEMCO.NS,3,0.22336715282181357
2014-02-25,nifty50,WIPRO.NS,1,0.22336715282181357
2014-03-28,nifty50,ADANIENT.NS,2,0.15773097175682144
2014-03-28,nifty50,ADANIPORTS.NS,2,0.15773097175682144
2014-03-28,nifty50,APOLLOHOSP.NS,1,0.15773097175682144
2014-03-28,nifty50,ASIANPAINT.NS,0,0.15773097175682144
2014-03-28,nifty50,AXISBANK.NS,2,0.15773097175682144
2014-03-28,nifty50,BAJAJ-AUTO.NS,3,0.15773097175682144
2014-03-28,nifty50,BAJAJFINSV.NS,1,0.15773097175682144
2014-03-28,nifty50,BAJFINANCE.NS,3,0.15773097175682144
2014-03-28,nifty50,BEL.NS,0,0.15773097175682144
2014-03-28,nifty50,BHARTIARTL.NS,1,0.15773097175682144
2014-03-28,nifty50,BPCL.NS,3,0.15773097175682144
2014-03-28,nifty50,BRITANNIA.NS,1,0.15773097175682144
2014-03-28,nifty50,CIPLA.NS,1,0.15773097175682144
2014-03-28,nifty50,DIVISLAB.NS,1,0.15773097175682144
2014-03-28,nifty50,DRREDDY.NS,1,0.15773097175682144
2014-03-28,nifty50,EICHERMOT.NS,1,0.15773097175682144
2014-03-28,nifty50,GRASIM.NS,3,0.15773097175682144
2014-03-28,nifty50,HCLTECH.NS,1,0.15773097175682144
2014-03-28,nifty50,HDFCBANK.NS,0,0.15773097175682144
2014-03-28,nifty50,HEROMOTOCO.NS,3,0.15773097175682144
2014-03-28,nifty50,HINDALCO.NS,2,0.15773097175682144
2014-03-28,nifty50,HINDUNILVR.NS,0,0.15773097175682144
2014-03-28,nifty50,ICICIBANK.NS,3,0.15773097175682144
2014-03-28,nifty50,INDUSINDBK.NS,2,0.15773097175682144
2014-03-28,nifty50,INFY.NS,1,0.15773097175682144
2014-03-28,nifty50,ITC.NS,1,0.15773097175682144
2014-03-28,nifty50,JSWSTEEL.NS,2,0.15773097175682144
2014-03-28,nifty50,KOTAKBANK.NS,0,0.15773097175682144
2014-03-28,nifty50,LT.NS,2,0.15773097175682144
2014-03-28,nifty50,M&M.NS,0,0.15773097175682144
2014-03-28,nifty50,MARUTI.NS,2,0.15773097175682144
2014-03-28,nifty50,NESTLEIND.NS,3,0.15773097175682144
2014-03-28,nifty50,NTPC.NS,3,0.15773097175682144
2014-03-28,nifty50,ONGC.NS,0,0.15773097175682144
2014-03-28,nifty50,POWERGRID.NS,3,0.15773097175682144
2014-03-28,nifty50,RELIANCE.NS,0,0.15773097175682144
2014-03-28,nifty50,SBIN.NS,2,0.15773097175682144
2014-03-28,nifty50,SHRIRAMFIN.NS,3,0.15773097175682144
2014-03-28,nifty50,SUNPHARMA.NS,1,0.15773097175682144
2014-03-28,nifty50,TATACONSUM.NS,2,0.15773097175682144
2014-03-28,nifty50,TATASTEEL.NS,2,0.15773097175682144
2014-03-28,nifty50,TCS.NS,1,0.15773097175682144
2014-03-28,nifty50,TECHM.NS,1,0.15773097175682144
2014-03-28,nifty50,TITAN.NS,1,0.15773097175682144
2014-03-28,nifty50,ULTRACEMCO.NS,3,0.15773097175682144
2014-03-28,nifty50,WIPRO.NS,1,0.15773097175682144
2014-05-02,nifty50,ADANIENT.NS,2,0.2265966324677237
2014-05-02,nifty50,ADANIPORTS.NS,2,0.2265966324677237
2014-05-02,nifty50,APOLLOHOSP.NS,3,0.2265966324677237
2014-05-02,nifty50,ASIANPAINT.NS,4,0.2265966324677237
2014-05-02,nifty50,AXISBANK.NS,3,0.2265966324677237
2014-05-02,nifty50,BAJAJ-AUTO.NS,4,0.2265966324677237
2014-05-02,nifty50,BAJAJFINSV.NS,0,0.2265966324677237
2014-05-02,nifty50,BAJFINANCE.NS,4,0.2265966324677237
2014-05-02,nifty50,BEL.NS,2,0.2265966324677237
2014-05-02,nifty50,BHARTIARTL.NS,0,0.2265966324677237
2014-05-02,nifty50,BPCL.NS,2,0.2265966324677237
2014-05-02,nifty50,BRITANNIA.NS,3,0.2265966324677237
2014-05-02,nifty50,CIPLA.NS,1,0.2265966324677237
2014-05-02,nifty50,DIVISLAB.NS,1,0.2265966324677237
2014-05-02,nifty50,DRREDDY.NS,1,0.2265966324677237
2014-05-02,nifty50,EICHERMOT.NS,3,0.2265966324677237
2014-05-02,nifty50,GRASIM.NS,4,0.2265966324677237
2014-05-02,nifty50,HCLTECH.NS,1,0.2265966324677237
2014-05-02,nifty50,HDFCBANK.NS,0,0.2265966324677237
2014-05-02,nifty50,HEROMOTOCO.NS,4,0.2265966324677237
2014-05-02,nifty50,HINDALCO.NS,3,0.2265966324677237
2014-05-02,nifty50,HINDUNILVR.NS,4,0.2265966324677237
2014-05-02,nifty50,ICICIBANK.NS,2,0.2265966324677237
2014-05-02,nifty50,INDUSINDBK.NS,0,0.2265966324677237
2014-05-02,nifty50,INFY.NS,1,0.2265966324677237
2014-05-02,nifty50,ITC.NS,4,0.2265966324677237
2014-05-02,nifty50,JSWSTEEL.NS,3,0.2265966324677237
2014-05-02,nifty50,KOTAKBANK.NS,0,0.2265966324677237
2014-05-02,nifty50,LT.NS,2,0.2265966324677237
2014-05-02,nifty50,M&M.NS,0,0.2265966324677237
2014-05-02,nifty50,MARUTI.NS,0,0.2265966324677237
2014-05-02,nifty50,NESTLEIND.NS,0,0.2265966324677237
2014-05-02,nifty50,NTPC.NS,2,0.2265966324677237
2014-05-02,nifty50,ONGC.NS,0,0.2265966324677237
2014-05-02,nifty50,POWERGRID.NS,2,0.2265966324677237
2014-05-02,nifty50,RELIANCE.NS,0,0.2265966324677237
2014-05-02,nifty50,SBIN.NS,3,0.2265966324677237
2014-05-02,nifty50,SHRIRAMFIN.NS,3,0.2265966324677237
2014-05-02,nifty50,SUNPHARMA.NS,1,0.2265966324677237
2014-05-02,nifty50,TATACONSUM.NS,3,0.2265966324677237
2014-05-02,nifty50,TATASTEEL.NS,3,0.2265966324677237
2014-05-02,nifty50,TCS.NS,1,0.2265966324677237
2014-05-02,nifty50,TECHM.NS,1,0.2265966324677237
2014-05-02,nifty50,TITAN.NS,0,0.2265966324677237
2014-05-02,nifty50,ULTRACEMCO.NS,4,0.2265966324677237
2014-05-02,nifty50,WIPRO.NS,1,0.2265966324677237
2014-06-02,nifty50,ADANIENT.NS,2,0.27943462210996695
2014-06-02,nifty50,ADANIPORTS.NS,2,0.27943462210996695
2014-06-02,nifty50,APOLLOHOSP.NS,0,0.27943462210996695
2014-06-02,nifty50,ASIANPAINT.NS,0,0.27943462210996695
2014-06-02,nifty50,AXISBANK.NS,4,0.27943462210996695
2014-06-02,nifty50,BAJAJ-AUTO.NS,0,0.27943462210996695
2014-06-02,nifty50,BAJAJFINSV.NS,4,0.27943462210996695
2014-06-02,nifty50,BAJFINANCE.NS,4,0.27943462210996695
2014-06-02,nifty50,BEL.NS,0,0.27943462210996695
2014-06-02,nifty50,BHARTIARTL.NS,0,0.27943462210996695
2014-06-02,nifty50,BPCL.NS,0,0.27943462210996695
2014-06-02,nifty50,BRITANNIA.NS,1,0.27943462210996695
2014-06-02,nifty50,CIPLA.NS,1,0.27943462210996695
2014-06-02,nifty50,DIVISLAB.NS,1,0.27943462210996695
2014-06-02,nifty50,DRREDDY.NS,1,0.27943462210996695
2014-06-02,nifty50,EICHERMOT.NS,0,0.27943462210996695
2014-06-02,nifty50,GRASIM.NS,2,0.27943462210996695
2014-06-02,nifty50,HCLTECH.NS,1,0.27943462210996695
2014-06-02,nifty50,HDFCBANK.NS,2,0.27943462210996695
2014-06-02,nifty50,HEROMOTOCO.NS,0,0.27943462210996695
2014-06-02,nifty50,HINDALCO.NS,4,0.27943462210996695
2014-06-02,nifty50,HINDUNILVR.NS,0,0.27943462210996695
2014-06-02,nifty50,ICICIBANK.NS,2,0.27943462210996695
2014-06-02,nifty50,INDUSINDBK.NS,2,0.27943462210996695
2014-06-02,nifty50,INFY.NS,1,0.27943462210996695
2014-06-02,nifty50,ITC.NS,0,0.27943462210996695
2014-06-02,nifty50,JSWSTEEL.NS,4,0.27943462210996695
2014-06-02,nifty50,KOTAKBANK.NS,2,0.27943462210996695
2014-06-02,nifty50,LT.NS,0,0.27943462210996695
2014-06-02,nifty50,M&M.NS,2,0.27943462210996695
2014-06-02,nifty50,MARUTI.NS,2,0.27943462210996695
2014-06-02,nifty50,NESTLEIND.NS,2,0.27943462210996695
2014-06-02,nifty50,NTPC.NS,0,0.27943462210996695
2014-06-02,nifty50,ONGC.NS,0,0.27943462210996695
2014-06-02,nifty50,POWERGRID.NS,0,0.27943462210996695
2014-06-02,nifty50,RELIANCE.NS,0,0.27943462210996695
2014-06-02,nifty50,SBIN.NS,0,0.27943462210996695
2014-06-02,nifty50,SHRIRAMFIN.NS,4,0.27943462210996695
2014-06-02,nifty50,SUNPHARMA.NS,1,0.27943462210996695
2014-06-02,nifty50,TATACONSUM.NS,4,0.27943462210996695
2014-06-02,nifty50,TATASTEEL.NS,4,0.27943462210996695
2014-06-02,nifty50,TCS.NS,1,0.27943462210996695
2014-06-02,nifty50,TECHM.NS,1,0.27943462210996695
2014-06-02,nifty50,TITAN.NS,0,0.27943462210996695
2014-06-02,nifty50,ULTRACEMCO.NS,2,0.27943462210996695
2014-06-02,nifty50,WIPRO.NS,1,0.27943462210996695
2014-07-01,nifty50,ADANIENT.NS,3,0.4868562338437065
2014-07-01,nifty50,ADANIPORTS.NS,3,0.4868562338437065
2014-07-01,nifty50,APOLLOHOSP.NS,4,0.4868562338437065
2014-07-01,nifty50,ASIANPAINT.NS,4,0.4868562338437065
2014-07-01,nifty50,AXISBANK.NS,3,0.4868562338437065
2014-07-01,nifty50,BAJAJ-AUTO.NS,4,0.4868562338437065
2014-07-01,nifty50,BAJAJFINSV.NS,3,0.4868562338437065
2014-07-01,nifty50,BAJFINANCE.NS,3,0.4868562338437065
2014-07-01,nifty50,BEL.NS,3,0.4868562338437065
2014-07-01,nifty50,BHARTIARTL.NS,0,0.4868562338437065
2014-07-01,nifty50,BPCL.NS,0,0.4868562338437065
2014-07-01,nifty50,BRITANNIA.NS,1,0.4868562338437065
2014-07-01,nifty50,CIPLA.NS,1,0.4868562338437065
2014-07-01,nifty50,DIVISLAB.NS,1,0.4868562338437065
2014-07-01,nifty50,DRREDDY.NS,1,0.4868562338437065
2014-07-01,nifty50,EICHERMOT.NS,0,0.4868562338437065
2014-07-01,nifty50,GRASIM.NS,4,0.4868562338437065
2014-07-01,nifty50,HCLTECH.NS,1,0.4868562338437065
2014-07-01,nifty50,HDFCBANK.NS,2,0.4868562338437065
2014-07-01,nifty50,HEROMOTOCO.NS,0,0.4868562338437065
2014-07-01,nifty50,HINDALCO.NS,3,0.4868562338437065
2014-07-01,nifty50,HINDUNILVR.NS,4,0.4868562338437065
2014-07-01,nifty50,ICICIBANK.NS,2,0.4868562338437065
2014-07-01,nifty50,INDUSINDBK.NS,2,0.4868562338437065
2014-07-01,nifty50,INFY.NS,1,0.4868562338437065
2014-07-01,nifty50,ITC.NS,4,0.4868562338437065
2014-07-01,nifty50,JSWSTEEL.NS,3,0.4868562338437065
2014-07-01,nifty50,KOTAKBANK.NS,2,0.4868562338437065
2014-07-01,nifty50,LT.NS,0,0.4868562338437065
2014-07-01,nifty50,M&M.NS,2,0.4868562338437065
2014-07-01,nifty50,MARUTI.NS,3,0.4868562338437065
2014-07-01,nifty50,NESTLEIND.NS,4,0.4868562338437065
2014-07-01,nifty50,NTPC.NS,0,0.4868562338437065
2014-07-01,nifty50,ONGC.NS,0,0.4868562338437065
2014-07-01,nifty50,POWERGRID.NS,0,0.4868562338437065
2014-07-01,nifty50,RELIANCE.NS,0,0.4868562338437065
2014-07-01,nifty50,SBIN.NS,3,0.4868562338437065
2014-07-01,nifty50,SHRIRAMFIN.NS,3,0.4868562338437065
2014-07-01,nifty50,SUNPHARMA.NS,1,0.4868562338437065
2014-07-01,nifty50,TATACONSUM.NS,3,0.4868562338437065
2014-07-01,nifty50,TATASTEEL.NS,3,0.4868562338437065
2014-07-01,nifty50,TCS.NS,1,0.4868562338437065
2014-07-01,nifty50,TECHM.NS,1,0.4868562338437065
2014-07-01,nifty50,TITAN.NS,4,0.4868562338437065
2014-07-01,nifty50,ULTRACEMCO.NS,4,0.4868562338437065
2014-07-01,nifty50,WIPRO.NS,1,0.4868562338437065
2014-07-31,nifty50,ADANIENT.NS,0,0.38444959759923614
2014-07-31,nifty50,ADANIPORTS.NS,0,0.38444959759923614
2014-07-31,nifty50,APOLLOHOSP.NS,1,0.38444959759923614
2014-07-31,nifty50,ASIANPAINT.NS,3,0.38444959759923614
2014-07-31,nifty50,AXISBANK.NS,2,0.38444959759923614
2014-07-31,nifty50,BAJAJ-AUTO.NS,3,0.38444959759923614
2014-07-31,nifty50,BAJAJFINSV.NS,2,0.38444959759923614
2014-07-31,nifty50,BAJFINANCE.NS,2,0.38444959759923614
2014-07-31,nifty50,BEL.NS,0,0.38444959759923614
2014-07-31,nifty50,BHARTIARTL.NS,0,0.38444959759923614
2014-07-31,nifty50,BPCL.NS,0,0.38444959759923614
2014-07-31,nifty50,BRITANNIA.NS,1,0.38444959759923614
2014-07-31,nifty50,CIPLA.NS,1,0.38444959759923614
2014-07-31,nifty50,DIVISLAB.NS,1,0.38444959759923614
2014-07-31,nifty50,DRREDDY.NS,1,0.38444959759923614
2014-07-31,nifty50,EICHERMOT.NS,2,0.38444959759923614
2014-07-31,nifty50,GRASIM.NS,4,0.38444959759923614
2014-07-31,nifty50,HCLTECH.NS,1,0.38444959759923614
2014-07-31,nifty50,HDFCBANK.NS,2,0.38444959759923614
2014-07-31,nifty50,HEROMOTOCO.NS,0,0.38444959759923614
2014-07-31,nifty50,HINDALCO.NS,2,0.38444959759923614
2014-07-31,nifty50,HINDUNILVR.NS,1,0.38444959759923614
2014-07-31,nifty50,ICICIBANK.NS,2,0.38444959759923614
2014-07-31,nifty50,INDUSINDBK.NS,3,0.38444959759923614
2014-07-31,nifty50,INFY.NS,1,0.38444959759923614
2014-07-31,nifty50,ITC.NS,1,0.38444959759923614
2014-07-31,nifty50,JSWSTEEL.NS,2,0.38444959759923614
2014-07-31,nifty50,KOTAKBANK.NS,2,0.38444959759923614
2014-07-31,nifty50,LT.NS,4,0.38444959759923614
2014-07-31,nifty50,M&M.NS,2,0.38444959759923614
2014-07-31,nifty50,MARUTI.NS,2,0.38444959759923614
2014-07-31,nifty50,NESTLEIND.NS,1,0.38444959759923614
2014-07-31,nifty50,NTPC.NS,0,0.38444959759923614
2014-07-31,nifty50,ONGC.NS,0,0.38444959759923614
2014-07-31,nifty50,POWERGRID.NS,4,0.38444959759923614
2014-07-31,nifty50,RELIANCE.NS,0,0.38444959759923614
2014-07-31,nifty50,SBIN.NS,0,0.38444959759923614
2014-07-31,nifty50,SHRIRAMFIN.NS,2,0.38444959759923614
2014-07-31,nifty50,SUNPHARMA.NS,1,0.38444959759923614
2014-07-31,nifty50,TATACONSUM.NS,0,0.38444959759923614
2014-07-31,nifty50,TATASTEEL.NS,2,0.38444959759923614
2014-07-31,nifty50,TCS.NS,1,0.38444959759923614
2014-07-31,nifty50,TECHM.NS,1,0.38444959759923614
2014-07-31,nifty50,TITAN.NS,1,0.38444959759923614
2014-07-31,nifty50,ULTRACEMCO.NS,4,0.38444959759923614
2014-07-31,nifty50,WIPRO.NS,1,0.38444959759923614
2014-09-02,nifty50,ADANIENT.NS,3,0.5620324313966578
2014-09-02,nifty50,ADANIPORTS.NS,3,0.5620324313966578
2014-09-02,nifty50,APOLLOHOSP.NS,1,0.5620324313966578
2014-09-02,nifty50,ASIANPAINT.NS,2,0.5620324313966578
2014-09-02,nifty50,AXISBANK.NS,4,0.5620324313966578
2014-09-02,nifty50,BAJAJ-AUTO.NS,2,0.5620324313966578
2014-09-02,nifty50,BAJAJFINSV.NS,4,0.5620324313966578
2014-09-02,nifty50,BAJFINANCE.NS,3,0.5620324313966578
2014-09-02,nifty50,BEL.NS,2,0.5620324313966578
2014-09-02,nifty50,BHARTIARTL.NS,2,0.5620324313966578
2014-09-02,nifty50,BPCL.NS,0,0.5620324313966578
2014-09-02,nifty50,BRITANNIA.NS,1,0.5620324313966578
2014-09-02,nifty50,CIPLA.NS,1,0.5620324313966578
2014-09-02,nifty50,DIVISLAB.NS,1,0.5620324313966578
2014-09-02,nifty50,DRREDDY.NS,1,0.5620324313966578
2014-09-02,nifty50,EICHERMOT.NS,1,0.5620324313966578
2014-09-02,nifty50,GRASIM.NS,3,0.5620324313966578
2014-09-02,nifty50,HCLTECH.NS,1,0.5620324313966578
2014-09-02,nifty50,HDFCBANK.NS,0,0.5620324313966578
2014-09-02,nifty50,HEROMOTOCO.NS,0,0.5620324313966578
2014-09-02,nifty50,HINDALCO.NS,4,0.5620324313966578
2014-09-02,nifty50,HINDUNILVR.NS,1,0.5620324313966578
2014-09-02,nifty50,ICICIBANK.NS,0,0.5620324313966578
2014-09-02,nifty50,INDUSINDBK.NS,2,0.5620324313966578
2014-09-02,nifty50,INFY.NS,1,0.5620324313966578
2014-09-02,nifty50,ITC.NS,1,0.5620324313966578
2014-09-02,nifty50,JSWSTEEL.NS,4,0.5620324313966578
2014-09-02,nifty50,KOTAKBANK.NS,0,0.5620324313966578
2014-09-02,nifty50,LT.NS,4,0.5620324313966578
2014-09-02,nifty50,M&M.NS,4,0.5620324313966578
2014-09-02,nifty50,MARUTI.NS,3,0.5620324313966578
2014-09-02,nifty50,NESTLEIND.NS,1,0.5620324313966578
2014-09-02,nifty50,NTPC.NS,0,0.5620324313966578
2014-09-02,nifty50,ONGC.NS,0,0.5620324313966578
2014-09-02,nifty50,POWERGRID.NS,3,0.5620324313966578
2014-09-02,nifty50,RELIANCE.NS,0,0.5620324313966578
2014-09-02,nifty50,SBIN.NS,3,0.5620324313966578
2014-09-02,nifty50,SHRIRAMFIN.NS,4,0.5620324313966578
2014-09-02,nifty50,SUNPHARMA.NS,1,0.5620324313966578
2014-09-02,nifty50,TATACONSUM.NS,0,0.5620324313966578
2014-09-02,nifty50,TATASTEEL.NS,4,0.5620324313966578
2014-09-02,nifty50,TCS.NS,1,0.5620324313966578
2014-09-02,nifty50,TECHM.NS,1,0.5620324313966578
2014-09-02,nifty50,TITAN.NS,1,0.5620324313966578
2014-09-02,nifty50,ULTRACEMCO.NS,3,0.5620324313966578
2014-09-02,nifty50,WIPRO.NS,1,0.5620324313966578
2014-10-01,nifty50,ADANIENT.NS,3,0.23428013783216603
2014-10-01,nifty50,ADANIPORTS.NS,3,0.23428013783216603
2014-10-01,nifty50,APOLLOHOSP.NS,0,0.23428013783216603
2014-10-01,nifty50,ASIANPAINT.NS,2,0.23428013783216603
2014-10-01,nifty50,AXISBANK.NS,3,0.23428013783216603
2014-10-01,nifty50,BAJAJ-AUTO.NS,1,0.23428013783216603
2014-10-01,nifty50,BAJAJFINSV.NS,2,0.23428013783216603
2014-10-01,nifty50,BAJFINANCE.NS,2,0.23428013783216603
2014-10-01,nifty50,BEL.NS,3,0.23428013783216603
2014-10-01,nifty50,BHARTIARTL.NS,3,0.23428013783216603
2014-10-01,nifty50,BPCL.NS,0,0.23428013783216603
2014-10-01,nifty50,BRITANNIA.NS,2,0.23428013783216603
2014-10-01,nifty50,CIPLA.NS,1,0.23428013783216603
2014-10-01,nifty50,DIVISLAB.NS,1,0.23428013783216603
2014-10-01,nifty50,DRREDDY.NS,1,0.23428013783216603
2014-10-01,nifty50,EICHERMOT.NS,0,0.23428013783216603
2014-10-01,nifty50,GRASIM.NS,0,0.23428013783216603
2014-10-01,nifty50,HCLTECH.NS,1,0.23428013783216603
2014-10-01,nifty50,HDFCBANK.NS,0,0.23428013783216603
2014-10-01,nifty50,HEROMOTOCO.NS,3,0.23428013783216603
2014-10-01,nifty50,HINDALCO.NS,2,0.23428013783216603
2014-10-01,nifty50,HINDUNILVR.NS,4,0.23428013783216603
2014-10-01,nifty50,ICICIBANK.NS,2,0.23428013783216603
2014-10-01,nifty50,INDUSINDBK.NS,4,0.23428013783216603
2014-10-01,nifty50,INFY.NS,1,0.23428013783216603
2014-10-01,nifty50,ITC.NS,4,0.23428013783216603
2014-10-01,nifty50,JSWSTEEL.NS,2,0.23428013783216603
2014-10-01,nifty50,KOTAKBANK.NS,4,0.23428013783216603
2014-10-01,nifty50,LT.NS,3,0.23428013783216603
2014-10-01,nifty50,M&M.NS,3,0.23428013783216603
2014-10-01,nifty50,MARUTI.NS,3,0.23428013783216603
2014-10-01,nifty50,NESTLEIND.NS,4,0.23428013783216603
2014-10-01,nifty50,NTPC.NS,0,0.23428013783216603
2014-10-01,nifty50,ONGC.NS,0,0.23428013783216603
2014-10-01,nifty50,POWERGRID.NS,3,0.23428013783216603
2014-10-01,nifty50,RELIANCE.NS,0,0.23428013783216603
2014-10-01,nifty50,SBIN.NS,3,0.23428013783216603
2014-10-01,nifty50,SHRIRAMFIN.NS,3,0.23428013783216603
2014-10-01,nifty50,SUNPHARMA.NS,1,0.23428013783216603
2014-10-01,nifty50,TATACONSUM.NS,0,0.23428013783216603
2014-10-01,nifty50,TATASTEEL.NS,2,0.23428013783216603
2014-10-01,nifty50,TCS.NS,1,0.23428013783216603
2014-10-01,nifty50,TECHM.NS,1,0.23428013783216603
2014-10-01,nifty50,TITAN.NS,4,0.23428013783216603
2014-10-01,nifty50,ULTRACEMCO.NS,0,0.23428013783216603
2014-10-01,nifty50,WIPRO.NS,1,0.23428013783216603
2014-11-10,nifty50,ADANIENT.NS,0,0.2804209830930164
2014-11-10,nifty50,ADANIPORTS.NS,0,0.2804209830930164
2014-11-10,nifty50,APOLLOHOSP.NS,3,0.2804209830930164
2014-11-10,nifty50,ASIANPAINT.NS,1,0.2804209830930164
2014-11-10,nifty50,AXISBANK.NS,2,0.2804209830930164
2014-11-10,nifty50,BAJAJ-AUTO.NS,1,0.2804209830930164
2014-11-10,nifty50,BAJAJFINSV.NS,3,0.2804209830930164
2014-11-10,nifty50,BAJFINANCE.NS,0,0.2804209830930164
2014-11-10,nifty50,BEL.NS,2,0.2804209830930164
2014-11-10,nifty50,BHARTIARTL.NS,2,0.2804209830930164
2014-11-10,nifty50,BPCL.NS,2,0.2804209830930164
2014-11-10,nifty50,BRITANNIA.NS,1,0.2804209830930164
2014-11-10,nifty50,CIPLA.NS,1,0.2804209830930164
2014-11-10,nifty50,DIVISLAB.NS,1,0.2804209830930164
2014-11-10,nifty50,DRREDDY.NS,1,0.2804209830930164
2014-11-10,nifty50,EICHERMOT.NS,3,0.2804209830930164
2014-11-10,nifty50,GRASIM.NS,1,0.2804209830930164
2014-11-10,nifty50,HCLTECH.NS,1,0.2804209830930164
2014-11-10,nifty50,HDFCBANK.NS,2,0.2804209830930164
2014-11-10,nifty50,HEROMOTOCO.NS,0,0.2804209830930164
2014-11-10,nifty50,HINDALCO.NS,3,0.2804209830930164
2014-11-10,nifty50,HINDUNILVR.NS,0,0.2804209830930164
2014-11-10,nifty50,ICICIBANK.NS,2,0.2804209830930164
2014-11-10,nifty50,INDUSINDBK.NS,2,0.2804209830930164
2014-11-10,nifty50,INFY.NS,1,0.2804209830930164
2014-11-10,nifty50,ITC.NS,0,0.2804209830930164
2014-11-10,nifty50,JSWSTEEL.NS,3,0.2804209830930164
2014-11-10,nifty50,KOTAKBANK.NS,2,0.2804209830930164
2014-11-10,nifty50,LT.NS,0,0.2804209830930164
2014-11-10,nifty50,M&M.NS,0,0.2804209830930164
2014-11-10,nifty50,MARUTI.NS,0,0.2804209830930164
2014-11-10,nifty50,NESTLEIND.NS,0,0.2804209830930164
2014-11-10,nifty50,NTPC.NS,0,0.2804209830930164
2014-11-10,nifty50,ONGC.NS,2,0.2804209830930164
2014-11-10,nifty50,POWERGRID.NS,0,0.2804209830930164
2014-11-10,nifty50,RELIANCE.NS,0,0.2804209830930164
2014-11-10,nifty50,SBIN.NS,2,0.2804209830930164
2014-11-10,nifty50,SHRIRAMFIN.NS,0,0.2804209830930164
2014-11-10,nifty50,SUNPHARMA.NS,1,0.2804209830930164
2014-11-10,nifty50,TATACONSUM.NS,2,0.2804209830930164
2014-11-10,nifty50,TATASTEEL.NS,3,0.2804209830930164
2014-11-10,nifty50,TCS.NS,1,0.2804209830930164
2014-11-10,nifty50,TECHM.NS,1,0.2804209830930164
2014-11-10,nifty50,TITAN.NS,0,0.2804209830930164
2014-11-10,nifty50,ULTRACEMCO.NS,1,0.2804209830930164
2014-11-10,nifty50,WIPRO.NS,1,0.2804209830930164
2014-12-09,nifty50,ADANIENT.NS,4,0.2045460527354751
2014-12-09,nifty50,ADANIPORTS.NS,3,0.2045460527354751
2014-12-09,nifty50,APOLLOHOSP.NS,3,0.2045460527354751
2014-12-09,nifty50,ASIANPAINT.NS,2,0.2045460527354751
2014-12-09,nifty50,AXISBANK.NS,2,0.2045460527354751
2014-12-09,nifty50,BAJAJ-AUTO.NS,4,0.2045460527354751
2014-12-09,nifty50,BAJAJFINSV.NS,3,0.2045460527354751
2014-12-09,nifty50,BAJFINANCE.NS,0,0.2045460527354751
2014-12-09,nifty50,BEL.NS,2,0.2045460527354751
2014-12-09,nifty50,BHARTIARTL.NS,2,0.2045460527354751
2014-12-09,nifty50,BPCL.NS,0,0.2045460527354751
2014-12-09,nifty50,BRITANNIA.NS,2,0.2045460527354751
2014-12-09,nifty50,CIPLA.NS,1,0.2045460527354751
2014-12-09,nifty50,DIVISLAB.NS,3,0.2045460527354751
2014-12-09,nifty50,DRREDDY.NS,1,0.2045460527354751
2014-12-09,nifty50,EICHERMOT.NS,3,0.2045460527354751
2014-12-09,nifty50,GRASIM.NS,3,0.2045460527354751
2014-12-09,nifty50,HCLTECH.NS,1,0.2045460527354751
2014-12-09,nifty50,HDFCBANK.NS,0,0.2045460527354751
2014-12-09,nifty50,HEROMOTOCO.NS,4,0.2045460527354751
2014-12-09,nifty50,HINDALCO.NS,3,0.2045460527354751
2014-12-09,nifty50,HINDUNILVR.NS,3,0.2045460527354751
2014-12-09,nifty50,ICICIBANK.NS,2,0.2045460527354751
2014-12-09,nifty50,INDUSINDBK.NS,2,0.2045460527354751
2014-12-09,nifty50,INFY.NS,1,0.2045460527354751
2014-12-09,nifty50,ITC.NS,2,0.2045460527354751
2014-12-09,nifty50,JSWSTEEL.NS,3,0.2045460527354751
2014-12-09,nifty50,KOTAKBANK.NS,1,0.2045460527354751
2014-12-09,nifty50,LT.NS,4,0.2045460527354751
2014-12-09,nifty50,M&M.NS,4,0.2045460527354751
2014-12-09,nifty50,MARUTI.NS,4,0.2045460527354751
2014-12-09,nifty50,NESTLEIND.NS,3,0.2045460527354751
2014-12-09,nifty50,NTPC.NS,3,0.2045460527354751
2014-12-09,nifty50,ONGC.NS,0,0.2045460527354751
2014-12-09,nifty50,POWERGRID.NS,3,0.2045460527354751
2014-12-09,nifty50,RELIANCE.NS,0,0.2045460527354751
2014-12-09,nifty50,SBIN.NS,0,0.2045460527354751
2014-12-09,nifty50,SHRIRAMFIN.NS,2,0.2045460527354751
2014-12-09,nifty50,SUNPHARMA.NS,1,0.2045460527354751
2014-12-09,nifty50,TATACONSUM.NS,0,0.2045460527354751
2014-12-09,nifty50,TATASTEEL.NS,3,0.2045460527354751
2014-12-09,nifty50,TCS.NS,1,0.2045460527354751
2014-12-09,nifty50,TECHM.NS,1,0.2045460527354751
2014-12-09,nifty50,TITAN.NS,2,0.2045460527354751
2014-12-09,nifty50,ULTRACEMCO.NS,3,0.2045460527354751
2014-12-09,nifty50,WIPRO.NS,1,0.2045460527354751
2015-01-08,nifty50,ADANIENT.NS,4,0.29618574090591965
2015-01-08,nifty50,ADANIPORTS.NS,4,0.29618574090591965
2015-01-08,nifty50,APOLLOHOSP.NS,2,0.29618574090591965
2015-01-08,nifty50,ASIANPAINT.NS,2,0.29618574090591965
2015-01-08,nifty50,AXISBANK.NS,3,0.29618574090591965
2015-01-08,nifty50,BAJAJ-AUTO.NS,3,0.29618574090591965
2015-01-08,nifty50,BAJAJFINSV.NS,2,0.29618574090591965
2015-01-08,nifty50,BAJFINANCE.NS,0,0.29618574090591965
2015-01-08,nifty50,BEL.NS,0,0.29618574090591965
2015-01-08,nifty50,BHARTIARTL.NS,3,0.29618574090591965
2015-01-08,nifty50,BPCL.NS,0,0.29618574090591965
2015-01-08,nifty50,BRITANNIA.NS,0,0.29618574090591965
2015-01-08,nifty50,CIPLA.NS,4,0.29618574090591965
2015-01-08,nifty50,DIVISLAB.NS,4,0.29618574090591965
2015-01-08,nifty50,DRREDDY.NS,4,0.29618574090591965
2015-01-08,nifty50,EICHERMOT.NS,2,0.29618574090591965
2015-01-08,nifty50,GRASIM.NS,2,0.29618574090591965
2015-01-08,nifty50,HCLTECH.NS,1,0.29618574090591965
2015-01-08,nifty50,HDFCBANK.NS,2,0.29618574090591965
2015-01-08,nifty50,HEROMOTOCO.NS,3,0.29618574090591965
2015-01-08,nifty50,HINDALCO.NS,2,0.29618574090591965
2015-01-08,nifty50,HINDUNILVR.NS,4,0.29618574090591965
2015-01-08,nifty50,ICICIBANK.NS,3,0.29618574090591965
2015-01-08,nifty50,INDUSINDBK.NS,3,0.29618574090591965
2015-01-08,nifty50,INFY.NS,1,0.29618574090591965
2015-01-08,nifty50,ITC.NS,3,0.29618574090591965
2015-01-08,nifty50,JSWSTEEL.NS,2,0.29618574090591965
2015-01-08,nifty50,KOTAKBANK.NS,3,0.29618574090591965
2015-01-08,nifty50,LT.NS,0,0.29618574090591965
2015-01-08,nifty50,M&M.NS,4,0.29618574090591965
2015-01-08,nifty50,MARUTI.NS,3,0.29618574090591965
2015-01-08,nifty50,NESTLEIND.NS,4,0.29618574090591965
2015-01-08,nifty50,NTPC.NS,0,0.29618574090591965
2015-01-08,nifty50,ONGC.NS,0,0.29618574090591965
2015-01-08,nifty50,POWERGRID.NS,0,0.29618574090591965
2015-01-08,nifty50,RELIANCE.NS,0,0.29618574090591965
2015-01-08,nifty50,SBIN.NS,0,0.29618574090591965
2015-01-08,nifty50,SHRIRAMFIN.NS,3,0.29618574090591965
2015-01-08,nifty50,SUNPHARMA.NS,4,0.29618574090591965
2015-01-08,nifty50,TATACONSUM.NS,0,0.29618574090591965
2015-01-08,nifty50,TATASTEEL.NS,2,0.29618574090591965
2015-01-08,nifty50,TCS.NS,1,0.29618574090591965
2015-01-08,nifty50,TECHM.NS,1,0.29618574090591965
2015-01-08,nifty50,TITAN.NS,3,0.29618574090591965
2015-01-08,nifty50,ULTRACEMCO.NS,2,0.29618574090591965
2015-01-08,nifty50,WIPRO.NS,1,0.29618574090591965
2015-02-09,nifty50,ADANIENT.NS,4,0.1563385761129328
2015-02-09,nifty50,ADANIPORTS.NS,1,0.1563385761129328
2015-02-09,nifty50,APOLLOHOSP.NS,1,0.1563385761129328
2015-02-09,nifty50,ASIANPAINT.NS,0,0.1563385761129328
2015-02-09,nifty50,AXISBANK.NS,3,0.1563385761129328
2015-02-09,nifty50,BAJAJ-AUTO.NS,5,0.1563385761129328
2015-02-09,nifty50,BAJAJFINSV.NS,0,0.1563385761129328
2015-02-09,nifty50,BAJFINANCE.NS,1,0.1563385761129328
2015-02-09,nifty50,BEL.NS,2,0.1563385761129328
2015-02-09,nifty50,BHARTIARTL.NS,0,0.1563385761129328
2015-02-09,nifty50,BPCL.NS,5,0.1563385761129328
2015-02-09,nifty50,BRITANNIA.NS,2,0.1563385761129328
2015-02-09,nifty50,CIPLA.NS,5,0.1563385761129328
2015-02-09,nifty50,DIVISLAB.NS,1,0.1563385761129328
2015-02-09,nifty50,DRREDDY.NS,1,0.1563385761129328
2015-02-09,nifty50,EICHERMOT.NS,1,0.1563385761129328
2015-02-09,nifty50,GRASIM.NS,0,0.1563385761129328
2015-02-09,nifty50,HCLTECH.NS,1,0.1563385761129328
2015-02-09,nifty50,HDFCBANK.NS,2,0.1563385761129328
2015-02-09,nifty50,HEROMOTOCO.NS,5,0.1563385761129328
2015-02-09,nifty50,HINDALCO.NS,2,0.1563385761129328
2015-02-09,nifty50,HINDUNILVR.NS,1,0.1563385761129328
2015-02-09,nifty50,ICICIBANK.NS,2,0.1563385761129328
2015-02-09,nifty50,INDUSINDBK.NS,3,0.1563385761129328
2015-02-09,nifty50,INFY.NS,1,0.1563385761129328
2015-02-09,nifty50,ITC.NS,2,0.1563385761129328
2015-02-09,nifty50,JSWSTEEL.NS,2,0.1563385761129328
2015-02-09,nifty50,KOTAKBANK.NS,5,0.1563385761129328
2015-02-09,nifty50,LT.NS,4,0.1563385761129328
2015-02-09,nifty50,M&M.NS,0,0.1563385761129328
2015-02-09,nifty50,MARUTI.NS,5,0.1563385761129328
2015-02-09,nifty50,NESTLEIND.NS,1,0.1563385761129328
2015-02-09,nifty50,NTPC.NS,4,0.1563385761129328
2015-02-09,nifty50,ONGC.NS,0,0.1563385761129328
2015-02-09,nifty50,POWERGRID.NS,4,0.1563385761129328
2015-02-09,nifty50,RELIANCE.NS,0,0.1563385761129328
2015-02-09,nifty50,SBIN.NS,3,0.1563385761129328
2015-02-09,nifty50,SHRIRAMFIN.NS,3,0.1563385761129328
2015-02-09,nifty50,SUNPHARMA.NS,1,0.1563385761129328
2015-02-09,nifty50,TATACONSUM.NS,4,0.1563385761129328
2015-02-09,nifty50,TATASTEEL.NS,0,0.1563385761129328
2015-02-09,nifty50,TCS.NS,1,0.1563385761129328
2015-02-09,nifty50,TECHM.NS,1,0.1563385761129328
2015-02-09,nifty50,TITAN.NS,3,0.1563385761129328
2015-02-09,nifty50,ULTRACEMCO.NS,0,0.1563385761129328
2015-02-09,nifty50,WIPRO.NS,1,0.1563385761129328
2015-03-12,nifty50,ADANIENT.NS,0,0.22985341171218096
2015-03-12,nifty50,ADANIPORTS.NS,0,0.22985341171218096
2015-03-12,nifty50,APOLLOHOSP.NS,2,0.22985341171218096
2015-03-12,nifty50,ASIANPAINT.NS,3,0.22985341171218096
2015-03-12,nifty50,AXISBANK.NS,2,0.22985341171218096
2015-03-12,nifty50,BAJAJ-AUTO.NS,4,0.22985341171218096
2015-03-12,nifty50,BAJAJFINSV.NS,3,0.22985341171218096
2015-03-12,nifty50,BAJFINANCE.NS,4,0.22985341171218096
2015-03-12,nifty50,BEL.NS,4,0.22985341171218096
2015-03-12,nifty50,BHARTIARTL.NS,3,0.22985341171218096
2015-03-12,nifty50,BPCL.NS,2,0.22985341171218096
2015-03-12,nifty50,BRITANNIA.NS,4,0.22985341171218096
2015-03-12,nifty50,CIPLA.NS,1,0.22985341171218096
2015-03-12,nifty50,DIVISLAB.NS,1,0.22985341171218096
2015-03-12,nifty50,DRREDDY.NS,1,0.22985341171218096
2015-03-12,nifty50,EICHERMOT.NS,4,0.22985341171218096
2015-03-12,nifty50,GRASIM.NS,3,0.22985341171218096
2015-03-12,nifty50,HCLTECH.NS,1,0.22985341171218096
2015-03-12,nifty50,HDFCBANK.NS,2,0.22985341171218096
2015-03-12,nifty50,HEROMOTOCO.NS,4,0.22985341171218096
2015-03-12,nifty50,HINDALCO.NS,0,0.22985341171218096
2015-03-12,nifty50,HINDUNILVR.NS,1,0.22985341171218096
2015-03-12,nifty50,ICICIBANK.NS,3,0.22985341171218096
2015-03-12,nifty50,INDUSINDBK.NS,2,0.22985341171218096
2015-03-12,nifty50,INFY.NS,1,0.22985341171218096
2015-03-12,nifty50,ITC.NS,3,0.22985341171218096
2015-03-12,nifty50,JSWSTEEL.NS,0,0.22985341171218096
2015-03-12,nifty50,KOTAKBANK.NS,4,0.22985341171218096
2015-03-12,nifty50,LT.NS,0,0.22985341171218096
2015-03-12,nifty50,M&M.NS,0,0.22985341171218096
2015-03-12,nifty50,MARUTI.NS,4,0.22985341171218096
2015-03-12,nifty50,NESTLEIND.NS,0,0.22985341171218096
2015-03-12,nifty50,NTPC.NS,3,0.22985341171218096
2015-03-12,nifty50,ONGC.NS,0,0.22985341171218096
2015-03-12,nifty50,POWERGRID.NS,3,0.22985341171218096
2015-03-12,nifty50,RELIANCE.NS,0,0.22985341171218096
2015-03-12,nifty50,SBIN.NS,3,0.22985341171218096
2015-03-12,nifty50,SHRIRAMFIN.NS,2,0.22985341171218096
2015-03-12,nifty50,SUNPHARMA.NS,1,0.22985341171218096
2015-03-12,nifty50,TATACONSUM.NS,3,0.22985341171218096
2015-03-12,nifty50,TATASTEEL.NS,0,0.22985341171218096
2015-03-12,nifty50,TCS.NS,1,0.22985341171218096
2015-03-12,nifty50,TECHM.NS,1,0.22985341171218096
2015-03-12,nifty50,TITAN.NS,3,0.22985341171218096
2015-03-12,nifty50,ULTRACEMCO.NS,3,0.22985341171218096
2015-03-12,nifty50,WIPRO.NS,1,0.22985341171218096
2015-04-15,nifty50,ADANIENT.NS,0,0.37325215246735516
2015-04-15,nifty50,ADANIPORTS.NS,0,0.37325215246735516
2015-04-15,nifty50,APOLLOHOSP.NS,1,0.37325215246735516
2015-04-15,nifty50,ASIANPAINT.NS,0,0.37325215246735516
2015-04-15,nifty50,AXISBANK.NS,2,0.37325215246735516
2015-04-15,nifty50,BAJAJ-AUTO.NS,0,0.37325215246735516
2015-04-15,nifty50,BAJAJFINSV.NS,3,0.37325215246735516
2015-04-15,nifty50,BAJFINANCE.NS,1,0.37325215246735516
2015-04-15,nifty50,BEL.NS,0,0.37325215246735516
2015-04-15,nifty50,BHARTIARTL.NS,3,0.37325215246735516
2015-04-15,nifty50,BPCL.NS,2,0.37325215246735516
2015-04-15,nifty50,BRITANNIA.NS,0,0.37325215246735516
2015-04-15,nifty50,CIPLA.NS,1,0.37325215246735516
2015-04-15,nifty50,DIVISLAB.NS,1,0.37325215246735516
2015-04-15,nifty50,DRREDDY.NS,1,0.37325215246735516
2015-04-15,nifty50,EICHERMOT.NS,0,0.37325215246735516
2015-04-15,nifty50,GRASIM.NS,3,0.37325215246735516
2015-04-15,nifty50,HCLTECH.NS,1,0.37325215246735516
2015-04-15,nifty50,HDFCBANK.NS,2,0.37325215246735516
2015-04-15,nifty50,HEROMOTOCO.NS,0,0.37325215246735516
2015-04-15,nifty50,HINDALCO.NS,3,0.37325215246735516
2015-04-15,nifty50,HINDUNILVR.NS,1,0.37325215246735516
2015-04-15,nifty50,ICICIBANK.NS,2,0.37325215246735516
2015-04-15,nifty50,INDUSINDBK.NS,2,0.37325215246735516
2015-04-15,nifty50,INFY.NS,1,0.37325215246735516
2015-04-15,nifty50,ITC.NS,0,0.37325215246735516
2015-04-15,nifty50,JSWSTEEL.NS,3,0.37325215246735516
2015-04-15,nifty50,KOTAKBANK.NS,2,0.37325215246735516
2015-04-15,nifty50,LT.NS,3,0.37325215246735516
2015-04-15,nifty50,M&M.NS,3,0.37325215246735516
2015-04-15,nifty50,MARUTI.NS,0,0.37325215246735516
2015-04-15,nifty50,NESTLEIND.NS,1,0.37325215246735516
2015-04-15,nifty50,NTPC.NS,3,0.37325215246735516
2015-04-15,nifty50,ONGC.NS,3,0.37325215246735516
2015-04-15,nifty50,POWERGRID.NS,3,0.37325215246735516
2015-04-15,nifty50,RELIANCE.NS,3,0.37325215246735516
2015-04-15,nifty50,SBIN.NS,2,0.37325215246735516
2015-04-15,nifty50,SHRIRAMFIN.NS,2,0.37325215246735516
2015-04-15,nifty50,SUNPHARMA.NS,1,0.37325215246735516
2015-04-15,nifty50,TATACONSUM.NS,2,0.37325215246735516
2015-04-15,nifty50,TATASTEEL.NS,3,0.37325215246735516
2015-04-15,nifty50,TCS.NS,1,0.37325215246735516
2015-04-15,nifty50,TECHM.NS,1,0.37325215246735516
2015-04-15,nifty50,TITAN.NS,0,0.37325215246735516
2015-04-15,nifty50,ULTRACEMCO.NS,3,0.37325215246735516
2015-04-15,nifty50,WIPRO.NS,1,0.37325215246735516
2015-05-15,nifty50,ADANIENT.NS,0,0.23028622330702742
2015-05-15,nifty50,ADANIPORTS.NS,0,0.23028622330702742
2015-05-15,nifty50,APOLLOHOSP.NS,0,0.23028622330702742
2015-05-15,nifty50,ASIANPAINT.NS,3,0.23028622330702742
2015-05-15,nifty50,AXISBANK.NS,0,0.23028622330702742
2015-05-15,nifty50,BAJAJ-AUTO.NS,0,0.23028622330702742
2015-05-15,nifty50,BAJAJFINSV.NS,4,0.23028622330702742
2015-05-15,nifty50,BAJFINANCE.NS,4,0.23028622330702742
2015-05-15,nifty50,BEL.NS,0,0.23028622330702742
2015-05-15,nifty50,BHARTIARTL.NS,2,0.23028622330702742
2015-05-15,nifty50,BPCL.NS,4,0.23028622330702742
2015-05-15,nifty50,BRITANNIA.NS,0,0.23028622330702742
2015-05-15,nifty50,CIPLA.NS,4,0.23028622330702742
2015-05-15,nifty50,DIVISLAB.NS,4,0.23028622330702742
2015-05-15,nifty50,DRREDDY.NS,4,0.23028622330702742
2015-05-15,nifty50,EICHERMOT.NS,3,0.23028622330702742
2015-05-15,nifty50,GRASIM.NS,1,0.23028622330702742
2015-05-15,nifty50,HCLTECH.NS,1,0.23028622330702742
2015-05-15,nifty50,HDFCBANK.NS,0,0.23028622330702742
2015-05-15,nifty50,HEROMOTOCO.NS,3,0.23028622330702742
2015-05-15,nifty50,HINDALCO.NS,2,0.23028622330702742
2015-05-15,nifty50,HINDUNILVR.NS,4,0.23028622330702742
2015-05-15,nifty50,ICICIBANK.NS,3,0.23028622330702742
2015-05-15,nifty50,INDUSINDBK.NS,0,0.23028622330702742
2015-05-15,nifty50,INFY.NS,1,0.23028622330702742
2015-05-15,nifty50,ITC.NS,0,0.23028622330702742
2015-05-15,nifty50,JSWSTEEL.NS,2,0.23028622330702742
2015-05-15,nifty50,KOTAKBANK.NS,0,0.23028622330702742
2015-05-15,nifty50,LT.NS,1,0.23028622330702742
2015-05-15,nifty50,M&M.NS,3,0.23028622330702742
2015-05-15,nifty50,MARUTI.NS,3,0.23028622330702742
2015-05-15,nifty50,NESTLEIND.NS,4,0.23028622330702742
2015-05-15,nifty50,NTPC.NS,2,0.23028622330702742
2015-05-15,nifty50,ONGC.NS,2,0.23028622330702742
2015-05-15,nifty50,POWERGRID.NS,3,0.23028622330702742
2015-05-15,nifty50,RELIANCE.NS,0,0.23028622330702742
2015-05-15,nifty50,SBIN.NS,3,0.23028622330702742
2015-05-15,nifty50,SHRIRAMFIN.NS,3,0.23028622330702742
2015-05-15,nifty50,SUNPHARMA.NS,4,0.23028622330702742
2015-05-15,nifty50,TATACONSUM.NS,0,0.23028622330702742
2015-05-15,nifty50,TATASTEEL.NS,2,0.23028622330702742
2015-05-15,nifty50,TCS.NS,1,0.23028622330702742
2015-05-15,nifty50,TECHM.NS,1,0.23028622330702742
2015-05-15,nifty50,TITAN.NS,0,0.23028622330702742
2015-05-15,nifty50,ULTRACEMCO.NS,1,0.23028622330702742
2015-05-15,nifty50,WIPRO.NS,1,0.23028622330702742
2015-06-15,nifty50,ADANIENT.NS,2,0.19291312565258192
2015-06-15,nifty50,ADANIPORTS.NS,2,0.19291312565258192
2015-06-15,nifty50,APOLLOHOSP.NS,4,0.19291312565258192
2015-06-15,nifty50,ASIANPAINT.NS,0,0.19291312565258192
2015-06-15,nifty50,AXISBANK.NS,2,0.19291312565258192
2015-06-15,nifty50,BAJAJ-AUTO.NS,2,0.19291312565258192
2015-06-15,nifty50,BAJAJFINSV.NS,2,0.19291312565258192
2015-06-15,nifty50,BAJFINANCE.NS,4,0.19291312565258192
2015-06-15,nifty50,BEL.NS,2,0.19291312565258192
2015-06-15,nifty50,BHARTIARTL.NS,2,0.19291312565258192
2015-06-15,nifty50,BPCL.NS,2,0.19291312565258192
2015-06-15,nifty50,BRITANNIA.NS,2,0.19291312565258192
2015-06-15,nifty50,CIPLA.NS,4,0.19291312565258192
2015-06-15,nifty50,DIVISLAB.NS,4,0.19291312565258192
2015-06-15,nifty50,DRREDDY.NS,4,0.19291312565258192
2015-06-15,nifty50,EICHERMOT.NS,2,0.19291312565258192
2015-06-15,nifty50,GRASIM.NS,0,0.19291312565258192
2015-06-15,nifty50,HCLTECH.NS,3,0.19291312565258192
2015-06-15,nifty50,HDFCBANK.NS,1,0.19291312565258192
2015-06-15,nifty50,HEROMOTOCO.NS,0,0.19291312565258192
2015-06-15,nifty50,HINDALCO.NS,0,0.19291312565258192
2015-06-15,nifty50,HINDUNILVR.NS,4,0.19291312565258192
2015-06-15,nifty50,ICICIBANK.NS,3,0.19291312565258192
2015-06-15,nifty50,INDUSINDBK.NS,1,0.19291312565258192
2015-06-15,nifty50,INFY.NS,3,0.19291312565258192
2015-06-15,nifty50,ITC.NS,2,0.19291312565258192
2015-06-15,nifty50,JSWSTEEL.NS,0,0.19291312565258192
2015-06-15,nifty50,KOTAKBANK.NS,1,0.19291312565258192
2015-06-15,nifty50,LT.NS,0,0.19291312565258192
2015-06-15,nifty50,M&M.NS,2,0.19291312565258192
2015-06-15,nifty50,MARUTI.NS,2,0.19291312565258192
2015-06-15,nifty50,NESTLEIND.NS,2,0.19291312565258192
2015-06-15,nifty50,NTPC.NS,2,0.19291312565258192
2015-06-15,nifty50,ONGC.NS,0,0.19291312565258192
2015-06-15,nifty50,POWERGRID.NS,0,0.19291312565258192
2015-06-15,nifty50,RELIANCE.NS,0,0.19291312565258192
2015-06-15,nifty50,SBIN.NS,2,0.19291312565258192
2015-06-15,nifty50,SHRIRAMFIN.NS,0,0.19291312565258192
2015-06-15,nifty50,SUNPHARMA.NS,4,0.19291312565258192
2015-06-15,nifty50,TATACONSUM.NS,2,0.19291312565258192
2015-06-15,nifty50,TATASTEEL.NS,0,0.19291312565258192
2015-06-15,nifty50,TCS.NS,0,0.19291312565258192
2015-06-15,nifty50,TECHM.NS,3,0.19291312565258192
2015-06-15,nifty50,TITAN.NS,2,0.19291312565258192
2015-06-15,nifty50,ULTRACEMCO.NS,0,0.19291312565258192
2015-06-15,nifty50,WIPRO.NS,3,0.19291312565258192
2015-07-14,nifty50,ADANIENT.NS,3,0.20778690615910597
2015-07-14,nifty50,ADANIPORTS.NS,3,0.20778690615910597
2015-07-14,nifty50,APOLLOHOSP.NS,3,0.20778690615910597
2015-07-14,nifty50,ASIANPAINT.NS,0,0.20778690615910597
2015-07-14,nifty50,AXISBANK.NS,2,0.20778690615910597
2015-07-14,nifty50,BAJAJ-AUTO.NS,3,0.20778690615910597
2015-07-14,nifty50,BAJAJFINSV.NS,2,0.20778690615910597
2015-07-14,nifty50,BAJFINANCE.NS,3,0.20778690615910597
2015-07-14,nifty50,BEL.NS,4,0.20778690615910597
2015-07-14,nifty50,BHARTIARTL.NS,3,0.20778690615910597
2015-07-14,nifty50,BPCL.NS,2,0.20778690615910597
2015-07-14,nifty50,BRITANNIA.NS,3,0.20778690615910597
2015-07-14,nifty50,CIPLA.NS,2,0.20778690615910597
2015-07-14,nifty50,DIVISLAB.NS,2,0.20778690615910597
2015-07-14,nifty50,DRREDDY.NS,2,0.20778690615910597
2015-07-14,nifty50,EICHERMOT.NS,4,0.20778690615910597
2015-07-14,nifty50,GRASIM.NS,0,0.20778690615910597
2015-07-14,nifty50,HCLTECH.NS,1,0.20778690615910597
2015-07-14,nifty50,HDFCBANK.NS,2,0.20778690615910597
2015-07-14,nifty50,HEROMOTOCO.NS,3,0.20778690615910597
2015-07-14,nifty50,HINDALCO.NS,3,0.20778690615910597
2015-07-14,nifty50,HINDUNILVR.NS,2,0.20778690615910597
2015-07-14,nifty50,ICICIBANK.NS,4,0.20778690615910597
2015-07-14,nifty50,INDUSINDBK.NS,0,0.20778690615910597
2015-07-14,nifty50,INFY.NS,1,0.20778690615910597
2015-07-14,nifty50,ITC.NS,4,0.20778690615910597
2015-07-14,nifty50,JSWSTEEL.NS,3,0.20778690615910597
2015-07-14,nifty50,KOTAKBANK.NS,4,0.20778690615910597
2015-07-14,nifty50,LT.NS,0,0.20778690615910597
2015-07-14,nifty50,M&M.NS,3,0.20778690615910597
2015-07-14,nifty50,MARUTI.NS,4,0.20778690615910597
2015-07-14,nifty50,NESTLEIND.NS,3,0.20778690615910597
2015-07-14,nifty50,NTPC.NS,2,0.20778690615910597
2015-07-14,nifty50,ONGC.NS,3,0.20778690615910597
2015-07-14,nifty50,POWERGRID.NS,4,0.20778690615910597
2015-07-14,nifty50,RELIANCE.NS,0,0.20778690615910597
2015-07-14,nifty50,SBIN.NS,3,0.20778690615910597
2015-07-14,nifty50,SHRIRAMFIN.NS,0,0.20778690615910597
2015-07-14,nifty50,SUNPHARMA.NS,2,0.20778690615910597
2015-07-14,nifty50,TATACONSUM.NS,3,0.20778690615910597
2015-07-14,nifty50,TATASTEEL.NS,3,0.20778690615910597
2015-07-14,nifty50,TCS.NS,1,0.20778690615910597
2015-07-14,nifty50,TECHM.NS,1,0.20778690615910597
2015-07-14,nifty50,TITAN.NS,3,0.20778690615910597
2015-07-14,nifty50,ULTRACEMCO.NS,0,0.20778690615910597
2015-07-14,nifty50,WIPRO.NS,1,0.20778690615910597
2015-08-12,nifty50,ADANIENT.NS,2,0.46626038049318297
2015-08-12,nifty50,ADANIPORTS.NS,2,0.46626038049318297
2015-08-12,nifty50,APOLLOHOSP.NS,2,0.46626038049318297
2015-08-12,nifty50,ASIANPAINT.NS,1,0.46626038049318297
2015-08-12,nifty50,AXISBANK.NS,1,0.46626038049318297
2015-08-12,nifty50,BAJAJ-AUTO.NS,2,0.46626038049318297
2015-08-12,nifty50,BAJAJFINSV.NS,2,0.46626038049318297
2015-08-12,nifty50,BAJFINANCE.NS,2,0.46626038049318297
2015-08-12,nifty50,BEL.NS,2,0.46626038049318297
2015-08-12,nifty50,BHARTIARTL.NS,2,0.46626038049318297
2015-08-12,nifty50,BPCL.NS,1,0.46626038049318297
2015-08-12,nifty50,BRITANNIA.NS,2,0.46626038049318297
2015-08-12,nifty50,CIPLA.NS,4,0.46626038049318297
2015-08-12,nifty50,DIVISLAB.NS,4,0.46626038049318297
2015-08-12,nifty50,DRREDDY.NS,4,0.46626038049318297
2015-08-12,nifty50,EICHERMOT.NS,1,0.46626038049318297
2015-08-12,nifty50,GRASIM.NS,1,0.46626038049318297
2015-08-12,nifty50,HCLTECH.NS,0,0.46626038049318297
2015-08-12,nifty50,HDFCBANK.NS,1,0.46626038049318297
2015-08-12,nifty50,HEROMOTOCO.NS,4,0.46626038049318297
2015-08-12,nifty50,HINDALCO.NS,2,0.46626038049318297
2015-08-12,nifty50,HINDUNILVR.NS,4,0.46626038049318297
2015-08-12,nifty50,ICICIBANK.NS,1,0.46626038049318297
2015-08-12,nifty50,INDUSINDBK.NS,1,0.46626038049318297
2015-08-12,nifty50,INFY.NS,0,0.46626038049318297
2015-08-12,nifty50,ITC.NS,2,0.46626038049318297
2015-08-12,nifty50,JSWSTEEL.NS,2,0.46626038049318297
2015-08-12,nifty50,KOTAKBANK.NS,1,0.46626038049318297
2015-08-12,nifty50,LT.NS,4,0.46626038049318297
2015-08-12,nifty50,M&M.NS,2,0.46626038049318297
2015-08-12,nifty50,MARUTI.NS,1,0.46626038049318297
2015-08-12,nifty50,NESTLEIND.NS,2,0.46626038049318297
2015-08-12,nifty50,NTPC.NS,3,0.46626038049318297
2015-08-12,nifty50,ONGC.NS,3,0.46626038049318297
2015-08-12,nifty50,POWERGRID.NS,1,0.46626038049318297
2015-08-12,nifty50,RELIANCE.NS,0,0.46626038049318297
2015-08-12,nifty50,SBIN.NS,2,0.46626038049318297
2015-08-12,nifty50,SHRIRAMFIN.NS,1,0.46626038049318297
2015-08-12,nifty50,SUNPHARMA.NS,4,0.46626038049318297
2015-08-12,nifty50,TATACONSUM.NS,2,0.46626038049318297
2015-08-12,nifty50,TATASTEEL.NS,2,0.46626038049318297
2015-08-12,nifty50,TCS.NS,0,0.46626038049318297
2015-08-12,nifty50,TECHM.NS,0,0.46626038049318297
2015-08-12,nifty50,TITAN.NS,2,0.46626038049318297
2015-08-12,nifty50,ULTRACEMCO.NS,1,0.46626038049318297
2015-08-12,nifty50,WIPRO.NS,0,0.46626038049318297
2015-09-10,nifty50,ADANIENT.NS,3,0.14521885700762607
2015-09-10,nifty50,ADANIPORTS.NS,3,0.14521885700762607
2015-09-10,nifty50,APOLLOHOSP.NS,4,0.14521885700762607
2015-09-10,nifty50,ASIANPAINT.NS,3,0.14521885700762607
2015-09-10,nifty50,AXISBANK.NS,5,0.14521885700762607
2015-09-10,nifty50,BAJAJ-AUTO.NS,4,0.14521885700762607
2015-09-10,nifty50,BAJAJFINSV.NS,5,0.14521885700762607
2015-09-10,nifty50,BAJFINANCE.NS,1,0.14521885700762607
2015-09-10,nifty50,BEL.NS,5,0.14521885700762607
2015-09-10,nifty50,BHARTIARTL.NS,4,0.14521885700762607
2015-09-10,nifty50,BPCL.NS,5,0.14521885700762607
2015-09-10,nifty50,BRITANNIA.NS,5,0.14521885700762607
2015-09-10,nifty50,CIPLA.NS,4,0.14521885700762607
2015-09-10,nifty50,DIVISLAB.NS,4,0.14521885700762607
2015-09-10,nifty50,DRREDDY.NS,4,0.14521885700762607
2015-09-10,nifty50,EICHERMOT.NS,5,0.14521885700762607
2015-09-10,nifty50,GRASIM.NS,5,0.14521885700762607
2015-09-10,nifty50,HCLTECH.NS,1,0.14521885700762607
2015-09-10,nifty50,HDFCBANK.NS,5,0.14521885700762607
2015-09-10,nifty50,HEROMOTOCO.NS,5,0.14521885700762607
2015-09-10,nifty50,HINDALCO.NS,1,0.14521885700762607
2015-09-10,nifty50,HINDUNILVR.NS,4,0.14521885700762607
2015-09-10,nifty50,ICICIBANK.NS,3,0.14521885700762607
2015-09-10,nifty50,INDUSINDBK.NS,5,0.14521885700762607
2015-09-10,nifty50,INFY.NS,1,0.14521885700762607
2015-09-10,nifty50,ITC.NS,4,0.14521885700762607
2015-09-10,nifty50,JSWSTEEL.NS,1,0.14521885700762607
2015-09-10,nifty50,KOTAKBANK.NS,5,0.14521885700762607
2015-09-10,nifty50,LT.NS,5,0.14521885700762607
2015-09-10,nifty50,M&M.NS,4,0.14521885700762607
2015-09-10,nifty50,MARUTI.NS,1,0.14521885700762607
2015-09-10,nifty50,NESTLEIND.NS,3,0.14521885700762607
2015-09-10,nifty50,NTPC.NS,1,0.14521885700762607
2015-09-10,nifty50,ONGC.NS,1,0.14521885700762607
2015-09-10,nifty50,POWERGRID.NS,5,0.14521885700762607
2015-09-10,nifty50,RELIANCE.NS,5,0.14521885700762607
2015-09-10,nifty50,SBIN.NS,3,0.14521885700762607
2015-09-10,nifty50,SHRIRAMFIN.NS,5,0.14521885700762607
2015-09-10,nifty50,SUNPHARMA.NS,4,0.14521885700762607
2015-09-10,nifty50,TATACONSUM.NS,5,0.14521885700762607
2015-09-10,nifty50,TATASTEEL.NS,1,0.14521885700762607
2015-09-10,nifty50,TCS.NS,1,0.14521885700762607
2015-09-10,nifty50,TECHM.NS,1,0.14521885700762607
2015-09-10,nifty50,TITAN.NS,1,0.14521885700762607
2015-09-10,nifty50,ULTRACEMCO.NS,5,0.14521885700762607
2015-09-10,nifty50,WIPRO.NS,1,0.14521885700762607
2015-10-14,nifty50,ADANIENT.NS,3,0.20609519980532603
2015-10-14,nifty50,ADANIPORTS.NS,3,0.20609519980532603
2015-10-14,nifty50,APOLLOHOSP.NS,1,0.20609519980532603
2015-10-14,nifty50,ASIANPAINT.NS,2,0.20609519980532603
2015-10-14,nifty50,AXISBANK.NS,3,0.20609519980532603
2015-10-14,nifty50,BAJAJ-AUTO.NS,2,0.20609519980532603
2015-10-14,nifty50,BAJAJFINSV.NS,4,0.20609519980532603
2015-10-14,nifty50,BAJFINANCE.NS,4,0.20609519980532603
2015-10-14,nifty50,BEL.NS,3,0.20609519980532603
2015-10-14,nifty50,BHARTIARTL.NS,0,0.20609519980532603
2015-10-14,nifty50,BPCL.NS,3,0.20609519980532603
2015-10-14,nifty50,BRITANNIA.NS,4,0.20609519980532603
2015-10-14,nifty50,CIPLA.NS,0,0.20609519980532603
2015-10-14,nifty50,DIVISLAB.NS,0,0.20609519980532603
2015-10-14,nifty50,DRREDDY.NS,0,0.20609519980532603
2015-10-14,nifty50,EICHERMOT.NS,3,0.20609519980532603
2015-10-14,nifty50,GRASIM.NS,2,0.20609519980532603
2015-10-14,nifty50,HCLTECH.NS,1,0.20609519980532603
2015-10-14,nifty50,HDFCBANK.NS,2,0.20609519980532603
2015-10-14,nifty50,HEROMOTOCO.NS,3,0.20609519980532603
2015-10-14,nifty50,HINDALCO.NS,4,0.20609519980532603
2015-10-14,nifty50,HINDUNILVR.NS,0,0.20609519980532603
2015-10-14,nifty50,ICICIBANK.NS,3,0.20609519980532603
2015-10-14,nifty50,INDUSINDBK.NS,1,0.20609519980532603
2015-10-14,nifty50,INFY.NS,1,0.20609519980532603
2015-10-14,nifty50,ITC.NS,0,0.20609519980532603
2015-10-14,nifty50,JSWSTEEL.NS,4,0.20609519980532603
2015-10-14,nifty50,KOTAKBANK.NS,1,0.20609519980532603
2015-10-14,nifty50,LT.NS,3,0.20609519980532603
2015-10-14,nifty50,M&M.NS,2,0.20609519980532603
2015-10-14,nifty50,MARUTI.NS,1,0.20609519980532603
2015-10-14,nifty50,NESTLEIND.NS,3,0.20609519980532603
2015-10-14,nifty50,NTPC.NS,4,0.20609519980532603
2015-10-14,nifty50,ONGC.NS,0,0.20609519980532603
2015-10-14,nifty50,POWERGRID.NS,2,0.20609519980532603
2015-10-14,nifty50,RELIANCE.NS,0,0.20609519980532603
2015-10-14,nifty50,SBIN.NS,3,0.20609519980532603
2015-10-14,nifty50,SHRIRAMFIN.NS,3,0.20609519980532603
2015-10-14,nifty50,SUNPHARMA.NS,2,0.20609519980532603
2015-10-14,nifty50,TATACONSUM.NS,4,0.20609519980532603
2015-10-14,nifty50,TATASTEEL.NS,4,0.20609519980532603
2015-10-14,nifty50,TCS.NS,1,0.20609519980532603
2015-10-14,nifty50,TECHM.NS,1,0.20609519980532603
2015-10-14,nifty50,TITAN.NS,4,0.20609519980532603
2015-10-14,nifty50,ULTRACEMCO.NS,2,0.20609519980532603
2015-10-14,nifty50,WIPRO.NS,1,0.20609519980532603
2015-11-17,nifty50,ADANIENT.NS,4,0.1400118233901528
2015-11-17,nifty50,ADANIPORTS.NS,4,0.1400118233901528
2015-11-17,nifty50,APOLLOHOSP.NS,4,0.1400118233901528
2015-11-17,nifty50,ASIANPAINT.NS,0,0.1400118233901528
2015-11-17,nifty50,AXISBANK.NS,4,0.1400118233901528
2015-11-17,nifty50,BAJAJ-AUTO.NS,3,0.1400118233901528
2015-11-17,nifty50,BAJAJFINSV.NS,0,0.1400118233901528
2015-11-17,nifty50,BAJFINANCE.NS,1,0.1400118233901528
2015-11-17,nifty50,BEL.NS,1,0.1400118233901528
2015-11-17,nifty50,BHARTIARTL.NS,0,0.1400118233901528
2015-11-17,nifty50,BPCL.NS,4,0.1400118233901528
2015-11-17,nifty50,BRITANNIA.NS,1,0.1400118233901528
2015-11-17,nifty50,CIPLA.NS,5,0.1400118233901528
2015-11-17,nifty50,DIVISLAB.NS,0,0.1400118233901528
2015-11-17,nifty50,DRREDDY.NS,0,0.1400118233901528
2015-11-17,nifty50,EICHERMOT.NS,0,0.1400118233901528
2015-11-17,nifty50,GRASIM.NS,0,0.1400118233901528
2015-11-17,nifty50,HCLTECH.NS,1,0.1400118233901528
2015-11-17,nifty50,HDFCBANK.NS,0,0.1400118233901528
2015-11-17,nifty50,HEROMOTOCO.NS,3,0.1400118233901528
2015-11-17,nifty50,HINDALCO.NS,0,0.1400118233901528
2015-11-17,nifty50,HINDUNILVR.NS,5,0.1400118233901528
2015-11-17,nifty50,ICICIBANK.NS,4,0.1400118233901528
2015-11-17,nifty50,INDUSINDBK.NS,0,0.1400118233901528
2015-11-17,nifty50,INFY.NS,1,0.1400118233901528
2015-11-17,nifty50,ITC.NS,5,0.1400118233901528
2015-11-17,nifty50,JSWSTEEL.NS,0,0.1400118233901528
2015-11-17,nifty50,KOTAKBANK.NS,0,0.1400118233901528
2015-11-17,nifty50,LT.NS,3,0.1400118233901528
2015-11-17,nifty50,M&M.NS,4,0.1400118233901528
2015-11-17,nifty50,MARUTI.NS,1,0.1400118233901528
2015-11-17,nifty50,NESTLEIND.NS,4,0.1400118233901528
2015-11-17,nifty50,NTPC.NS,4,0.1400118233901528
2015-11-17,nifty50,ONGC.NS,5,0.1400118233901528
2015-11-17,nifty50,POWERGRID.NS,4,0.1400118233901528
2015-11-17,nifty50,RELIANCE.NS,0,0.1400118233901528
2015-11-17,nifty50,SBIN.NS,4,0.1400118233901528
2015-11-17,nifty50,SHRIRAMFIN.NS,0,0.1400118233901528
2015-11-17,nifty50,SUNPHARMA.NS,0,0.1400118233901528
2015-11-17,nifty50,TATACONSUM.NS,0,0.1400118233901528
2015-11-17,nifty50,TATASTEEL.NS,0,0.1400118233901528
2015-11-17,nifty50,TCS.NS,1,0.1400118233901528
2015-11-17,nifty50,TECHM.NS,1,0.1400118233901528
2015-11-17,nifty50,TITAN.NS,5,0.1400118233901528
2015-11-17,nifty50,ULTRACEMCO.NS,0,0.1400118233901528
2015-11-17,nifty50,WIPRO.NS,1,0.1400118233901528
2015-12-17,nifty50,ADANIENT.NS,3,0.24410755781785992
2015-12-17,nifty50,ADANIPORTS.NS,2,0.24410755781785992
2015-12-17,nifty50,APOLLOHOSP.NS,2,0.24410755781785992
2015-12-17,nifty50,ASIANPAINT.NS,3,0.24410755781785992
2015-12-17,nifty50,AXISBANK.NS,2,0.24410755781785992
2015-12-17,nifty50,BAJAJ-AUTO.NS,2,0.24410755781785992
2015-12-17,nifty50,BAJAJFINSV.NS,2,0.24410755781785992
2015-12-17,nifty50,BAJFINANCE.NS,1,0.24410755781785992
2015-12-17,nifty50,BEL.NS,1,0.24410755781785992
2015-12-17,nifty50,BHARTIARTL.NS,2,0.24410755781785992
2015-12-17,nifty50,BPCL.NS,2,0.24410755781785992
2015-12-17,nifty50,BRITANNIA.NS,0,0.24410755781785992
2015-12-17,nifty50,CIPLA.NS,0,0.24410755781785992
2015-12-17,nifty50,DIVISLAB.NS,0,0.24410755781785992
2015-12-17,nifty50,DRREDDY.NS,0,0.24410755781785992
2015-12-17,nifty50,EICHERMOT.NS,0,0.24410755781785992
2015-12-17,nifty50,GRASIM.NS,3,0.24410755781785992
2015-12-17,nifty50,HCLTECH.NS,1,0.24410755781785992
2015-12-17,nifty50,HDFCBANK.NS,2,0.24410755781785992
2015-12-17,nifty50,HEROMOTOCO.NS,2,0.24410755781785992
2015-12-17,nifty50,HINDALCO.NS,3,0.24410755781785992
2015-12-17,nifty50,HINDUNILVR.NS,0,0.24410755781785992
2015-12-17,nifty50,ICICIBANK.NS,2,0.24410755781785992
2015-12-17,nifty50,INDUSINDBK.NS,2,0.24410755781785992
2015-12-17,nifty50,INFY.NS,1,0.24410755781785992
2015-12-17,nifty50,ITC.NS,0,0.24410755781785992
2015-12-17,nifty50,JSWSTEEL.NS,3,0.24410755781785992
2015-12-17,nifty50,KOTAKBANK.NS,2,0.24410755781785992
2015-12-17,nifty50,LT.NS,2,0.24410755781785992
2015-12-17,nifty50,M&M.NS,2,0.24410755781785992
2015-12-17,nifty50,MARUTI.NS,1,0.24410755781785992
2015-12-17,nifty50,NESTLEIND.NS,0,0.24410755781785992
2015-12-17,nifty50,NTPC.NS,2,0.24410755781785992
2015-12-17,nifty50,ONGC.NS,0,0.24410755781785992
2015-12-17,nifty50,POWERGRID.NS,2,0.24410755781785992
2015-12-17,nifty50,RELIANCE.NS,0,0.24410755781785992
2015-12-17,nifty50,SBIN.NS,2,0.24410755781785992
2015-12-17,nifty50,SHRIRAMFIN.NS,2,0.24410755781785992
2015-12-17,nifty50,SUNPHARMA.NS,3,0.24410755781785992
2015-12-17,nifty50,TATACONSUM.NS,1,0.24410755781785992
2015-12-17,nifty50,TATASTEEL.NS,3,0.24410755781785992
2015-12-17,nifty50,TCS.NS,1,0.24410755781785992
2015-12-17,nifty50,TECHM.NS,1,0.24410755781785992
2015-12-17,nifty50,TITAN.NS,3,0.24410755781785992
2015-12-17,nifty50,ULTRACEMCO.NS,3,0.24410755781785992
2015-12-17,nifty50,WIPRO.NS,1,0.24410755781785992
2016-01-18,nifty50,ADANIENT.NS,3,0.13688809230424553
2016-01-18,nifty50,ADANIPORTS.NS,3,0.13688809230424553
2016-01-18,nifty50,APOLLOHOSP.NS,3,0.13688809230424553
2016-01-18,nifty50,ASIANPAINT.NS,3,0.13688809230424553
2016-01-18,nifty50,AXISBANK.NS,0,0.13688809230424553
2016-01-18,nifty50,BAJAJ-AUTO.NS,2,0.13688809230424553
2016-01-18,nifty50,BAJAJFINSV.NS,1,0.13688809230424553
2016-01-18,nifty50,BAJFINANCE.NS,1,0.13688809230424553
2016-01-18,nifty50,BEL.NS,1,0.13688809230424553
2016-01-18,nifty50,BHARTIARTL.NS,2,0.13688809230424553
2016-01-18,nifty50,BPCL.NS,0,0.13688809230424553
2016-01-18,nifty50,BRITANNIA.NS,1,0.13688809230424553
2016-01-18,nifty50,CIPLA.NS,2,0.13688809230424553
2016-01-18,nifty50,DIVISLAB.NS,2,0.13688809230424553
2016-01-18,nifty50,DRREDDY.NS,2,0.13688809230424553
2016-01-18,nifty50,EICHERMOT.NS,1,0.13688809230424553
2016-01-18,nifty50,GRASIM.NS,0,0.13688809230424553
2016-01-18,nifty50,HCLTECH.NS,2,0.13688809230424553
2016-01-18,nifty50,HDFCBANK.NS,0,0.13688809230424553
2016-01-18,nifty50,HEROMOTOCO.NS,2,0.13688809230424553
2016-01-18,nifty50,HINDALCO.NS,3,0.13688809230424553
2016-01-18,nifty50,HINDUNILVR.NS,2,0.13688809230424553
2016-01-18,nifty50,ICICIBANK.NS,3,0.13688809230424553
2016-01-18,nifty50,INDUSINDBK.NS,0,0.13688809230424553
2016-01-18,nifty50,INFY.NS,2,0.13688809230424553
2016-01-18,nifty50,ITC.NS,2,0.13688809230424553
2016-01-18,nifty50,JSWSTEEL.NS,3,0.13688809230424553
2016-01-18,nifty50,KOTAKBANK.NS,0,0.13688809230424553
2016-01-18,nifty50,LT.NS,2,0.13688809230424553
2016-01-18,nifty50,M&M.NS,3,0.13688809230424553
2016-01-18,nifty50,MARUTI.NS,2,0.13688809230424553
2016-01-18,nifty50,NESTLEIND.NS,1,0.13688809230424553
2016-01-18,nifty50,NTPC.NS,0,0.13688809230424553
2016-01-18,nifty50,ONGC.NS,2,0.13688809230424553
2016-01-18,nifty50,POWERGRID.NS,0,0.13688809230424553
2016-01-18,nifty50,RELIANCE.NS,0,0.13688809230424553
2016-01-18,nifty50,SBIN.NS,3,0.13688809230424553
2016-01-18,nifty50,SHRIRAMFIN.NS,3,0.13688809230424553
2016-01-18,nifty50,SUNPHARMA.NS,0,0.13688809230424553
2016-01-18,nifty50,TATACONSUM.NS,1,0.13688809230424553
2016-01-18,nifty50,TATASTEEL.NS,3,0.13688809230424553
2016-01-18,nifty50,TCS.NS,1,0.13688809230424553
2016-01-18,nifty50,TECHM.NS,1,0.13688809230424553
2016-01-18,nifty50,TITAN.NS,3,0.13688809230424553
2016-01-18,nifty50,ULTRACEMCO.NS,0,0.13688809230424553
2016-01-18,nifty50,WIPRO.NS,3,0.13688809230424553
2016-02-17,nifty50,ADANIENT.NS,3,0.018693041401356386
2016-02-17,nifty50,ADANIPORTS.NS,2,0.018693041401356386
2016-02-17,nifty50,APOLLOHOSP.NS,1,0.018693041401356386
2016-02-17,nifty50,ASIANPAINT.NS,3,0.018693041401356386
2016-02-17,nifty50,AXISBANK.NS,1,0.018693041401356386
2016-02-17,nifty50,BAJAJ-AUTO.NS,2,0.018693041401356386
2016-02-17,nifty50,BAJAJFINSV.NS,3,0.018693041401356386
2016-02-17,nifty50,BAJFINANCE.NS,3,0.018693041401356386
2016-02-17,nifty50,BEL.NS,3,0.018693041401356386
2016-02-17,nifty50,BHARTIARTL.NS,2,0.018693041401356386
2016-02-17,nifty50,BPCL.NS,0,0.018693041401356386
2016-02-17,nifty50,BRITANNIA.NS,2,0.018693041401356386
2016-02-17,nifty50,CIPLA.NS,3,0.018693041401356386
2016-02-17,nifty50,DIVISLAB.NS,0,0.018693041401356386
2016-02-17,nifty50,DRREDDY.NS,0,0.018693041401356386
2016-02-17,nifty50,EICHERMOT.NS,2,0.018693041401356386
2016-02-17,nifty50,GRASIM.NS,2,0.018693041401356386
2016-02-17,nifty50,HCLTECH.NS,1,0.018693041401356386
2016-02-17,nifty50,HDFCBANK.NS,2,0.018693041401356386
2016-02-17,nifty50,HEROMOTOCO.NS,2,0.018693041401356386
2016-02-17,nifty50,HINDALCO.NS,3,0.018693041401356386
2016-02-17,nifty50,HINDUNILVR.NS,0,0.018693041401356386
2016-02-17,nifty50,ICICIBANK.NS,3,0.018693041401356386
2016-02-17,nifty50,INDUSINDBK.NS,1,0.018693041401356386
2016-02-17,nifty50,INFY.NS,1,0.018693041401356386
2016-02-17,nifty50,ITC.NS,3,0.018693041401356386
2016-02-17,nifty50,JSWSTEEL.NS,3,0.018693041401356386
2016-02-17,nifty50,KOTAKBANK.NS,0,0.018693041401356386
2016-02-17,nifty50,LT.NS,2,0.018693041401356386
2016-02-17,nifty50,M&M.NS,4,0.018693041401356386
2016-02-17,nifty50,MARUTI.NS,4,0.018693041401356386
2016-02-17,nifty50,NESTLEIND.NS,1,0.018693041401356386
2016-02-17,nifty50,NTPC.NS,3,0.018693041401356386
2016-02-17,nifty50,ONGC.NS,3,0.018693041401356386
2016-02-17,nifty50,POWERGRID.NS,3,0.018693041401356386
2016-02-17,nifty50,RELIANCE.NS,0,0.018693041401356386
2016-02-17,nifty50,SBIN.NS,4,0.018693041401356386
2016-02-17,nifty50,SHRIRAMFIN.NS,1,0.018693041401356386
2016-02-17,nifty50,SUNPHARMA.NS,0,0.018693041401356386
2016-02-17,nifty50,TATACONSUM.NS,3,0.018693041401356386
2016-02-17,nifty50,TATASTEEL.NS,3,0.018693041401356386
2016-02-17,nifty50,TCS.NS,1,0.018693041401356386
2016-02-17,nifty50,TECHM.NS,3,0.018693041401356386
2016-02-17,nifty50,TITAN.NS,3,0.018693041401356386
2016-02-17,nifty50,ULTRACEMCO.NS,1,0.018693041401356386
2016-02-17,nifty50,WIPRO.NS,1,0.018693041401356386
2016-03-18,nifty50,ADANIENT.NS,4,0.14987230773974888
2016-03-18,nifty50,ADANIPORTS.NS,4,0.14987230773974888
2016-03-18,nifty50,APOLLOHOSP.NS,0,0.14987230773974888
2016-03-18,nifty50,ASIANPAINT.NS,4,0.14987230773974888
2016-03-18,nifty50,AXISBANK.NS,1,0.14987230773974888
2016-03-18,nifty50,BAJAJ-AUTO.NS,2,0.14987230773974888
2016-03-18,nifty50,BAJAJFINSV.NS,3,0.14987230773974888
2016-03-18,nifty50,BAJFINANCE.NS,3,0.14987230773974888
2016-03-18,nifty50,BEL.NS,4,0.14987230773974888
2016-03-18,nifty50,BHARTIARTL.NS,2,0.14987230773974888
2016-03-18,nifty50,BPCL.NS,0,0.14987230773974888
2016-03-18,nifty50,BRITANNIA.NS,3,0.14987230773974888
2016-03-18,nifty50,CIPLA.NS,3,0.14987230773974888
2016-03-18,nifty50,DIVISLAB.NS,3,0.14987230773974888
2016-03-18,nifty50,DRREDDY.NS,3,0.14987230773974888
2016-03-18,nifty50,EICHERMOT.NS,3,0.14987230773974888
2016-03-18,nifty50,GRASIM.NS,2,0.14987230773974888
2016-03-18,nifty50,HCLTECH.NS,0,0.14987230773974888
2016-03-18,nifty50,HDFCBANK.NS,1,0.14987230773974888
2016-03-18,nifty50,HEROMOTOCO.NS,2,0.14987230773974888
2016-03-18,nifty50,HINDALCO.NS,4,0.14987230773974888
2016-03-18,nifty50,HINDUNILVR.NS,0,0.14987230773974888
2016-03-18,nifty50,ICICIBANK.NS,1,0.14987230773974888
2016-03-18,nifty50,INDUSINDBK.NS,0,0.14987230773974888
2016-03-18,nifty50,INFY.NS,0,0.14987230773974888
2016-03-18,nifty50,ITC.NS,2,0.14987230773974888
2016-03-18,nifty50,JSWSTEEL.NS,4,0.14987230773974888
2016-03-18,nifty50,KOTAKBANK.NS,1,0.14987230773974888
2016-03-18,nifty50,LT.NS,2,0.14987230773974888
2016-03-18,nifty50,M&M.NS,2,0.14987230773974888
2016-03-18,nifty50,MARUTI.NS,1,0.14987230773974888
2016-03-18,nifty50,NESTLEIND.NS,0,0.14987230773974888
2016-03-18,nifty50,NTPC.NS,1,0.14987230773974888
2016-03-18,nifty50,ONGC.NS,3,0.14987230773974888
2016-03-18,nifty50,POWERGRID.NS,1,0.14987230773974888
2016-03-18,nifty50,RELIANCE.NS,0,0.14987230773974888
2016-03-18,nifty50,SBIN.NS,1,0.14987230773974888
2016-03-18,nifty50,SHRIRAMFIN.NS,4,0.14987230773974888
2016-03-18,nifty50,SUNPHARMA.NS,0,0.14987230773974888
2016-03-18,nifty50,TATACONSUM.NS,4,0.14987230773974888
2016-03-18,nifty50,TATASTEEL.NS,4,0.14987230773974888
2016-03-18,nifty50,TCS.NS,0,0.14987230773974888
2016-03-18,nifty50,TECHM.NS,0,0.14987230773974888
2016-03-18,nifty50,TITAN.NS,2,0.14987230773974888
2016-03-18,nifty50,ULTRACEMCO.NS,2,0.14987230773974888
2016-03-18,nifty50,WIPRO.NS,0,0.14987230773974888
2016-04-25,nifty50,ADANIENT.NS,3,0.13241178610403784
2016-04-25,nifty50,ADANIPORTS.NS,3,0.13241178610403784
2016-04-25,nifty50,APOLLOHOSP.NS,2,0.13241178610403784
2016-04-25,nifty50,ASIANPAINT.NS,3,0.13241178610403784
2016-04-25,nifty50,AXISBANK.NS,3,0.13241178610403784
2016-04-25,nifty50,BAJAJ-AUTO.NS,3,0.13241178610403784
2016-04-25,nifty50,BAJAJFINSV.NS,2,0.13241178610403784
2016-04-25,nifty50,BAJFINANCE.NS,2,0.13241178610403784
2016-04-25,nifty50,BEL.NS,0,0.13241178610403784
2016-04-25,nifty50,BHARTIARTL.NS,1,0.13241178610403784
2016-04-25,nifty50,BPCL.NS,0,0.13241178610403784
2016-04-25,nifty50,BRITANNIA.NS,2,0.13241178610403784
2016-04-25,nifty50,CIPLA.NS,2,0.13241178610403784
2016-04-25,nifty50,DIVISLAB.NS,2,0.13241178610403784
2016-04-25,nifty50,DRREDDY.NS,2,0.13241178610403784
2016-04-25,nifty50,EICHERMOT.NS,3,0.13241178610403784
2016-04-25,nifty50,GRASIM.NS,2,0.13241178610403784
2016-04-25,nifty50,HCLTECH.NS,1,0.13241178610403784
2016-04-25,nifty50,HDFCBANK.NS,2,0.13241178610403784
2016-04-25,nifty50,HEROMOTOCO.NS,3,0.13241178610403784
2016-04-25,nifty50,HINDALCO.NS,3,0.13241178610403784
2016-04-25,nifty50,HINDUNILVR.NS,2,0.13241178610403784
2016-04-25,nifty50,ICICIBANK.NS,3,0.13241178610403784
2016-04-25,nifty50,INDUSINDBK.NS,0,0.13241178610403784
2016-04-25,nifty50,INFY.NS,1,0.13241178610403784
2016-04-25,nifty50,ITC.NS,1,0.13241178610403784
2016-04-25,nifty50,JSWSTEEL.NS,3,0.13241178610403784
2016-04-25,nifty50,KOTAKBANK.NS,0,0.13241178610403784
2016-04-25,nifty50,LT.NS,3,0.13241178610403784
2016-04-25,nifty50,M&M.NS,3,0.13241178610403784
2016-04-25,nifty50,MARUTI.NS,3,0.13241178610403784
2016-04-25,nifty50,NESTLEIND.NS,0,0.13241178610403784
2016-04-25,nifty50,NTPC.NS,3,0.13241178610403784
2016-04-25,nifty50,ONGC.NS,3,0.13241178610403784
2016-04-25,nifty50,POWERGRID.NS,0,0.13241178610403784
2016-04-25,nifty50,RELIANCE.NS,0,0.13241178610403784
2016-04-25,nifty50,SBIN.NS,3,0.13241178610403784
2016-04-25,nifty50,SHRIRAMFIN.NS,0,0.13241178610403784
2016-04-25,nifty50,SUNPHARMA.NS,2,0.13241178610403784
2016-04-25,nifty50,TATACONSUM.NS,0,0.13241178610403784
2016-04-25,nifty50,TATASTEEL.NS,3,0.13241178610403784
2016-04-25,nifty50,TCS.NS,1,0.13241178610403784
2016-04-25,nifty50,TECHM.NS,1,0.13241178610403784
2016-04-25,nifty50,TITAN.NS,3,0.13241178610403784
2016-04-25,nifty50,ULTRACEMCO.NS,2,0.13241178610403784
2016-04-25,nifty50,WIPRO.NS,1,0.13241178610403784
2016-05-24,nifty50,ADANIENT.NS,0,0.10778836674334538
2016-05-24,nifty50,ADANIPORTS.NS,0,0.10778836674334538
2016-05-24,nifty50,APOLLOHOSP.NS,1,0.10778836674334538
2016-05-24,nifty50,ASIANPAINT.NS,0,0.10778836674334538
2016-05-24,nifty50,AXISBANK.NS,3,0.10778836674334538
2016-05-24,nifty50,BAJAJ-AUTO.NS,2,0.10778836674334538
2016-05-24,nifty50,BAJAJFINSV.NS,1,0.10778836674334538
2016-05-24,nifty50,BAJFINANCE.NS,1,0.10778836674334538
2016-05-24,nifty50,BEL.NS,2,0.10778836674334538
2016-05-24,nifty50,BHARTIARTL.NS,2,0.10778836674334538
2016-05-24,nifty50,BPCL.NS,0,0.10778836674334538
2016-05-24,nifty50,BRITANNIA.NS,2,0.10778836674334538
2016-05-24,nifty50,CIPLA.NS,2,0.10778836674334538
2016-05-24,nifty50,DIVISLAB.NS,2,0.10778836674334538
2016-05-24,nifty50,DRREDDY.NS,1,0.10778836674334538
2016-05-24,nifty50,EICHERMOT.NS,0,0.10778836674334538
2016-05-24,nifty50,GRASIM.NS,2,0.10778836674334538
2016-05-24,nifty50,HCLTECH.NS,1,0.10778836674334538
2016-05-24,nifty50,HDFCBANK.NS,1,0.10778836674334538
2016-05-24,nifty50,HEROMOTOCO.NS,2,0.10778836674334538
2016-05-24,nifty50,HINDALCO.NS,3,0.10778836674334538
2016-05-24,nifty50,HINDUNILVR.NS,2,0.10778836674334538
2016-05-24,nifty50,ICICIBANK.NS,3,0.10778836674334538
2016-05-24,nifty50,INDUSINDBK.NS,1,0.10778836674334538
2016-05-24,nifty50,INFY.NS,1,0.10778836674334538
2016-05-24,nifty50,ITC.NS,1,0.10778836674334538
2016-05-24,nifty50,JSWSTEEL.NS,3,0.10778836674334538
2016-05-24,nifty50,KOTAKBANK.NS,2,0.10778836674334538
2016-05-24,nifty50,LT.NS,2,0.10778836674334538
2016-05-24,nifty50,M&M.NS,2,0.10778836674334538
2016-05-24,nifty50,MARUTI.NS,2,0.10778836674334538
2016-05-24,nifty50,NESTLEIND.NS,0,0.10778836674334538
2016-05-24,nifty50,NTPC.NS,1,0.10778836674334538
2016-05-24,nifty50,ONGC.NS,0,0.10778836674334538
2016-05-24,nifty50,POWERGRID.NS,1,0.10778836674334538
2016-05-24,nifty50,RELIANCE.NS,0,0.10778836674334538
2016-05-24,nifty50,SBIN.NS,3,0.10778836674334538
2016-05-24,nifty50,SHRIRAMFIN.NS,2,0.10778836674334538
2016-05-24,nifty50,SUNPHARMA.NS,2,0.10778836674334538
2016-05-24,nifty50,TATACONSUM.NS,0,0.10778836674334538
2016-05-24,nifty50,TATASTEEL.NS,3,0.10778836674334538
2016-05-24,nifty50,TCS.NS,1,0.10778836674334538
2016-05-24,nifty50,TECHM.NS,1,0.10778836674334538
2016-05-24,nifty50,TITAN.NS,2,0.10778836674334538
2016-05-24,nifty50,ULTRACEMCO.NS,2,0.10778836674334538
2016-05-24,nifty50,WIPRO.NS,1,0.10778836674334538
2016-06-22,nifty50,ADANIENT.NS,1,0.1941739015468688
2016-06-22,nifty50,ADANIPORTS.NS,1,0.1941739015468688
2016-06-22,nifty50,APOLLOHOSP.NS,1,0.1941739015468688
2016-06-22,nifty50,ASIANPAINT.NS,1,0.1941739015468688
2016-06-22,nifty50,AXISBANK.NS,3,0.1941739015468688
2016-06-22,nifty50,BAJAJ-AUTO.NS,2,0.1941739015468688
2016-06-22,nifty50,BAJAJFINSV.NS,1,0.1941739015468688
2016-06-22,nifty50,BAJFINANCE.NS,1,0.1941739015468688
2016-06-22,nifty50,BEL.NS,3,0.1941739015468688
2016-06-22,nifty50,BHARTIARTL.NS,2,0.1941739015468688
2016-06-22,nifty50,BPCL.NS,0,0.1941739015468688
2016-06-22,nifty50,BRITANNIA.NS,0,0.1941739015468688
2016-06-22,nifty50,CIPLA.NS,1,0.1941739015468688
2016-06-22,nifty50,DIVISLAB.NS,0,0.1941739015468688
2016-06-22,nifty50,DRREDDY.NS,0,0.1941739015468688
2016-06-22,nifty50,EICHERMOT.NS,1,0.1941739015468688
2016-06-22,nifty50,GRASIM.NS,2,0.1941739015468688
2016-06-22,nifty50,HCLTECH.NS,0,0.1941739015468688
2016-06-22,nifty50,HDFCBANK.NS,0,0.1941739015468688
2016-06-22,nifty50,HEROMOTOCO.NS,2,0.1941739015468688
2016-06-22,nifty50,HINDALCO.NS,1,0.1941739015468688
2016-06-22,nifty50,HINDUNILVR.NS,3,0.1941739015468688
2016-06-22,nifty50,ICICIBANK.NS,3,0.1941739015468688
2016-06-22,nifty50,INDUSINDBK.NS,0,0.1941739015468688
2016-06-22,nifty50,INFY.NS,0,0.1941739015468688
2016-06-22,nifty50,ITC.NS,0,0.1941739015468688
2016-06-22,nifty50,JSWSTEEL.NS,3,0.1941739015468688
2016-06-22,nifty50,KOTAKBANK.NS,2,0.1941739015468688
2016-06-22,nifty50,LT.NS,3,0.1941739015468688
2016-06-22,nifty50,M&M.NS,2,0.1941739015468688
2016-06-22,nifty50,MARUTI.NS,2,0.1941739015468688
2016-06-22,nifty50,NESTLEIND.NS,0,0.1941739015468688
2016-06-22,nifty50,NTPC.NS,3,0.1941739015468688
2016-06-22,nifty50,ONGC.NS,1,0.1941739015468688
2016-06-22,nifty50,POWERGRID.NS,3,0.1941739015468688
2016-06-22,nifty50,RELIANCE.NS,0,0.1941739015468688
2016-06-22,nifty50,SBIN.NS,3,0.1941739015468688
2016-06-22,nifty50,SHRIRAMFIN.NS,1,0.1941739015468688
2016-06-22,nifty50,SUNPHARMA.NS,3,0.1941739015468688
2016-06-22,nifty50,TATACONSUM.NS,1,0.1941739015468688
2016-06-22,nifty50,TATASTEEL.NS,3,0.1941739015468688
2016-06-22,nifty50,TCS.NS,0,0.1941739015468688
2016-06-22,nifty50,TECHM.NS,0,0.1941739015468688
2016-06-22,nifty50,TITAN.NS,1,0.1941739015468688
2016-06-22,nifty50,ULTRACEMCO.NS,2,0.1941739015468688
2016-06-22,nifty50,WIPRO.NS,0,0.1941739015468688
2016-07-22,nifty50,ADANIENT.NS,3,0.22165820642978004
2016-07-22,nifty50,ADANIPORTS.NS,3,0.22165820642978004
2016-07-22,nifty50,APOLLOHOSP.NS,3,0.22165820642978004
2016-07-22,nifty50,ASIANPAINT.NS,3,0.22165820642978004
2016-07-22,nifty50,AXISBANK.NS,0,0.22165820642978004
2016-07-22,nifty50,BAJAJ-AUTO.NS,1,0.22165820642978004
2016-07-22,nifty50,BAJAJFINSV.NS,3,0.22165820642978004
2016-07-22,nifty50,BAJFINANCE.NS,3,0.22165820642978004
2016-07-22,nifty50,BEL.NS,0,0.22165820642978004
2016-07-22,nifty50,BHARTIARTL.NS,3,0.22165820642978004
2016-07-22,nifty50,BPCL.NS,0,0.22165820642978004
2016-07-22,nifty50,BRITANNIA.NS,2,0.22165820642978004
2016-07-22,nifty50,CIPLA.NS,3,0.22165820642978004
2016-07-22,nifty50,DIVISLAB.NS,0,0.22165820642978004
2016-07-22,nifty50,DRREDDY.NS,0,0.22165820642978004
2016-07-22,nifty50,EICHERMOT.NS,3,0.22165820642978004
2016-07-22,nifty50,GRASIM.NS,2,0.22165820642978004
2016-07-22,nifty50,HCLTECH.NS,1,0.22165820642978004
2016-07-22,nifty50,HDFCBANK.NS,2,0.22165820642978004
2016-07-22,nifty50,HEROMOTOCO.NS,1,0.22165820642978004
2016-07-22,nifty50,HINDALCO.NS,3,0.22165820642978004
2016-07-22,nifty50,HINDUNILVR.NS,2,0.22165820642978004
2016-07-22,nifty50,ICICIBANK.NS,4,0.22165820642978004
2016-07-22,nifty50,INDUSINDBK.NS,2,0.22165820642978004
2016-07-22,nifty50,INFY.NS,1,0.22165820642978004
2016-07-22,nifty50,ITC.NS,2,0.22165820642978004
2016-07-22,nifty50,JSWSTEEL.NS,0,0.22165820642978004
2016-07-22,nifty50,KOTAKBANK.NS,2,0.22165820642978004
2016-07-22,nifty50,LT.NS,0,0.22165820642978004
2016-07-22,nifty50,M&M.NS,1,0.22165820642978004
2016-07-22,nifty50,MARUTI.NS,4,0.22165820642978004
2016-07-22,nifty50,NESTLEIND.NS,1,0.22165820642978004
2016-07-22,nifty50,NTPC.NS,4,0.22165820642978004
2016-07-22,nifty50,ONGC.NS,0,0.22165820642978004
2016-07-22,nifty50,POWERGRID.NS,4,0.22165820642978004
2016-07-22,nifty50,RELIANCE.NS,0,0.22165820642978004
2016-07-22,nifty50,SBIN.NS,0,0.22165820642978004
2016-07-22,nifty50,SHRIRAMFIN.NS,0,0.22165820642978004
2016-07-22,nifty50,SUNPHARMA.NS,0,0.22165820642978004
2016-07-22,nifty50,TATACONSUM.NS,0,0.22165820642978004
2016-07-22,nifty50,TATASTEEL.NS,0,0.22165820642978004
2016-07-22,nifty50,TCS.NS,1,0.22165820642978004
2016-07-22,nifty50,TECHM.NS,4,0.22165820642978004
2016-07-22,nifty50,TITAN.NS,1,0.22165820642978004
2016-07-22,nifty50,ULTRACEMCO.NS,2,0.22165820642978004
2016-07-22,nifty50,WIPRO.NS,1,0.22165820642978004
2016-08-23,nifty50,ADANIENT.NS,3,0.15230744999212475
2016-08-23,nifty50,ADANIPORTS.NS,3,0.15230744999212475
2016-08-23,nifty50,APOLLOHOSP.NS,2,0.15230744999212475
2016-08-23,nifty50,ASIANPAINT.NS,2,0.15230744999212475
2016-08-23,nifty50,AXISBANK.NS,0,0.15230744999212475
2016-08-23,nifty50,BAJAJ-AUTO.NS,2,0.15230744999212475
2016-08-23,nifty50,BAJAJFINSV.NS,3,0.15230744999212475
2016-08-23,nifty50,BAJFINANCE.NS,3,0.15230744999212475
2016-08-23,nifty50,BEL.NS,3,0.15230744999212475
2016-08-23,nifty50,BHARTIARTL.NS,3,0.15230744999212475
2016-08-23,nifty50,BPCL.NS,3,0.15230744999212475
2016-08-23,nifty50,BRITANNIA.NS,2,0.15230744999212475
2016-08-23,nifty50,CIPLA.NS,0,0.15230744999212475
2016-08-23,nifty50,DIVISLAB.NS,0,0.15230744999212475
2016-08-23,nifty50,DRREDDY.NS,2,0.15230744999212475
2016-08-23,nifty50,EICHERMOT.NS,0,0.15230744999212475
2016-08-23,nifty50,GRASIM.NS,3,0.15230744999212475
2016-08-23,nifty50,HCLTECH.NS,1,0.15230744999212475
2016-08-23,nifty50,HDFCBANK.NS,2,0.15230744999212475
2016-08-23,nifty50,HEROMOTOCO.NS,2,0.15230744999212475
2016-08-23,nifty50,HINDALCO.NS,0,0.15230744999212475
2016-08-23,nifty50,HINDUNILVR.NS,2,0.15230744999212475
2016-08-23,nifty50,ICICIBANK.NS,0,0.15230744999212475
2016-08-23,nifty50,INDUSINDBK.NS,2,0.15230744999212475
2016-08-23,nifty50,INFY.NS,1,0.15230744999212475
2016-08-23,nifty50,ITC.NS,2,0.15230744999212475
2016-08-23,nifty50,JSWSTEEL.NS,0,0.15230744999212475
2016-08-23,nifty50,KOTAKBANK.NS,2,0.15230744999212475
2016-08-23,nifty50,LT.NS,3,0.15230744999212475
2016-08-23,nifty50,M&M.NS,2,0.15230744999212475
2016-08-23,nifty50,MARUTI.NS,2,0.15230744999212475
2016-08-23,nifty50,NESTLEIND.NS,1,0.15230744999212475
2016-08-23,nifty50,NTPC.NS,2,0.15230744999212475
2016-08-23,nifty50,ONGC.NS,3,0.15230744999212475
2016-08-23,nifty50,POWERGRID.NS,2,0.15230744999212475
2016-08-23,nifty50,RELIANCE.NS,0,0.15230744999212475
2016-08-23,nifty50,SBIN.NS,0,0.15230744999212475
2016-08-23,nifty50,SHRIRAMFIN.NS,3,0.15230744999212475
2016-08-23,nifty50,SUNPHARMA.NS,3,0.15230744999212475
2016-08-23,nifty50,TATACONSUM.NS,3,0.15230744999212475
2016-08-23,nifty50,TATASTEEL.NS,0,0.15230744999212475
2016-08-23,nifty50,TCS.NS,1,0.15230744999212475
2016-08-23,nifty50,TECHM.NS,1,0.15230744999212475
2016-08-23,nifty50,TITAN.NS,0,0.15230744999212475
2016-08-23,nifty50,ULTRACEMCO.NS,3,0.15230744999212475
2016-08-23,nifty50,WIPRO.NS,1,0.15230744999212475
2016-09-23,nifty50,ADANIENT.NS,3,0.2601305934319186
2016-09-23,nifty50,ADANIPORTS.NS,3,0.2601305934319186
2016-09-23,nifty50,APOLLOHOSP.NS,2,0.2601305934319186
2016-09-23,nifty50,ASIANPAINT.NS,1,0.2601305934319186
2016-09-23,nifty50,AXISBANK.NS,3,0.2601305934319186
2016-09-23,nifty50,BAJAJ-AUTO.NS,2,0.2601305934319186
2016-09-23,nifty50,BAJAJFINSV.NS,4,0.2601305934319186
2016-09-23,nifty50,BAJFINANCE.NS,4,0.2601305934319186
2016-09-23,nifty50,BEL.NS,4,0.2601305934319186
2016-09-23,nifty50,BHARTIARTL.NS,3,0.2601305934319186
2016-09-23,nifty50,BPCL.NS,0,0.2601305934319186
2016-09-23,nifty50,BRITANNIA.NS,0,0.2601305934319186
2016-09-23,nifty50,CIPLA.NS,0,0.2601305934319186
2016-09-23,nifty50,DIVISLAB.NS,0,0.2601305934319186
2016-09-23,nifty50,DRREDDY.NS,2,0.2601305934319186
2016-09-23,nifty50,EICHERMOT.NS,2,0.2601305934319186
2016-09-23,nifty50,GRASIM.NS,4,0.2601305934319186
2016-09-23,nifty50,HCLTECH.NS,1,0.2601305934319186
2016-09-23,nifty50,HDFCBANK.NS,1,0.2601305934319186
2016-09-23,nifty50,HEROMOTOCO.NS,4,0.2601305934319186
2016-09-23,nifty50,HINDALCO.NS,3,0.2601305934319186
2016-09-23,nifty50,HINDUNILVR.NS,2,0.2601305934319186
2016-09-23,nifty50,ICICIBANK.NS,3,0.2601305934319186
2016-09-23,nifty50,INDUSINDBK.NS,1,0.2601305934319186
2016-09-23,nifty50,INFY.NS,1,0.2601305934319186
2016-09-23,nifty50,ITC.NS,2,0.2601305934319186
2016-09-23,nifty50,JSWSTEEL.NS,3,0.2601305934319186
2016-09-23,nifty50,KOTAKBANK.NS,1,0.2601305934319186
2016-09-23,nifty50,LT.NS,3,0.2601305934319186
2016-09-23,nifty50,M&M.NS,4,0.2601305934319186
2016-09-23,nifty50,MARUTI.NS,1,0.2601305934319186
2016-09-23,nifty50,NESTLEIND.NS,2,0.2601305934319186
2016-09-23,nifty50,NTPC.NS,2,0.2601305934319186
2016-09-23,nifty50,ONGC.NS,3,0.2601305934319186
2016-09-23,nifty50,POWERGRID.NS,2,0.2601305934319186
2016-09-23,nifty50,RELIANCE.NS,0,0.2601305934319186
2016-09-23,nifty50,SBIN.NS,3,0.2601305934319186
2016-09-23,nifty50,SHRIRAMFIN.NS,4,0.2601305934319186
2016-09-23,nifty50,SUNPHARMA.NS,0,0.2601305934319186
2016-09-23,nifty50,TATACONSUM.NS,4,0.2601305934319186
2016-09-23,nifty50,TATASTEEL.NS,3,0.2601305934319186
2016-09-23,nifty50,TCS.NS,1,0.2601305934319186
2016-09-23,nifty50,TECHM.NS,1,0.2601305934319186
2016-09-23,nifty50,TITAN.NS,3,0.2601305934319186
2016-09-23,nifty50,ULTRACEMCO.NS,4,0.2601305934319186
2016-09-23,nifty50,WIPRO.NS,1,0.2601305934319186
2016-10-26,nifty50,ADANIENT.NS,0,0.3222359011970558
2016-10-26,nifty50,ADANIPORTS.NS,0,0.3222359011970558
2016-10-26,nifty50,APOLLOHOSP.NS,2,0.3222359011970558
2016-10-26,nifty50,ASIANPAINT.NS,4,0.3222359011970558
2016-10-26,nifty50,AXISBANK.NS,0,0.3222359011970558
2016-10-26,nifty50,BAJAJ-AUTO.NS,3,0.3222359011970558
2016-10-26,nifty50,BAJAJFINSV.NS,4,0.3222359011970558
2016-10-26,nifty50,BAJFINANCE.NS,4,0.3222359011970558
2016-10-26,nifty50,BEL.NS,0,0.3222359011970558
2016-10-26,nifty50,BHARTIARTL.NS,0,0.3222359011970558
2016-10-26,nifty50,BPCL.NS,0,0.3222359011970558
2016-10-26,nifty50,BRITANNIA.NS,4,0.3222359011970558
2016-10-26,nifty50,CIPLA.NS,3,0.3222359011970558
2016-10-26,nifty50,DIVISLAB.NS,3,0.3222359011970558
2016-10-26,nifty50,DRREDDY.NS,3,0.3222359011970558
2016-10-26,nifty50,EICHERMOT.NS,2,0.3222359011970558
2016-10-26,nifty50,GRASIM.NS,3,0.3222359011970558
2016-10-26,nifty50,HCLTECH.NS,1,0.3222359011970558
2016-10-26,nifty50,HDFCBANK.NS,2,0.3222359011970558
2016-10-26,nifty50,HEROMOTOCO.NS,3,0.3222359011970558
2016-10-26,nifty50,HINDALCO.NS,0,0.3222359011970558
2016-10-26,nifty50,HINDUNILVR.NS,2,0.3222359011970558
2016-10-26,nifty50,ICICIBANK.NS,0,0.3222359011970558
2016-10-26,nifty50,INDUSINDBK.NS,4,0.3222359011970558
2016-10-26,nifty50,INFY.NS,1,0.3222359011970558
2016-10-26,nifty50,ITC.NS,2,0.3222359011970558
2016-10-26,nifty50,JSWSTEEL.NS,0,0.3222359011970558
2016-10-26,nifty50,KOTAKBANK.NS,2,0.3222359011970558
2016-10-26,nifty50,LT.NS,0,0.3222359011970558
2016-10-26,nifty50,M&M.NS,4,0.3222359011970558
2016-10-26,nifty50,MARUTI.NS,4,0.3222359011970558
2016-10-26,nifty50,NESTLEIND.NS,0,0.3222359011970558
2016-10-26,nifty50,NTPC.NS,3,0.3222359011970558
2016-10-26,nifty50,ONGC.NS,0,0.3222359011970558
2016-10-26,nifty50,POWERGRID.NS,3,0.3222359011970558
2016-10-26,nifty50,RELIANCE.NS,0,0.3222359011970558
2016-10-26,nifty50,SBIN.NS,0,0.3222359011970558
2016-10-26,nifty50,SHRIRAMFIN.NS,4,0.3222359011970558
2016-10-26,nifty50,SUNPHARMA.NS,2,0.3222359011970558
2016-10-26,nifty50,TATACONSUM.NS,3,0.3222359011970558
2016-10-26,nifty50,TATASTEEL.NS,0,0.3222359011970558
2016-10-26,nifty50,TCS.NS,1,0.3222359011970558
2016-10-26,nifty50,TECHM.NS,1,0.3222359011970558
2016-10-26,nifty50,TITAN.NS,4,0.3222359011970558
2016-10-26,nifty50,ULTRACEMCO.NS,3,0.3222359011970558
2016-10-26,nifty50,WIPRO.NS,1,0.3222359011970558
2016-11-28,nifty50,ADANIENT.NS,3,0.18200516097087194
2016-11-28,nifty50,ADANIPORTS.NS,3,0.18200516097087194
2016-11-28,nifty50,APOLLOHOSP.NS,3,0.18200516097087194
2016-11-28,nifty50,ASIANPAINT.NS,3,0.18200516097087194
2016-11-28,nifty50,AXISBANK.NS,3,0.18200516097087194
2016-11-28,nifty50,BAJAJ-AUTO.NS,3,0.18200516097087194
2016-11-28,nifty50,BAJAJFINSV.NS,3,0.18200516097087194
2016-11-28,nifty50,BAJFINANCE.NS,3,0.18200516097087194
2016-11-28,nifty50,BEL.NS,3,0.18200516097087194
2016-11-28,nifty50,BHARTIARTL.NS,3,0.18200516097087194
2016-11-28,nifty50,BPCL.NS,0,0.18200516097087194
2016-11-28,nifty50,BRITANNIA.NS,3,0.18200516097087194
2016-11-28,nifty50,CIPLA.NS,3,0.18200516097087194
2016-11-28,nifty50,DIVISLAB.NS,3,0.18200516097087194
2016-11-28,nifty50,DRREDDY.NS,0,0.18200516097087194
2016-11-28,nifty50,EICHERMOT.NS,3,0.18200516097087194
2016-11-28,nifty50,GRASIM.NS,0,0.18200516097087194
2016-11-28,nifty50,HCLTECH.NS,1,0.18200516097087194
2016-11-28,nifty50,HDFCBANK.NS,0,0.18200516097087194
2016-11-28,nifty50,HEROMOTOCO.NS,3,0.18200516097087194
2016-11-28,nifty50,HINDALCO.NS,3,0.18200516097087194
2016-11-28,nifty50,HINDUNILVR.NS,0,0.18200516097087194
2016-11-28,nifty50,ICICIBANK.NS,3,0.18200516097087194
2016-11-28,nifty50,INDUSINDBK.NS,0,0.18200516097087194
2016-11-28,nifty50,INFY.NS,1,0.18200516097087194
2016-11-28,nifty50,ITC.NS,0,0.18200516097087194
2016-11-28,nifty50,JSWSTEEL.NS,3,0.18200516097087194
2016-11-28,nifty50,KOTAKBANK.NS,0,0.18200516097087194
2016-11-28,nifty50,LT.NS,3,0.18200516097087194
2016-11-28,nifty50,M&M.NS,3,0.18200516097087194
2016-11-28,nifty50,MARUTI.NS,0,0.18200516097087194
2016-11-28,nifty50,NESTLEIND.NS,3,0.18200516097087194
2016-11-28,nifty50,NTPC.NS,3,0.18200516097087194
2016-11-28,nifty50,ONGC.NS,3,0.18200516097087194
2016-11-28,nifty50,POWERGRID.NS,3,0.18200516097087194
2016-11-28,nifty50,RELIANCE.NS,0,0.18200516097087194
2016-11-28,nifty50,SBIN.NS,3,0.18200516097087194
2016-11-28,nifty50,SHRIRAMFIN.NS,3,0.18200516097087194
2016-11-28,nifty50,SUNPHARMA.NS,0,0.18200516097087194
2016-11-28,nifty50,TATACONSUM.NS,3,0.18200516097087194
2016-11-28,nifty50,TATASTEEL.NS,3,0.18200516097087194
2016-11-28,nifty50,TCS.NS,1,0.18200516097087194
2016-11-28,nifty50,TECHM.NS,1,0.18200516097087194
2016-11-28,nifty50,TITAN.NS,3,0.18200516097087194
2016-11-28,nifty50,ULTRACEMCO.NS,3,0.18200516097087194
2016-11-28,nifty50,WIPRO.NS,1,0.18200516097087194
2016-12-27,nifty50,ADANIENT.NS,0,0.169226828088086
2016-12-27,nifty50,ADANIPORTS.NS,0,0.169226828088086
2016-12-27,nifty50,APOLLOHOSP.NS,3,0.169226828088086
2016-12-27,nifty50,ASIANPAINT.NS,3,0.169226828088086
2016-12-27,nifty50,AXISBANK.NS,0,0.169226828088086
2016-12-27,nifty50,BAJAJ-AUTO.NS,2,0.169226828088086
2016-12-27,nifty50,BAJAJFINSV.NS,1,0.169226828088086
2016-12-27,nifty50,BAJFINANCE.NS,1,0.169226828088086
2016-12-27,nifty50,BEL.NS,1,0.169226828088086
2016-12-27,nifty50,BHARTIARTL.NS,0,0.169226828088086
2016-12-27,nifty50,BPCL.NS,1,0.169226828088086
2016-12-27,nifty50,BRITANNIA.NS,1,0.169226828088086
2016-12-27,nifty50,CIPLA.NS,0,0.169226828088086
2016-12-27,nifty50,DIVISLAB.NS,3,0.169226828088086
2016-12-27,nifty50,DRREDDY.NS,2,0.169226828088086
2016-12-27,nifty50,EICHERMOT.NS,3,0.169226828088086
2016-12-27,nifty50,GRASIM.NS,2,0.169226828088086
2016-12-27,nifty50,HCLTECH.NS,1,0.169226828088086
2016-12-27,nifty50,HDFCBANK.NS,2,0.169226828088086
2016-12-27,nifty50,HEROMOTOCO.NS,2,0.169226828088086
2016-12-27,nifty50,HINDALCO.NS,0,0.169226828088086
2016-12-27,nifty50,HINDUNILVR.NS,2,0.169226828088086
2016-12-27,nifty50,ICICIBANK.NS,0,0.169226828088086
2016-12-27,nifty50,INDUSINDBK.NS,2,0.169226828088086
2016-12-27,nifty50,INFY.NS,1,0.169226828088086
2016-12-27,nifty50,ITC.NS,2,0.169226828088086
2016-12-27,nifty50,JSWSTEEL.NS,0,0.169226828088086
2016-12-27,nifty50,KOTAKBANK.NS,2,0.169226828088086
2016-12-27,nifty50,LT.NS,0,0.169226828088086
2016-12-27,nifty50,M&M.NS,2,0.169226828088086
2016-12-27,nifty50,MARUTI.NS,2,0.169226828088086
2016-12-27,nifty50,NESTLEIND.NS,1,0.169226828088086
2016-12-27,nifty50,NTPC.NS,0,0.169226828088086
2016-12-27,nifty50,ONGC.NS,0,0.169226828088086
2016-12-27,nifty50,POWERGRID.NS,0,0.169226828088086
2016-12-27,nifty50,RELIANCE.NS,0,0.169226828088086
2016-12-27,nifty50,SBIN.NS,0,0.169226828088086
2016-12-27,nifty50,SHRIRAMFIN.NS,1,0.169226828088086
2016-12-27,nifty50,SUNPHARMA.NS,2,0.169226828088086
2016-12-27,nifty50,TATACONSUM.NS,1,0.169226828088086
2016-12-27,nifty50,TATASTEEL.NS,0,0.169226828088086
2016-12-27,nifty50,TCS.NS,1,0.169226828088086
2016-12-27,nifty50,TECHM.NS,1,0.169226828088086
2016-12-27,nifty50,TITAN.NS,2,0.169226828088086
2016-12-27,nifty50,ULTRACEMCO.NS,3,0.169226828088086
2016-12-27,nifty50,WIPRO.NS,1,0.169226828088086
2017-01-25,nifty50,ADANIENT.NS,1,0.19668423644421748
2017-01-25,nifty50,ADANIPORTS.NS,3,0.19668423644421748
2017-01-25,nifty50,APOLLOHOSP.NS,3,0.19668423644421748
2017-01-25,nifty50,ASIANPAINT.NS,3,0.19668423644421748
2017-01-25,nifty50,AXISBANK.NS,3,0.19668423644421748
2017-01-25,nifty50,BAJAJ-AUTO.NS,3,0.19668423644421748
2017-01-25,nifty50,BAJAJFINSV.NS,3,0.19668423644421748
2017-01-25,nifty50,BAJFINANCE.NS,3,0.19668423644421748
2017-01-25,nifty50,BEL.NS,3,0.19668423644421748
2017-01-25,nifty50,BHARTIARTL.NS,3,0.19668423644421748
2017-01-25,nifty50,BPCL.NS,3,0.19668423644421748
2017-01-25,nifty50,BRITANNIA.NS,1,0.19668423644421748
2017-01-25,nifty50,CIPLA.NS,3,0.19668423644421748
2017-01-25,nifty50,DIVISLAB.NS,3,0.19668423644421748
2017-01-25,nifty50,DRREDDY.NS,0,0.19668423644421748
2017-01-25,nifty50,EICHERMOT.NS,3,0.19668423644421748
2017-01-25,nifty50,GRASIM.NS,0,0.19668423644421748
2017-01-25,nifty50,HCLTECH.NS,1,0.19668423644421748
2017-01-25,nifty50,HDFCBANK.NS,0,0.19668423644421748
2017-01-25,nifty50,HEROMOTOCO.NS,3,0.19668423644421748
2017-01-25,nifty50,HINDALCO.NS,3,0.19668423644421748
2017-01-25,nifty50,HINDUNILVR.NS,0,0.19668423644421748
2017-01-25,nifty50,ICICIBANK.NS,3,0.19668423644421748
2017-01-25,nifty50,INDUSINDBK.NS,0,0.19668423644421748
2017-01-25,nifty50,INFY.NS,1,0.19668423644421748
2017-01-25,nifty50,ITC.NS,0,0.19668423644421748
2017-01-25,nifty50,JSWSTEEL.NS,3,0.19668423644421748
2017-01-25,nifty50,KOTAKBANK.NS,0,0.19668423644421748
2017-01-25,nifty50,LT.NS,3,0.19668423644421748
2017-01-25,nifty50,M&M.NS,3,0.19668423644421748
2017-01-25,nifty50,MARUTI.NS,3,0.19668423644421748
2017-01-25,nifty50,NESTLEIND.NS,0,0.19668423644421748
2017-01-25,nifty50,NTPC.NS,3,0.19668423644421748
2017-01-25,nifty50,ONGC.NS,3,0.19668423644421748
2017-01-25,nifty50,POWERGRID.NS,3,0.19668423644421748
2017-01-25,nifty50,RELIANCE.NS,0,0.19668423644421748
2017-01-25,nifty50,SBIN.NS,3,0.19668423644421748
2017-01-25,nifty50,SHRIRAMFIN.NS,1,0.19668423644421748
2017-01-25,nifty50,SUNPHARMA.NS,0,0.19668423644421748
2017-01-25,nifty50,TATACONSUM.NS,1,0.19668423644421748
2017-01-25,nifty50,TATASTEEL.NS,3,0.19668423644421748
2017-01-25,nifty50,TCS.NS,1,0.19668423644421748
2017-01-25,nifty50,TECHM.NS,1,0.19668423644421748
2017-01-25,nifty50,TITAN.NS,3,0.19668423644421748
2017-01-25,nifty50,ULTRACEMCO.NS,3,0.19668423644421748
2017-01-25,nifty50,WIPRO.NS,1,0.19668423644421748
2017-02-27,nifty50,ADANIENT.NS,1,0.1673979815708644
2017-02-27,nifty50,ADANIPORTS.NS,3,0.1673979815708644
2017-02-27,nifty50,APOLLOHOSP.NS,2,0.1673979815708644
2017-02-27,nifty50,ASIANPAINT.NS,2,0.1673979815708644
2017-02-27,nifty50,AXISBANK.NS,3,0.1673979815708644
2017-02-27,nifty50,BAJAJ-AUTO.NS,0,0.1673979815708644
2017-02-27,nifty50,BAJAJFINSV.NS,0,0.1673979815708644
2017-02-27,nifty50,BAJFINANCE.NS,0,0.1673979815708644
2017-02-27,nifty50,BEL.NS,3,0.1673979815708644
2017-02-27,nifty50,BHARTIARTL.NS,2,0.1673979815708644
2017-02-27,nifty50,BPCL.NS,3,0.1673979815708644
2017-02-27,nifty50,BRITANNIA.NS,2,0.1673979815708644
2017-02-27,nifty50,CIPLA.NS,3,0.1673979815708644
2017-02-27,nifty50,DIVISLAB.NS,2,0.1673979815708644
2017-02-27,nifty50,DRREDDY.NS,3,0.1673979815708644
2017-02-27,nifty50,EICHERMOT.NS,2,0.1673979815708644
2017-02-27,nifty50,GRASIM.NS,2,0.1673979815708644
2017-02-27,nifty50,HCLTECH.NS,1,0.1673979815708644
2017-02-27,nifty50,HDFCBANK.NS,2,0.1673979815708644
2017-02-27,nifty50,HEROMOTOCO.NS,0,0.1673979815708644
2017-02-27,nifty50,HINDALCO.NS,3,0.1673979815708644
2017-02-27,nifty50,HINDUNILVR.NS,2,0.1673979815708644
2017-02-27,nifty50,ICICIBANK.NS,3,0.1673979815708644
2017-02-27,nifty50,INDUSINDBK.NS,2,0.1673979815708644
2017-02-27,nifty50,INFY.NS,1,0.1673979815708644
2017-02-27,nifty50,ITC.NS,1,0.1673979815708644
2017-02-27,nifty50,JSWSTEEL.NS,3,0.1673979815708644
2017-02-27,nifty50,KOTAKBANK.NS,2,0.1673979815708644
2017-02-27,nifty50,LT.NS,3,0.1673979815708644
2017-02-27,nifty50,M&M.NS,1,0.1673979815708644
2017-02-27,nifty50,MARUTI.NS,0,0.1673979815708644
2017-02-27,nifty50,NESTLEIND.NS,2,0.1673979815708644
2017-02-27,nifty50,NTPC.NS,1,0.1673979815708644
2017-02-27,nifty50,ONGC.NS,3,0.1673979815708644
2017-02-27,nifty50,POWERGRID.NS,3,0.1673979815708644
2017-02-27,nifty50,RELIANCE.NS,0,0.1673979815708644
2017-02-27,nifty50,SBIN.NS,3,0.1673979815708644
2017-02-27,nifty50,SHRIRAMFIN.NS,1,0.1673979815708644
2017-02-27,nifty50,SUNPHARMA.NS,3,0.1673979815708644
2017-02-27,nifty50,TATACONSUM.NS,1,0.1673979815708644
2017-02-27,nifty50,TATASTEEL.NS,3,0.1673979815708644
2017-02-27,nifty50,TCS.NS,1,0.1673979815708644
2017-02-27,nifty50,TECHM.NS,1,0.1673979815708644
2017-02-27,nifty50,TITAN.NS,1,0.1673979815708644
2017-02-27,nifty50,ULTRACEMCO.NS,2,0.1673979815708644
2017-02-27,nifty50,WIPRO.NS,1,0.1673979815708644
2017-03-29,nifty50,ADANIENT.NS,0,0.17077175697865354
2017-03-29,nifty50,ADANIPORTS.NS,0,0.17077175697865354
2017-03-29,nifty50,APOLLOHOSP.NS,2,0.17077175697865354
2017-03-29,nifty50,ASIANPAINT.NS,4,0.17077175697865354
2017-03-29,nifty50,AXISBANK.NS,0,0.17077175697865354
2017-03-29,nifty50,BAJAJ-AUTO.NS,4,0.17077175697865354
2017-03-29,nifty50,BAJAJFINSV.NS,2,0.17077175697865354
2017-03-29,nifty50,BAJFINANCE.NS,4,0.17077175697865354
2017-03-29,nifty50,BEL.NS,3,0.17077175697865354
2017-03-29,nifty50,BHARTIARTL.NS,0,0.17077175697865354
2017-03-29,nifty50,BPCL.NS,2,0.17077175697865354
2017-03-29,nifty50,BRITANNIA.NS,4,0.17077175697865354
2017-03-29,nifty50,CIPLA.NS,3,0.17077175697865354
2017-03-29,nifty50,DIVISLAB.NS,3,0.17077175697865354
2017-03-29,nifty50,DRREDDY.NS,3,0.17077175697865354
2017-03-29,nifty50,EICHERMOT.NS,4,0.17077175697865354
2017-03-29,nifty50,GRASIM.NS,4,0.17077175697865354
2017-03-29,nifty50,HCLTECH.NS,1,0.17077175697865354
2017-03-29,nifty50,HDFCBANK.NS,2,0.17077175697865354
2017-03-29,nifty50,HEROMOTOCO.NS,4,0.17077175697865354
2017-03-29,nifty50,HINDALCO.NS,2,0.17077175697865354
2017-03-29,nifty50,HINDUNILVR.NS,4,0.17077175697865354
2017-03-29,nifty50,ICICIBANK.NS,0,0.17077175697865354
2017-03-29,nifty50,INDUSINDBK.NS,2,0.17077175697865354
2017-03-29,nifty50,INFY.NS,1,0.17077175697865354
2017-03-29,nifty50,ITC.NS,0,0.17077175697865354
2017-03-29,nifty50,JSWSTEEL.NS,3,0.17077175697865354
2017-03-29,nifty50,KOTAKBANK.NS,2,0.17077175697865354
2017-03-29,nifty50,LT.NS,2,0.17077175697865354
2017-03-29,nifty50,M&M.NS,4,0.17077175697865354
2017-03-29,nifty50,MARUTI.NS,4,0.17077175697865354
2017-03-29,nifty50,NESTLEIND.NS,2,0.17077175697865354
2017-03-29,nifty50,NTPC.NS,0,0.17077175697865354
2017-03-29,nifty50,ONGC.NS,2,0.17077175697865354
2017-03-29,nifty50,POWERGRID.NS,3,0.17077175697865354
2017-03-29,nifty50,RELIANCE.NS,0,0.17077175697865354
2017-03-29,nifty50,SBIN.NS,3,0.17077175697865354
2017-03-29,nifty50,SHRIRAMFIN.NS,4,0.17077175697865354
2017-03-29,nifty50,SUNPHARMA.NS,3,0.17077175697865354
2017-03-29,nifty50,TATACONSUM.NS,0,0.17077175697865354
2017-03-29,nifty50,TATASTEEL.NS,2,0.17077175697865354
2017-03-29,nifty50,TCS.NS,1,0.17077175697865354
2017-03-29,nifty50,TECHM.NS,1,0.17077175697865354
2017-03-29,nifty50,TITAN.NS,4,0.17077175697865354
2017-03-29,nifty50,ULTRACEMCO.NS,4,0.17077175697865354
2017-03-29,nifty50,WIPRO.NS,1,0.17077175697865354
2017-05-02,nifty50,ADANIENT.NS,1,0.24395727937043282
2017-05-02,nifty50,ADANIPORTS.NS,1,0.24395727937043282
2017-05-02,nifty50,APOLLOHOSP.NS,3,0.24395727937043282
2017-05-02,nifty50,ASIANPAINT.NS,3,0.24395727937043282
2017-05-02,nifty50,AXISBANK.NS,0,0.24395727937043282
2017-05-02,nifty50,BAJAJ-AUTO.NS,3,0.24395727937043282
2017-05-02,nifty50,BAJAJFINSV.NS,3,0.24395727937043282
2017-05-02,nifty50,BAJFINANCE.NS,3,0.24395727937043282
2017-05-02,nifty50,BEL.NS,2,0.24395727937043282
2017-05-02,nifty50,BHARTIARTL.NS,3,0.24395727937043282
2017-05-02,nifty50,BPCL.NS,1,0.24395727937043282
2017-05-02,nifty50,BRITANNIA.NS,2,0.24395727937043282
2017-05-02,nifty50,CIPLA.NS,2,0.24395727937043282
2017-05-02,nifty50,DIVISLAB.NS,0,0.24395727937043282
2017-05-02,nifty50,DRREDDY.NS,2,0.24395727937043282
2017-05-02,nifty50,EICHERMOT.NS,3,0.24395727937043282
2017-05-02,nifty50,GRASIM.NS,1,0.24395727937043282
2017-05-02,nifty50,HCLTECH.NS,1,0.24395727937043282
2017-05-02,nifty50,HDFCBANK.NS,2,0.24395727937043282
2017-05-02,nifty50,HEROMOTOCO.NS,3,0.24395727937043282
2017-05-02,nifty50,HINDALCO.NS,0,0.24395727937043282
2017-05-02,nifty50,HINDUNILVR.NS,3,0.24395727937043282
2017-05-02,nifty50,ICICIBANK.NS,0,0.24395727937043282
2017-05-02,nifty50,INDUSINDBK.NS,2,0.24395727937043282
2017-05-02,nifty50,INFY.NS,1,0.24395727937043282
2017-05-02,nifty50,ITC.NS,0,0.24395727937043282
2017-05-02,nifty50,JSWSTEEL.NS,2,0.24395727937043282
2017-05-02,nifty50,KOTAKBANK.NS,2,0.24395727937043282
2017-05-02,nifty50,LT.NS,0,0.24395727937043282
2017-05-02,nifty50,M&M.NS,3,0.24395727937043282
2017-05-02,nifty50,MARUTI.NS,3,0.24395727937043282
2017-05-02,nifty50,NESTLEIND.NS,3,0.24395727937043282
2017-05-02,nifty50,NTPC.NS,2,0.24395727937043282
2017-05-02,nifty50,ONGC.NS,2,0.24395727937043282
2017-05-02,nifty50,POWERGRID.NS,2,0.24395727937043282
2017-05-02,nifty50,RELIANCE.NS,0,0.24395727937043282
2017-05-02,nifty50,SBIN.NS,0,0.24395727937043282
2017-05-02,nifty50,SHRIRAMFIN.NS,3,0.24395727937043282
2017-05-02,nifty50,SUNPHARMA.NS,2,0.24395727937043282
2017-05-02,nifty50,TATACONSUM.NS,1,0.24395727937043282
2017-05-02,nifty50,TATASTEEL.NS,0,0.24395727937043282
2017-05-02,nifty50,TCS.NS,1,0.24395727937043282
2017-05-02,nifty50,TECHM.NS,1,0.24395727937043282
2017-05-02,nifty50,TITAN.NS,1,0.24395727937043282
2017-05-02,nifty50,ULTRACEMCO.NS,3,0.24395727937043282
2017-05-02,nifty50,WIPRO.NS,1,0.24395727937043282
2017-05-31,nifty50,ADANIENT.NS,1,0.1836060331503491
2017-05-31,nifty50,ADANIPORTS.NS,1,0.1836060331503491
2017-05-31,nifty50,APOLLOHOSP.NS,2,0.1836060331503491
2017-05-31,nifty50,ASIANPAINT.NS,4,0.1836060331503491
2017-05-31,nifty50,AXISBANK.NS,3,0.1836060331503491
2017-05-31,nifty50,BAJAJ-AUTO.NS,2,0.1836060331503491
2017-05-31,nifty50,BAJAJFINSV.NS,0,0.1836060331503491
2017-05-31,nifty50,BAJFINANCE.NS,0,0.1836060331503491
2017-05-31,nifty50,BEL.NS,4,0.1836060331503491
2017-05-31,nifty50,BHARTIARTL.NS,0,0.1836060331503491
2017-05-31,nifty50,BPCL.NS,0,0.1836060331503491
2017-05-31,nifty50,BRITANNIA.NS,4,0.1836060331503491
2017-05-31,nifty50,CIPLA.NS,2,0.1836060331503491
2017-05-31,nifty50,DIVISLAB.NS,2,0.1836060331503491
2017-05-31,nifty50,DRREDDY.NS,2,0.1836060331503491
2017-05-31,nifty50,EICHERMOT.NS,4,0.1836060331503491
2017-05-31,nifty50,GRASIM.NS,0,0.1836060331503491
2017-05-31,nifty50,HCLTECH.NS,1,0.1836060331503491
2017-05-31,nifty50,HDFCBANK.NS,2,0.1836060331503491
2017-05-31,nifty50,HEROMOTOCO.NS,4,0.1836060331503491
2017-05-31,nifty50,HINDALCO.NS,4,0.1836060331503491
2017-05-31,nifty50,HINDUNILVR.NS,4,0.1836060331503491
2017-05-31,nifty50,ICICIBANK.NS,3,0.1836060331503491
2017-05-31,nifty50,INDUSINDBK.NS,4,0.1836060331503491
2017-05-31,nifty50,INFY.NS,1,0.1836060331503491
2017-05-31,nifty50,ITC.NS,4,0.1836060331503491
2017-05-31,nifty50,JSWSTEEL.NS,4,0.1836060331503491
2017-05-31,nifty50,KOTAKBANK.NS,2,0.1836060331503491
2017-05-31,nifty50,LT.NS,3,0.1836060331503491
2017-05-31,nifty50,M&M.NS,4,0.1836060331503491
2017-05-31,nifty50,MARUTI.NS,3,0.1836060331503491
2017-05-31,nifty50,NESTLEIND.NS,4,0.1836060331503491
2017-05-31,nifty50,NTPC.NS,4,0.1836060331503491
2017-05-31,nifty50,ONGC.NS,4,0.1836060331503491
2017-05-31,nifty50,POWERGRID.NS,4,0.1836060331503491
2017-05-31,nifty50,RELIANCE.NS,0,0.1836060331503491
2017-05-31,nifty50,SBIN.NS,3,0.1836060331503491
2017-05-31,nifty50,SHRIRAMFIN.NS,0,0.1836060331503491
2017-05-31,nifty50,SUNPHARMA.NS,1,0.1836060331503491
2017-05-31,nifty50,TATACONSUM.NS,3,0.1836060331503491
2017-05-31,nifty50,TATASTEEL.NS,4,0.1836060331503491
2017-05-31,nifty50,TCS.NS,1,0.1836060331503491
2017-05-31,nifty50,TECHM.NS,1,0.1836060331503491
2017-05-31,nifty50,TITAN.NS,0,0.1836060331503491
2017-05-31,nifty50,ULTRACEMCO.NS,0,0.1836060331503491
2017-05-31,nifty50,WIPRO.NS,1,0.1836060331503491
2017-06-30,nifty50,ADANIENT.NS,1,0.21854387056627256
2017-06-30,nifty50,ADANIPORTS.NS,1,0.21854387056627256
2017-06-30,nifty50,APOLLOHOSP.NS,2,0.21854387056627256
2017-06-30,nifty50,ASIANPAINT.NS,4,0.21854387056627256
2017-06-30,nifty50,AXISBANK.NS,4,0.21854387056627256
2017-06-30,nifty50,BAJAJ-AUTO.NS,2,0.21854387056627256
2017-06-30,nifty50,BAJAJFINSV.NS,2,0.21854387056627256
2017-06-30,nifty50,BAJFINANCE.NS,2,0.21854387056627256
2017-06-30,nifty50,BEL.NS,3,0.21854387056627256
2017-06-30,nifty50,BHARTIARTL.NS,3,0.21854387056627256
2017-06-30,nifty50,BPCL.NS,2,0.21854387056627256
2017-06-30,nifty50,BRITANNIA.NS,0,0.21854387056627256
2017-06-30,nifty50,CIPLA.NS,3,0.21854387056627256
2017-06-30,nifty50,DIVISLAB.NS,3,0.21854387056627256
2017-06-30,nifty50,DRREDDY.NS,3,0.21854387056627256
2017-06-30,nifty50,EICHERMOT.NS,2,0.21854387056627256
2017-06-30,nifty50,GRASIM.NS,1,0.21854387056627256
2017-06-30,nifty50,HCLTECH.NS,1,0.21854387056627256
2017-06-30,nifty50,HDFCBANK.NS,2,0.21854387056627256
2017-06-30,nifty50,HEROMOTOCO.NS,2,0.21854387056627256
2017-06-30,nifty50,HINDALCO.NS,3,0.21854387056627256
2017-06-30,nifty50,HINDUNILVR.NS,0,0.21854387056627256
2017-06-30,nifty50,ICICIBANK.NS,4,0.21854387056627256
2017-06-30,nifty50,INDUSINDBK.NS,2,0.21854387056627256
2017-06-30,nifty50,INFY.NS,1,0.21854387056627256
2017-06-30,nifty50,ITC.NS,0,0.21854387056627256
2017-06-30,nifty50,JSWSTEEL.NS,3,0.21854387056627256
2017-06-30,nifty50,KOTAKBANK.NS,2,0.21854387056627256
2017-06-30,nifty50,LT.NS,4,0.21854387056627256
2017-06-30,nifty50,M&M.NS,2,0.21854387056627256
2017-06-30,nifty50,MARUTI.NS,3,0.21854387056627256
2017-06-30,nifty50,NESTLEIND.NS,2,0.21854387056627256
2017-06-30,nifty50,NTPC.NS,3,0.21854387056627256
2017-06-30,nifty50,ONGC.NS,3,0.21854387056627256
2017-06-30,nifty50,POWERGRID.NS,3,0.21854387056627256
2017-06-30,nifty50,RELIANCE.NS,0,0.21854387056627256
2017-06-30,nifty50,SBIN.NS,4,0.21854387056627256
2017-06-30,nifty50,SHRIRAMFIN.NS,0,0.21854387056627256
2017-06-30,nifty50,SUNPHARMA.NS,1,0.21854387056627256
2017-06-30,nifty50,TATACONSUM.NS,3,0.21854387056627256
2017-06-30,nifty50,TATASTEEL.NS,3,0.21854387056627256
2017-06-30,nifty50,TCS.NS,1,0.21854387056627256
2017-06-30,nifty50,TECHM.NS,1,0.21854387056627256
2017-06-30,nifty50,TITAN.NS,3,0.21854387056627256
2017-06-30,nifty50,ULTRACEMCO.NS,2,0.21854387056627256
2017-06-30,nifty50,WIPRO.NS,1,0.21854387056627256
2017-07-31,nifty50,ADANIENT.NS,1,0.34447020319105415
2017-07-31,nifty50,ADANIPORTS.NS,1,0.34447020319105415
2017-07-31,nifty50,APOLLOHOSP.NS,5,0.34447020319105415
2017-07-31,nifty50,ASIANPAINT.NS,0,0.34447020319105415
2017-07-31,nifty50,AXISBANK.NS,0,0.34447020319105415
2017-07-31,nifty50,BAJAJ-AUTO.NS,2,0.34447020319105415
2017-07-31,nifty50,BAJAJFINSV.NS,0,0.34447020319105415
2017-07-31,nifty50,BAJFINANCE.NS,0,0.34447020319105415
2017-07-31,nifty50,BEL.NS,0,0.34447020319105415
2017-07-31,nifty50,BHARTIARTL.NS,3,0.34447020319105415
2017-07-31,nifty50,BPCL.NS,2,0.34447020319105415
2017-07-31,nifty50,BRITANNIA.NS,4,0.34447020319105415
2017-07-31,nifty50,CIPLA.NS,5,0.34447020319105415
2017-07-31,nifty50,DIVISLAB.NS,5,0.34447020319105415
2017-07-31,nifty50,DRREDDY.NS,5,0.34447020319105415
2017-07-31,nifty50,EICHERMOT.NS,2,0.34447020319105415
2017-07-31,nifty50,GRASIM.NS,4,0.34447020319105415
2017-07-31,nifty50,HCLTECH.NS,1,0.34447020319105415
2017-07-31,nifty50,HDFCBANK.NS,2,0.34447020319105415
2017-07-31,nifty50,HEROMOTOCO.NS,2,0.34447020319105415
2017-07-31,nifty50,HINDALCO.NS,3,0.34447020319105415
2017-07-31,nifty50,HINDUNILVR.NS,4,0.34447020319105415
2017-07-31,nifty50,ICICIBANK.NS,0,0.34447020319105415
2017-07-31,nifty50,INDUSINDBK.NS,2,0.34447020319105415
2017-07-31,nifty50,INFY.NS,1,0.34447020319105415
2017-07-31,nifty50,ITC.NS,4,0.34447020319105415
2017-07-31,nifty50,JSWSTEEL.NS,3,0.34447020319105415
2017-07-31,nifty50,KOTAKBANK.NS,2,0.34447020319105415
2017-07-31,nifty50,LT.NS,0,0.34447020319105415
2017-07-31,nifty50,M&M.NS,2,0.34447020319105415
2017-07-31,nifty50,MARUTI.NS,2,0.34447020319105415
2017-07-31,nifty50,NESTLEIND.NS,1,0.34447020319105415
2017-07-31,nifty50,NTPC.NS,0,0.34447020319105415
2017-07-31,nifty50,ONGC.NS,3,0.34447020319105415
2017-07-31,nifty50,POWERGRID.NS,4,0.34447020319105415
2017-07-31,nifty50,RELIANCE.NS,0,0.34447020319105415
2017-07-31,nifty50,SBIN.NS,0,0.34447020319105415
2017-07-31,nifty50,SHRIRAMFIN.NS,4,0.34447020319105415
2017-07-31,nifty50,SUNPHARMA.NS,5,0.34447020319105415
2017-07-31,nifty50,TATACONSUM.NS,5,0.34447020319105415
2017-07-31,nifty50,TATASTEEL.NS,3,0.34447020319105415
2017-07-31,nifty50,TCS.NS,1,0.34447020319105415
2017-07-31,nifty50,TECHM.NS,1,0.34447020319105415
2017-07-31,nifty50,TITAN.NS,1,0.34447020319105415
2017-07-31,nifty50,ULTRACEMCO.NS,2,0.34447020319105415
2017-07-31,nifty50,WIPRO.NS,1,0.34447020319105415
2017-08-31,nifty50,ADANIENT.NS,1,0.4020002657776596
2017-08-31,nifty50,ADANIPORTS.NS,1,0.4020002657776596
2017-08-31,nifty50,APOLLOHOSP.NS,1,0.4020002657776596
2017-08-31,nifty50,ASIANPAINT.NS,0,0.4020002657776596
2017-08-31,nifty50,AXISBANK.NS,0,0.4020002657776596
2017-08-31,nifty50,BAJAJ-AUTO.NS,2,0.4020002657776596
2017-08-31,nifty50,BAJAJFINSV.NS,2,0.4020002657776596
2017-08-31,nifty50,BAJFINANCE.NS,2,0.4020002657776596
2017-08-31,nifty50,BEL.NS,0,0.4020002657776596
2017-08-31,nifty50,BHARTIARTL.NS,3,0.4020002657776596
2017-08-31,nifty50,BPCL.NS,2,0.4020002657776596
2017-08-31,nifty50,BRITANNIA.NS,2,0.4020002657776596
2017-08-31,nifty50,CIPLA.NS,1,0.4020002657776596
2017-08-31,nifty50,DIVISLAB.NS,1,0.4020002657776596
2017-08-31,nifty50,DRREDDY.NS,1,0.4020002657776596
2017-08-31,nifty50,EICHERMOT.NS,2,0.4020002657776596
2017-08-31,nifty50,GRASIM.NS,1,0.4020002657776596
2017-08-31,nifty50,HCLTECH.NS,1,0.4020002657776596
2017-08-31,nifty50,HDFCBANK.NS,2,0.4020002657776596
2017-08-31,nifty50,HEROMOTOCO.NS,2,0.4020002657776596
2017-08-31,nifty50,HINDALCO.NS,3,0.4020002657776596
2017-08-31,nifty50,HINDUNILVR.NS,3,0.4020002657776596
2017-08-31,nifty50,ICICIBANK.NS,0,0.4020002657776596
2017-08-31,nifty50,INDUSINDBK.NS,2,0.4020002657776596
2017-08-31,nifty50,INFY.NS,1,0.4020002657776596
2017-08-31,nifty50,ITC.NS,0,0.4020002657776596
2017-08-31,nifty50,JSWSTEEL.NS,3,0.4020002657776596
2017-08-31,nifty50,KOTAKBANK.NS,2,0.4020002657776596
2017-08-31,nifty50,LT.NS,0,0.4020002657776596
2017-08-31,nifty50,M&M.NS,3,0.4020002657776596
2017-08-31,nifty50,MARUTI.NS,3,0.4020002657776596
2017-08-31,nifty50,NESTLEIND.NS,0,0.4020002657776596
2017-08-31,nifty50,NTPC.NS,0,0.4020002657776596
2017-08-31,nifty50,ONGC.NS,3,0.4020002657776596
2017-08-31,nifty50,POWERGRID.NS,0,0.4020002657776596
2017-08-31,nifty50,RELIANCE.NS,0,0.4020002657776596
2017-08-31,nifty50,SBIN.NS,0,0.4020002657776596
2017-08-31,nifty50,SHRIRAMFIN.NS,0,0.4020002657776596
2017-08-31,nifty50,SUNPHARMA.NS,1,0.4020002657776596
2017-08-31,nifty50,TATACONSUM.NS,1,0.4020002657776596
2017-08-31,nifty50,TATASTEEL.NS,3,0.4020002657776596
2017-08-31,nifty50,TCS.NS,1,0.4020002657776596
2017-08-31,nifty50,TECHM.NS,1,0.4020002657776596
2017-08-31,nifty50,TITAN.NS,3,0.4020002657776596
2017-08-31,nifty50,ULTRACEMCO.NS,2,0.4020002657776596
2017-08-31,nifty50,WIPRO.NS,1,0.4020002657776596
2017-09-29,nifty50,ADANIENT.NS,1,0.44165292313383375
2017-09-29,nifty50,ADANIPORTS.NS,1,0.44165292313383375
2017-09-29,nifty50,APOLLOHOSP.NS,3,0.44165292313383375
2017-09-29,nifty50,ASIANPAINT.NS,2,0.44165292313383375
2017-09-29,nifty50,AXISBANK.NS,2,0.44165292313383375
2017-09-29,nifty50,BAJAJ-AUTO.NS,3,0.44165292313383375
2017-09-29,nifty50,BAJAJFINSV.NS,3,0.44165292313383375
2017-09-29,nifty50,BAJFINANCE.NS,3,0.44165292313383375
2017-09-29,nifty50,BEL.NS,0,0.44165292313383375
2017-09-29,nifty50,BHARTIARTL.NS,0,0.44165292313383375
2017-09-29,nifty50,BPCL.NS,3,0.44165292313383375
2017-09-29,nifty50,BRITANNIA.NS,3,0.44165292313383375
2017-09-29,nifty50,CIPLA.NS,1,0.44165292313383375
2017-09-29,nifty50,DIVISLAB.NS,1,0.44165292313383375
2017-09-29,nifty50,DRREDDY.NS,1,0.44165292313383375
2017-09-29,nifty50,EICHERMOT.NS,3,0.44165292313383375
2017-09-29,nifty50,GRASIM.NS,1,0.44165292313383375
2017-09-29,nifty50,HCLTECH.NS,1,0.44165292313383375
2017-09-29,nifty50,HDFCBANK.NS,2,0.44165292313383375
2017-09-29,nifty50,HEROMOTOCO.NS,3,0.44165292313383375
2017-09-29,nifty50,HINDALCO.NS,0,0.44165292313383375
2017-09-29,nifty50,HINDUNILVR.NS,3,0.44165292313383375
2017-09-29,nifty50,ICICIBANK.NS,2,0.44165292313383375
2017-09-29,nifty50,INDUSINDBK.NS,2,0.44165292313383375
2017-09-29,nifty50,INFY.NS,1,0.44165292313383375
2017-09-29,nifty50,ITC.NS,0,0.44165292313383375
2017-09-29,nifty50,JSWSTEEL.NS,0,0.44165292313383375
2017-09-29,nifty50,KOTAKBANK.NS,2,0.44165292313383375
2017-09-29,nifty50,LT.NS,2,0.44165292313383375
2017-09-29,nifty50,M&M.NS,3,0.44165292313383375
2017-09-29,nifty50,MARUTI.NS,2,0.44165292313383375
2017-09-29,nifty50,NESTLEIND.NS,0,0.44165292313383375
2017-09-29,nifty50,NTPC.NS,0,0.44165292313383375
2017-09-29,nifty50,ONGC.NS,0,0.44165292313383375
2017-09-29,nifty50,POWERGRID.NS,0,0.44165292313383375
2017-09-29,nifty50,RELIANCE.NS,0,0.44165292313383375
2017-09-29,nifty50,SBIN.NS,2,0.44165292313383375
2017-09-29,nifty50,SHRIRAMFIN.NS,0,0.44165292313383375
2017-09-29,nifty50,SUNPHARMA.NS,1,0.44165292313383375
2017-09-29,nifty50,TATACONSUM.NS,3,0.44165292313383375
2017-09-29,nifty50,TATASTEEL.NS,0,0.44165292313383375
2017-09-29,nifty50,TCS.NS,1,0.44165292313383375
2017-09-29,nifty50,TECHM.NS,1,0.44165292313383375
2017-09-29,nifty50,TITAN.NS,3,0.44165292313383375
2017-09-29,nifty50,ULTRACEMCO.NS,3,0.44165292313383375
2017-09-29,nifty50,WIPRO.NS,1,0.44165292313383375
2017-11-01,nifty50,ADANIENT.NS,1,0.18551788154980742
2017-11-01,nifty50,ADANIPORTS.NS,1,0.18551788154980742
2017-11-01,nifty50,APOLLOHOSP.NS,1,0.18551788154980742
2017-11-01,nifty50,ASIANPAINT.NS,0,0.18551788154980742
2017-11-01,nifty50,AXISBANK.NS,3,0.18551788154980742
2017-11-01,nifty50,BAJAJ-AUTO.NS,0,0.18551788154980742
2017-11-01,nifty50,BAJAJFINSV.NS,0,0.18551788154980742
2017-11-01,nifty50,BAJFINANCE.NS,1,0.18551788154980742
2017-11-01,nifty50,BEL.NS,1,0.18551788154980742
2017-11-01,nifty50,BHARTIARTL.NS,3,0.18551788154980742
2017-11-01,nifty50,BPCL.NS,0,0.18551788154980742
2017-11-01,nifty50,BRITANNIA.NS,3,0.18551788154980742
2017-11-01,nifty50,CIPLA.NS,1,0.18551788154980742
2017-11-01,nifty50,DIVISLAB.NS,1,0.18551788154980742
2017-11-01,nifty50,DRREDDY.NS,1,0.18551788154980742
2017-11-01,nifty50,EICHERMOT.NS,0,0.18551788154980742
2017-11-01,nifty50,GRASIM.NS,0,0.18551788154980742
2017-11-01,nifty50,HCLTECH.NS,1,0.18551788154980742
2017-11-01,nifty50,HDFCBANK.NS,2,0.18551788154980742
2017-11-01,nifty50,HEROMOTOCO.NS,0,0.18551788154980742
2017-11-01,nifty50,HINDALCO.NS,0,0.18551788154980742
2017-11-01,nifty50,HINDUNILVR.NS,0,0.18551788154980742
2017-11-01,nifty50,ICICIBANK.NS,3,0.18551788154980742
2017-11-01,nifty50,INDUSINDBK.NS,2,0.18551788154980742
2017-11-01,nifty50,INFY.NS,0,0.18551788154980742
2017-11-01,nifty50,ITC.NS,1,0.18551788154980742
2017-11-01,nifty50,JSWSTEEL.NS,3,0.18551788154980742
2017-11-01,nifty50,KOTAKBANK.NS,2,0.18551788154980742
2017-11-01,nifty50,LT.NS,3,0.18551788154980742
2017-11-01,nifty50,M&M.NS,0,0.18551788154980742
2017-11-01,nifty50,MARUTI.NS,2,0.18551788154980742
2017-11-01,nifty50,NESTLEIND.NS,0,0.18551788154980742
2017-11-01,nifty50,NTPC.NS,0,0.18551788154980742
2017-11-01,nifty50,ONGC.NS,1,0.18551788154980742
2017-11-01,nifty50,POWERGRID.NS,2,0.18551788154980742
2017-11-01,nifty50,RELIANCE.NS,0,0.18551788154980742
2017-11-01,nifty50,SBIN.NS,3,0.18551788154980742
2017-11-01,nifty50,SHRIRAMFIN.NS,1,0.18551788154980742
2017-11-01,nifty50,SUNPHARMA.NS,1,0.18551788154980742
2017-11-01,nifty50,TATACONSUM.NS,1,0.18551788154980742
2017-11-01,nifty50,TATASTEEL.NS,3,0.18551788154980742
2017-11-01,nifty50,TCS.NS,1,0.18551788154980742
2017-11-01,nifty50,TECHM.NS,1,0.18551788154980742
2017-11-01,nifty50,TITAN.NS,0,0.18551788154980742
2017-11-01,nifty50,ULTRACEMCO.NS,3,0.18551788154980742
2017-11-01,nifty50,WIPRO.NS,1,0.18551788154980742
2017-11-30,nifty50,ADANIENT.NS,0,0.18411434674360058
2017-11-30,nifty50,ADANIPORTS.NS,0,0.18411434674360058
2017-11-30,nifty50,APOLLOHOSP.NS,0,0.18411434674360058
2017-11-30,nifty50,ASIANPAINT.NS,0,0.18411434674360058
2017-11-30,nifty50,AXISBANK.NS,3,0.18411434674360058
2017-11-30,nifty50,BAJAJ-AUTO.NS,4,0.18411434674360058
2017-11-30,nifty50,BAJAJFINSV.NS,0,0.18411434674360058
2017-11-30,nifty50,BAJFINANCE.NS,0,0.18411434674360058
2017-11-30,nifty50,BEL.NS,0,0.18411434674360058
2017-11-30,nifty50,BHARTIARTL.NS,3,0.18411434674360058
2017-11-30,nifty50,BPCL.NS,1,0.18411434674360058
2017-11-30,nifty50,BRITANNIA.NS,3,0.18411434674360058
2017-11-30,nifty50,CIPLA.NS,0,0.18411434674360058
2017-11-30,nifty50,DIVISLAB.NS,0,0.18411434674360058
2017-11-30,nifty50,DRREDDY.NS,0,0.18411434674360058
2017-11-30,nifty50,EICHERMOT.NS,1,0.18411434674360058
2017-11-30,nifty50,GRASIM.NS,3,0.18411434674360058
2017-11-30,nifty50,HCLTECH.NS,1,0.18411434674360058
2017-11-30,nifty50,HDFCBANK.NS,0,0.18411434674360058
2017-11-30,nifty50,HEROMOTOCO.NS,4,0.18411434674360058
2017-11-30,nifty50,HINDALCO.NS,4,0.18411434674360058
2017-11-30,nifty50,HINDUNILVR.NS,4,0.18411434674360058
2017-11-30,nifty50,ICICIBANK.NS,3,0.18411434674360058
2017-11-30,nifty50,INDUSINDBK.NS,0,0.18411434674360058
2017-11-30,nifty50,INFY.NS,1,0.18411434674360058
2017-11-30,nifty50,ITC.NS,3,0.18411434674360058
2017-11-30,nifty50,JSWSTEEL.NS,3,0.18411434674360058
2017-11-30,nifty50,KOTAKBANK.NS,0,0.18411434674360058
2017-11-30,nifty50,LT.NS,3,0.18411434674360058
2017-11-30,nifty50,M&M.NS,4,0.18411434674360058
2017-11-30,nifty50,MARUTI.NS,4,0.18411434674360058
2017-11-30,nifty50,NESTLEIND.NS,0,0.18411434674360058
2017-11-30,nifty50,NTPC.NS,0,0.18411434674360058
2017-11-30,nifty50,ONGC.NS,4,0.18411434674360058
2017-11-30,nifty50,POWERGRID.NS,3,0.18411434674360058
2017-11-30,nifty50,RELIANCE.NS,0,0.18411434674360058
2017-11-30,nifty50,SBIN.NS,3,0.18411434674360058
2017-11-30,nifty50,SHRIRAMFIN.NS,0,0.18411434674360058
2017-11-30,nifty50,SUNPHARMA.NS,0,0.18411434674360058
2017-11-30,nifty50,TATACONSUM.NS,0,0.18411434674360058
2017-11-30,nifty50,TATASTEEL.NS,0,0.18411434674360058
2017-11-30,nifty50,TCS.NS,1,0.18411434674360058
2017-11-30,nifty50,TECHM.NS,1,0.18411434674360058
2017-11-30,nifty50,TITAN.NS,4,0.18411434674360058
2017-11-30,nifty50,ULTRACEMCO.NS,3,0.18411434674360058
2017-11-30,nifty50,WIPRO.NS,1,0.18411434674360058
2018-01-01,nifty50,ADANIENT.NS,4,0.2656830509379697
2018-01-01,nifty50,ADANIPORTS.NS,4,0.2656830509379697
2018-01-01,nifty50,APOLLOHOSP.NS,1,0.2656830509379697
2018-01-01,nifty50,ASIANPAINT.NS,3,0.2656830509379697
2018-01-01,nifty50,AXISBANK.NS,2,0.2656830509379697
2018-01-01,nifty50,BAJAJ-AUTO.NS,3,0.2656830509379697
2018-01-01,nifty50,BAJAJFINSV.NS,1,0.2656830509379697
2018-01-01,nifty50,BAJFINANCE.NS,1,0.2656830509379697
2018-01-01,nifty50,BEL.NS,1,0.2656830509379697
2018-01-01,nifty50,BHARTIARTL.NS,2,0.2656830509379697
2018-01-01,nifty50,BPCL.NS,3,0.2656830509379697
2018-01-01,nifty50,BRITANNIA.NS,3,0.2656830509379697
2018-01-01,nifty50,CIPLA.NS,4,0.2656830509379697
2018-01-01,nifty50,DIVISLAB.NS,4,0.2656830509379697
2018-01-01,nifty50,DRREDDY.NS,4,0.2656830509379697
2018-01-01,nifty50,EICHERMOT.NS,3,0.2656830509379697
2018-01-01,nifty50,GRASIM.NS,2,0.2656830509379697
2018-01-01,nifty50,HCLTECH.NS,0,0.2656830509379697
2018-01-01,nifty50,HDFCBANK.NS,1,0.2656830509379697
2018-01-01,nifty50,HEROMOTOCO.NS,3,0.2656830509379697
2018-01-01,nifty50,HINDALCO.NS,3,0.2656830509379697
2018-01-01,nifty50,HINDUNILVR.NS,3,0.2656830509379697
2018-01-01,nifty50,ICICIBANK.NS,2,0.2656830509379697
2018-01-01,nifty50,INDUSINDBK.NS,1,0.2656830509379697
2018-01-01,nifty50,INFY.NS,0,0.2656830509379697
2018-01-01,nifty50,ITC.NS,4,0.2656830509379697
2018-01-01,nifty50,JSWSTEEL.NS,3,0.2656830509379697
2018-01-01,nifty50,KOTAKBANK.NS,1,0.2656830509379697
2018-01-01,nifty50,LT.NS,2,0.2656830509379697
2018-01-01,nifty50,M&M.NS,3,0.2656830509379697
2018-01-01,nifty50,MARUTI.NS,4,0.2656830509379697
2018-01-01,nifty50,NESTLEIND.NS,4,0.2656830509379697
2018-01-01,nifty50,NTPC.NS,0,0.2656830509379697
2018-01-01,nifty50,ONGC.NS,1,0.2656830509379697
2018-01-01,nifty50,POWERGRID.NS,2,0.2656830509379697
2018-01-01,nifty50,RELIANCE.NS,0,0.2656830509379697
2018-01-01,nifty50,SBIN.NS,2,0.2656830509379697
2018-01-01,nifty50,SHRIRAMFIN.NS,4,0.2656830509379697
2018-01-01,nifty50,SUNPHARMA.NS,4,0.2656830509379697
2018-01-01,nifty50,TATACONSUM.NS,1,0.2656830509379697
2018-01-01,nifty50,TATASTEEL.NS,3,0.2656830509379697
2018-01-01,nifty50,TCS.NS,0,0.2656830509379697
2018-01-01,nifty50,TECHM.NS,3,0.2656830509379697
2018-01-01,nifty50,TITAN.NS,1,0.2656830509379697
2018-01-01,nifty50,ULTRACEMCO.NS,2,0.2656830509379697
2018-01-01,nifty50,WIPRO.NS,0,0.2656830509379697
2018-01-31,nifty50,ADANIENT.NS,3,0.3121838424727577
2018-01-31,nifty50,ADANIPORTS.NS,3,0.3121838424727577
2018-01-31,nifty50,APOLLOHOSP.NS,2,0.3121838424727577
2018-01-31,nifty50,ASIANPAINT.NS,0,0.3121838424727577
2018-01-31,nifty50,AXISBANK.NS,3,0.3121838424727577
2018-01-31,nifty50,BAJAJ-AUTO.NS,4,0.3121838424727577
2018-01-31,nifty50,BAJAJFINSV.NS,2,0.3121838424727577
2018-01-31,nifty50,BAJFINANCE.NS,2,0.3121838424727577
2018-01-31,nifty50,BEL.NS,0,0.3121838424727577
2018-01-31,nifty50,BHARTIARTL.NS,3,0.3121838424727577
2018-01-31,nifty50,BPCL.NS,4,0.3121838424727577
2018-01-31,nifty50,BRITANNIA.NS,0,0.3121838424727577
2018-01-31,nifty50,CIPLA.NS,1,0.3121838424727577
2018-01-31,nifty50,DIVISLAB.NS,1,0.3121838424727577
2018-01-31,nifty50,DRREDDY.NS,1,0.3121838424727577
2018-01-31,nifty50,EICHERMOT.NS,4,0.3121838424727577
2018-01-31,nifty50,GRASIM.NS,3,0.3121838424727577
2018-01-31,nifty50,HCLTECH.NS,1,0.3121838424727577
2018-01-31,nifty50,HDFCBANK.NS,2,0.3121838424727577
2018-01-31,nifty50,HEROMOTOCO.NS,4,0.3121838424727577
2018-01-31,nifty50,HINDALCO.NS,0,0.3121838424727577
2018-01-31,nifty50,HINDUNILVR.NS,0,0.3121838424727577
2018-01-31,nifty50,ICICIBANK.NS,3,0.3121838424727577
2018-01-31,nifty50,INDUSINDBK.NS,2,0.3121838424727577
2018-01-31,nifty50,INFY.NS,1,0.3121838424727577
2018-01-31,nifty50,ITC.NS,4,0.3121838424727577
2018-01-31,nifty50,JSWSTEEL.NS,3,0.3121838424727577
2018-01-31,nifty50,KOTAKBANK.NS,2,0.3121838424727577
2018-01-31,nifty50,LT.NS,3,0.3121838424727577
2018-01-31,nifty50,M&M.NS,4,0.3121838424727577
2018-01-31,nifty50,MARUTI.NS,4,0.3121838424727577
2018-01-31,nifty50,NESTLEIND.NS,4,0.3121838424727577
2018-01-31,nifty50,NTPC.NS,4,0.3121838424727577
2018-01-31,nifty50,ONGC.NS,0,0.3121838424727577
2018-01-31,nifty50,POWERGRID.NS,3,0.3121838424727577
2018-01-31,nifty50,RELIANCE.NS,0,0.3121838424727577
2018-01-31,nifty50,SBIN.NS,3,0.3121838424727577
2018-01-31,nifty50,SHRIRAMFIN.NS,2,0.3121838424727577
2018-01-31,nifty50,SUNPHARMA.NS,1,0.3121838424727577
2018-01-31,nifty50,TATACONSUM.NS,0,0.3121838424727577
2018-01-31,nifty50,TATASTEEL.NS,0,0.3121838424727577
2018-01-31,nifty50,TCS.NS,1,0.3121838424727577
2018-01-31,nifty50,TECHM.NS,0,0.3121838424727577
2018-01-31,nifty50,TITAN.NS,4,0.3121838424727577
2018-01-31,nifty50,ULTRACEMCO.NS,3,0.3121838424727577
2018-01-31,nifty50,WIPRO.NS,1,0.3121838424727577
2018-03-05,nifty50,ADANIENT.NS,4,0.43316287913751406
2018-03-05,nifty50,ADANIPORTS.NS,4,0.43316287913751406
2018-03-05,nifty50,APOLLOHOSP.NS,2,0.43316287913751406
2018-03-05,nifty50,ASIANPAINT.NS,0,0.43316287913751406
2018-03-05,nifty50,AXISBANK.NS,3,0.43316287913751406
2018-03-05,nifty50,BAJAJ-AUTO.NS,1,0.43316287913751406
2018-03-05,nifty50,BAJAJFINSV.NS,2,0.43316287913751406
2018-03-05,nifty50,BAJFINANCE.NS,2,0.43316287913751406
2018-03-05,nifty50,BEL.NS,0,0.43316287913751406
2018-03-05,nifty50,BHARTIARTL.NS,3,0.43316287913751406
2018-03-05,nifty50,BPCL.NS,1,0.43316287913751406
2018-03-05,nifty50,BRITANNIA.NS,4,0.43316287913751406
2018-03-05,nifty50,CIPLA.NS,4,0.43316287913751406
2018-03-05,nifty50,DIVISLAB.NS,4,0.43316287913751406
2018-03-05,nifty50,DRREDDY.NS,4,0.43316287913751406
2018-03-05,nifty50,EICHERMOT.NS,1,0.43316287913751406
2018-03-05,nifty50,GRASIM.NS,3,0.43316287913751406
2018-03-05,nifty50,HCLTECH.NS,1,0.43316287913751406
2018-03-05,nifty50,HDFCBANK.NS,2,0.43316287913751406
2018-03-05,nifty50,HEROMOTOCO.NS,1,0.43316287913751406
2018-03-05,nifty50,HINDALCO.NS,4,0.43316287913751406
2018-03-05,nifty50,HINDUNILVR.NS,0,0.43316287913751406
2018-03-05,nifty50,ICICIBANK.NS,3,0.43316287913751406
2018-03-05,nifty50,INDUSINDBK.NS,2,0.43316287913751406
2018-03-05,nifty50,INFY.NS,1,0.43316287913751406
2018-03-05,nifty50,ITC.NS,1,0.43316287913751406
2018-03-05,nifty50,JSWSTEEL.NS,4,0.43316287913751406
2018-03-05,nifty50,KOTAKBANK.NS,2,0.43316287913751406
2018-03-05,nifty50,LT.NS,3,0.43316287913751406
2018-03-05,nifty50,M&M.NS,2,0.43316287913751406
2018-03-05,nifty50,MARUTI.NS,1,0.43316287913751406
2018-03-05,nifty50,NESTLEIND.NS,0,0.43316287913751406
2018-03-05,nifty50,NTPC.NS,0,0.43316287913751406
2018-03-05,nifty50,ONGC.NS,0,0.43316287913751406
2018-03-05,nifty50,POWERGRID.NS,3,0.43316287913751406
2018-03-05,nifty50,RELIANCE.NS,0,0.43316287913751406
2018-03-05,nifty50,SBIN.NS,3,0.43316287913751406
2018-03-05,nifty50,SHRIRAMFIN.NS,2,0.43316287913751406
2018-03-05,nifty50,SUNPHARMA.NS,4,0.43316287913751406
2018-03-05,nifty50,TATACONSUM.NS,0,0.43316287913751406
2018-03-05,nifty50,TATASTEEL.NS,0,0.43316287913751406
2018-03-05,nifty50,TCS.NS,1,0.43316287913751406
2018-03-05,nifty50,TECHM.NS,1,0.43316287913751406
2018-03-05,nifty50,TITAN.NS,0,0.43316287913751406
2018-03-05,nifty50,ULTRACEMCO.NS,3,0.43316287913751406
2018-03-05,nifty50,WIPRO.NS,1,0.43316287913751406
2018-04-05,nifty50,ADANIENT.NS,0,0.38725205411237446
2018-04-05,nifty50,ADANIPORTS.NS,0,0.38725205411237446
2018-04-05,nifty50,APOLLOHOSP.NS,1,0.38725205411237446
2018-04-05,nifty50,ASIANPAINT.NS,2,0.38725205411237446
2018-04-05,nifty50,AXISBANK.NS,3,0.38725205411237446
2018-04-05,nifty50,BAJAJ-AUTO.NS,2,0.38725205411237446
2018-04-05,nifty50,BAJAJFINSV.NS,1,0.38725205411237446
2018-04-05,nifty50,BAJFINANCE.NS,1,0.38725205411237446
2018-04-05,nifty50,BEL.NS,2,0.38725205411237446
2018-04-05,nifty50,BHARTIARTL.NS,3,0.38725205411237446
2018-04-05,nifty50,BPCL.NS,0,0.38725205411237446
2018-04-05,nifty50,BRITANNIA.NS,0,0.38725205411237446
2018-04-05,nifty50,CIPLA.NS,0,0.38725205411237446
2018-04-05,nifty50,DIVISLAB.NS,1,0.38725205411237446
2018-04-05,nifty50,DRREDDY.NS,0,0.38725205411237446
2018-04-05,nifty50,EICHERMOT.NS,2,0.38725205411237446
2018-04-05,nifty50,GRASIM.NS,3,0.38725205411237446
2018-04-05,nifty50,HCLTECH.NS,1,0.38725205411237446
2018-04-05,nifty50,HDFCBANK.NS,1,0.38725205411237446
2018-04-05,nifty50,HEROMOTOCO.NS,2,0.38725205411237446
2018-04-05,nifty50,HINDALCO.NS,0,0.38725205411237446
2018-04-05,nifty50,HINDUNILVR.NS,2,0.38725205411237446
2018-04-05,nifty50,ICICIBANK.NS,3,0.38725205411237446
2018-04-05,nifty50,INDUSINDBK.NS,1,0.38725205411237446
2018-04-05,nifty50,INFY.NS,1,0.38725205411237446
2018-04-05,nifty50,ITC.NS,2,0.38725205411237446
2018-04-05,nifty50,JSWSTEEL.NS,0,0.38725205411237446
2018-04-05,nifty50,KOTAKBANK.NS,1,0.38725205411237446
2018-04-05,nifty50,LT.NS,3,0.38725205411237446
2018-04-05,nifty50,M&M.NS,3,0.38725205411237446
2018-04-05,nifty50,MARUTI.NS,2,0.38725205411237446
2018-04-05,nifty50,NESTLEIND.NS,2,0.38725205411237446
2018-04-05,nifty50,NTPC.NS,0,0.38725205411237446
2018-04-05,nifty50,ONGC.NS,2,0.38725205411237446
2018-04-05,nifty50,POWERGRID.NS,2,0.38725205411237446
2018-04-05,nifty50,RELIANCE.NS,0,0.38725205411237446
2018-04-05,nifty50,SBIN.NS,3,0.38725205411237446
2018-04-05,nifty50,SHRIRAMFIN.NS,1,0.38725205411237446
2018-04-05,nifty50,SUNPHARMA.NS,0,0.38725205411237446
2018-04-05,nifty50,TATACONSUM.NS,2,0.38725205411237446
2018-04-05,nifty50,TATASTEEL.NS,0,0.38725205411237446
2018-04-05,nifty50,TCS.NS,1,0.38725205411237446
2018-04-05,nifty50,TECHM.NS,1,0.38725205411237446
2018-04-05,nifty50,TITAN.NS,2,0.38725205411237446
2018-04-05,nifty50,ULTRACEMCO.NS,3,0.38725205411237446
2018-04-05,nifty50,WIPRO.NS,1,0.38725205411237446
2018-05-07,nifty50,ADANIENT.NS,3,0.22684655842670937
2018-05-07,nifty50,ADANIPORTS.NS,3,0.22684655842670937
2018-05-07,nifty50,APOLLOHOSP.NS,2,0.22684655842670937
2018-05-07,nifty50,ASIANPAINT.NS,0,0.22684655842670937
2018-05-07,nifty50,AXISBANK.NS,3,0.22684655842670937
2018-05-07,nifty50,BAJAJ-AUTO.NS,0,0.22684655842670937
2018-05-07,nifty50,BAJAJFINSV.NS,2,0.22684655842670937
2018-05-07,nifty50,BAJFINANCE.NS,2,0.22684655842670937
2018-05-07,nifty50,BEL.NS,0,0.22684655842670937
2018-05-07,nifty50,BHARTIARTL.NS,3,0.22684655842670937
2018-05-07,nifty50,BPCL.NS,0,0.22684655842670937
2018-05-07,nifty50,BRITANNIA.NS,2,0.22684655842670937
2018-05-07,nifty50,CIPLA.NS,3,0.22684655842670937
2018-05-07,nifty50,DIVISLAB.NS,2,0.22684655842670937
2018-05-07,nifty50,DRREDDY.NS,3,0.22684655842670937
2018-05-07,nifty50,EICHERMOT.NS,0,0.22684655842670937
2018-05-07,nifty50,GRASIM.NS,2,0.22684655842670937
2018-05-07,nifty50,HCLTECH.NS,1,0.22684655842670937
2018-05-07,nifty50,HDFCBANK.NS,2,0.22684655842670937
2018-05-07,nifty50,HEROMOTOCO.NS,0,0.22684655842670937
2018-05-07,nifty50,HINDALCO.NS,3,0.22684655842670937
2018-05-07,nifty50,HINDUNILVR.NS,1,0.22684655842670937
2018-05-07,nifty50,ICICIBANK.NS,3,0.22684655842670937
2018-05-07,nifty50,INDUSINDBK.NS,2,0.22684655842670937
2018-05-07,nifty50,INFY.NS,1,0.22684655842670937
2018-05-07,nifty50,ITC.NS,2,0.22684655842670937
2018-05-07,nifty50,JSWSTEEL.NS,2,0.22684655842670937
2018-05-07,nifty50,KOTAKBANK.NS,2,0.22684655842670937
2018-05-07,nifty50,LT.NS,1,0.22684655842670937
2018-05-07,nifty50,M&M.NS,2,0.22684655842670937
2018-05-07,nifty50,MARUTI.NS,0,0.22684655842670937
2018-05-07,nifty50,NESTLEIND.NS,1,0.22684655842670937
2018-05-07,nifty50,NTPC.NS,0,0.22684655842670937
2018-05-07,nifty50,ONGC.NS,3,0.22684655842670937
2018-05-07,nifty50,POWERGRID.NS,3,0.22684655842670937
2018-05-07,nifty50,RELIANCE.NS,0,0.22684655842670937
2018-05-07,nifty50,SBIN.NS,3,0.22684655842670937
2018-05-07,nifty50,SHRIRAMFIN.NS,2,0.22684655842670937
2018-05-07,nifty50,SUNPHARMA.NS,3,0.22684655842670937
2018-05-07,nifty50,TATACONSUM.NS,0,0.22684655842670937
2018-05-07,nifty50,TATASTEEL.NS,3,0.22684655842670937
2018-05-07,nifty50,TCS.NS,1,0.22684655842670937
2018-05-07,nifty50,TECHM.NS,1,0.22684655842670937
2018-05-07,nifty50,TITAN.NS,0,0.22684655842670937
2018-05-07,nifty50,ULTRACEMCO.NS,3,0.22684655842670937
2018-05-07,nifty50,WIPRO.NS,1,0.22684655842670937
2018-06-05,nifty50,ADANIENT.NS,4,0.18806691716726898
2018-06-05,nifty50,ADANIPORTS.NS,4,0.18806691716726898
2018-06-05,nifty50,APOLLOHOSP.NS,4,0.18806691716726898
2018-06-05,nifty50,ASIANPAINT.NS,2,0.18806691716726898
2018-06-05,nifty50,AXISBANK.NS,0,0.18806691716726898
2018-06-05,nifty50,BAJAJ-AUTO.NS,3,0.18806691716726898
2018-06-05,nifty50,BAJAJFINSV.NS,1,0.18806691716726898
2018-06-05,nifty50,BAJFINANCE.NS,2,0.18806691716726898
2018-06-05,nifty50,BEL.NS,1,0.18806691716726898
2018-06-05,nifty50,BHARTIARTL.NS,3,0.18806691716726898
2018-06-05,nifty50,BPCL.NS,0,0.18806691716726898
2018-06-05,nifty50,BRITANNIA.NS,1,0.18806691716726898
2018-06-05,nifty50,CIPLA.NS,2,0.18806691716726898
2018-06-05,nifty50,DIVISLAB.NS,4,0.18806691716726898
2018-06-05,nifty50,DRREDDY.NS,4,0.18806691716726898
2018-06-05,nifty50,EICHERMOT.NS,3,0.18806691716726898
2018-06-05,nifty50,GRASIM.NS,2,0.18806691716726898
2018-06-05,nifty50,HCLTECH.NS,1,0.18806691716726898
2018-06-05,nifty50,HDFCBANK.NS,2,0.18806691716726898
2018-06-05,nifty50,HEROMOTOCO.NS,3,0.18806691716726898
2018-06-05,nifty50,HINDALCO.NS,4,0.18806691716726898
2018-06-05,nifty50,HINDUNILVR.NS,1,0.18806691716726898
2018-06-05,nifty50,ICICIBANK.NS,0,0.18806691716726898
2018-06-05,nifty50,INDUSINDBK.NS,2,0.18806691716726898
2018-06-05,nifty50,INFY.NS,1,0.18806691716726898
2018-06-05,nifty50,ITC.NS,2,0.18806691716726898
2018-06-05,nifty50,JSWSTEEL.NS,4,0.18806691716726898
2018-06-05,nifty50,KOTAKBANK.NS,2,0.18806691716726898
2018-06-05,nifty50,LT.NS,0,0.18806691716726898
2018-06-05,nifty50,M&M.NS,1,0.18806691716726898
2018-06-05,nifty50,MARUTI.NS,3,0.18806691716726898
2018-06-05,nifty50,NESTLEIND.NS,1,0.18806691716726898
2018-06-05,nifty50,NTPC.NS,4,0.18806691716726898
2018-06-05,nifty50,ONGC.NS,4,0.18806691716726898
2018-06-05,nifty50,POWERGRID.NS,4,0.18806691716726898
2018-06-05,nifty50,RELIANCE.NS,0,0.18806691716726898
2018-06-05,nifty50,SBIN.NS,0,0.18806691716726898
2018-06-05,nifty50,SHRIRAMFIN.NS,4,0.18806691716726898
2018-06-05,nifty50,SUNPHARMA.NS,2,0.18806691716726898
2018-06-05,nifty50,TATACONSUM.NS,1,0.18806691716726898
2018-06-05,nifty50,TATASTEEL.NS,4,0.18806691716726898
2018-06-05,nifty50,TCS.NS,1,0.18806691716726898
2018-06-05,nifty50,TECHM.NS,1,0.18806691716726898
2018-06-05,nifty50,TITAN.NS,1,0.18806691716726898
2018-06-05,nifty50,ULTRACEMCO.NS,4,0.18806691716726898
2018-06-05,nifty50,WIPRO.NS,1,0.18806691716726898
2018-07-04,nifty50,ADANIENT.NS,3,0.3638668779714738
2018-07-04,nifty50,ADANIPORTS.NS,3,0.3638668779714738
2018-07-04,nifty50,APOLLOHOSP.NS,2,0.3638668779714738
2018-07-04,nifty50,ASIANPAINT.NS,4,0.3638668779714738
2018-07-04,nifty50,AXISBANK.NS,0,0.3638668779714738
2018-07-04,nifty50,BAJAJ-AUTO.NS,4,0.3638668779714738
2018-07-04,nifty50,BAJAJFINSV.NS,2,0.3638668779714738
2018-07-04,nifty50,BAJFINANCE.NS,2,0.3638668779714738
2018-07-04,nifty50,BEL.NS,3,0.3638668779714738
2018-07-04,nifty50,BHARTIARTL.NS,3,0.3638668779714738
2018-07-04,nifty50,BPCL.NS,0,0.3638668779714738
2018-07-04,nifty50,BRITANNIA.NS,1,0.3638668779714738
2018-07-04,nifty50,CIPLA.NS,4,0.3638668779714738
2018-07-04,nifty50,DIVISLAB.NS,3,0.3638668779714738
2018-07-04,nifty50,DRREDDY.NS,4,0.3638668779714738
2018-07-04,nifty50,EICHERMOT.NS,2,0.3638668779714738
2018-07-04,nifty50,GRASIM.NS,4,0.3638668779714738
2018-07-04,nifty50,HCLTECH.NS,1,0.3638668779714738
2018-07-04,nifty50,HDFCBANK.NS,2,0.3638668779714738
2018-07-04,nifty50,HEROMOTOCO.NS,4,0.3638668779714738
2018-07-04,nifty50,HINDALCO.NS,3,0.3638668779714738
2018-07-04,nifty50,HINDUNILVR.NS,1,0.3638668779714738
2018-07-04,nifty50,ICICIBANK.NS,0,0.3638668779714738
2018-07-04,nifty50,INDUSINDBK.NS,2,0.3638668779714738
2018-07-04,nifty50,INFY.NS,1,0.3638668779714738
2018-07-04,nifty50,ITC.NS,3,0.3638668779714738
2018-07-04,nifty50,JSWSTEEL.NS,3,0.3638668779714738
2018-07-04,nifty50,KOTAKBANK.NS,2,0.3638668779714738
2018-07-04,nifty50,LT.NS,3,0.3638668779714738
2018-07-04,nifty50,M&M.NS,2,0.3638668779714738
2018-07-04,nifty50,MARUTI.NS,4,0.3638668779714738
2018-07-04,nifty50,NESTLEIND.NS,1,0.3638668779714738
2018-07-04,nifty50,NTPC.NS,3,0.3638668779714738
2018-07-04,nifty50,ONGC.NS,3,0.3638668779714738
2018-07-04,nifty50,POWERGRID.NS,3,0.3638668779714738
2018-07-04,nifty50,RELIANCE.NS,0,0.3638668779714738
2018-07-04,nifty50,SBIN.NS,0,0.3638668779714738
2018-07-04,nifty50,SHRIRAMFIN.NS,3,0.3638668779714738
2018-07-04,nifty50,SUNPHARMA.NS,4,0.3638668779714738
2018-07-04,nifty50,TATACONSUM.NS,3,0.3638668779714738
2018-07-04,nifty50,TATASTEEL.NS,3,0.3638668779714738
2018-07-04,nifty50,TCS.NS,1,0.3638668779714738
2018-07-04,nifty50,TECHM.NS,1,0.3638668779714738
2018-07-04,nifty50,TITAN.NS,3,0.3638668779714738
2018-07-04,nifty50,ULTRACEMCO.NS,3,0.3638668779714738
2018-07-04,nifty50,WIPRO.NS,1,0.3638668779714738
2018-08-02,nifty50,ADANIENT.NS,0,0.38503740648379053
2018-08-02,nifty50,ADANIPORTS.NS,3,0.38503740648379053
2018-08-02,nifty50,APOLLOHOSP.NS,3,0.38503740648379053
2018-08-02,nifty50,ASIANPAINT.NS,1,0.38503740648379053
2018-08-02,nifty50,AXISBANK.NS,0,0.38503740648379053
2018-08-02,nifty50,BAJAJ-AUTO.NS,3,0.38503740648379053
2018-08-02,nifty50,BAJAJFINSV.NS,2,0.38503740648379053
2018-08-02,nifty50,BAJFINANCE.NS,2,0.38503740648379053
2018-08-02,nifty50,BEL.NS,3,0.38503740648379053
2018-08-02,nifty50,BHARTIARTL.NS,3,0.38503740648379053
2018-08-02,nifty50,BPCL.NS,0,0.38503740648379053
2018-08-02,nifty50,BRITANNIA.NS,1,0.38503740648379053
2018-08-02,nifty50,CIPLA.NS,3,0.38503740648379053
2018-08-02,nifty50,DIVISLAB.NS,3,0.38503740648379053
2018-08-02,nifty50,DRREDDY.NS,3,0.38503740648379053
2018-08-02,nifty50,EICHERMOT.NS,3,0.38503740648379053
2018-08-02,nifty50,GRASIM.NS,3,0.38503740648379053
2018-08-02,nifty50,HCLTECH.NS,1,0.38503740648379053
2018-08-02,nifty50,HDFCBANK.NS,1,0.38503740648379053
2018-08-02,nifty50,HEROMOTOCO.NS,3,0.38503740648379053
2018-08-02,nifty50,HINDALCO.NS,3,0.38503740648379053
2018-08-02,nifty50,HINDUNILVR.NS,1,0.38503740648379053
2018-08-02,nifty50,ICICIBANK.NS,0,0.38503740648379053
2018-08-02,nifty50,INDUSINDBK.NS,1,0.38503740648379053
2018-08-02,nifty50,INFY.NS,1,0.38503740648379053
2018-08-02,nifty50,ITC.NS,3,0.38503740648379053
2018-08-02,nifty50,JSWSTEEL.NS,3,0.38503740648379053
2018-08-02,nifty50,KOTAKBANK.NS,1,0.38503740648379053
2018-08-02,nifty50,LT.NS,3,0.38503740648379053
2018-08-02,nifty50,M&M.NS,3,0.38503740648379053
2018-08-02,nifty50,MARUTI.NS,3,0.38503740648379053
2018-08-02,nifty50,NESTLEIND.NS,1,0.38503740648379053
2018-08-02,nifty50,NTPC.NS,3,0.38503740648379053
2018-08-02,nifty50,ONGC.NS,3,0.38503740648379053
2018-08-02,nifty50,POWERGRID.NS,3,0.38503740648379053
2018-08-02,nifty50,RELIANCE.NS,0,0.38503740648379053
2018-08-02,nifty50,SBIN.NS,0,0.38503740648379053
2018-08-02,nifty50,SHRIRAMFIN.NS,0,0.38503740648379053
2018-08-02,nifty50,SUNPHARMA.NS,3,0.38503740648379053
2018-08-02,nifty50,TATACONSUM.NS,3,0.38503740648379053
2018-08-02,nifty50,TATASTEEL.NS,3,0.38503740648379053
2018-08-02,nifty50,TCS.NS,1,0.38503740648379053
2018-08-02,nifty50,TECHM.NS,1,0.38503740648379053
2018-08-02,nifty50,TITAN.NS,3,0.38503740648379053
2018-08-02,nifty50,ULTRACEMCO.NS,3,0.38503740648379053
2018-08-02,nifty50,WIPRO.NS,1,0.38503740648379053
2018-09-04,nifty50,ADANIENT.NS,0,0.31195274364185455
2018-09-04,nifty50,ADANIPORTS.NS,0,0.31195274364185455
2018-09-04,nifty50,APOLLOHOSP.NS,3,0.31195274364185455
2018-09-04,nifty50,ASIANPAINT.NS,2,0.31195274364185455
2018-09-04,nifty50,AXISBANK.NS,3,0.31195274364185455
2018-09-04,nifty50,BAJAJ-AUTO.NS,2,0.31195274364185455
2018-09-04,nifty50,BAJAJFINSV.NS,2,0.31195274364185455
2018-09-04,nifty50,BAJFINANCE.NS,2,0.31195274364185455
2018-09-04,nifty50,BEL.NS,3,0.31195274364185455
2018-09-04,nifty50,BHARTIARTL.NS,3,0.31195274364185455
2018-09-04,nifty50,BPCL.NS,3,0.31195274364185455
2018-09-04,nifty50,BRITANNIA.NS,1,0.31195274364185455
2018-09-04,nifty50,CIPLA.NS,3,0.31195274364185455
2018-09-04,nifty50,DIVISLAB.NS,0,0.31195274364185455
2018-09-04,nifty50,DRREDDY.NS,3,0.31195274364185455
2018-09-04,nifty50,EICHERMOT.NS,3,0.31195274364185455
2018-09-04,nifty50,GRASIM.NS,3,0.31195274364185455
2018-09-04,nifty50,HCLTECH.NS,1,0.31195274364185455
2018-09-04,nifty50,HDFCBANK.NS,2,0.31195274364185455
2018-09-04,nifty50,HEROMOTOCO.NS,2,0.31195274364185455
2018-09-04,nifty50,HINDALCO.NS,3,0.31195274364185455
2018-09-04,nifty50,HINDUNILVR.NS,4,0.31195274364185455
2018-09-04,nifty50,ICICIBANK.NS,3,0.31195274364185455
2018-09-04,nifty50,INDUSINDBK.NS,1,0.31195274364185455
2018-09-04,nifty50,INFY.NS,1,0.31195274364185455
2018-09-04,nifty50,ITC.NS,0,0.31195274364185455
2018-09-04,nifty50,JSWSTEEL.NS,3,0.31195274364185455
2018-09-04,nifty50,KOTAKBANK.NS,1,0.31195274364185455
2018-09-04,nifty50,LT.NS,0,0.31195274364185455
2018-09-04,nifty50,M&M.NS,3,0.31195274364185455
2018-09-04,nifty50,MARUTI.NS,0,0.31195274364185455
2018-09-04,nifty50,NESTLEIND.NS,4,0.31195274364185455
2018-09-04,nifty50,NTPC.NS,0,0.31195274364185455
2018-09-04,nifty50,ONGC.NS,0,0.31195274364185455
2018-09-04,nifty50,POWERGRID.NS,3,0.31195274364185455
2018-09-04,nifty50,RELIANCE.NS,0,0.31195274364185455
2018-09-04,nifty50,SBIN.NS,3,0.31195274364185455
2018-09-04,nifty50,SHRIRAMFIN.NS,3,0.31195274364185455
2018-09-04,nifty50,SUNPHARMA.NS,3,0.31195274364185455
2018-09-04,nifty50,TATACONSUM.NS,3,0.31195274364185455
2018-09-04,nifty50,TATASTEEL.NS,3,0.31195274364185455
2018-09-04,nifty50,TCS.NS,1,0.31195274364185455
2018-09-04,nifty50,TECHM.NS,1,0.31195274364185455
2018-09-04,nifty50,TITAN.NS,3,0.31195274364185455
2018-09-04,nifty50,ULTRACEMCO.NS,0,0.31195274364185455
2018-09-04,nifty50,WIPRO.NS,1,0.31195274364185455
2018-10-08,nifty50,ADANIENT.NS,0,0.13085960492548207
2018-10-08,nifty50,ADANIPORTS.NS,0,0.13085960492548207
2018-10-08,nifty50,APOLLOHOSP.NS,3,0.13085960492548207
2018-10-08,nifty50,ASIANPAINT.NS,2,0.13085960492548207
2018-10-08,nifty50,AXISBANK.NS,4,0.13085960492548207
2018-10-08,nifty50,BAJAJ-AUTO.NS,0,0.13085960492548207
2018-10-08,nifty50,BAJAJFINSV.NS,2,0.13085960492548207
2018-10-08,nifty50,BAJFINANCE.NS,2,0.13085960492548207
2018-10-08,nifty50,BEL.NS,1,0.13085960492548207
2018-10-08,nifty50,BHARTIARTL.NS,3,0.13085960492548207
2018-10-08,nifty50,BPCL.NS,0,0.13085960492548207
2018-10-08,nifty50,BRITANNIA.NS,2,0.13085960492548207
2018-10-08,nifty50,CIPLA.NS,3,0.13085960492548207
2018-10-08,nifty50,DIVISLAB.NS,0,0.13085960492548207
2018-10-08,nifty50,DRREDDY.NS,3,0.13085960492548207
2018-10-08,nifty50,EICHERMOT.NS,2,0.13085960492548207
2018-10-08,nifty50,GRASIM.NS,4,0.13085960492548207
2018-10-08,nifty50,HCLTECH.NS,1,0.13085960492548207
2018-10-08,nifty50,HDFCBANK.NS,2,0.13085960492548207
2018-10-08,nifty50,HEROMOTOCO.NS,0,0.13085960492548207
2018-10-08,nifty50,HINDALCO.NS,1,0.13085960492548207
2018-10-08,nifty50,HINDUNILVR.NS,2,0.13085960492548207
2018-10-08,nifty50,ICICIBANK.NS,4,0.13085960492548207
2018-10-08,nifty50,INDUSINDBK.NS,2,0.13085960492548207
2018-10-08,nifty50,INFY.NS,1,0.13085960492548207
2018-10-08,nifty50,ITC.NS,4,0.13085960492548207
2018-10-08,nifty50,JSWSTEEL.NS,1,0.13085960492548207
2018-10-08,nifty50,KOTAKBANK.NS,2,0.13085960492548207
2018-10-08,nifty50,LT.NS,1,0.13085960492548207
2018-10-08,nifty50,M&M.NS,2,0.13085960492548207
2018-10-08,nifty50,MARUTI.NS,2,0.13085960492548207
2018-10-08,nifty50,NESTLEIND.NS,2,0.13085960492548207
2018-10-08,nifty50,NTPC.NS,4,0.13085960492548207
2018-10-08,nifty50,ONGC.NS,0,0.13085960492548207
2018-10-08,nifty50,POWERGRID.NS,4,0.13085960492548207
2018-10-08,nifty50,RELIANCE.NS,0,0.13085960492548207
2018-10-08,nifty50,SBIN.NS,4,0.13085960492548207
2018-10-08,nifty50,SHRIRAMFIN.NS,4,0.13085960492548207
2018-10-08,nifty50,SUNPHARMA.NS,3,0.13085960492548207
2018-10-08,nifty50,TATACONSUM.NS,3,0.13085960492548207
2018-10-08,nifty50,TATASTEEL.NS,1,0.13085960492548207
2018-10-08,nifty50,TCS.NS,1,0.13085960492548207
2018-10-08,nifty50,TECHM.NS,1,0.13085960492548207
2018-10-08,nifty50,TITAN.NS,3,0.13085960492548207
2018-10-08,nifty50,ULTRACEMCO.NS,4,0.13085960492548207
2018-10-08,nifty50,WIPRO.NS,1,0.13085960492548207
2018-11-07,nifty50,ADANIENT.NS,4,0.2733560845171885
2018-11-07,nifty50,ADANIPORTS.NS,0,0.2733560845171885
2018-11-07,nifty50,APOLLOHOSP.NS,4,0.2733560845171885
2018-11-07,nifty50,ASIANPAINT.NS,2,0.2733560845171885
2018-11-07,nifty50,AXISBANK.NS,3,0.2733560845171885
2018-11-07,nifty50,BAJAJ-AUTO.NS,2,0.2733560845171885
2018-11-07,nifty50,BAJAJFINSV.NS,2,0.2733560845171885
2018-11-07,nifty50,BAJFINANCE.NS,2,0.2733560845171885
2018-11-07,nifty50,BEL.NS,3,0.2733560845171885
2018-11-07,nifty50,BHARTIARTL.NS,2,0.2733560845171885
2018-11-07,nifty50,BPCL.NS,0,0.2733560845171885
2018-11-07,nifty50,BRITANNIA.NS,1,0.2733560845171885
2018-11-07,nifty50,CIPLA.NS,4,0.2733560845171885
2018-11-07,nifty50,DIVISLAB.NS,4,0.2733560845171885
2018-11-07,nifty50,DRREDDY.NS,4,0.2733560845171885
2018-11-07,nifty50,EICHERMOT.NS,2,0.2733560845171885
2018-11-07,nifty50,GRASIM.NS,3,0.2733560845171885
2018-11-07,nifty50,HCLTECH.NS,1,0.2733560845171885
2018-11-07,nifty50,HDFCBANK.NS,2,0.2733560845171885
2018-11-07,nifty50,HEROMOTOCO.NS,2,0.2733560845171885
2018-11-07,nifty50,HINDALCO.NS,4,0.2733560845171885
2018-11-07,nifty50,HINDUNILVR.NS,1,0.2733560845171885
2018-11-07,nifty50,ICICIBANK.NS,3,0.2733560845171885
2018-11-07,nifty50,INDUSINDBK.NS,1,0.2733560845171885
2018-11-07,nifty50,INFY.NS,1,0.2733560845171885
2018-11-07,nifty50,ITC.NS,0,0.2733560845171885
2018-11-07,nifty50,JSWSTEEL.NS,4,0.2733560845171885
2018-11-07,nifty50,KOTAKBANK.NS,1,0.2733560845171885
2018-11-07,nifty50,LT.NS,4,0.2733560845171885
2018-11-07,nifty50,M&M.NS,2,0.2733560845171885
2018-11-07,nifty50,MARUTI.NS,2,0.2733560845171885
2018-11-07,nifty50,NESTLEIND.NS,1,0.2733560845171885
2018-11-07,nifty50,NTPC.NS,0,0.2733560845171885
2018-11-07,nifty50,ONGC.NS,0,0.2733560845171885
2018-11-07,nifty50,POWERGRID.NS,0,0.2733560845171885
2018-11-07,nifty50,RELIANCE.NS,0,0.2733560845171885
2018-11-07,nifty50,SBIN.NS,3,0.2733560845171885
2018-11-07,nifty50,SHRIRAMFIN.NS,3,0.2733560845171885
2018-11-07,nifty50,SUNPHARMA.NS,4,0.2733560845171885
2018-11-07,nifty50,TATACONSUM.NS,3,0.2733560845171885
2018-11-07,nifty50,TATASTEEL.NS,4,0.2733560845171885
2018-11-07,nifty50,TCS.NS,1,0.2733560845171885
2018-11-07,nifty50,TECHM.NS,1,0.2733560845171885
2018-11-07,nifty50,TITAN.NS,2,0.2733560845171885
2018-11-07,nifty50,ULTRACEMCO.NS,3,0.2733560845171885
2018-11-07,nifty50,WIPRO.NS,1,0.2733560845171885
2018-12-10,nifty50,ADANIENT.NS,1,0.33826899248052233
2018-12-10,nifty50,ADANIPORTS.NS,1,0.33826899248052233
2018-12-10,nifty50,APOLLOHOSP.NS,1,0.33826899248052233
2018-12-10,nifty50,ASIANPAINT.NS,3,0.33826899248052233
2018-12-10,nifty50,AXISBANK.NS,4,0.33826899248052233
2018-12-10,nifty50,BAJAJ-AUTO.NS,3,0.33826899248052233
2018-12-10,nifty50,BAJAJFINSV.NS,2,0.33826899248052233
2018-12-10,nifty50,BAJFINANCE.NS,2,0.33826899248052233
2018-12-10,nifty50,BEL.NS,4,0.33826899248052233
2018-12-10,nifty50,BHARTIARTL.NS,3,0.33826899248052233
2018-12-10,nifty50,BPCL.NS,0,0.33826899248052233
2018-12-10,nifty50,BRITANNIA.NS,2,0.33826899248052233
2018-12-10,nifty50,CIPLA.NS,1,0.33826899248052233
2018-12-10,nifty50,DIVISLAB.NS,1,0.33826899248052233
2018-12-10,nifty50,DRREDDY.NS,1,0.33826899248052233
2018-12-10,nifty50,EICHERMOT.NS,2,0.33826899248052233
2018-12-10,nifty50,GRASIM.NS,3,0.33826899248052233
2018-12-10,nifty50,HCLTECH.NS,1,0.33826899248052233
2018-12-10,nifty50,HDFCBANK.NS,2,0.33826899248052233
2018-12-10,nifty50,HEROMOTOCO.NS,3,0.33826899248052233
2018-12-10,nifty50,HINDALCO.NS,1,0.33826899248052233
2018-12-10,nifty50,HINDUNILVR.NS,3,0.33826899248052233
2018-12-10,nifty50,ICICIBANK.NS,4,0.33826899248052233
2018-12-10,nifty50,INDUSINDBK.NS,3,0.33826899248052233
2018-12-10,nifty50,INFY.NS,1,0.33826899248052233
2018-12-10,nifty50,ITC.NS,0,0.33826899248052233
2018-12-10,nifty50,JSWSTEEL.NS,1,0.33826899248052233
2018-12-10,nifty50,KOTAKBANK.NS,2,0.33826899248052233
2018-12-10,nifty50,LT.NS,1,0.33826899248052233
2018-12-10,nifty50,M&M.NS,3,0.33826899248052233
2018-12-10,nifty50,MARUTI.NS,2,0.33826899248052233
2018-12-10,nifty50,NESTLEIND.NS,3,0.33826899248052233
2018-12-10,nifty50,NTPC.NS,4,0.33826899248052233
2018-12-10,nifty50,ONGC.NS,0,0.33826899248052233
2018-12-10,nifty50,POWERGRID.NS,4,0.33826899248052233
2018-12-10,nifty50,RELIANCE.NS,0,0.33826899248052233
2018-12-10,nifty50,SBIN.NS,4,0.33826899248052233
2018-12-10,nifty50,SHRIRAMFIN.NS,4,0.33826899248052233
2018-12-10,nifty50,SUNPHARMA.NS,1,0.33826899248052233
2018-12-10,nifty50,TATACONSUM.NS,1,0.33826899248052233
2018-12-10,nifty50,TATASTEEL.NS,1,0.33826899248052233
2018-12-10,nifty50,TCS.NS,1,0.33826899248052233
2018-12-10,nifty50,TECHM.NS,1,0.33826899248052233
2018-12-10,nifty50,TITAN.NS,2,0.33826899248052233
2018-12-10,nifty50,ULTRACEMCO.NS,3,0.33826899248052233
2018-12-10,nifty50,WIPRO.NS,1,0.33826899248052233
2019-01-09,nifty50,ADANIENT.NS,1,0.3037790661860187
2019-01-09,nifty50,ADANIPORTS.NS,1,0.3037790661860187
2019-01-09,nifty50,APOLLOHOSP.NS,2,0.3037790661860187
2019-01-09,nifty50,ASIANPAINT.NS,2,0.3037790661860187
2019-01-09,nifty50,AXISBANK.NS,4,0.3037790661860187
2019-01-09,nifty50,BAJAJ-AUTO.NS,0,0.3037790661860187
2019-01-09,nifty50,BAJAJFINSV.NS,2,0.3037790661860187
2019-01-09,nifty50,BAJFINANCE.NS,2,0.3037790661860187
2019-01-09,nifty50,BEL.NS,4,0.3037790661860187
2019-01-09,nifty50,BHARTIARTL.NS,3,0.3037790661860187
2019-01-09,nifty50,BPCL.NS,0,0.3037790661860187
2019-01-09,nifty50,BRITANNIA.NS,2,0.3037790661860187
2019-01-09,nifty50,CIPLA.NS,1,0.3037790661860187
2019-01-09,nifty50,DIVISLAB.NS,1,0.3037790661860187
2019-01-09,nifty50,DRREDDY.NS,1,0.3037790661860187
2019-01-09,nifty50,EICHERMOT.NS,2,0.3037790661860187
2019-01-09,nifty50,GRASIM.NS,4,0.3037790661860187
2019-01-09,nifty50,HCLTECH.NS,1,0.3037790661860187
2019-01-09,nifty50,HDFCBANK.NS,2,0.3037790661860187
2019-01-09,nifty50,HEROMOTOCO.NS,0,0.3037790661860187
2019-01-09,nifty50,HINDALCO.NS,2,0.3037790661860187
2019-01-09,nifty50,HINDUNILVR.NS,2,0.3037790661860187
2019-01-09,nifty50,ICICIBANK.NS,4,0.3037790661860187
2019-01-09,nifty50,INDUSINDBK.NS,2,0.3037790661860187
2019-01-09,nifty50,INFY.NS,1,0.3037790661860187
2019-01-09,nifty50,ITC.NS,0,0.3037790661860187
2019-01-09,nifty50,JSWSTEEL.NS,2,0.3037790661860187
2019-01-09,nifty50,KOTAKBANK.NS,2,0.3037790661860187
2019-01-09,nifty50,LT.NS,2,0.3037790661860187
2019-01-09,nifty50,M&M.NS,0,0.3037790661860187
2019-01-09,nifty50,MARUTI.NS,2,0.3037790661860187
2019-01-09,nifty50,NESTLEIND.NS,2,0.3037790661860187
2019-01-09,nifty50,NTPC.NS,2,0.3037790661860187
2019-01-09,nifty50,ONGC.NS,0,0.3037790661860187
2019-01-09,nifty50,POWERGRID.NS,2,0.3037790661860187
2019-01-09,nifty50,RELIANCE.NS,0,0.3037790661860187
2019-01-09,nifty50,SBIN.NS,4,0.3037790661860187
2019-01-09,nifty50,SHRIRAMFIN.NS,4,0.3037790661860187
2019-01-09,nifty50,SUNPHARMA.NS,1,0.3037790661860187
2019-01-09,nifty50,TATACONSUM.NS,2,0.3037790661860187
2019-01-09,nifty50,TATASTEEL.NS,2,0.3037790661860187
2019-01-09,nifty50,TCS.NS,1,0.3037790661860187
2019-01-09,nifty50,TECHM.NS,1,0.3037790661860187
2019-01-09,nifty50,TITAN.NS,2,0.3037790661860187
2019-01-09,nifty50,ULTRACEMCO.NS,4,0.3037790661860187
2019-01-09,nifty50,WIPRO.NS,1,0.3037790661860187
2019-02-07,nifty50,ADANIENT.NS,4,0.35842171196476785
2019-02-07,nifty50,ADANIPORTS.NS,1,0.35842171196476785
2019-02-07,nifty50,APOLLOHOSP.NS,4,0.35842171196476785
2019-02-07,nifty50,ASIANPAINT.NS,2,0.35842171196476785
2019-02-07,nifty50,AXISBANK.NS,3,0.35842171196476785
2019-02-07,nifty50,BAJAJ-AUTO.NS,0,0.35842171196476785
2019-02-07,nifty50,BAJAJFINSV.NS,2,0.35842171196476785
2019-02-07,nifty50,BAJFINANCE.NS,3,0.35842171196476785
2019-02-07,nifty50,BEL.NS,3,0.35842171196476785
2019-02-07,nifty50,BHARTIARTL.NS,0,0.35842171196476785
2019-02-07,nifty50,BPCL.NS,0,0.35842171196476785
2019-02-07,nifty50,BRITANNIA.NS,4,0.35842171196476785
2019-02-07,nifty50,CIPLA.NS,1,0.35842171196476785
2019-02-07,nifty50,DIVISLAB.NS,1,0.35842171196476785
2019-02-07,nifty50,DRREDDY.NS,1,0.35842171196476785
2019-02-07,nifty50,EICHERMOT.NS,0,0.35842171196476785
2019-02-07,nifty50,GRASIM.NS,4,0.35842171196476785
2019-02-07,nifty50,HCLTECH.NS,1,0.35842171196476785
2019-02-07,nifty50,HDFCBANK.NS,0,0.35842171196476785
2019-02-07,nifty50,HEROMOTOCO.NS,0,0.35842171196476785
2019-02-07,nifty50,HINDALCO.NS,3,0.35842171196476785
2019-02-07,nifty50,HINDUNILVR.NS,2,0.35842171196476785
2019-02-07,nifty50,ICICIBANK.NS,3,0.35842171196476785
2019-02-07,nifty50,INDUSINDBK.NS,2,0.35842171196476785
2019-02-07,nifty50,INFY.NS,1,0.35842171196476785
2019-02-07,nifty50,ITC.NS,0,0.35842171196476785
2019-02-07,nifty50,JSWSTEEL.NS,3,0.35842171196476785
2019-02-07,nifty50,KOTAKBANK.NS,4,0.35842171196476785
2019-02-07,nifty50,LT.NS,3,0.35842171196476785
2019-02-07,nifty50,M&M.NS,0,0.35842171196476785
2019-02-07,nifty50,MARUTI.NS,2,0.35842171196476785
2019-02-07,nifty50,NESTLEIND.NS,4,0.35842171196476785
2019-02-07,nifty50,NTPC.NS,4,0.35842171196476785
2019-02-07,nifty50,ONGC.NS,0,0.35842171196476785
2019-02-07,nifty50,POWERGRID.NS,4,0.35842171196476785
2019-02-07,nifty50,RELIANCE.NS,0,0.35842171196476785
2019-02-07,nifty50,SBIN.NS,4,0.35842171196476785
2019-02-07,nifty50,SHRIRAMFIN.NS,3,0.35842171196476785
2019-02-07,nifty50,SUNPHARMA.NS,1,0.35842171196476785
2019-02-07,nifty50,TATACONSUM.NS,4,0.35842171196476785
2019-02-07,nifty50,TATASTEEL.NS,3,0.35842171196476785
2019-02-07,nifty50,TCS.NS,1,0.35842171196476785
2019-02-07,nifty50,TECHM.NS,1,0.35842171196476785
2019-02-07,nifty50,TITAN.NS,2,0.35842171196476785
2019-02-07,nifty50,ULTRACEMCO.NS,2,0.35842171196476785
2019-02-07,nifty50,WIPRO.NS,1,0.35842171196476785
2019-03-12,nifty50,ADANIENT.NS,3,0.12440877404044233
2019-03-12,nifty50,ADANIPORTS.NS,2,0.12440877404044233
2019-03-12,nifty50,APOLLOHOSP.NS,3,0.12440877404044233
2019-03-12,nifty50,ASIANPAINT.NS,0,0.12440877404044233
2019-03-12,nifty50,AXISBANK.NS,1,0.12440877404044233
2019-03-12,nifty50,BAJAJ-AUTO.NS,3,0.12440877404044233
2019-03-12,nifty50,BAJAJFINSV.NS,2,0.12440877404044233
2019-03-12,nifty50,BAJFINANCE.NS,2,0.12440877404044233
2019-03-12,nifty50,BEL.NS,3,0.12440877404044233
2019-03-12,nifty50,BHARTIARTL.NS,3,0.12440877404044233
2019-03-12,nifty50,BPCL.NS,0,0.12440877404044233
2019-03-12,nifty50,BRITANNIA.NS,2,0.12440877404044233
2019-03-12,nifty50,CIPLA.NS,1,0.12440877404044233
2019-03-12,nifty50,DIVISLAB.NS,1,0.12440877404044233
2019-03-12,nifty50,DRREDDY.NS,3,0.12440877404044233
2019-03-12,nifty50,EICHERMOT.NS,3,0.12440877404044233
2019-03-12,nifty50,GRASIM.NS,2,0.12440877404044233
2019-03-12,nifty50,HCLTECH.NS,1,0.12440877404044233
2019-03-12,nifty50,HDFCBANK.NS,2,0.12440877404044233
2019-03-12,nifty50,HEROMOTOCO.NS,3,0.12440877404044233
2019-03-12,nifty50,HINDALCO.NS,2,0.12440877404044233
2019-03-12,nifty50,HINDUNILVR.NS,0,0.12440877404044233
2019-03-12,nifty50,ICICIBANK.NS,1,0.12440877404044233
2019-03-12,nifty50,INDUSINDBK.NS,2,0.12440877404044233
2019-03-12,nifty50,INFY.NS,1,0.12440877404044233
2019-03-12,nifty50,ITC.NS,2,0.12440877404044233
2019-03-12,nifty50,JSWSTEEL.NS,3,0.12440877404044233
2019-03-12,nifty50,KOTAKBANK.NS,0,0.12440877404044233
2019-03-12,nifty50,LT.NS,1,0.12440877404044233
2019-03-12,nifty50,M&M.NS,3,0.12440877404044233
2019-03-12,nifty50,MARUTI.NS,3,0.12440877404044233
2019-03-12,nifty50,NESTLEIND.NS,0,0.12440877404044233
2019-03-12,nifty50,NTPC.NS,3,0.12440877404044233
2019-03-12,nifty50,ONGC.NS,0,0.12440877404044233
2019-03-12,nifty50,POWERGRID.NS,3,0.12440877404044233
2019-03-12,nifty50,RELIANCE.NS,0,0.12440877404044233
2019-03-12,nifty50,SBIN.NS,1,0.12440877404044233
2019-03-12,nifty50,SHRIRAMFIN.NS,2,0.12440877404044233
2019-03-12,nifty50,SUNPHARMA.NS,1,0.12440877404044233
2019-03-12,nifty50,TATACONSUM.NS,3,0.12440877404044233
2019-03-12,nifty50,TATASTEEL.NS,3,0.12440877404044233
2019-03-12,nifty50,TCS.NS,1,0.12440877404044233
2019-03-12,nifty50,TECHM.NS,1,0.12440877404044233
2019-03-12,nifty50,TITAN.NS,0,0.12440877404044233
2019-03-12,nifty50,ULTRACEMCO.NS,2,0.12440877404044233
2019-03-12,nifty50,WIPRO.NS,1,0.12440877404044233
2019-04-12,nifty50,ADANIENT.NS,2,0.2498107413034958
2019-04-12,nifty50,ADANIPORTS.NS,3,0.2498107413034958
2019-04-12,nifty50,APOLLOHOSP.NS,2,0.2498107413034958
2019-04-12,nifty50,ASIANPAINT.NS,4,0.2498107413034958
2019-04-12,nifty50,AXISBANK.NS,3,0.2498107413034958
2019-04-12,nifty50,BAJAJ-AUTO.NS,0,0.2498107413034958
2019-04-12,nifty50,BAJAJFINSV.NS,3,0.2498107413034958
2019-04-12,nifty50,BAJFINANCE.NS,3,0.2498107413034958
2019-04-12,nifty50,BEL.NS,2,0.2498107413034958
2019-04-12,nifty50,BHARTIARTL.NS,2,0.2498107413034958
2019-04-12,nifty50,BPCL.NS,0,0.2498107413034958
2019-04-12,nifty50,BRITANNIA.NS,4,0.2498107413034958
2019-04-12,nifty50,CIPLA.NS,1,0.2498107413034958
2019-04-12,nifty50,DIVISLAB.NS,3,0.2498107413034958
2019-04-12,nifty50,DRREDDY.NS,2,0.2498107413034958
2019-04-12,nifty50,EICHERMOT.NS,0,0.2498107413034958
2019-04-12,nifty50,GRASIM.NS,1,0.2498107413034958
2019-04-12,nifty50,HCLTECH.NS,1,0.2498107413034958
2019-04-12,nifty50,HDFCBANK.NS,0,0.2498107413034958
2019-04-12,nifty50,HEROMOTOCO.NS,0,0.2498107413034958
2019-04-12,nifty50,HINDALCO.NS,2,0.2498107413034958
2019-04-12,nifty50,HINDUNILVR.NS,4,0.2498107413034958
2019-04-12,nifty50,ICICIBANK.NS,3,0.2498107413034958
2019-04-12,nifty50,INDUSINDBK.NS,0,0.2498107413034958
2019-04-12,nifty50,INFY.NS,1,0.2498107413034958
2019-04-12,nifty50,ITC.NS,1,0.2498107413034958
2019-04-12,nifty50,JSWSTEEL.NS,2,0.2498107413034958
2019-04-12,nifty50,KOTAKBANK.NS,3,0.2498107413034958
2019-04-12,nifty50,LT.NS,3,0.2498107413034958
2019-04-12,nifty50,M&M.NS,0,0.2498107413034958
2019-04-12,nifty50,MARUTI.NS,0,0.2498107413034958
2019-04-12,nifty50,NESTLEIND.NS,4,0.2498107413034958
2019-04-12,nifty50,NTPC.NS,0,0.2498107413034958
2019-04-12,nifty50,ONGC.NS,0,0.2498107413034958
2019-04-12,nifty50,POWERGRID.NS,0,0.2498107413034958
2019-04-12,nifty50,RELIANCE.NS,0,0.2498107413034958
2019-04-12,nifty50,SBIN.NS,3,0.2498107413034958
2019-04-12,nifty50,SHRIRAMFIN.NS,3,0.2498107413034958
2019-04-12,nifty50,SUNPHARMA.NS,1,0.2498107413034958
2019-04-12,nifty50,TATACONSUM.NS,2,0.2498107413034958
2019-04-12,nifty50,TATASTEEL.NS,2,0.2498107413034958
2019-04-12,nifty50,TCS.NS,1,0.2498107413034958
2019-04-12,nifty50,TECHM.NS,1,0.2498107413034958
2019-04-12,nifty50,TITAN.NS,3,0.2498107413034958
2019-04-12,nifty50,ULTRACEMCO.NS,2,0.2498107413034958
2019-04-12,nifty50,WIPRO.NS,1,0.2498107413034958
2019-05-17,nifty50,ADANIENT.NS,3,0.16367691263453893
2019-05-17,nifty50,ADANIPORTS.NS,3,0.16367691263453893
2019-05-17,nifty50,APOLLOHOSP.NS,0,0.16367691263453893
2019-05-17,nifty50,ASIANPAINT.NS,0,0.16367691263453893
2019-05-17,nifty50,AXISBANK.NS,2,0.16367691263453893
2019-05-17,nifty50,BAJAJ-AUTO.NS,0,0.16367691263453893
2019-05-17,nifty50,BAJAJFINSV.NS,0,0.16367691263453893
2019-05-17,nifty50,BAJFINANCE.NS,0,0.16367691263453893
2019-05-17,nifty50,BEL.NS,2,0.16367691263453893
2019-05-17,nifty50,BHARTIARTL.NS,2,0.16367691263453893
2019-05-17,nifty50,BPCL.NS,2,0.16367691263453893
2019-05-17,nifty50,BRITANNIA.NS,0,0.16367691263453893
2019-05-17,nifty50,CIPLA.NS,1,0.16367691263453893
2019-05-17,nifty50,DIVISLAB.NS,0,0.16367691263453893
2019-05-17,nifty50,DRREDDY.NS,3,0.16367691263453893
2019-05-17,nifty50,EICHERMOT.NS,2,0.16367691263453893
2019-05-17,nifty50,GRASIM.NS,3,0.16367691263453893
2019-05-17,nifty50,HCLTECH.NS,1,0.16367691263453893
2019-05-17,nifty50,HDFCBANK.NS,0,0.16367691263453893
2019-05-17,nifty50,HEROMOTOCO.NS,0,0.16367691263453893
2019-05-17,nifty50,HINDALCO.NS,1,0.16367691263453893
2019-05-17,nifty50,HINDUNILVR.NS,0,0.16367691263453893
2019-05-17,nifty50,ICICIBANK.NS,2,0.16367691263453893
2019-05-17,nifty50,INDUSINDBK.NS,2,0.16367691263453893
2019-05-17,nifty50,INFY.NS,1,0.16367691263453893
2019-05-17,nifty50,ITC.NS,3,0.16367691263453893
2019-05-17,nifty50,JSWSTEEL.NS,1,0.16367691263453893
2019-05-17,nifty50,KOTAKBANK.NS,0,0.16367691263453893
2019-05-17,nifty50,LT.NS,3,0.16367691263453893
2019-05-17,nifty50,M&M.NS,3,0.16367691263453893
2019-05-17,nifty50,MARUTI.NS,0,0.16367691263453893
2019-05-17,nifty50,NESTLEIND.NS,0,0.16367691263453893
2019-05-17,nifty50,NTPC.NS,2,0.16367691263453893
2019-05-17,nifty50,ONGC.NS,2,0.16367691263453893
2019-05-17,nifty50,POWERGRID.NS,2,0.16367691263453893
2019-05-17,nifty50,RELIANCE.NS,0,0.16367691263453893
2019-05-17,nifty50,SBIN.NS,2,0.16367691263453893
2019-05-17,nifty50,SHRIRAMFIN.NS,2,0.16367691263453893
2019-05-17,nifty50,SUNPHARMA.NS,1,0.16367691263453893
2019-05-17,nifty50,TATACONSUM.NS,1,0.16367691263453893
2019-05-17,nifty50,TATASTEEL.NS,1,0.16367691263453893
2019-05-17,nifty50,TCS.NS,1,0.16367691263453893
2019-05-17,nifty50,TECHM.NS,1,0.16367691263453893
2019-05-17,nifty50,TITAN.NS,2,0.16367691263453893
2019-05-17,nifty50,ULTRACEMCO.NS,3,0.16367691263453893
2019-05-17,nifty50,WIPRO.NS,1,0.16367691263453893
2019-06-18,nifty50,ADANIENT.NS,4,0.28988184956483687
2019-06-18,nifty50,ADANIPORTS.NS,4,0.28988184956483687
2019-06-18,nifty50,APOLLOHOSP.NS,4,0.28988184956483687
2019-06-18,nifty50,ASIANPAINT.NS,0,0.28988184956483687
2019-06-18,nifty50,AXISBANK.NS,0,0.28988184956483687
2019-06-18,nifty50,BAJAJ-AUTO.NS,3,0.28988184956483687
2019-06-18,nifty50,BAJAJFINSV.NS,4,0.28988184956483687
2019-06-18,nifty50,BAJFINANCE.NS,4,0.28988184956483687
2019-06-18,nifty50,BEL.NS,2,0.28988184956483687
2019-06-18,nifty50,BHARTIARTL.NS,0,0.28988184956483687
2019-06-18,nifty50,BPCL.NS,2,0.28988184956483687
2019-06-18,nifty50,BRITANNIA.NS,3,0.28988184956483687
2019-06-18,nifty50,CIPLA.NS,1,0.28988184956483687
2019-06-18,nifty50,DIVISLAB.NS,0,0.28988184956483687
2019-06-18,nifty50,DRREDDY.NS,4,0.28988184956483687
2019-06-18,nifty50,EICHERMOT.NS,3,0.28988184956483687
2019-06-18,nifty50,GRASIM.NS,4,0.28988184956483687
2019-06-18,nifty50,HCLTECH.NS,1,0.28988184956483687
2019-06-18,nifty50,HDFCBANK.NS,0,0.28988184956483687
2019-06-18,nifty50,HEROMOTOCO.NS,3,0.28988184956483687
2019-06-18,nifty50,HINDALCO.NS,1,0.28988184956483687
2019-06-18,nifty50,HINDUNILVR.NS,3,0.28988184956483687
2019-06-18,nifty50,ICICIBANK.NS,0,0.28988184956483687
2019-06-18,nifty50,INDUSINDBK.NS,0,0.28988184956483687
2019-06-18,nifty50,INFY.NS,1,0.28988184956483687
2019-06-18,nifty50,ITC.NS,0,0.28988184956483687
2019-06-18,nifty50,JSWSTEEL.NS,1,0.28988184956483687
2019-06-18,nifty50,KOTAKBANK.NS,0,0.28988184956483687
2019-06-18,nifty50,LT.NS,0,0.28988184956483687
2019-06-18,nifty50,M&M.NS,4,0.28988184956483687
2019-06-18,nifty50,MARUTI.NS,3,0.28988184956483687
2019-06-18,nifty50,NESTLEIND.NS,3,0.28988184956483687
2019-06-18,nifty50,NTPC.NS,2,0.28988184956483687
2019-06-18,nifty50,ONGC.NS,2,0.28988184956483687
2019-06-18,nifty50,POWERGRID.NS,2,0.28988184956483687
2019-06-18,nifty50,RELIANCE.NS,0,0.28988184956483687
2019-06-18,nifty50,SBIN.NS,0,0.28988184956483687
2019-06-18,nifty50,SHRIRAMFIN.NS,4,0.28988184956483687
2019-06-18,nifty50,SUNPHARMA.NS,4,0.28988184956483687
2019-06-18,nifty50,TATACONSUM.NS,4,0.28988184956483687
2019-06-18,nifty50,TATASTEEL.NS,1,0.28988184956483687
2019-06-18,nifty50,TCS.NS,1,0.28988184956483687
2019-06-18,nifty50,TECHM.NS,1,0.28988184956483687
2019-06-18,nifty50,TITAN.NS,3,0.28988184956483687
2019-06-18,nifty50,ULTRACEMCO.NS,4,0.28988184956483687
2019-06-18,nifty50,WIPRO.NS,1,0.28988184956483687
2019-07-17,nifty50,ADANIENT.NS,3,0.36512945882875875
2019-07-17,nifty50,ADANIPORTS.NS,3,0.36512945882875875
2019-07-17,nifty50,APOLLOHOSP.NS,3,0.36512945882875875
2019-07-17,nifty50,ASIANPAINT.NS,0,0.36512945882875875
2019-07-17,nifty50,AXISBANK.NS,0,0.36512945882875875
2019-07-17,nifty50,BAJAJ-AUTO.NS,0,0.36512945882875875
2019-07-17,nifty50,BAJAJFINSV.NS,3,0.36512945882875875
2019-07-17,nifty50,BAJFINANCE.NS,3,0.36512945882875875
2019-07-17,nifty50,BEL.NS,3,0.36512945882875875
2019-07-17,nifty50,BHARTIARTL.NS,3,0.36512945882875875
2019-07-17,nifty50,BPCL.NS,0,0.36512945882875875
2019-07-17,nifty50,BRITANNIA.NS,0,0.36512945882875875
2019-07-17,nifty50,CIPLA.NS,1,0.36512945882875875
2019-07-17,nifty50,DIVISLAB.NS,0,0.36512945882875875
2019-07-17,nifty50,DRREDDY.NS,0,0.36512945882875875
2019-07-17,nifty50,EICHERMOT.NS,3,0.36512945882875875
2019-07-17,nifty50,GRASIM.NS,3,0.36512945882875875
2019-07-17,nifty50,HCLTECH.NS,1,0.36512945882875875
2019-07-17,nifty50,HDFCBANK.NS,0,0.36512945882875875
2019-07-17,nifty50,HEROMOTOCO.NS,0,0.36512945882875875
2019-07-17,nifty50,HINDALCO.NS,1,0.36512945882875875
2019-07-17,nifty50,HINDUNILVR.NS,0,0.36512945882875875
2019-07-17,nifty50,ICICIBANK.NS,0,0.36512945882875875
2019-07-17,nifty50,INDUSINDBK.NS,0,0.36512945882875875
2019-07-17,nifty50,INFY.NS,1,0.36512945882875875
2019-07-17,nifty50,ITC.NS,0,0.36512945882875875
2019-07-17,nifty50,JSWSTEEL.NS,1,0.36512945882875875
2019-07-17,nifty50,KOTAKBANK.NS,0,0.36512945882875875
2019-07-17,nifty50,LT.NS,3,0.36512945882875875
2019-07-17,nifty50,M&M.NS,3,0.36512945882875875
2019-07-17,nifty50,MARUTI.NS,0,0.36512945882875875
2019-07-17,nifty50,NESTLEIND.NS,0,0.36512945882875875
2019-07-17,nifty50,NTPC.NS,0,0.36512945882875875
2019-07-17,nifty50,ONGC.NS,0,0.36512945882875875
2019-07-17,nifty50,POWERGRID.NS,0,0.36512945882875875
2019-07-17,nifty50,RELIANCE.NS,0,0.36512945882875875
2019-07-17,nifty50,SBIN.NS,0,0.36512945882875875
2019-07-17,nifty50,SHRIRAMFIN.NS,0,0.36512945882875875
2019-07-17,nifty50,SUNPHARMA.NS,3,0.36512945882875875
2019-07-17,nifty50,TATACONSUM.NS,3,0.36512945882875875
2019-07-17,nifty50,TATASTEEL.NS,1,0.36512945882875875
2019-07-17,nifty50,TCS.NS,1,0.36512945882875875
2019-07-17,nifty50,TECHM.NS,1,0.36512945882875875
2019-07-17,nifty50,TITAN.NS,0,0.36512945882875875
2019-07-17,nifty50,ULTRACEMCO.NS,3,0.36512945882875875
2019-07-17,nifty50,WIPRO.NS,1,0.36512945882875875
2019-08-19,nifty50,ADANIENT.NS,4,0.19359677599910444
2019-08-19,nifty50,ADANIPORTS.NS,3,0.19359677599910444
2019-08-19,nifty50,APOLLOHOSP.NS,4,0.19359677599910444
2019-08-19,nifty50,ASIANPAINT.NS,3,0.19359677599910444
2019-08-19,nifty50,AXISBANK.NS,0,0.19359677599910444
2019-08-19,nifty50,BAJAJ-AUTO.NS,4,0.19359677599910444
2019-08-19,nifty50,BAJAJFINSV.NS,2,0.19359677599910444
2019-08-19,nifty50,BAJFINANCE.NS,2,0.19359677599910444
2019-08-19,nifty50,BEL.NS,0,0.19359677599910444
2019-08-19,nifty50,BHARTIARTL.NS,3,0.19359677599910444
2019-08-19,nifty50,BPCL.NS,0,0.19359677599910444
2019-08-19,nifty50,BRITANNIA.NS,2,0.19359677599910444
2019-08-19,nifty50,CIPLA.NS,3,0.19359677599910444
2019-08-19,nifty50,DIVISLAB.NS,4,0.19359677599910444
2019-08-19,nifty50,DRREDDY.NS,1,0.19359677599910444
2019-08-19,nifty50,EICHERMOT.NS,2,0.19359677599910444
2019-08-19,nifty50,GRASIM.NS,4,0.19359677599910444
2019-08-19,nifty50,HCLTECH.NS,1,0.19359677599910444
2019-08-19,nifty50,HDFCBANK.NS,2,0.19359677599910444
2019-08-19,nifty50,HEROMOTOCO.NS,4,0.19359677599910444
2019-08-19,nifty50,HINDALCO.NS,1,0.19359677599910444
2019-08-19,nifty50,HINDUNILVR.NS,2,0.19359677599910444
2019-08-19,nifty50,ICICIBANK.NS,0,0.19359677599910444
2019-08-19,nifty50,INDUSINDBK.NS,0,0.19359677599910444
2019-08-19,nifty50,INFY.NS,1,0.19359677599910444
2019-08-19,nifty50,ITC.NS,2,0.19359677599910444
2019-08-19,nifty50,JSWSTEEL.NS,1,0.19359677599910444
2019-08-19,nifty50,KOTAKBANK.NS,2,0.19359677599910444
2019-08-19,nifty50,LT.NS,3,0.19359677599910444
2019-08-19,nifty50,M&M.NS,4,0.19359677599910444
2019-08-19,nifty50,MARUTI.NS,4,0.19359677599910444
2019-08-19,nifty50,NESTLEIND.NS,2,0.19359677599910444
2019-08-19,nifty50,NTPC.NS,0,0.19359677599910444
2019-08-19,nifty50,ONGC.NS,0,0.19359677599910444
2019-08-19,nifty50,POWERGRID.NS,0,0.19359677599910444
2019-08-19,nifty50,RELIANCE.NS,0,0.19359677599910444
2019-08-19,nifty50,SBIN.NS,0,0.19359677599910444
2019-08-19,nifty50,SHRIRAMFIN.NS,0,0.19359677599910444
2019-08-19,nifty50,SUNPHARMA.NS,1,0.19359677599910444
2019-08-19,nifty50,TATACONSUM.NS,2,0.19359677599910444
2019-08-19,nifty50,TATASTEEL.NS,1,0.19359677599910444
2019-08-19,nifty50,TCS.NS,1,0.19359677599910444
2019-08-19,nifty50,TECHM.NS,1,0.19359677599910444
2019-08-19,nifty50,TITAN.NS,3,0.19359677599910444
2019-08-19,nifty50,ULTRACEMCO.NS,3,0.19359677599910444
2019-08-19,nifty50,WIPRO.NS,1,0.19359677599910444
2019-09-19,nifty50,ADANIENT.NS,3,0.4393788932021305
2019-09-19,nifty50,ADANIPORTS.NS,3,0.4393788932021305
2019-09-19,nifty50,APOLLOHOSP.NS,4,0.4393788932021305
2019-09-19,nifty50,ASIANPAINT.NS,4,0.4393788932021305
2019-09-19,nifty50,AXISBANK.NS,4,0.4393788932021305
2019-09-19,nifty50,BAJAJ-AUTO.NS,4,0.4393788932021305
2019-09-19,nifty50,BAJAJFINSV.NS,2,0.4393788932021305
2019-09-19,nifty50,BAJFINANCE.NS,2,0.4393788932021305
2019-09-19,nifty50,BEL.NS,4,0.4393788932021305
2019-09-19,nifty50,BHARTIARTL.NS,3,0.4393788932021305
2019-09-19,nifty50,BPCL.NS,4,0.4393788932021305
2019-09-19,nifty50,BRITANNIA.NS,2,0.4393788932021305
2019-09-19,nifty50,CIPLA.NS,3,0.4393788932021305
2019-09-19,nifty50,DIVISLAB.NS,3,0.4393788932021305
2019-09-19,nifty50,DRREDDY.NS,4,0.4393788932021305
2019-09-19,nifty50,EICHERMOT.NS,2,0.4393788932021305
2019-09-19,nifty50,GRASIM.NS,4,0.4393788932021305
2019-09-19,nifty50,HCLTECH.NS,0,0.4393788932021305
2019-09-19,nifty50,HDFCBANK.NS,2,0.4393788932021305
2019-09-19,nifty50,HEROMOTOCO.NS,4,0.4393788932021305
2019-09-19,nifty50,HINDALCO.NS,0,0.4393788932021305
2019-09-19,nifty50,HINDUNILVR.NS,2,0.4393788932021305
2019-09-19,nifty50,ICICIBANK.NS,4,0.4393788932021305
2019-09-19,nifty50,INDUSINDBK.NS,4,0.4393788932021305
2019-09-19,nifty50,INFY.NS,0,0.4393788932021305
2019-09-19,nifty50,ITC.NS,4,0.4393788932021305
2019-09-19,nifty50,JSWSTEEL.NS,0,0.4393788932021305
2019-09-19,nifty50,KOTAKBANK.NS,2,0.4393788932021305
2019-09-19,nifty50,LT.NS,4,0.4393788932021305
2019-09-19,nifty50,M&M.NS,4,0.4393788932021305
2019-09-19,nifty50,MARUTI.NS,4,0.4393788932021305
2019-09-19,nifty50,NESTLEIND.NS,2,0.4393788932021305
2019-09-19,nifty50,NTPC.NS,4,0.4393788932021305
2019-09-19,nifty50,ONGC.NS,4,0.4393788932021305
2019-09-19,nifty50,POWERGRID.NS,4,0.4393788932021305
2019-09-19,nifty50,RELIANCE.NS,0,0.4393788932021305
2019-09-19,nifty50,SBIN.NS,4,0.4393788932021305
2019-09-19,nifty50,SHRIRAMFIN.NS,4,0.4393788932021305
2019-09-19,nifty50,SUNPHARMA.NS,0,0.4393788932021305
2019-09-19,nifty50,TATACONSUM.NS,2,0.4393788932021305
2019-09-19,nifty50,TATASTEEL.NS,0,0.4393788932021305
2019-09-19,nifty50,TCS.NS,0,0.4393788932021305
2019-09-19,nifty50,TECHM.NS,0,0.4393788932021305
2019-09-19,nifty50,TITAN.NS,4,0.4393788932021305
2019-09-19,nifty50,ULTRACEMCO.NS,3,0.4393788932021305
2019-09-19,nifty50,WIPRO.NS,0,0.4393788932021305
2019-10-23,nifty50,ADANIENT.NS,5,0.10051423879694049
2019-10-23,nifty50,ADANIPORTS.NS,5,0.10051423879694049
2019-10-23,nifty50,APOLLOHOSP.NS,0,0.10051423879694049
2019-10-23,nifty50,ASIANPAINT.NS,2,0.10051423879694049
2019-10-23,nifty50,AXISBANK.NS,5,0.10051423879694049
2019-10-23,nifty50,BAJAJ-AUTO.NS,0,0.10051423879694049
2019-10-23,nifty50,BAJAJFINSV.NS,5,0.10051423879694049
2019-10-23,nifty50,BAJFINANCE.NS,5,0.10051423879694049
2019-10-23,nifty50,BEL.NS,5,0.10051423879694049
2019-10-23,nifty50,BHARTIARTL.NS,5,0.10051423879694049
2019-10-23,nifty50,BPCL.NS,4,0.10051423879694049
2019-10-23,nifty50,BRITANNIA.NS,0,0.10051423879694049
2019-10-23,nifty50,CIPLA.NS,4,0.10051423879694049
2019-10-23,nifty50,DIVISLAB.NS,1,0.10051423879694049
2019-10-23,nifty50,DRREDDY.NS,0,0.10051423879694049
2019-10-23,nifty50,EICHERMOT.NS,0,0.10051423879694049
2019-10-23,nifty50,GRASIM.NS,5,0.10051423879694049
2019-10-23,nifty50,HCLTECH.NS,1,0.10051423879694049
2019-10-23,nifty50,HDFCBANK.NS,2,0.10051423879694049
2019-10-23,nifty50,HEROMOTOCO.NS,0,0.10051423879694049
2019-10-23,nifty50,HINDALCO.NS,0,0.10051423879694049
2019-10-23,nifty50,HINDUNILVR.NS,2,0.10051423879694049
2019-10-23,nifty50,ICICIBANK.NS,4,0.10051423879694049
2019-10-23,nifty50,INDUSINDBK.NS,4,0.10051423879694049
2019-10-23,nifty50,INFY.NS,1,0.10051423879694049
2019-10-23,nifty50,ITC.NS,5,0.10051423879694049
2019-10-23,nifty50,JSWSTEEL.NS,0,0.10051423879694049
2019-10-23,nifty50,KOTAKBANK.NS,5,0.10051423879694049
2019-10-23,nifty50,LT.NS,5,0.10051423879694049
2019-10-23,nifty50,M&M.NS,0,0.10051423879694049
2019-10-23,nifty50,MARUTI.NS,0,0.10051423879694049
2019-10-23,nifty50,NESTLEIND.NS,2,0.10051423879694049
2019-10-23,nifty50,NTPC.NS,5,0.10051423879694049
2019-10-23,nifty50,ONGC.NS,4,0.10051423879694049
2019-10-23,nifty50,POWERGRID.NS,5,0.10051423879694049
2019-10-23,nifty50,RELIANCE.NS,0,0.10051423879694049
2019-10-23,nifty50,SBIN.NS,0,0.10051423879694049
2019-10-23,nifty50,SHRIRAMFIN.NS,5,0.10051423879694049
2019-10-23,nifty50,SUNPHARMA.NS,0,0.10051423879694049
2019-10-23,nifty50,TATACONSUM.NS,5,0.10051423879694049
2019-10-23,nifty50,TATASTEEL.NS,0,0.10051423879694049
2019-10-23,nifty50,TCS.NS,1,0.10051423879694049
2019-10-23,nifty50,TECHM.NS,1,0.10051423879694049
2019-10-23,nifty50,TITAN.NS,2,0.10051423879694049
2019-10-23,nifty50,ULTRACEMCO.NS,4,0.10051423879694049
2019-10-23,nifty50,WIPRO.NS,1,0.10051423879694049
2019-11-22,nifty50,ADANIENT.NS,0,0.2185166473276001
2019-11-22,nifty50,ADANIPORTS.NS,1,0.2185166473276001
2019-11-22,nifty50,APOLLOHOSP.NS,4,0.2185166473276001
2019-11-22,nifty50,ASIANPAINT.NS,2,0.2185166473276001
2019-11-22,nifty50,AXISBANK.NS,4,0.2185166473276001
2019-11-22,nifty50,BAJAJ-AUTO.NS,4,0.2185166473276001
2019-11-22,nifty50,BAJAJFINSV.NS,2,0.2185166473276001
2019-11-22,nifty50,BAJFINANCE.NS,2,0.2185166473276001
2019-11-22,nifty50,BEL.NS,0,0.2185166473276001
2019-11-22,nifty50,BHARTIARTL.NS,1,0.2185166473276001
2019-11-22,nifty50,BPCL.NS,4,0.2185166473276001
2019-11-22,nifty50,BRITANNIA.NS,4,0.2185166473276001
2019-11-22,nifty50,CIPLA.NS,0,0.2185166473276001
2019-11-22,nifty50,DIVISLAB.NS,1,0.2185166473276001
2019-11-22,nifty50,DRREDDY.NS,4,0.2185166473276001
2019-11-22,nifty50,EICHERMOT.NS,4,0.2185166473276001
2019-11-22,nifty50,GRASIM.NS,0,0.2185166473276001
2019-11-22,nifty50,HCLTECH.NS,1,0.2185166473276001
2019-11-22,nifty50,HDFCBANK.NS,2,0.2185166473276001
2019-11-22,nifty50,HEROMOTOCO.NS,4,0.2185166473276001
2019-11-22,nifty50,HINDALCO.NS,0,0.2185166473276001
2019-11-22,nifty50,HINDUNILVR.NS,2,0.2185166473276001
2019-11-22,nifty50,ICICIBANK.NS,3,0.2185166473276001
2019-11-22,nifty50,INDUSINDBK.NS,3,0.2185166473276001
2019-11-22,nifty50,INFY.NS,1,0.2185166473276001
2019-11-22,nifty50,ITC.NS,2,0.2185166473276001
2019-11-22,nifty50,JSWSTEEL.NS,0,0.2185166473276001
2019-11-22,nifty50,KOTAKBANK.NS,2,0.2185166473276001
2019-11-22,nifty50,LT.NS,2,0.2185166473276001
2019-11-22,nifty50,M&M.NS,4,0.2185166473276001
2019-11-22,nifty50,MARUTI.NS,4,0.2185166473276001
2019-11-22,nifty50,NESTLEIND.NS,2,0.2185166473276001
2019-11-22,nifty50,NTPC.NS,0,0.2185166473276001
2019-11-22,nifty50,ONGC.NS,0,0.2185166473276001
2019-11-22,nifty50,POWERGRID.NS,0,0.2185166473276001
2019-11-22,nifty50,RELIANCE.NS,0,0.2185166473276001
2019-11-22,nifty50,SBIN.NS,3,0.2185166473276001
2019-11-22,nifty50,SHRIRAMFIN.NS,4,0.2185166473276001
2019-11-22,nifty50,SUNPHARMA.NS,0,0.2185166473276001
2019-11-22,nifty50,TATACONSUM.NS,3,0.2185166473276001
2019-11-22,nifty50,TATASTEEL.NS,0,0.2185166473276001
2019-11-22,nifty50,TCS.NS,1,0.2185166473276001
2019-11-22,nifty50,TECHM.NS,1,0.2185166473276001
2019-11-22,nifty50,TITAN.NS,4,0.2185166473276001
2019-11-22,nifty50,ULTRACEMCO.NS,3,0.2185166473276001
2019-11-22,nifty50,WIPRO.NS,1,0.2185166473276001
2019-12-23,nifty50,ADANIENT.NS,0,0.504402820790269
2019-12-23,nifty50,ADANIPORTS.NS,0,0.504402820790269
2019-12-23,nifty50,APOLLOHOSP.NS,5,0.504402820790269
2019-12-23,nifty50,ASIANPAINT.NS,2,0.504402820790269
2019-12-23,nifty50,AXISBANK.NS,4,0.504402820790269
2019-12-23,nifty50,BAJAJ-AUTO.NS,5,0.504402820790269
2019-12-23,nifty50,BAJAJFINSV.NS,2,0.504402820790269
2019-12-23,nifty50,BAJFINANCE.NS,2,0.504402820790269
2019-12-23,nifty50,BEL.NS,3,0.504402820790269
2019-12-23,nifty50,BHARTIARTL.NS,0,0.504402820790269
2019-12-23,nifty50,BPCL.NS,2,0.504402820790269
2019-12-23,nifty50,BRITANNIA.NS,2,0.504402820790269
2019-12-23,nifty50,CIPLA.NS,4,0.504402820790269
2019-12-23,nifty50,DIVISLAB.NS,1,0.504402820790269
2019-12-23,nifty50,DRREDDY.NS,5,0.504402820790269
2019-12-23,nifty50,EICHERMOT.NS,5,0.504402820790269
2019-12-23,nifty50,GRASIM.NS,0,0.504402820790269
2019-12-23,nifty50,HCLTECH.NS,1,0.504402820790269
2019-12-23,nifty50,HDFCBANK.NS,2,0.504402820790269
2019-12-23,nifty50,HEROMOTOCO.NS,5,0.504402820790269
2019-12-23,nifty50,HINDALCO.NS,0,0.504402820790269
2019-12-23,nifty50,HINDUNILVR.NS,2,0.504402820790269
2019-12-23,nifty50,ICICIBANK.NS,4,0.504402820790269
2019-12-23,nifty50,INDUSINDBK.NS,4,0.504402820790269
2019-12-23,nifty50,INFY.NS,1,0.504402820790269
2019-12-23,nifty50,ITC.NS,2,0.504402820790269
2019-12-23,nifty50,JSWSTEEL.NS,0,0.504402820790269
2019-12-23,nifty50,KOTAKBANK.NS,2,0.504402820790269
2019-12-23,nifty50,LT.NS,2,0.504402820790269
2019-12-23,nifty50,M&M.NS,5,0.504402820790269
2019-12-23,nifty50,MARUTI.NS,5,0.504402820790269
2019-12-23,nifty50,NESTLEIND.NS,2,0.504402820790269
2019-12-23,nifty50,NTPC.NS,3,0.504402820790269
2019-12-23,nifty50,ONGC.NS,3,0.504402820790269
2019-12-23,nifty50,POWERGRID.NS,3,0.504402820790269
2019-12-23,nifty50,RELIANCE.NS,0,0.504402820790269
2019-12-23,nifty50,SBIN.NS,4,0.504402820790269
2019-12-23,nifty50,SHRIRAMFIN.NS,4,0.504402820790269
2019-12-23,nifty50,SUNPHARMA.NS,0,0.504402820790269
2019-12-23,nifty50,TATACONSUM.NS,0,0.504402820790269
2019-12-23,nifty50,TATASTEEL.NS,0,0.504402820790269
2019-12-23,nifty50,TCS.NS,1,0.504402820790269
2019-12-23,nifty50,TECHM.NS,1,0.504402820790269
2019-12-23,nifty50,TITAN.NS,5,0.504402820790269
2019-12-23,nifty50,ULTRACEMCO.NS,0,0.504402820790269
2019-12-23,nifty50,WIPRO.NS,1,0.504402820790269
2020-01-22,nifty50,ADANIENT.NS,3,0.5880750718256782
2020-01-22,nifty50,ADANIPORTS.NS,3,0.5880750718256782
2020-01-22,nifty50,APOLLOHOSP.NS,3,0.5880750718256782
2020-01-22,nifty50,ASIANPAINT.NS,2,0.5880750718256782
2020-01-22,nifty50,AXISBANK.NS,3,0.5880750718256782
2020-01-22,nifty50,BAJAJ-AUTO.NS,4,0.5880750718256782
2020-01-22,nifty50,BAJAJFINSV.NS,2,0.5880750718256782
2020-01-22,nifty50,BAJFINANCE.NS,2,0.5880750718256782
2020-01-22,nifty50,BEL.NS,0,0.5880750718256782
2020-01-22,nifty50,BHARTIARTL.NS,1,0.5880750718256782
2020-01-22,nifty50,BPCL.NS,2,0.5880750718256782
2020-01-22,nifty50,BRITANNIA.NS,2,0.5880750718256782
2020-01-22,nifty50,CIPLA.NS,3,0.5880750718256782
2020-01-22,nifty50,DIVISLAB.NS,1,0.5880750718256782
2020-01-22,nifty50,DRREDDY.NS,3,0.5880750718256782
2020-01-22,nifty50,EICHERMOT.NS,4,0.5880750718256782
2020-01-22,nifty50,GRASIM.NS,0,0.5880750718256782
2020-01-22,nifty50,HCLTECH.NS,1,0.5880750718256782
2020-01-22,nifty50,HDFCBANK.NS,2,0.5880750718256782
2020-01-22,nifty50,HEROMOTOCO.NS,4,0.5880750718256782
2020-01-22,nifty50,HINDALCO.NS,0,0.5880750718256782
2020-01-22,nifty50,HINDUNILVR.NS,2,0.5880750718256782
2020-01-22,nifty50,ICICIBANK.NS,3,0.5880750718256782
2020-01-22,nifty50,INDUSINDBK.NS,3,0.5880750718256782
2020-01-22,nifty50,INFY.NS,1,0.5880750718256782
2020-01-22,nifty50,ITC.NS,2,0.5880750718256782
2020-01-22,nifty50,JSWSTEEL.NS,0,0.5880750718256782
2020-01-22,nifty50,KOTAKBANK.NS,2,0.5880750718256782
2020-01-22,nifty50,LT.NS,2,0.5880750718256782
2020-01-22,nifty50,M&M.NS,4,0.5880750718256782
2020-01-22,nifty50,MARUTI.NS,4,0.5880750718256782
2020-01-22,nifty50,NESTLEIND.NS,2,0.5880750718256782
2020-01-22,nifty50,NTPC.NS,0,0.5880750718256782
2020-01-22,nifty50,ONGC.NS,0,0.5880750718256782
2020-01-22,nifty50,POWERGRID.NS,0,0.5880750718256782
2020-01-22,nifty50,RELIANCE.NS,0,0.5880750718256782
2020-01-22,nifty50,SBIN.NS,3,0.5880750718256782
2020-01-22,nifty50,SHRIRAMFIN.NS,3,0.5880750718256782
2020-01-22,nifty50,SUNPHARMA.NS,3,0.5880750718256782
2020-01-22,nifty50,TATACONSUM.NS,0,0.5880750718256782
2020-01-22,nifty50,TATASTEEL.NS,0,0.5880750718256782
2020-01-22,nifty50,TCS.NS,1,0.5880750718256782
2020-01-22,nifty50,TECHM.NS,1,0.5880750718256782
2020-01-22,nifty50,TITAN.NS,4,0.5880750718256782
2020-01-22,nifty50,ULTRACEMCO.NS,0,0.5880750718256782
2020-01-22,nifty50,WIPRO.NS,3,0.5880750718256782
2020-02-20,nifty50,ADANIENT.NS,0,0.20867299139592732
2020-02-20,nifty50,ADANIPORTS.NS,2,0.20867299139592732
2020-02-20,nifty50,APOLLOHOSP.NS,2,0.20867299139592732
2020-02-20,nifty50,ASIANPAINT.NS,1,0.20867299139592732
2020-02-20,nifty50,AXISBANK.NS,0,0.20867299139592732
2020-02-20,nifty50,BAJAJ-AUTO.NS,1,0.20867299139592732
2020-02-20,nifty50,BAJAJFINSV.NS,2,0.20867299139592732
2020-02-20,nifty50,BAJFINANCE.NS,2,0.20867299139592732
2020-02-20,nifty50,BEL.NS,3,0.20867299139592732
2020-02-20,nifty50,BHARTIARTL.NS,2,0.20867299139592732
2020-02-20,nifty50,BPCL.NS,2,0.20867299139592732
2020-02-20,nifty50,BRITANNIA.NS,2,0.20867299139592732
2020-02-20,nifty50,CIPLA.NS,0,0.20867299139592732
2020-02-20,nifty50,DIVISLAB.NS,2,0.20867299139592732
2020-02-20,nifty50,DRREDDY.NS,0,0.20867299139592732
2020-02-20,nifty50,EICHERMOT.NS,1,0.20867299139592732
2020-02-20,nifty50,GRASIM.NS,2,0.20867299139592732
2020-02-20,nifty50,HCLTECH.NS,1,0.20867299139592732
2020-02-20,nifty50,HDFCBANK.NS,2,0.20867299139592732
2020-02-20,nifty50,HEROMOTOCO.NS,1,0.20867299139592732
2020-02-20,nifty50,HINDALCO.NS,3,0.20867299139592732
2020-02-20,nifty50,HINDUNILVR.NS,1,0.20867299139592732
2020-02-20,nifty50,ICICIBANK.NS,2,0.20867299139592732
2020-02-20,nifty50,INDUSINDBK.NS,3,0.20867299139592732
2020-02-20,nifty50,INFY.NS,1,0.20867299139592732
2020-02-20,nifty50,ITC.NS,0,0.20867299139592732
2020-02-20,nifty50,JSWSTEEL.NS,3,0.20867299139592732
2020-02-20,nifty50,KOTAKBANK.NS,2,0.20867299139592732
2020-02-20,nifty50,LT.NS,2,0.20867299139592732
2020-02-20,nifty50,M&M.NS,1,0.20867299139592732
2020-02-20,nifty50,MARUTI.NS,1,0.20867299139592732
2020-02-20,nifty50,NESTLEIND.NS,1,0.20867299139592732
2020-02-20,nifty50,NTPC.NS,3,0.20867299139592732
2020-02-20,nifty50,ONGC.NS,3,0.20867299139592732
2020-02-20,nifty50,POWERGRID.NS,3,0.20867299139592732
2020-02-20,nifty50,RELIANCE.NS,0,0.20867299139592732
2020-02-20,nifty50,SBIN.NS,0,0.20867299139592732
2020-02-20,nifty50,SHRIRAMFIN.NS,0,0.20867299139592732
2020-02-20,nifty50,SUNPHARMA.NS,3,0.20867299139592732
2020-02-20,nifty50,TATACONSUM.NS,0,0.20867299139592732
2020-02-20,nifty50,TATASTEEL.NS,3,0.20867299139592732
2020-02-20,nifty50,TCS.NS,1,0.20867299139592732
2020-02-20,nifty50,TECHM.NS,1,0.20867299139592732
2020-02-20,nifty50,TITAN.NS,1,0.20867299139592732
2020-02-20,nifty50,ULTRACEMCO.NS,2,0.20867299139592732
2020-02-20,nifty50,WIPRO.NS,1,0.20867299139592732
2020-03-24,nifty50,ADANIENT.NS,3,0.08646140183677006
2020-03-24,nifty50,ADANIPORTS.NS,3,0.08646140183677006
2020-03-24,nifty50,APOLLOHOSP.NS,2,0.08646140183677006
2020-03-24,nifty50,ASIANPAINT.NS,4,0.08646140183677006
2020-03-24,nifty50,AXISBANK.NS,3,0.08646140183677006
2020-03-24,nifty50,BAJAJ-AUTO.NS,1,0.08646140183677006
2020-03-24,nifty50,BAJAJFINSV.NS,1,0.08646140183677006
2020-03-24,nifty50,BAJFINANCE.NS,3,0.08646140183677006
2020-03-24,nifty50,BEL.NS,0,0.08646140183677006
2020-03-24,nifty50,BHARTIARTL.NS,2,0.08646140183677006
2020-03-24,nifty50,BPCL.NS,1,0.08646140183677006
2020-03-24,nifty50,BRITANNIA.NS,4,0.08646140183677006
2020-03-24,nifty50,CIPLA.NS,2,0.08646140183677006
2020-03-24,nifty50,DIVISLAB.NS,2,0.08646140183677006
2020-03-24,nifty50,DRREDDY.NS,2,0.08646140183677006
2020-03-24,nifty50,EICHERMOT.NS,4,0.08646140183677006
2020-03-24,nifty50,GRASIM.NS,2,0.08646140183677006
2020-03-24,nifty50,HCLTECH.NS,0,0.08646140183677006
2020-03-24,nifty50,HDFCBANK.NS,1,0.08646140183677006
2020-03-24,nifty50,HEROMOTOCO.NS,1,0.08646140183677006
2020-03-24,nifty50,HINDALCO.NS,2,0.08646140183677006
2020-03-24,nifty50,HINDUNILVR.NS,4,0.08646140183677006
2020-03-24,nifty50,ICICIBANK.NS,3,0.08646140183677006
2020-03-24,nifty50,INDUSINDBK.NS,1,0.08646140183677006
2020-03-24,nifty50,INFY.NS,0,0.08646140183677006
2020-03-24,nifty50,ITC.NS,1,0.08646140183677006
2020-03-24,nifty50,JSWSTEEL.NS,2,0.08646140183677006
2020-03-24,nifty50,KOTAKBANK.NS,1,0.08646140183677006
2020-03-24,nifty50,LT.NS,1,0.08646140183677006
2020-03-24,nifty50,M&M.NS,2,0.08646140183677006
2020-03-24,nifty50,MARUTI.NS,4,0.08646140183677006
2020-03-24,nifty50,NESTLEIND.NS,4,0.08646140183677006
2020-03-24,nifty50,NTPC.NS,0,0.08646140183677006
2020-03-24,nifty50,ONGC.NS,0,0.08646140183677006
2020-03-24,nifty50,POWERGRID.NS,0,0.08646140183677006
2020-03-24,nifty50,RELIANCE.NS,0,0.08646140183677006
2020-03-24,nifty50,SBIN.NS,2,0.08646140183677006
2020-03-24,nifty50,SHRIRAMFIN.NS,3,0.08646140183677006
2020-03-24,nifty50,SUNPHARMA.NS,2,0.08646140183677006
2020-03-24,nifty50,TATACONSUM.NS,3,0.08646140183677006
2020-03-24,nifty50,TATASTEEL.NS,2,0.08646140183677006
2020-03-24,nifty50,TCS.NS,0,0.08646140183677006
2020-03-24,nifty50,TECHM.NS,0,0.08646140183677006
2020-03-24,nifty50,TITAN.NS,3,0.08646140183677006
2020-03-24,nifty50,ULTRACEMCO.NS,2,0.08646140183677006
2020-03-24,nifty50,WIPRO.NS,0,0.08646140183677006
2020-04-28,nifty50,ADANIENT.NS,1,0.14256949729424617
2020-04-28,nifty50,ADANIPORTS.NS,3,0.14256949729424617
2020-04-28,nifty50,APOLLOHOSP.NS,3,0.14256949729424617
2020-04-28,nifty50,ASIANPAINT.NS,4,0.14256949729424617
2020-04-28,nifty50,AXISBANK.NS,0,0.14256949729424617
2020-04-28,nifty50,BAJAJ-AUTO.NS,0,0.14256949729424617
2020-04-28,nifty50,BAJAJFINSV.NS,0,0.14256949729424617
2020-04-28,nifty50,BAJFINANCE.NS,0,0.14256949729424617
2020-04-28,nifty50,BEL.NS,1,0.14256949729424617
2020-04-28,nifty50,BHARTIARTL.NS,2,0.14256949729424617
2020-04-28,nifty50,BPCL.NS,2,0.14256949729424617
2020-04-28,nifty50,BRITANNIA.NS,4,0.14256949729424617
2020-04-28,nifty50,CIPLA.NS,0,0.14256949729424617
2020-04-28,nifty50,DIVISLAB.NS,0,0.14256949729424617
2020-04-28,nifty50,DRREDDY.NS,4,0.14256949729424617
2020-04-28,nifty50,EICHERMOT.NS,0,0.14256949729424617
2020-04-28,nifty50,GRASIM.NS,2,0.14256949729424617
2020-04-28,nifty50,HCLTECH.NS,1,0.14256949729424617
2020-04-28,nifty50,HDFCBANK.NS,0,0.14256949729424617
2020-04-28,nifty50,HEROMOTOCO.NS,0,0.14256949729424617
2020-04-28,nifty50,HINDALCO.NS,2,0.14256949729424617
2020-04-28,nifty50,HINDUNILVR.NS,4,0.14256949729424617
2020-04-28,nifty50,ICICIBANK.NS,0,0.14256949729424617
2020-04-28,nifty50,INDUSINDBK.NS,0,0.14256949729424617
2020-04-28,nifty50,INFY.NS,1,0.14256949729424617
2020-04-28,nifty50,ITC.NS,3,0.14256949729424617
2020-04-28,nifty50,JSWSTEEL.NS,2,0.14256949729424617
2020-04-28,nifty50,KOTAKBANK.NS,0,0.14256949729424617
2020-04-28,nifty50,LT.NS,3,0.14256949729424617
2020-04-28,nifty50,M&M.NS,2,0.14256949729424617
2020-04-28,nifty50,MARUTI.NS,0,0.14256949729424617
2020-04-28,nifty50,NESTLEIND.NS,4,0.14256949729424617
2020-04-28,nifty50,NTPC.NS,2,0.14256949729424617
2020-04-28,nifty50,ONGC.NS,1,0.14256949729424617
2020-04-28,nifty50,POWERGRID.NS,2,0.14256949729424617
2020-04-28,nifty50,RELIANCE.NS,0,0.14256949729424617
2020-04-28,nifty50,SBIN.NS,3,0.14256949729424617
2020-04-28,nifty50,SHRIRAMFIN.NS,0,0.14256949729424617
2020-04-28,nifty50,SUNPHARMA.NS,0,0.14256949729424617
2020-04-28,nifty50,TATACONSUM.NS,2,0.14256949729424617
2020-04-28,nifty50,TATASTEEL.NS,2,0.14256949729424617
2020-04-28,nifty50,TCS.NS,1,0.14256949729424617
2020-04-28,nifty50,TECHM.NS,3,0.14256949729424617
2020-04-28,nifty50,TITAN.NS,0,0.14256949729424617
2020-04-28,nifty50,ULTRACEMCO.NS,3,0.14256949729424617
2020-04-28,nifty50,WIPRO.NS,1,0.14256949729424617
2020-05-29,nifty50,ADANIENT.NS,1,0.28890118968476275
2020-05-29,nifty50,ADANIPORTS.NS,0,0.28890118968476275
2020-05-29,nifty50,APOLLOHOSP.NS,4,0.28890118968476275
2020-05-29,nifty50,ASIANPAINT.NS,4,0.28890118968476275
2020-05-29,nifty50,AXISBANK.NS,2,0.28890118968476275
2020-05-29,nifty50,BAJAJ-AUTO.NS,0,0.28890118968476275
2020-05-29,nifty50,BAJAJFINSV.NS,2,0.28890118968476275
2020-05-29,nifty50,BAJFINANCE.NS,2,0.28890118968476275
2020-05-29,nifty50,BEL.NS,3,0.28890118968476275
2020-05-29,nifty50,BHARTIARTL.NS,3,0.28890118968476275
2020-05-29,nifty50,BPCL.NS,3,0.28890118968476275
2020-05-29,nifty50,BRITANNIA.NS,4,0.28890118968476275
2020-05-29,nifty50,CIPLA.NS,4,0.28890118968476275
2020-05-29,nifty50,DIVISLAB.NS,4,0.28890118968476275
2020-05-29,nifty50,DRREDDY.NS,4,0.28890118968476275
2020-05-29,nifty50,EICHERMOT.NS,0,0.28890118968476275
2020-05-29,nifty50,GRASIM.NS,3,0.28890118968476275
2020-05-29,nifty50,HCLTECH.NS,1,0.28890118968476275
2020-05-29,nifty50,HDFCBANK.NS,2,0.28890118968476275
2020-05-29,nifty50,HEROMOTOCO.NS,0,0.28890118968476275
2020-05-29,nifty50,HINDALCO.NS,0,0.28890118968476275
2020-05-29,nifty50,HINDUNILVR.NS,4,0.28890118968476275
2020-05-29,nifty50,ICICIBANK.NS,2,0.28890118968476275
2020-05-29,nifty50,INDUSINDBK.NS,2,0.28890118968476275
2020-05-29,nifty50,INFY.NS,1,0.28890118968476275
2020-05-29,nifty50,ITC.NS,2,0.28890118968476275
2020-05-29,nifty50,JSWSTEEL.NS,0,0.28890118968476275
2020-05-29,nifty50,KOTAKBANK.NS,2,0.28890118968476275
2020-05-29,nifty50,LT.NS,3,0.28890118968476275
2020-05-29,nifty50,M&M.NS,0,0.28890118968476275
2020-05-29,nifty50,MARUTI.NS,0,0.28890118968476275
2020-05-29,nifty50,NESTLEIND.NS,4,0.28890118968476275
2020-05-29,nifty50,NTPC.NS,0,0.28890118968476275
2020-05-29,nifty50,ONGC.NS,1,0.28890118968476275
2020-05-29,nifty50,POWERGRID.NS,0,0.28890118968476275
2020-05-29,nifty50,RELIANCE.NS,0,0.28890118968476275
2020-05-29,nifty50,SBIN.NS,2,0.28890118968476275
2020-05-29,nifty50,SHRIRAMFIN.NS,2,0.28890118968476275
2020-05-29,nifty50,SUNPHARMA.NS,4,0.28890118968476275
2020-05-29,nifty50,TATACONSUM.NS,0,0.28890118968476275
2020-05-29,nifty50,TATASTEEL.NS,0,0.28890118968476275
2020-05-29,nifty50,TCS.NS,1,0.28890118968476275
2020-05-29,nifty50,TECHM.NS,1,0.28890118968476275
2020-05-29,nifty50,TITAN.NS,0,0.28890118968476275
2020-05-29,nifty50,ULTRACEMCO.NS,3,0.28890118968476275
2020-05-29,nifty50,WIPRO.NS,1,0.28890118968476275
2020-06-29,nifty50,ADANIENT.NS,1,0.5087566463396317
2020-06-29,nifty50,ADANIPORTS.NS,0,0.5087566463396317
2020-06-29,nifty50,APOLLOHOSP.NS,0,0.5087566463396317
2020-06-29,nifty50,ASIANPAINT.NS,0,0.5087566463396317
2020-06-29,nifty50,AXISBANK.NS,2,0.5087566463396317
2020-06-29,nifty50,BAJAJ-AUTO.NS,4,0.5087566463396317
2020-06-29,nifty50,BAJAJFINSV.NS,2,0.5087566463396317
2020-06-29,nifty50,BAJFINANCE.NS,2,0.5087566463396317
2020-06-29,nifty50,BEL.NS,3,0.5087566463396317
2020-06-29,nifty50,BHARTIARTL.NS,3,0.5087566463396317
2020-06-29,nifty50,BPCL.NS,3,0.5087566463396317
2020-06-29,nifty50,BRITANNIA.NS,0,0.5087566463396317
2020-06-29,nifty50,CIPLA.NS,1,0.5087566463396317
2020-06-29,nifty50,DIVISLAB.NS,1,0.5087566463396317
2020-06-29,nifty50,DRREDDY.NS,0,0.5087566463396317
2020-06-29,nifty50,EICHERMOT.NS,4,0.5087566463396317
2020-06-29,nifty50,GRASIM.NS,3,0.5087566463396317
2020-06-29,nifty50,HCLTECH.NS,1,0.5087566463396317
2020-06-29,nifty50,HDFCBANK.NS,2,0.5087566463396317
2020-06-29,nifty50,HEROMOTOCO.NS,4,0.5087566463396317
2020-06-29,nifty50,HINDALCO.NS,3,0.5087566463396317
2020-06-29,nifty50,HINDUNILVR.NS,0,0.5087566463396317
2020-06-29,nifty50,ICICIBANK.NS,2,0.5087566463396317
2020-06-29,nifty50,INDUSINDBK.NS,2,0.5087566463396317
2020-06-29,nifty50,INFY.NS,1,0.5087566463396317
2020-06-29,nifty50,ITC.NS,4,0.5087566463396317
2020-06-29,nifty50,JSWSTEEL.NS,4,0.5087566463396317
2020-06-29,nifty50,KOTAKBANK.NS,2,0.5087566463396317
2020-06-29,nifty50,LT.NS,3,0.5087566463396317
2020-06-29,nifty50,M&M.NS,3,0.5087566463396317
2020-06-29,nifty50,MARUTI.NS,4,0.5087566463396317
2020-06-29,nifty50,NESTLEIND.NS,0,0.5087566463396317
2020-06-29,nifty50,NTPC.NS,3,0.5087566463396317
2020-06-29,nifty50,ONGC.NS,1,0.5087566463396317
2020-06-29,nifty50,POWERGRID.NS,3,0.5087566463396317
2020-06-29,nifty50,RELIANCE.NS,0,0.5087566463396317
2020-06-29,nifty50,SBIN.NS,2,0.5087566463396317
2020-06-29,nifty50,SHRIRAMFIN.NS,2,0.5087566463396317
2020-06-29,nifty50,SUNPHARMA.NS,1,0.5087566463396317
2020-06-29,nifty50,TATACONSUM.NS,0,0.5087566463396317
2020-06-29,nifty50,TATASTEEL.NS,4,0.5087566463396317
2020-06-29,nifty50,TCS.NS,1,0.5087566463396317
2020-06-29,nifty50,TECHM.NS,1,0.5087566463396317
2020-06-29,nifty50,TITAN.NS,4,0.5087566463396317
2020-06-29,nifty50,ULTRACEMCO.NS,3,0.5087566463396317
2020-06-29,nifty50,WIPRO.NS,1,0.5087566463396317
2020-07-28,nifty50,ADANIENT.NS,1,0.5610965490759137
2020-07-28,nifty50,ADANIPORTS.NS,0,0.5610965490759137
2020-07-28,nifty50,APOLLOHOSP.NS,3,0.5610965490759137
2020-07-28,nifty50,ASIANPAINT.NS,3,0.5610965490759137
2020-07-28,nifty50,AXISBANK.NS,2,0.5610965490759137
2020-07-28,nifty50,BAJAJ-AUTO.NS,4,0.5610965490759137
2020-07-28,nifty50,BAJAJFINSV.NS,2,0.5610965490759137
2020-07-28,nifty50,BAJFINANCE.NS,2,0.5610965490759137
2020-07-28,nifty50,BEL.NS,5,0.5610965490759137
2020-07-28,nifty50,BHARTIARTL.NS,0,0.5610965490759137
2020-07-28,nifty50,BPCL.NS,5,0.5610965490759137
2020-07-28,nifty50,BRITANNIA.NS,3,0.5610965490759137
2020-07-28,nifty50,CIPLA.NS,0,0.5610965490759137
2020-07-28,nifty50,DIVISLAB.NS,0,0.5610965490759137
2020-07-28,nifty50,DRREDDY.NS,3,0.5610965490759137
2020-07-28,nifty50,EICHERMOT.NS,4,0.5610965490759137
2020-07-28,nifty50,GRASIM.NS,0,0.5610965490759137
2020-07-28,nifty50,HCLTECH.NS,1,0.5610965490759137
2020-07-28,nifty50,HDFCBANK.NS,2,0.5610965490759137
2020-07-28,nifty50,HEROMOTOCO.NS,4,0.5610965490759137
2020-07-28,nifty50,HINDALCO.NS,5,0.5610965490759137
2020-07-28,nifty50,HINDUNILVR.NS,3,0.5610965490759137
2020-07-28,nifty50,ICICIBANK.NS,2,0.5610965490759137
2020-07-28,nifty50,INDUSINDBK.NS,2,0.5610965490759137
2020-07-28,nifty50,INFY.NS,1,0.5610965490759137
2020-07-28,nifty50,ITC.NS,1,0.5610965490759137
2020-07-28,nifty50,JSWSTEEL.NS,4,0.5610965490759137
2020-07-28,nifty50,KOTAKBANK.NS,2,0.5610965490759137
2020-07-28,nifty50,LT.NS,5,0.5610965490759137
2020-07-28,nifty50,M&M.NS,4,0.5610965490759137
2020-07-28,nifty50,MARUTI.NS,4,0.5610965490759137
2020-07-28,nifty50,NESTLEIND.NS,3,0.5610965490759137
2020-07-28,nifty50,NTPC.NS,5,0.5610965490759137
2020-07-28,nifty50,ONGC.NS,1,0.5610965490759137
2020-07-28,nifty50,POWERGRID.NS,5,0.5610965490759137
2020-07-28,nifty50,RELIANCE.NS,0,0.5610965490759137
2020-07-28,nifty50,SBIN.NS,2,0.5610965490759137
2020-07-28,nifty50,SHRIRAMFIN.NS,2,0.5610965490759137
2020-07-28,nifty50,SUNPHARMA.NS,0,0.5610965490759137
2020-07-28,nifty50,TATACONSUM.NS,0,0.5610965490759137
2020-07-28,nifty50,TATASTEEL.NS,1,0.5610965490759137
2020-07-28,nifty50,TCS.NS,1,0.5610965490759137
2020-07-28,nifty50,TECHM.NS,1,0.5610965490759137
2020-07-28,nifty50,TITAN.NS,4,0.5610965490759137
2020-07-28,nifty50,ULTRACEMCO.NS,3,0.5610965490759137
2020-07-28,nifty50,WIPRO.NS,1,0.5610965490759137
2020-08-26,nifty50,ADANIENT.NS,0,0.5587030239235725
2020-08-26,nifty50,ADANIPORTS.NS,0,0.5587030239235725
2020-08-26,nifty50,APOLLOHOSP.NS,4,0.5587030239235725
2020-08-26,nifty50,ASIANPAINT.NS,4,0.5587030239235725
2020-08-26,nifty50,AXISBANK.NS,2,0.5587030239235725
2020-08-26,nifty50,BAJAJ-AUTO.NS,0,0.5587030239235725
2020-08-26,nifty50,BAJAJFINSV.NS,2,0.5587030239235725
2020-08-26,nifty50,BAJFINANCE.NS,2,0.5587030239235725
2020-08-26,nifty50,BEL.NS,3,0.5587030239235725
2020-08-26,nifty50,BHARTIARTL.NS,3,0.5587030239235725
2020-08-26,nifty50,BPCL.NS,3,0.5587030239235725
2020-08-26,nifty50,BRITANNIA.NS,4,0.5587030239235725
2020-08-26,nifty50,CIPLA.NS,4,0.5587030239235725
2020-08-26,nifty50,DIVISLAB.NS,4,0.5587030239235725
2020-08-26,nifty50,DRREDDY.NS,4,0.5587030239235725
2020-08-26,nifty50,EICHERMOT.NS,0,0.5587030239235725
2020-08-26,nifty50,GRASIM.NS,3,0.5587030239235725
2020-08-26,nifty50,HCLTECH.NS,1,0.5587030239235725
2020-08-26,nifty50,HDFCBANK.NS,2,0.5587030239235725
2020-08-26,nifty50,HEROMOTOCO.NS,0,0.5587030239235725
2020-08-26,nifty50,HINDALCO.NS,1,0.5587030239235725
2020-08-26,nifty50,HINDUNILVR.NS,4,0.5587030239235725
2020-08-26,nifty50,ICICIBANK.NS,2,0.5587030239235725
2020-08-26,nifty50,INDUSINDBK.NS,2,0.5587030239235725
2020-08-26,nifty50,INFY.NS,1,0.5587030239235725
2020-08-26,nifty50,ITC.NS,3,0.5587030239235725
2020-08-26,nifty50,JSWSTEEL.NS,0,0.5587030239235725
2020-08-26,nifty50,KOTAKBANK.NS,2,0.5587030239235725
2020-08-26,nifty50,LT.NS,3,0.5587030239235725
2020-08-26,nifty50,M&M.NS,0,0.5587030239235725
2020-08-26,nifty50,MARUTI.NS,0,0.5587030239235725
2020-08-26,nifty50,NESTLEIND.NS,4,0.5587030239235725
2020-08-26,nifty50,NTPC.NS,3,0.5587030239235725
2020-08-26,nifty50,ONGC.NS,1,0.5587030239235725
2020-08-26,nifty50,POWERGRID.NS,3,0.5587030239235725
2020-08-26,nifty50,RELIANCE.NS,0,0.5587030239235725
2020-08-26,nifty50,SBIN.NS,2,0.5587030239235725
2020-08-26,nifty50,SHRIRAMFIN.NS,2,0.5587030239235725
2020-08-26,nifty50,SUNPHARMA.NS,4,0.5587030239235725
2020-08-26,nifty50,TATACONSUM.NS,0,0.5587030239235725
2020-08-26,nifty50,TATASTEEL.NS,1,0.5587030239235725
2020-08-26,nifty50,TCS.NS,1,0.5587030239235725
2020-08-26,nifty50,TECHM.NS,1,0.5587030239235725
2020-08-26,nifty50,TITAN.NS,0,0.5587030239235725
2020-08-26,nifty50,ULTRACEMCO.NS,3,0.5587030239235725
2020-08-26,nifty50,WIPRO.NS,1,0.5587030239235725
2020-09-24,nifty50,ADANIENT.NS,2,0.6240315965365335
2020-09-24,nifty50,ADANIPORTS.NS,3,0.6240315965365335
2020-09-24,nifty50,APOLLOHOSP.NS,4,0.6240315965365335
2020-09-24,nifty50,ASIANPAINT.NS,4,0.6240315965365335
2020-09-24,nifty50,AXISBANK.NS,2,0.6240315965365335
2020-09-24,nifty50,BAJAJ-AUTO.NS,5,0.6240315965365335
2020-09-24,nifty50,BAJAJFINSV.NS,2,0.6240315965365335
2020-09-24,nifty50,BAJFINANCE.NS,2,0.6240315965365335
2020-09-24,nifty50,BEL.NS,3,0.6240315965365335
2020-09-24,nifty50,BHARTIARTL.NS,3,0.6240315965365335
2020-09-24,nifty50,BPCL.NS,0,0.6240315965365335
2020-09-24,nifty50,BRITANNIA.NS,4,0.6240315965365335
2020-09-24,nifty50,CIPLA.NS,4,0.6240315965365335
2020-09-24,nifty50,DIVISLAB.NS,4,0.6240315965365335
2020-09-24,nifty50,DRREDDY.NS,4,0.6240315965365335
2020-09-24,nifty50,EICHERMOT.NS,5,0.6240315965365335
2020-09-24,nifty50,GRASIM.NS,3,0.6240315965365335
2020-09-24,nifty50,HCLTECH.NS,1,0.6240315965365335
2020-09-24,nifty50,HDFCBANK.NS,2,0.6240315965365335
2020-09-24,nifty50,HEROMOTOCO.NS,5,0.6240315965365335
2020-09-24,nifty50,HINDALCO.NS,3,0.6240315965365335
2020-09-24,nifty50,HINDUNILVR.NS,4,0.6240315965365335
2020-09-24,nifty50,ICICIBANK.NS,2,0.6240315965365335
2020-09-24,nifty50,INDUSINDBK.NS,2,0.6240315965365335
2020-09-24,nifty50,INFY.NS,1,0.6240315965365335
2020-09-24,nifty50,ITC.NS,0,0.6240315965365335
2020-09-24,nifty50,JSWSTEEL.NS,5,0.6240315965365335
2020-09-24,nifty50,KOTAKBANK.NS,2,0.6240315965365335
2020-09-24,nifty50,LT.NS,3,0.6240315965365335
2020-09-24,nifty50,M&M.NS,5,0.6240315965365335
2020-09-24,nifty50,MARUTI.NS,5,0.6240315965365335
2020-09-24,nifty50,NESTLEIND.NS,4,0.6240315965365335
2020-09-24,nifty50,NTPC.NS,0,0.6240315965365335
2020-09-24,nifty50,ONGC.NS,0,0.6240315965365335
2020-09-24,nifty50,POWERGRID.NS,0,0.6240315965365335
2020-09-24,nifty50,RELIANCE.NS,0,0.6240315965365335
2020-09-24,nifty50,SBIN.NS,2,0.6240315965365335
2020-09-24,nifty50,SHRIRAMFIN.NS,2,0.6240315965365335
2020-09-24,nifty50,SUNPHARMA.NS,4,0.6240315965365335
2020-09-24,nifty50,TATACONSUM.NS,0,0.6240315965365335
2020-09-24,nifty50,TATASTEEL.NS,0,0.6240315965365335
2020-09-24,nifty50,TCS.NS,1,0.6240315965365335
2020-09-24,nifty50,TECHM.NS,1,0.6240315965365335
2020-09-24,nifty50,TITAN.NS,5,0.6240315965365335
2020-09-24,nifty50,ULTRACEMCO.NS,3,0.6240315965365335
2020-09-24,nifty50,WIPRO.NS,1,0.6240315965365335
2020-10-26,nifty50,ADANIENT.NS,3,0.3015632879475542
2020-10-26,nifty50,ADANIPORTS.NS,2,0.3015632879475542
2020-10-26,nifty50,APOLLOHOSP.NS,2,0.3015632879475542
2020-10-26,nifty50,ASIANPAINT.NS,2,0.3015632879475542
2020-10-26,nifty50,AXISBANK.NS,3,0.3015632879475542
2020-10-26,nifty50,BAJAJ-AUTO.NS,2,0.3015632879475542
2020-10-26,nifty50,BAJAJFINSV.NS,3,0.3015632879475542
2020-10-26,nifty50,BAJFINANCE.NS,3,0.3015632879475542
2020-10-26,nifty50,BEL.NS,3,0.3015632879475542
2020-10-26,nifty50,BHARTIARTL.NS,2,0.3015632879475542
2020-10-26,nifty50,BPCL.NS,0,0.3015632879475542
2020-10-26,nifty50,BRITANNIA.NS,3,0.3015632879475542
2020-10-26,nifty50,CIPLA.NS,2,0.3015632879475542
2020-10-26,nifty50,DIVISLAB.NS,2,0.3015632879475542
2020-10-26,nifty50,DRREDDY.NS,2,0.3015632879475542
2020-10-26,nifty50,EICHERMOT.NS,2,0.3015632879475542
2020-10-26,nifty50,GRASIM.NS,2,0.3015632879475542
2020-10-26,nifty50,HCLTECH.NS,1,0.3015632879475542
2020-10-26,nifty50,HDFCBANK.NS,3,0.3015632879475542
2020-10-26,nifty50,HEROMOTOCO.NS,2,0.3015632879475542
2020-10-26,nifty50,HINDALCO.NS,2,0.3015632879475542
2020-10-26,nifty50,HINDUNILVR.NS,3,0.3015632879475542
2020-10-26,nifty50,ICICIBANK.NS,3,0.3015632879475542
2020-10-26,nifty50,INDUSINDBK.NS,3,0.3015632879475542
2020-10-26,nifty50,INFY.NS,1,0.3015632879475542
2020-10-26,nifty50,ITC.NS,3,0.3015632879475542
2020-10-26,nifty50,JSWSTEEL.NS,2,0.3015632879475542
2020-10-26,nifty50,KOTAKBANK.NS,3,0.3015632879475542
2020-10-26,nifty50,LT.NS,3,0.3015632879475542
2020-10-26,nifty50,M&M.NS,2,0.3015632879475542
2020-10-26,nifty50,MARUTI.NS,2,0.3015632879475542
2020-10-26,nifty50,NESTLEIND.NS,3,0.3015632879475542
2020-10-26,nifty50,NTPC.NS,0,0.3015632879475542
2020-10-26,nifty50,ONGC.NS,0,0.3015632879475542
2020-10-26,nifty50,POWERGRID.NS,0,0.3015632879475542
2020-10-26,nifty50,RELIANCE.NS,3,0.3015632879475542
2020-10-26,nifty50,SBIN.NS,3,0.3015632879475542
2020-10-26,nifty50,SHRIRAMFIN.NS,3,0.3015632879475542
2020-10-26,nifty50,SUNPHARMA.NS,2,0.3015632879475542
2020-10-26,nifty50,TATACONSUM.NS,2,0.3015632879475542
2020-10-26,nifty50,TATASTEEL.NS,2,0.3015632879475542
2020-10-26,nifty50,TCS.NS,1,0.3015632879475542
2020-10-26,nifty50,TECHM.NS,1,0.3015632879475542
2020-10-26,nifty50,TITAN.NS,2,0.3015632879475542
2020-10-26,nifty50,ULTRACEMCO.NS,2,0.3015632879475542
2020-10-26,nifty50,WIPRO.NS,1,0.3015632879475542
2020-11-24,nifty50,ADANIENT.NS,4,0.23982320093135223
2020-11-24,nifty50,ADANIPORTS.NS,0,0.23982320093135223
2020-11-24,nifty50,APOLLOHOSP.NS,1,0.23982320093135223
2020-11-24,nifty50,ASIANPAINT.NS,4,0.23982320093135223
2020-11-24,nifty50,AXISBANK.NS,0,0.23982320093135223
2020-11-24,nifty50,BAJAJ-AUTO.NS,0,0.23982320093135223
2020-11-24,nifty50,BAJAJFINSV.NS,2,0.23982320093135223
2020-11-24,nifty50,BAJFINANCE.NS,4,0.23982320093135223
2020-11-24,nifty50,BEL.NS,2,0.23982320093135223
2020-11-24,nifty50,BHARTIARTL.NS,0,0.23982320093135223
2020-11-24,nifty50,BPCL.NS,0,0.23982320093135223
2020-11-24,nifty50,BRITANNIA.NS,4,0.23982320093135223
2020-11-24,nifty50,CIPLA.NS,1,0.23982320093135223
2020-11-24,nifty50,DIVISLAB.NS,1,0.23982320093135223
2020-11-24,nifty50,DRREDDY.NS,1,0.23982320093135223
2020-11-24,nifty50,EICHERMOT.NS,0,0.23982320093135223
2020-11-24,nifty50,GRASIM.NS,0,0.23982320093135223
2020-11-24,nifty50,HCLTECH.NS,1,0.23982320093135223
2020-11-24,nifty50,HDFCBANK.NS,2,0.23982320093135223
2020-11-24,nifty50,HEROMOTOCO.NS,0,0.23982320093135223
2020-11-24,nifty50,HINDALCO.NS,0,0.23982320093135223
2020-11-24,nifty50,HINDUNILVR.NS,4,0.23982320093135223
2020-11-24,nifty50,ICICIBANK.NS,2,0.23982320093135223
2020-11-24,nifty50,INDUSINDBK.NS,4,0.23982320093135223
2020-11-24,nifty50,INFY.NS,1,0.23982320093135223
2020-11-24,nifty50,ITC.NS,2,0.23982320093135223
2020-11-24,nifty50,JSWSTEEL.NS,0,0.23982320093135223
2020-11-24,nifty50,KOTAKBANK.NS,2,0.23982320093135223
2020-11-24,nifty50,LT.NS,0,0.23982320093135223
2020-11-24,nifty50,M&M.NS,0,0.23982320093135223
2020-11-24,nifty50,MARUTI.NS,0,0.23982320093135223
2020-11-24,nifty50,NESTLEIND.NS,4,0.23982320093135223
2020-11-24,nifty50,NTPC.NS,0,0.23982320093135223
2020-11-24,nifty50,ONGC.NS,0,0.23982320093135223
2020-11-24,nifty50,POWERGRID.NS,0,0.23982320093135223
2020-11-24,nifty50,RELIANCE.NS,0,0.23982320093135223
2020-11-24,nifty50,SBIN.NS,2,0.23982320093135223
2020-11-24,nifty50,SHRIRAMFIN.NS,4,0.23982320093135223
2020-11-24,nifty50,SUNPHARMA.NS,1,0.23982320093135223
2020-11-24,nifty50,TATACONSUM.NS,0,0.23982320093135223
2020-11-24,nifty50,TATASTEEL.NS,0,0.23982320093135223
2020-11-24,nifty50,TCS.NS,1,0.23982320093135223
2020-11-24,nifty50,TECHM.NS,1,0.23982320093135223
2020-11-24,nifty50,TITAN.NS,2,0.23982320093135223
2020-11-24,nifty50,ULTRACEMCO.NS,0,0.23982320093135223
2020-11-24,nifty50,WIPRO.NS,1,0.23982320093135223
2020-12-24,nifty50,ADANIENT.NS,2,0.3322872410150437
2020-12-24,nifty50,ADANIPORTS.NS,3,0.3322872410150437
2020-12-24,nifty50,APOLLOHOSP.NS,1,0.3322872410150437
2020-12-24,nifty50,ASIANPAINT.NS,4,0.3322872410150437
2020-12-24,nifty50,AXISBANK.NS,2,0.3322872410150437
2020-12-24,nifty50,BAJAJ-AUTO.NS,4,0.3322872410150437
2020-12-24,nifty50,BAJAJFINSV.NS,2,0.3322872410150437
2020-12-24,nifty50,BAJFINANCE.NS,2,0.3322872410150437
2020-12-24,nifty50,BEL.NS,0,0.3322872410150437
2020-12-24,nifty50,BHARTIARTL.NS,3,0.3322872410150437
2020-12-24,nifty50,BPCL.NS,0,0.3322872410150437
2020-12-24,nifty50,BRITANNIA.NS,4,0.3322872410150437
2020-12-24,nifty50,CIPLA.NS,1,0.3322872410150437
2020-12-24,nifty50,DIVISLAB.NS,1,0.3322872410150437
2020-12-24,nifty50,DRREDDY.NS,1,0.3322872410150437
2020-12-24,nifty50,EICHERMOT.NS,4,0.3322872410150437
2020-12-24,nifty50,GRASIM.NS,3,0.3322872410150437
2020-12-24,nifty50,HCLTECH.NS,1,0.3322872410150437
2020-12-24,nifty50,HDFCBANK.NS,2,0.3322872410150437
2020-12-24,nifty50,HEROMOTOCO.NS,4,0.3322872410150437
2020-12-24,nifty50,HINDALCO.NS,3,0.3322872410150437
2020-12-24,nifty50,HINDUNILVR.NS,4,0.3322872410150437
2020-12-24,nifty50,ICICIBANK.NS,2,0.3322872410150437
2020-12-24,nifty50,INDUSINDBK.NS,2,0.3322872410150437
2020-12-24,nifty50,INFY.NS,1,0.3322872410150437
2020-12-24,nifty50,ITC.NS,0,0.3322872410150437
2020-12-24,nifty50,JSWSTEEL.NS,3,0.3322872410150437
2020-12-24,nifty50,KOTAKBANK.NS,2,0.3322872410150437
2020-12-24,nifty50,LT.NS,2,0.3322872410150437
2020-12-24,nifty50,M&M.NS,4,0.3322872410150437
2020-12-24,nifty50,MARUTI.NS,4,0.3322872410150437
2020-12-24,nifty50,NESTLEIND.NS,4,0.3322872410150437
2020-12-24,nifty50,NTPC.NS,0,0.3322872410150437
2020-12-24,nifty50,ONGC.NS,0,0.3322872410150437
2020-12-24,nifty50,POWERGRID.NS,0,0.3322872410150437
2020-12-24,nifty50,RELIANCE.NS,0,0.3322872410150437
2020-12-24,nifty50,SBIN.NS,2,0.3322872410150437
2020-12-24,nifty50,SHRIRAMFIN.NS,2,0.3322872410150437
2020-12-24,nifty50,SUNPHARMA.NS,1,0.3322872410150437
2020-12-24,nifty50,TATACONSUM.NS,4,0.3322872410150437
2020-12-24,nifty50,TATASTEEL.NS,3,0.3322872410150437
2020-12-24,nifty50,TCS.NS,1,0.3322872410150437
2020-12-24,nifty50,TECHM.NS,1,0.3322872410150437
2020-12-24,nifty50,TITAN.NS,0,0.3322872410150437
2020-12-24,nifty50,ULTRACEMCO.NS,3,0.3322872410150437
2020-12-24,nifty50,WIPRO.NS,1,0.3322872410150437
2021-01-25,nifty50,ADANIENT.NS,2,0.7412154953993866
2021-01-25,nifty50,ADANIPORTS.NS,3,0.7412154953993866
2021-01-25,nifty50,APOLLOHOSP.NS,1,0.7412154953993866
2021-01-25,nifty50,ASIANPAINT.NS,0,0.7412154953993866
2021-01-25,nifty50,AXISBANK.NS,2,0.7412154953993866
2021-01-25,nifty50,BAJAJ-AUTO.NS,0,0.7412154953993866
2021-01-25,nifty50,BAJAJFINSV.NS,2,0.7412154953993866
2021-01-25,nifty50,BAJFINANCE.NS,2,0.7412154953993866
2021-01-25,nifty50,BEL.NS,2,0.7412154953993866
2021-01-25,nifty50,BHARTIARTL.NS,3,0.7412154953993866
2021-01-25,nifty50,BPCL.NS,3,0.7412154953993866
2021-01-25,nifty50,BRITANNIA.NS,0,0.7412154953993866
2021-01-25,nifty50,CIPLA.NS,1,0.7412154953993866
2021-01-25,nifty50,DIVISLAB.NS,1,0.7412154953993866
2021-01-25,nifty50,DRREDDY.NS,1,0.7412154953993866
2021-01-25,nifty50,EICHERMOT.NS,0,0.7412154953993866
2021-01-25,nifty50,GRASIM.NS,3,0.7412154953993866
2021-01-25,nifty50,HCLTECH.NS,1,0.7412154953993866
2021-01-25,nifty50,HDFCBANK.NS,2,0.7412154953993866
2021-01-25,nifty50,HEROMOTOCO.NS,0,0.7412154953993866
2021-01-25,nifty50,HINDALCO.NS,3,0.7412154953993866
2021-01-25,nifty50,HINDUNILVR.NS,0,0.7412154953993866
2021-01-25,nifty50,ICICIBANK.NS,2,0.7412154953993866
2021-01-25,nifty50,INDUSINDBK.NS,2,0.7412154953993866
2021-01-25,nifty50,INFY.NS,1,0.7412154953993866
2021-01-25,nifty50,ITC.NS,2,0.7412154953993866
2021-01-25,nifty50,JSWSTEEL.NS,3,0.7412154953993866
2021-01-25,nifty50,KOTAKBANK.NS,2,0.7412154953993866
2021-01-25,nifty50,LT.NS,2,0.7412154953993866
2021-01-25,nifty50,M&M.NS,0,0.7412154953993866
2021-01-25,nifty50,MARUTI.NS,0,0.7412154953993866
2021-01-25,nifty50,NESTLEIND.NS,0,0.7412154953993866
2021-01-25,nifty50,NTPC.NS,3,0.7412154953993866
2021-01-25,nifty50,ONGC.NS,3,0.7412154953993866
2021-01-25,nifty50,POWERGRID.NS,3,0.7412154953993866
2021-01-25,nifty50,RELIANCE.NS,0,0.7412154953993866
2021-01-25,nifty50,SBIN.NS,2,0.7412154953993866
2021-01-25,nifty50,SHRIRAMFIN.NS,2,0.7412154953993866
2021-01-25,nifty50,SUNPHARMA.NS,1,0.7412154953993866
2021-01-25,nifty50,TATACONSUM.NS,0,0.7412154953993866
2021-01-25,nifty50,TATASTEEL.NS,3,0.7412154953993866
2021-01-25,nifty50,TCS.NS,1,0.7412154953993866
2021-01-25,nifty50,TECHM.NS,1,0.7412154953993866
2021-01-25,nifty50,TITAN.NS,2,0.7412154953993866
2021-01-25,nifty50,ULTRACEMCO.NS,3,0.7412154953993866
2021-01-25,nifty50,WIPRO.NS,1,0.7412154953993866
2021-02-24,nifty50,ADANIENT.NS,4,0.46542324246771877
2021-02-24,nifty50,ADANIPORTS.NS,4,0.46542324246771877
2021-02-24,nifty50,APOLLOHOSP.NS,4,0.46542324246771877
2021-02-24,nifty50,ASIANPAINT.NS,4,0.46542324246771877
2021-02-24,nifty50,AXISBANK.NS,2,0.46542324246771877
2021-02-24,nifty50,BAJAJ-AUTO.NS,4,0.46542324246771877
2021-02-24,nifty50,BAJAJFINSV.NS,2,0.46542324246771877
2021-02-24,nifty50,BAJFINANCE.NS,2,0.46542324246771877
2021-02-24,nifty50,BEL.NS,0,0.46542324246771877
2021-02-24,nifty50,BHARTIARTL.NS,3,0.46542324246771877
2021-02-24,nifty50,BPCL.NS,0,0.46542324246771877
2021-02-24,nifty50,BRITANNIA.NS,4,0.46542324246771877
2021-02-24,nifty50,CIPLA.NS,1,0.46542324246771877
2021-02-24,nifty50,DIVISLAB.NS,3,0.46542324246771877
2021-02-24,nifty50,DRREDDY.NS,1,0.46542324246771877
2021-02-24,nifty50,EICHERMOT.NS,4,0.46542324246771877
2021-02-24,nifty50,GRASIM.NS,3,0.46542324246771877
2021-02-24,nifty50,HCLTECH.NS,1,0.46542324246771877
2021-02-24,nifty50,HDFCBANK.NS,2,0.46542324246771877
2021-02-24,nifty50,HEROMOTOCO.NS,4,0.46542324246771877
2021-02-24,nifty50,HINDALCO.NS,3,0.46542324246771877
2021-02-24,nifty50,HINDUNILVR.NS,4,0.46542324246771877
2021-02-24,nifty50,ICICIBANK.NS,2,0.46542324246771877
2021-02-24,nifty50,INDUSINDBK.NS,2,0.46542324246771877
2021-02-24,nifty50,INFY.NS,1,0.46542324246771877
2021-02-24,nifty50,ITC.NS,0,0.46542324246771877
2021-02-24,nifty50,JSWSTEEL.NS,3,0.46542324246771877
2021-02-24,nifty50,KOTAKBANK.NS,2,0.46542324246771877
2021-02-24,nifty50,LT.NS,2,0.46542324246771877
2021-02-24,nifty50,M&M.NS,4,0.46542324246771877
2021-02-24,nifty50,MARUTI.NS,4,0.46542324246771877
2021-02-24,nifty50,NESTLEIND.NS,4,0.46542324246771877
2021-02-24,nifty50,NTPC.NS,0,0.46542324246771877
2021-02-24,nifty50,ONGC.NS,0,0.46542324246771877
2021-02-24,nifty50,POWERGRID.NS,0,0.46542324246771877
2021-02-24,nifty50,RELIANCE.NS,0,0.46542324246771877
2021-02-24,nifty50,SBIN.NS,2,0.46542324246771877
2021-02-24,nifty50,SHRIRAMFIN.NS,2,0.46542324246771877
2021-02-24,nifty50,SUNPHARMA.NS,3,0.46542324246771877
2021-02-24,nifty50,TATACONSUM.NS,4,0.46542324246771877
2021-02-24,nifty50,TATASTEEL.NS,0,0.46542324246771877
2021-02-24,nifty50,TCS.NS,1,0.46542324246771877
2021-02-24,nifty50,TECHM.NS,1,0.46542324246771877
2021-02-24,nifty50,TITAN.NS,0,0.46542324246771877
2021-02-24,nifty50,ULTRACEMCO.NS,2,0.46542324246771877
2021-02-24,nifty50,WIPRO.NS,1,0.46542324246771877
2021-03-26,nifty50,ADANIENT.NS,2,0.6994096491823302
2021-03-26,nifty50,ADANIPORTS.NS,2,0.6994096491823302
2021-03-26,nifty50,APOLLOHOSP.NS,2,0.6994096491823302
2021-03-26,nifty50,ASIANPAINT.NS,2,0.6994096491823302
2021-03-26,nifty50,AXISBANK.NS,1,0.6994096491823302
2021-03-26,nifty50,BAJAJ-AUTO.NS,2,0.6994096491823302
2021-03-26,nifty50,BAJAJFINSV.NS,1,0.6994096491823302
2021-03-26,nifty50,BAJFINANCE.NS,1,0.6994096491823302
2021-03-26,nifty50,BEL.NS,3,0.6994096491823302
2021-03-26,nifty50,BHARTIARTL.NS,1,0.6994096491823302
2021-03-26,nifty50,BPCL.NS,3,0.6994096491823302
2021-03-26,nifty50,BRITANNIA.NS,2,0.6994096491823302
2021-03-26,nifty50,CIPLA.NS,0,0.6994096491823302
2021-03-26,nifty50,DIVISLAB.NS,0,0.6994096491823302
2021-03-26,nifty50,DRREDDY.NS,0,0.6994096491823302
2021-03-26,nifty50,EICHERMOT.NS,2,0.6994096491823302
2021-03-26,nifty50,GRASIM.NS,3,0.6994096491823302
2021-03-26,nifty50,HCLTECH.NS,0,0.6994096491823302
2021-03-26,nifty50,HDFCBANK.NS,1,0.6994096491823302
2021-03-26,nifty50,HEROMOTOCO.NS,2,0.6994096491823302
2021-03-26,nifty50,HINDALCO.NS,3,0.6994096491823302
2021-03-26,nifty50,HINDUNILVR.NS,2,0.6994096491823302
2021-03-26,nifty50,ICICIBANK.NS,1,0.6994096491823302
2021-03-26,nifty50,INDUSINDBK.NS,1,0.6994096491823302
2021-03-26,nifty50,INFY.NS,0,0.6994096491823302
2021-03-26,nifty50,ITC.NS,1,0.6994096491823302
2021-03-26,nifty50,JSWSTEEL.NS,3,0.6994096491823302
2021-03-26,nifty50,KOTAKBANK.NS,1,0.6994096491823302
2021-03-26,nifty50,LT.NS,1,0.6994096491823302
2021-03-26,nifty50,M&M.NS,2,0.6994096491823302
2021-03-26,nifty50,MARUTI.NS,2,0.6994096491823302
2021-03-26,nifty50,NESTLEIND.NS,2,0.6994096491823302
2021-03-26,nifty50,NTPC.NS,3,0.6994096491823302
2021-03-26,nifty50,ONGC.NS,3,0.6994096491823302
2021-03-26,nifty50,POWERGRID.NS,3,0.6994096491823302
2021-03-26,nifty50,RELIANCE.NS,0,0.6994096491823302
2021-03-26,nifty50,SBIN.NS,1,0.6994096491823302
2021-03-26,nifty50,SHRIRAMFIN.NS,1,0.6994096491823302
2021-03-26,nifty50,SUNPHARMA.NS,0,0.6994096491823302
2021-03-26,nifty50,TATACONSUM.NS,2,0.6994096491823302
2021-03-26,nifty50,TATASTEEL.NS,3,0.6994096491823302
2021-03-26,nifty50,TCS.NS,0,0.6994096491823302
2021-03-26,nifty50,TECHM.NS,0,0.6994096491823302
2021-03-26,nifty50,TITAN.NS,1,0.6994096491823302
2021-03-26,nifty50,ULTRACEMCO.NS,1,0.6994096491823302
2021-03-26,nifty50,WIPRO.NS,0,0.6994096491823302
2021-04-30,nifty50,ADANIENT.NS,4,0.6976534665629223
2021-04-30,nifty50,ADANIPORTS.NS,4,0.6976534665629223
2021-04-30,nifty50,APOLLOHOSP.NS,3,0.6976534665629223
2021-04-30,nifty50,ASIANPAINT.NS,4,0.6976534665629223
2021-04-30,nifty50,AXISBANK.NS,2,0.6976534665629223
2021-04-30,nifty50,BAJAJ-AUTO.NS,3,0.6976534665629223
2021-04-30,nifty50,BAJAJFINSV.NS,2,0.6976534665629223
2021-04-30,nifty50,BAJFINANCE.NS,2,0.6976534665629223
2021-04-30,nifty50,BEL.NS,0,0.6976534665629223
2021-04-30,nifty50,BHARTIARTL.NS,2,0.6976534665629223
2021-04-30,nifty50,BPCL.NS,0,0.6976534665629223
2021-04-30,nifty50,BRITANNIA.NS,4,0.6976534665629223
2021-04-30,nifty50,CIPLA.NS,1,0.6976534665629223
2021-04-30,nifty50,DIVISLAB.NS,4,0.6976534665629223
2021-04-30,nifty50,DRREDDY.NS,1,0.6976534665629223
2021-04-30,nifty50,EICHERMOT.NS,3,0.6976534665629223
2021-04-30,nifty50,GRASIM.NS,0,0.6976534665629223
2021-04-30,nifty50,HCLTECH.NS,1,0.6976534665629223
2021-04-30,nifty50,HDFCBANK.NS,2,0.6976534665629223
2021-04-30,nifty50,HEROMOTOCO.NS,3,0.6976534665629223
2021-04-30,nifty50,HINDALCO.NS,0,0.6976534665629223
2021-04-30,nifty50,HINDUNILVR.NS,4,0.6976534665629223
2021-04-30,nifty50,ICICIBANK.NS,2,0.6976534665629223
2021-04-30,nifty50,INDUSINDBK.NS,2,0.6976534665629223
2021-04-30,nifty50,INFY.NS,1,0.6976534665629223
2021-04-30,nifty50,ITC.NS,2,0.6976534665629223
2021-04-30,nifty50,JSWSTEEL.NS,0,0.6976534665629223
2021-04-30,nifty50,KOTAKBANK.NS,2,0.6976534665629223
2021-04-30,nifty50,LT.NS,2,0.6976534665629223
2021-04-30,nifty50,M&M.NS,3,0.6976534665629223
2021-04-30,nifty50,MARUTI.NS,3,0.6976534665629223
2021-04-30,nifty50,NESTLEIND.NS,4,0.6976534665629223
2021-04-30,nifty50,NTPC.NS,0,0.6976534665629223
2021-04-30,nifty50,ONGC.NS,0,0.6976534665629223
2021-04-30,nifty50,POWERGRID.NS,0,0.6976534665629223
2021-04-30,nifty50,RELIANCE.NS,0,0.6976534665629223
2021-04-30,nifty50,SBIN.NS,2,0.6976534665629223
2021-04-30,nifty50,SHRIRAMFIN.NS,2,0.6976534665629223
2021-04-30,nifty50,SUNPHARMA.NS,4,0.6976534665629223
2021-04-30,nifty50,TATACONSUM.NS,4,0.6976534665629223
2021-04-30,nifty50,TATASTEEL.NS,0,0.6976534665629223
2021-04-30,nifty50,TCS.NS,1,0.6976534665629223
2021-04-30,nifty50,TECHM.NS,1,0.6976534665629223
2021-04-30,nifty50,TITAN.NS,2,0.6976534665629223
2021-04-30,nifty50,ULTRACEMCO.NS,3,0.6976534665629223
2021-04-30,nifty50,WIPRO.NS,1,0.6976534665629223
2021-06-01,nifty50,ADANIENT.NS,2,0.35766458204038765
2021-06-01,nifty50,ADANIPORTS.NS,2,0.35766458204038765
2021-06-01,nifty50,APOLLOHOSP.NS,0,0.35766458204038765
2021-06-01,nifty50,ASIANPAINT.NS,3,0.35766458204038765
2021-06-01,nifty50,AXISBANK.NS,0,0.35766458204038765
2021-06-01,nifty50,BAJAJ-AUTO.NS,1,0.35766458204038765
2021-06-01,nifty50,BAJAJFINSV.NS,0,0.35766458204038765
2021-06-01,nifty50,BAJFINANCE.NS,0,0.35766458204038765
2021-06-01,nifty50,BEL.NS,2,0.35766458204038765
2021-06-01,nifty50,BHARTIARTL.NS,2,0.35766458204038765
2021-06-01,nifty50,BPCL.NS,2,0.35766458204038765
2021-06-01,nifty50,BRITANNIA.NS,3,0.35766458204038765
2021-06-01,nifty50,CIPLA.NS,2,0.35766458204038765
2021-06-01,nifty50,DIVISLAB.NS,2,0.35766458204038765
2021-06-01,nifty50,DRREDDY.NS,2,0.35766458204038765
2021-06-01,nifty50,EICHERMOT.NS,1,0.35766458204038765
2021-06-01,nifty50,GRASIM.NS,2,0.35766458204038765
2021-06-01,nifty50,HCLTECH.NS,1,0.35766458204038765
2021-06-01,nifty50,HDFCBANK.NS,0,0.35766458204038765
2021-06-01,nifty50,HEROMOTOCO.NS,1,0.35766458204038765
2021-06-01,nifty50,HINDALCO.NS,2,0.35766458204038765
2021-06-01,nifty50,HINDUNILVR.NS,3,0.35766458204038765
2021-06-01,nifty50,ICICIBANK.NS,0,0.35766458204038765
2021-06-01,nifty50,INDUSINDBK.NS,0,0.35766458204038765
2021-06-01,nifty50,INFY.NS,1,0.35766458204038765
2021-06-01,nifty50,ITC.NS,3,0.35766458204038765
2021-06-01,nifty50,JSWSTEEL.NS,2,0.35766458204038765
2021-06-01,nifty50,KOTAKBANK.NS,0,0.35766458204038765
2021-06-01,nifty50,LT.NS,3,0.35766458204038765
2021-06-01,nifty50,M&M.NS,1,0.35766458204038765
2021-06-01,nifty50,MARUTI.NS,1,0.35766458204038765
2021-06-01,nifty50,NESTLEIND.NS,3,0.35766458204038765
2021-06-01,nifty50,NTPC.NS,2,0.35766458204038765
2021-06-01,nifty50,ONGC.NS,2,0.35766458204038765
2021-06-01,nifty50,POWERGRID.NS,2,0.35766458204038765
2021-06-01,nifty50,RELIANCE.NS,0,0.35766458204038765
2021-06-01,nifty50,SBIN.NS,0,0.35766458204038765
2021-06-01,nifty50,SHRIRAMFIN.NS,0,0.35766458204038765
2021-06-01,nifty50,SUNPHARMA.NS,2,0.35766458204038765
2021-06-01,nifty50,TATACONSUM.NS,2,0.35766458204038765
2021-06-01,nifty50,TATASTEEL.NS,2,0.35766458204038765
2021-06-01,nifty50,TCS.NS,1,0.35766458204038765
2021-06-01,nifty50,TECHM.NS,1,0.35766458204038765
2021-06-01,nifty50,TITAN.NS,3,0.35766458204038765
2021-06-01,nifty50,ULTRACEMCO.NS,1,0.35766458204038765
2021-06-01,nifty50,WIPRO.NS,1,0.35766458204038765
2021-06-30,nifty50,ADANIENT.NS,3,0.5040276918875941
2021-06-30,nifty50,ADANIPORTS.NS,3,0.5040276918875941
2021-06-30,nifty50,APOLLOHOSP.NS,0,0.5040276918875941
2021-06-30,nifty50,ASIANPAINT.NS,1,0.5040276918875941
2021-06-30,nifty50,AXISBANK.NS,0,0.5040276918875941
2021-06-30,nifty50,BAJAJ-AUTO.NS,2,0.5040276918875941
2021-06-30,nifty50,BAJAJFINSV.NS,0,0.5040276918875941
2021-06-30,nifty50,BAJFINANCE.NS,0,0.5040276918875941
2021-06-30,nifty50,BEL.NS,4,0.5040276918875941
2021-06-30,nifty50,BHARTIARTL.NS,0,0.5040276918875941
2021-06-30,nifty50,BPCL.NS,4,0.5040276918875941
2021-06-30,nifty50,BRITANNIA.NS,1,0.5040276918875941
2021-06-30,nifty50,CIPLA.NS,3,0.5040276918875941
2021-06-30,nifty50,DIVISLAB.NS,3,0.5040276918875941
2021-06-30,nifty50,DRREDDY.NS,3,0.5040276918875941
2021-06-30,nifty50,EICHERMOT.NS,2,0.5040276918875941
2021-06-30,nifty50,GRASIM.NS,4,0.5040276918875941
2021-06-30,nifty50,HCLTECH.NS,1,0.5040276918875941
2021-06-30,nifty50,HDFCBANK.NS,0,0.5040276918875941
2021-06-30,nifty50,HEROMOTOCO.NS,2,0.5040276918875941
2021-06-30,nifty50,HINDALCO.NS,4,0.5040276918875941
2021-06-30,nifty50,HINDUNILVR.NS,1,0.5040276918875941
2021-06-30,nifty50,ICICIBANK.NS,0,0.5040276918875941
2021-06-30,nifty50,INDUSINDBK.NS,0,0.5040276918875941
2021-06-30,nifty50,INFY.NS,1,0.5040276918875941
2021-06-30,nifty50,ITC.NS,2,0.5040276918875941
2021-06-30,nifty50,JSWSTEEL.NS,4,0.5040276918875941
2021-06-30,nifty50,KOTAKBANK.NS,0,0.5040276918875941
2021-06-30,nifty50,LT.NS,2,0.5040276918875941
2021-06-30,nifty50,M&M.NS,2,0.5040276918875941
2021-06-30,nifty50,MARUTI.NS,2,0.5040276918875941
2021-06-30,nifty50,NESTLEIND.NS,1,0.5040276918875941
2021-06-30,nifty50,NTPC.NS,4,0.5040276918875941
2021-06-30,nifty50,ONGC.NS,4,0.5040276918875941
2021-06-30,nifty50,POWERGRID.NS,4,0.5040276918875941
2021-06-30,nifty50,RELIANCE.NS,0,0.5040276918875941
2021-06-30,nifty50,SBIN.NS,0,0.5040276918875941
2021-06-30,nifty50,SHRIRAMFIN.NS,0,0.5040276918875941
2021-06-30,nifty50,SUNPHARMA.NS,3,0.5040276918875941
2021-06-30,nifty50,TATACONSUM.NS,3,0.5040276918875941
2021-06-30,nifty50,TATASTEEL.NS,4,0.5040276918875941
2021-06-30,nifty50,TCS.NS,1,0.5040276918875941
2021-06-30,nifty50,TECHM.NS,1,0.5040276918875941
2021-06-30,nifty50,TITAN.NS,2,0.5040276918875941
2021-06-30,nifty50,ULTRACEMCO.NS,3,0.5040276918875941
2021-06-30,nifty50,WIPRO.NS,1,0.5040276918875941
2021-07-30,nifty50,ADANIENT.NS,4,0.3333944233538421
2021-07-30,nifty50,ADANIPORTS.NS,4,0.3333944233538421
2021-07-30,nifty50,APOLLOHOSP.NS,0,0.3333944233538421
2021-07-30,nifty50,ASIANPAINT.NS,1,0.3333944233538421
2021-07-30,nifty50,AXISBANK.NS,0,0.3333944233538421
2021-07-30,nifty50,BAJAJ-AUTO.NS,4,0.3333944233538421
2021-07-30,nifty50,BAJAJFINSV.NS,3,0.3333944233538421
2021-07-30,nifty50,BAJFINANCE.NS,0,0.3333944233538421
2021-07-30,nifty50,BEL.NS,4,0.3333944233538421
2021-07-30,nifty50,BHARTIARTL.NS,3,0.3333944233538421
2021-07-30,nifty50,BPCL.NS,0,0.3333944233538421
2021-07-30,nifty50,BRITANNIA.NS,1,0.3333944233538421
2021-07-30,nifty50,CIPLA.NS,1,0.3333944233538421
2021-07-30,nifty50,DIVISLAB.NS,1,0.3333944233538421
2021-07-30,nifty50,DRREDDY.NS,1,0.3333944233538421
2021-07-30,nifty50,EICHERMOT.NS,4,0.3333944233538421
2021-07-30,nifty50,GRASIM.NS,0,0.3333944233538421
2021-07-30,nifty50,HCLTECH.NS,1,0.3333944233538421
2021-07-30,nifty50,HDFCBANK.NS,0,0.3333944233538421
2021-07-30,nifty50,HEROMOTOCO.NS,4,0.3333944233538421
2021-07-30,nifty50,HINDALCO.NS,3,0.3333944233538421
2021-07-30,nifty50,HINDUNILVR.NS,1,0.3333944233538421
2021-07-30,nifty50,ICICIBANK.NS,0,0.3333944233538421
2021-07-30,nifty50,INDUSINDBK.NS,0,0.3333944233538421
2021-07-30,nifty50,INFY.NS,1,0.3333944233538421
2021-07-30,nifty50,ITC.NS,0,0.3333944233538421
2021-07-30,nifty50,JSWSTEEL.NS,3,0.3333944233538421
2021-07-30,nifty50,KOTAKBANK.NS,0,0.3333944233538421
2021-07-30,nifty50,LT.NS,0,0.3333944233538421
2021-07-30,nifty50,M&M.NS,4,0.3333944233538421
2021-07-30,nifty50,MARUTI.NS,4,0.3333944233538421
2021-07-30,nifty50,NESTLEIND.NS,1,0.3333944233538421
2021-07-30,nifty50,NTPC.NS,1,0.3333944233538421
2021-07-30,nifty50,ONGC.NS,1,0.3333944233538421
2021-07-30,nifty50,POWERGRID.NS,1,0.3333944233538421
2021-07-30,nifty50,RELIANCE.NS,0,0.3333944233538421
2021-07-30,nifty50,SBIN.NS,0,0.3333944233538421
2021-07-30,nifty50,SHRIRAMFIN.NS,0,0.3333944233538421
2021-07-30,nifty50,SUNPHARMA.NS,1,0.3333944233538421
2021-07-30,nifty50,TATACONSUM.NS,4,0.3333944233538421
2021-07-30,nifty50,TATASTEEL.NS,3,0.3333944233538421
2021-07-30,nifty50,TCS.NS,1,0.3333944233538421
2021-07-30,nifty50,TECHM.NS,1,0.3333944233538421
2021-07-30,nifty50,TITAN.NS,4,0.3333944233538421
2021-07-30,nifty50,ULTRACEMCO.NS,0,0.3333944233538421
2021-07-30,nifty50,WIPRO.NS,1,0.3333944233538421
2021-08-31,nifty50,ADANIENT.NS,0,0.1927999511032333
2021-08-31,nifty50,ADANIPORTS.NS,0,0.1927999511032333
2021-08-31,nifty50,APOLLOHOSP.NS,1,0.1927999511032333
2021-08-31,nifty50,ASIANPAINT.NS,3,0.1927999511032333
2021-08-31,nifty50,AXISBANK.NS,0,0.1927999511032333
2021-08-31,nifty50,BAJAJ-AUTO.NS,3,0.1927999511032333
2021-08-31,nifty50,BAJAJFINSV.NS,2,0.1927999511032333
2021-08-31,nifty50,BAJFINANCE.NS,2,0.1927999511032333
2021-08-31,nifty50,BEL.NS,0,0.1927999511032333
2021-08-31,nifty50,BHARTIARTL.NS,2,0.1927999511032333
2021-08-31,nifty50,BPCL.NS,0,0.1927999511032333
2021-08-31,nifty50,BRITANNIA.NS,3,0.1927999511032333
2021-08-31,nifty50,CIPLA.NS,1,0.1927999511032333
2021-08-31,nifty50,DIVISLAB.NS,1,0.1927999511032333
2021-08-31,nifty50,DRREDDY.NS,1,0.1927999511032333
2021-08-31,nifty50,EICHERMOT.NS,3,0.1927999511032333
2021-08-31,nifty50,GRASIM.NS,3,0.1927999511032333
2021-08-31,nifty50,HCLTECH.NS,1,0.1927999511032333
2021-08-31,nifty50,HDFCBANK.NS,0,0.1927999511032333
2021-08-31,nifty50,HEROMOTOCO.NS,0,0.1927999511032333
2021-08-31,nifty50,HINDALCO.NS,2,0.1927999511032333
2021-08-31,nifty50,HINDUNILVR.NS,3,0.1927999511032333
2021-08-31,nifty50,ICICIBANK.NS,0,0.1927999511032333
2021-08-31,nifty50,INDUSINDBK.NS,2,0.1927999511032333
2021-08-31,nifty50,INFY.NS,1,0.1927999511032333
2021-08-31,nifty50,ITC.NS,0,0.1927999511032333
2021-08-31,nifty50,JSWSTEEL.NS,2,0.1927999511032333
2021-08-31,nifty50,KOTAKBANK.NS,0,0.1927999511032333
2021-08-31,nifty50,LT.NS,0,0.1927999511032333
2021-08-31,nifty50,M&M.NS,3,0.1927999511032333
2021-08-31,nifty50,MARUTI.NS,3,0.1927999511032333
2021-08-31,nifty50,NESTLEIND.NS,3,0.1927999511032333
2021-08-31,nifty50,NTPC.NS,0,0.1927999511032333
2021-08-31,nifty50,ONGC.NS,0,0.1927999511032333
2021-08-31,nifty50,POWERGRID.NS,0,0.1927999511032333
2021-08-31,nifty50,RELIANCE.NS,0,0.1927999511032333
2021-08-31,nifty50,SBIN.NS,2,0.1927999511032333
2021-08-31,nifty50,SHRIRAMFIN.NS,2,0.1927999511032333
2021-08-31,nifty50,SUNPHARMA.NS,1,0.1927999511032333
2021-08-31,nifty50,TATACONSUM.NS,1,0.1927999511032333
2021-08-31,nifty50,TATASTEEL.NS,2,0.1927999511032333
2021-08-31,nifty50,TCS.NS,1,0.1927999511032333
2021-08-31,nifty50,TECHM.NS,1,0.1927999511032333
2021-08-31,nifty50,TITAN.NS,3,0.1927999511032333
2021-08-31,nifty50,ULTRACEMCO.NS,3,0.1927999511032333
2021-08-31,nifty50,WIPRO.NS,1,0.1927999511032333
2021-09-30,nifty50,ADANIENT.NS,4,0.23115477975593793
2021-09-30,nifty50,ADANIPORTS.NS,4,0.23115477975593793
2021-09-30,nifty50,APOLLOHOSP.NS,2,0.23115477975593793
2021-09-30,nifty50,ASIANPAINT.NS,1,0.23115477975593793
2021-09-30,nifty50,AXISBANK.NS,0,0.23115477975593793
2021-09-30,nifty50,BAJAJ-AUTO.NS,4,0.23115477975593793
2021-09-30,nifty50,BAJAJFINSV.NS,0,0.23115477975593793
2021-09-30,nifty50,BAJFINANCE.NS,0,0.23115477975593793
2021-09-30,nifty50,BEL.NS,3,0.23115477975593793
2021-09-30,nifty50,BHARTIARTL.NS,2,0.23115477975593793
2021-09-30,nifty50,BPCL.NS,3,0.23115477975593793
2021-09-30,nifty50,BRITANNIA.NS,1,0.23115477975593793
2021-09-30,nifty50,CIPLA.NS,2,0.23115477975593793
2021-09-30,nifty50,DIVISLAB.NS,2,0.23115477975593793
2021-09-30,nifty50,DRREDDY.NS,2,0.23115477975593793
2021-09-30,nifty50,EICHERMOT.NS,4,0.23115477975593793
2021-09-30,nifty50,GRASIM.NS,4,0.23115477975593793
2021-09-30,nifty50,HCLTECH.NS,1,0.23115477975593793
2021-09-30,nifty50,HDFCBANK.NS,0,0.23115477975593793
2021-09-30,nifty50,HEROMOTOCO.NS,4,0.23115477975593793
2021-09-30,nifty50,HINDALCO.NS,2,0.23115477975593793
2021-09-30,nifty50,HINDUNILVR.NS,1,0.23115477975593793
2021-09-30,nifty50,ICICIBANK.NS,0,0.23115477975593793
2021-09-30,nifty50,INDUSINDBK.NS,0,0.23115477975593793
2021-09-30,nifty50,INFY.NS,1,0.23115477975593793
2021-09-30,nifty50,ITC.NS,0,0.23115477975593793
2021-09-30,nifty50,JSWSTEEL.NS,2,0.23115477975593793
2021-09-30,nifty50,KOTAKBANK.NS,0,0.23115477975593793
2021-09-30,nifty50,LT.NS,3,0.23115477975593793
2021-09-30,nifty50,M&M.NS,0,0.23115477975593793
2021-09-30,nifty50,MARUTI.NS,4,0.23115477975593793
2021-09-30,nifty50,NESTLEIND.NS,1,0.23115477975593793
2021-09-30,nifty50,NTPC.NS,3,0.23115477975593793
2021-09-30,nifty50,ONGC.NS,3,0.23115477975593793
2021-09-30,nifty50,POWERGRID.NS,3,0.23115477975593793
2021-09-30,nifty50,RELIANCE.NS,0,0.23115477975593793
2021-09-30,nifty50,SBIN.NS,3,0.23115477975593793
2021-09-30,nifty50,SHRIRAMFIN.NS,2,0.23115477975593793
2021-09-30,nifty50,SUNPHARMA.NS,2,0.23115477975593793
2021-09-30,nifty50,TATACONSUM.NS,4,0.23115477975593793
2021-09-30,nifty50,TATASTEEL.NS,2,0.23115477975593793
2021-09-30,nifty50,TCS.NS,1,0.23115477975593793
2021-09-30,nifty50,TECHM.NS,1,0.23115477975593793
2021-09-30,nifty50,TITAN.NS,4,0.23115477975593793
2021-09-30,nifty50,ULTRACEMCO.NS,4,0.23115477975593793
2021-09-30,nifty50,WIPRO.NS,1,0.23115477975593793
2021-11-01,nifty50,ADANIENT.NS,1,0.18168407046368343
2021-11-01,nifty50,ADANIPORTS.NS,1,0.18168407046368343
2021-11-01,nifty50,APOLLOHOSP.NS,3,0.18168407046368343
2021-11-01,nifty50,ASIANPAINT.NS,1,0.18168407046368343
2021-11-01,nifty50,AXISBANK.NS,2,0.18168407046368343
2021-11-01,nifty50,BAJAJ-AUTO.NS,0,0.18168407046368343
2021-11-01,nifty50,BAJAJFINSV.NS,1,0.18168407046368343
2021-11-01,nifty50,BAJFINANCE.NS,1,0.18168407046368343
2021-11-01,nifty50,BEL.NS,1,0.18168407046368343
2021-11-01,nifty50,BHARTIARTL.NS,3,0.18168407046368343
2021-11-01,nifty50,BPCL.NS,1,0.18168407046368343
2021-11-01,nifty50,BRITANNIA.NS,1,0.18168407046368343
2021-11-01,nifty50,CIPLA.NS,3,0.18168407046368343
2021-11-01,nifty50,DIVISLAB.NS,3,0.18168407046368343
2021-11-01,nifty50,DRREDDY.NS,3,0.18168407046368343
2021-11-01,nifty50,EICHERMOT.NS,0,0.18168407046368343
2021-11-01,nifty50,GRASIM.NS,1,0.18168407046368343
2021-11-01,nifty50,HCLTECH.NS,1,0.18168407046368343
2021-11-01,nifty50,HDFCBANK.NS,2,0.18168407046368343
2021-11-01,nifty50,HEROMOTOCO.NS,0,0.18168407046368343
2021-11-01,nifty50,HINDALCO.NS,1,0.18168407046368343
2021-11-01,nifty50,HINDUNILVR.NS,1,0.18168407046368343
2021-11-01,nifty50,ICICIBANK.NS,2,0.18168407046368343
2021-11-01,nifty50,INDUSINDBK.NS,2,0.18168407046368343
2021-11-01,nifty50,INFY.NS,1,0.18168407046368343
2021-11-01,nifty50,ITC.NS,1,0.18168407046368343
2021-11-01,nifty50,JSWSTEEL.NS,1,0.18168407046368343
2021-11-01,nifty50,KOTAKBANK.NS,2,0.18168407046368343
2021-11-01,nifty50,LT.NS,1,0.18168407046368343
2021-11-01,nifty50,M&M.NS,2,0.18168407046368343
2021-11-01,nifty50,MARUTI.NS,0,0.18168407046368343
2021-11-01,nifty50,NESTLEIND.NS,1,0.18168407046368343
2021-11-01,nifty50,NTPC.NS,3,0.18168407046368343
2021-11-01,nifty50,ONGC.NS,3,0.18168407046368343
2021-11-01,nifty50,POWERGRID.NS,3,0.18168407046368343
2021-11-01,nifty50,RELIANCE.NS,0,0.18168407046368343
2021-11-01,nifty50,SBIN.NS,2,0.18168407046368343
2021-11-01,nifty50,SHRIRAMFIN.NS,2,0.18168407046368343
2021-11-01,nifty50,SUNPHARMA.NS,3,0.18168407046368343
2021-11-01,nifty50,TATACONSUM.NS,1,0.18168407046368343
2021-11-01,nifty50,TATASTEEL.NS,1,0.18168407046368343
2021-11-01,nifty50,TCS.NS,1,0.18168407046368343
2021-11-01,nifty50,TECHM.NS,1,0.18168407046368343
2021-11-01,nifty50,TITAN.NS,0,0.18168407046368343
2021-11-01,nifty50,ULTRACEMCO.NS,1,0.18168407046368343
2021-11-01,nifty50,WIPRO.NS,1,0.18168407046368343
2021-12-02,nifty50,ADANIENT.NS,2,0.28276154131195347
2021-12-02,nifty50,ADANIPORTS.NS,2,0.28276154131195347
2021-12-02,nifty50,APOLLOHOSP.NS,3,0.28276154131195347
2021-12-02,nifty50,ASIANPAINT.NS,4,0.28276154131195347
2021-12-02,nifty50,AXISBANK.NS,0,0.28276154131195347
2021-12-02,nifty50,BAJAJ-AUTO.NS,3,0.28276154131195347
2021-12-02,nifty50,BAJAJFINSV.NS,1,0.28276154131195347
2021-12-02,nifty50,BAJFINANCE.NS,1,0.28276154131195347
2021-12-02,nifty50,BEL.NS,4,0.28276154131195347
2021-12-02,nifty50,BHARTIARTL.NS,2,0.28276154131195347
2021-12-02,nifty50,BPCL.NS,2,0.28276154131195347
2021-12-02,nifty50,BRITANNIA.NS,4,0.28276154131195347
2021-12-02,nifty50,CIPLA.NS,3,0.28276154131195347
2021-12-02,nifty50,DIVISLAB.NS,3,0.28276154131195347
2021-12-02,nifty50,DRREDDY.NS,3,0.28276154131195347
2021-12-02,nifty50,EICHERMOT.NS,3,0.28276154131195347
2021-12-02,nifty50,GRASIM.NS,2,0.28276154131195347
2021-12-02,nifty50,HCLTECH.NS,1,0.28276154131195347
2021-12-02,nifty50,HDFCBANK.NS,0,0.28276154131195347
2021-12-02,nifty50,HEROMOTOCO.NS,4,0.28276154131195347
2021-12-02,nifty50,HINDALCO.NS,1,0.28276154131195347
2021-12-02,nifty50,HINDUNILVR.NS,4,0.28276154131195347
2021-12-02,nifty50,ICICIBANK.NS,0,0.28276154131195347
2021-12-02,nifty50,INDUSINDBK.NS,0,0.28276154131195347
2021-12-02,nifty50,INFY.NS,1,0.28276154131195347
2021-12-02,nifty50,ITC.NS,4,0.28276154131195347
2021-12-02,nifty50,JSWSTEEL.NS,2,0.28276154131195347
2021-12-02,nifty50,KOTAKBANK.NS,0,0.28276154131195347
2021-12-02,nifty50,LT.NS,1,0.28276154131195347
2021-12-02,nifty50,M&M.NS,3,0.28276154131195347
2021-12-02,nifty50,MARUTI.NS,3,0.28276154131195347
2021-12-02,nifty50,NESTLEIND.NS,4,0.28276154131195347
2021-12-02,nifty50,NTPC.NS,2,0.28276154131195347
2021-12-02,nifty50,ONGC.NS,2,0.28276154131195347
2021-12-02,nifty50,POWERGRID.NS,2,0.28276154131195347
2021-12-02,nifty50,RELIANCE.NS,0,0.28276154131195347
2021-12-02,nifty50,SBIN.NS,0,0.28276154131195347
2021-12-02,nifty50,SHRIRAMFIN.NS,0,0.28276154131195347
2021-12-02,nifty50,SUNPHARMA.NS,2,0.28276154131195347
2021-12-02,nifty50,TATACONSUM.NS,4,0.28276154131195347
2021-12-02,nifty50,TATASTEEL.NS,2,0.28276154131195347
2021-12-02,nifty50,TCS.NS,1,0.28276154131195347
2021-12-02,nifty50,TECHM.NS,1,0.28276154131195347
2021-12-02,nifty50,TITAN.NS,4,0.28276154131195347
2021-12-02,nifty50,ULTRACEMCO.NS,2,0.28276154131195347
2021-12-02,nifty50,WIPRO.NS,1,0.28276154131195347
2021-12-31,nifty50,ADANIENT.NS,2,0.40161192432814913
2021-12-31,nifty50,ADANIPORTS.NS,2,0.40161192432814913
2021-12-31,nifty50,APOLLOHOSP.NS,3,0.40161192432814913
2021-12-31,nifty50,ASIANPAINT.NS,3,0.40161192432814913
2021-12-31,nifty50,AXISBANK.NS,1,0.40161192432814913
2021-12-31,nifty50,BAJAJ-AUTO.NS,5,0.40161192432814913
2021-12-31,nifty50,BAJAJFINSV.NS,0,0.40161192432814913
2021-12-31,nifty50,BAJFINANCE.NS,0,0.40161192432814913
2021-12-31,nifty50,BEL.NS,5,0.40161192432814913
2021-12-31,nifty50,BHARTIARTL.NS,2,0.40161192432814913
2021-12-31,nifty50,BPCL.NS,2,0.40161192432814913
2021-12-31,nifty50,BRITANNIA.NS,3,0.40161192432814913
2021-12-31,nifty50,CIPLA.NS,0,0.40161192432814913
2021-12-31,nifty50,DIVISLAB.NS,0,0.40161192432814913
2021-12-31,nifty50,DRREDDY.NS,0,0.40161192432814913
2021-12-31,nifty50,EICHERMOT.NS,5,0.40161192432814913
2021-12-31,nifty50,GRASIM.NS,2,0.40161192432814913
2021-12-31,nifty50,HCLTECH.NS,0,0.40161192432814913
2021-12-31,nifty50,HDFCBANK.NS,1,0.40161192432814913
2021-12-31,nifty50,HEROMOTOCO.NS,5,0.40161192432814913
2021-12-31,nifty50,HINDALCO.NS,0,0.40161192432814913
2021-12-31,nifty50,HINDUNILVR.NS,3,0.40161192432814913
2021-12-31,nifty50,ICICIBANK.NS,1,0.40161192432814913
2021-12-31,nifty50,INDUSINDBK.NS,1,0.40161192432814913
2021-12-31,nifty50,INFY.NS,0,0.40161192432814913
2021-12-31,nifty50,ITC.NS,3,0.40161192432814913
2021-12-31,nifty50,JSWSTEEL.NS,2,0.40161192432814913
2021-12-31,nifty50,KOTAKBANK.NS,1,0.40161192432814913
2021-12-31,nifty50,LT.NS,0,0.40161192432814913
2021-12-31,nifty50,M&M.NS,5,0.40161192432814913
2021-12-31,nifty50,MARUTI.NS,5,0.40161192432814913
2021-12-31,nifty50,NESTLEIND.NS,3,0.40161192432814913
2021-12-31,nifty50,NTPC.NS,0,0.40161192432814913
2021-12-31,nifty50,ONGC.NS,1,0.40161192432814913
2021-12-31,nifty50,POWERGRID.NS,0,0.40161192432814913
2021-12-31,nifty50,RELIANCE.NS,0,0.40161192432814913
2021-12-31,nifty50,SBIN.NS,1,0.40161192432814913
2021-12-31,nifty50,SHRIRAMFIN.NS,0,0.40161192432814913
2021-12-31,nifty50,SUNPHARMA.NS,0,0.40161192432814913
2021-12-31,nifty50,TATACONSUM.NS,3,0.40161192432814913
2021-12-31,nifty50,TATASTEEL.NS,2,0.40161192432814913
2021-12-31,nifty50,TCS.NS,0,0.40161192432814913
2021-12-31,nifty50,TECHM.NS,0,0.40161192432814913
2021-12-31,nifty50,TITAN.NS,5,0.40161192432814913
2021-12-31,nifty50,ULTRACEMCO.NS,2,0.40161192432814913
2021-12-31,nifty50,WIPRO.NS,0,0.40161192432814913
2022-02-01,nifty50,ADANIENT.NS,4,0.48380222620208113
2022-02-01,nifty50,ADANIPORTS.NS,4,0.48380222620208113
2022-02-01,nifty50,APOLLOHOSP.NS,4,0.48380222620208113
2022-02-01,nifty50,ASIANPAINT.NS,4,0.48380222620208113
2022-02-01,nifty50,AXISBANK.NS,2,0.48380222620208113
2022-02-01,nifty50,BAJAJ-AUTO.NS,3,0.48380222620208113
2022-02-01,nifty50,BAJAJFINSV.NS,0,0.48380222620208113
2022-02-01,nifty50,BAJFINANCE.NS,0,0.48380222620208113
2022-02-01,nifty50,BEL.NS,3,0.48380222620208113
2022-02-01,nifty50,BHARTIARTL.NS,3,0.48380222620208113
2022-02-01,nifty50,BPCL.NS,3,0.48380222620208113
2022-02-01,nifty50,BRITANNIA.NS,4,0.48380222620208113
2022-02-01,nifty50,CIPLA.NS,0,0.48380222620208113
2022-02-01,nifty50,DIVISLAB.NS,0,0.48380222620208113
2022-02-01,nifty50,DRREDDY.NS,0,0.48380222620208113
2022-02-01,nifty50,EICHERMOT.NS,3,0.48380222620208113
2022-02-01,nifty50,GRASIM.NS,4,0.48380222620208113
2022-02-01,nifty50,HCLTECH.NS,1,0.48380222620208113
2022-02-01,nifty50,HDFCBANK.NS,2,0.48380222620208113
2022-02-01,nifty50,HEROMOTOCO.NS,3,0.48380222620208113
2022-02-01,nifty50,HINDALCO.NS,0,0.48380222620208113
2022-02-01,nifty50,HINDUNILVR.NS,4,0.48380222620208113
2022-02-01,nifty50,ICICIBANK.NS,2,0.48380222620208113
2022-02-01,nifty50,INDUSINDBK.NS,2,0.48380222620208113
2022-02-01,nifty50,INFY.NS,1,0.48380222620208113
2022-02-01,nifty50,ITC.NS,4,0.48380222620208113
2022-02-01,nifty50,JSWSTEEL.NS,0,0.48380222620208113
2022-02-01,nifty50,KOTAKBANK.NS,2,0.48380222620208113
2022-02-01,nifty50,LT.NS,0,0.48380222620208113
2022-02-01,nifty50,M&M.NS,3,0.48380222620208113
2022-02-01,nifty50,MARUTI.NS,3,0.48380222620208113
2022-02-01,nifty50,NESTLEIND.NS,4,0.48380222620208113
2022-02-01,nifty50,NTPC.NS,2,0.48380222620208113
2022-02-01,nifty50,ONGC.NS,2,0.48380222620208113
2022-02-01,nifty50,POWERGRID.NS,2,0.48380222620208113
2022-02-01,nifty50,RELIANCE.NS,0,0.48380222620208113
2022-02-01,nifty50,SBIN.NS,2,0.48380222620208113
2022-02-01,nifty50,SHRIRAMFIN.NS,0,0.48380222620208113
2022-02-01,nifty50,SUNPHARMA.NS,0,0.48380222620208113
2022-02-01,nifty50,TATACONSUM.NS,4,0.48380222620208113
2022-02-01,nifty50,TATASTEEL.NS,0,0.48380222620208113
2022-02-01,nifty50,TCS.NS,1,0.48380222620208113
2022-02-01,nifty50,TECHM.NS,1,0.48380222620208113
2022-02-01,nifty50,TITAN.NS,3,0.48380222620208113
2022-02-01,nifty50,ULTRACEMCO.NS,4,0.48380222620208113
2022-02-01,nifty50,WIPRO.NS,1,0.48380222620208113
2022-03-03,nifty50,ADANIENT.NS,3,0.24059198226009826
2022-03-03,nifty50,ADANIPORTS.NS,3,0.24059198226009826
2022-03-03,nifty50,APOLLOHOSP.NS,0,0.24059198226009826
2022-03-03,nifty50,ASIANPAINT.NS,4,0.24059198226009826
2022-03-03,nifty50,AXISBANK.NS,2,0.24059198226009826
2022-03-03,nifty50,BAJAJ-AUTO.NS,4,0.24059198226009826
2022-03-03,nifty50,BAJAJFINSV.NS,0,0.24059198226009826
2022-03-03,nifty50,BAJFINANCE.NS,0,0.24059198226009826
2022-03-03,nifty50,BEL.NS,3,0.24059198226009826
2022-03-03,nifty50,BHARTIARTL.NS,3,0.24059198226009826
2022-03-03,nifty50,BPCL.NS,3,0.24059198226009826
2022-03-03,nifty50,BRITANNIA.NS,4,0.24059198226009826
2022-03-03,nifty50,CIPLA.NS,4,0.24059198226009826
2022-03-03,nifty50,DIVISLAB.NS,4,0.24059198226009826
2022-03-03,nifty50,DRREDDY.NS,4,0.24059198226009826
2022-03-03,nifty50,EICHERMOT.NS,4,0.24059198226009826
2022-03-03,nifty50,GRASIM.NS,4,0.24059198226009826
2022-03-03,nifty50,HCLTECH.NS,0,0.24059198226009826
2022-03-03,nifty50,HDFCBANK.NS,2,0.24059198226009826
2022-03-03,nifty50,HEROMOTOCO.NS,4,0.24059198226009826
2022-03-03,nifty50,HINDALCO.NS,2,0.24059198226009826
2022-03-03,nifty50,HINDUNILVR.NS,4,0.24059198226009826
2022-03-03,nifty50,ICICIBANK.NS,2,0.24059198226009826
2022-03-03,nifty50,INDUSINDBK.NS,2,0.24059198226009826
2022-03-03,nifty50,INFY.NS,0,0.24059198226009826
2022-03-03,nifty50,ITC.NS,3,0.24059198226009826
2022-03-03,nifty50,JSWSTEEL.NS,2,0.24059198226009826
2022-03-03,nifty50,KOTAKBANK.NS,2,0.24059198226009826
2022-03-03,nifty50,LT.NS,0,0.24059198226009826
2022-03-03,nifty50,M&M.NS,4,0.24059198226009826
2022-03-03,nifty50,MARUTI.NS,4,0.24059198226009826
2022-03-03,nifty50,NESTLEIND.NS,4,0.24059198226009826
2022-03-03,nifty50,NTPC.NS,2,0.24059198226009826
2022-03-03,nifty50,ONGC.NS,2,0.24059198226009826
2022-03-03,nifty50,POWERGRID.NS,2,0.24059198226009826
2022-03-03,nifty50,RELIANCE.NS,0,0.24059198226009826
2022-03-03,nifty50,SBIN.NS,3,0.24059198226009826
2022-03-03,nifty50,SHRIRAMFIN.NS,0,0.24059198226009826
2022-03-03,nifty50,SUNPHARMA.NS,2,0.24059198226009826
2022-03-03,nifty50,TATACONSUM.NS,0,0.24059198226009826
2022-03-03,nifty50,TATASTEEL.NS,2,0.24059198226009826
2022-03-03,nifty50,TCS.NS,0,0.24059198226009826
2022-03-03,nifty50,TECHM.NS,0,0.24059198226009826
2022-03-03,nifty50,TITAN.NS,3,0.24059198226009826
2022-03-03,nifty50,ULTRACEMCO.NS,4,0.24059198226009826
2022-03-03,nifty50,WIPRO.NS,0,0.24059198226009826
2022-04-04,nifty50,ADANIENT.NS,4,0.20543698357884374
2022-04-04,nifty50,ADANIPORTS.NS,4,0.20543698357884374
2022-04-04,nifty50,APOLLOHOSP.NS,1,0.20543698357884374
2022-04-04,nifty50,ASIANPAINT.NS,3,0.20543698357884374
2022-04-04,nifty50,AXISBANK.NS,2,0.20543698357884374
2022-04-04,nifty50,BAJAJ-AUTO.NS,2,0.20543698357884374
2022-04-04,nifty50,BAJAJFINSV.NS,0,0.20543698357884374
2022-04-04,nifty50,BAJFINANCE.NS,1,0.20543698357884374
2022-04-04,nifty50,BEL.NS,4,0.20543698357884374
2022-04-04,nifty50,BHARTIARTL.NS,2,0.20543698357884374
2022-04-04,nifty50,BPCL.NS,1,0.20543698357884374
2022-04-04,nifty50,BRITANNIA.NS,3,0.20543698357884374
2022-04-04,nifty50,CIPLA.NS,0,0.20543698357884374
2022-04-04,nifty50,DIVISLAB.NS,0,0.20543698357884374
2022-04-04,nifty50,DRREDDY.NS,0,0.20543698357884374
2022-04-04,nifty50,EICHERMOT.NS,2,0.20543698357884374
2022-04-04,nifty50,GRASIM.NS,3,0.20543698357884374
2022-04-04,nifty50,HCLTECH.NS,0,0.20543698357884374
2022-04-04,nifty50,HDFCBANK.NS,1,0.20543698357884374
2022-04-04,nifty50,HEROMOTOCO.NS,2,0.20543698357884374
2022-04-04,nifty50,HINDALCO.NS,4,0.20543698357884374
2022-04-04,nifty50,HINDUNILVR.NS,3,0.20543698357884374
2022-04-04,nifty50,ICICIBANK.NS,2,0.20543698357884374
2022-04-04,nifty50,INDUSINDBK.NS,2,0.20543698357884374
2022-04-04,nifty50,INFY.NS,0,0.20543698357884374
2022-04-04,nifty50,ITC.NS,4,0.20543698357884374
2022-04-04,nifty50,JSWSTEEL.NS,4,0.20543698357884374
2022-04-04,nifty50,KOTAKBANK.NS,1,0.20543698357884374
2022-04-04,nifty50,LT.NS,0,0.20543698357884374
2022-04-04,nifty50,M&M.NS,2,0.20543698357884374
2022-04-04,nifty50,MARUTI.NS,2,0.20543698357884374
2022-04-04,nifty50,NESTLEIND.NS,3,0.20543698357884374
2022-04-04,nifty50,NTPC.NS,2,0.20543698357884374
2022-04-04,nifty50,ONGC.NS,4,0.20543698357884374
2022-04-04,nifty50,POWERGRID.NS,2,0.20543698357884374
2022-04-04,nifty50,RELIANCE.NS,0,0.20543698357884374
2022-04-04,nifty50,SBIN.NS,2,0.20543698357884374
2022-04-04,nifty50,SHRIRAMFIN.NS,2,0.20543698357884374
2022-04-04,nifty50,SUNPHARMA.NS,4,0.20543698357884374
2022-04-04,nifty50,TATACONSUM.NS,1,0.20543698357884374
2022-04-04,nifty50,TATASTEEL.NS,4,0.20543698357884374
2022-04-04,nifty50,TCS.NS,0,0.20543698357884374
2022-04-04,nifty50,TECHM.NS,0,0.20543698357884374
2022-04-04,nifty50,TITAN.NS,4,0.20543698357884374
2022-04-04,nifty50,ULTRACEMCO.NS,0,0.20543698357884374
2022-04-04,nifty50,WIPRO.NS,0,0.20543698357884374
2022-05-06,nifty50,ADANIENT.NS,2,0.3683595657126915
2022-05-06,nifty50,ADANIPORTS.NS,2,0.3683595657126915
2022-05-06,nifty50,APOLLOHOSP.NS,0,0.3683595657126915
2022-05-06,nifty50,ASIANPAINT.NS,5,0.3683595657126915
2022-05-06,nifty50,AXISBANK.NS,4,0.3683595657126915
2022-05-06,nifty50,BAJAJ-AUTO.NS,0,0.3683595657126915
2022-05-06,nifty50,BAJAJFINSV.NS,0,0.3683595657126915
2022-05-06,nifty50,BAJFINANCE.NS,0,0.3683595657126915
2022-05-06,nifty50,BEL.NS,2,0.3683595657126915
2022-05-06,nifty50,BHARTIARTL.NS,2,0.3683595657126915
2022-05-06,nifty50,BPCL.NS,4,0.3683595657126915
2022-05-06,nifty50,BRITANNIA.NS,5,0.3683595657126915
2022-05-06,nifty50,CIPLA.NS,5,0.3683595657126915
2022-05-06,nifty50,DIVISLAB.NS,5,0.3683595657126915
2022-05-06,nifty50,DRREDDY.NS,5,0.3683595657126915
2022-05-06,nifty50,EICHERMOT.NS,0,0.3683595657126915
2022-05-06,nifty50,GRASIM.NS,5,0.3683595657126915
2022-05-06,nifty50,HCLTECH.NS,1,0.3683595657126915
2022-05-06,nifty50,HDFCBANK.NS,0,0.3683595657126915
2022-05-06,nifty50,HEROMOTOCO.NS,0,0.3683595657126915
2022-05-06,nifty50,HINDALCO.NS,2,0.3683595657126915
2022-05-06,nifty50,HINDUNILVR.NS,5,0.3683595657126915
2022-05-06,nifty50,ICICIBANK.NS,4,0.3683595657126915
2022-05-06,nifty50,INDUSINDBK.NS,4,0.3683595657126915
2022-05-06,nifty50,INFY.NS,1,0.3683595657126915
2022-05-06,nifty50,ITC.NS,2,0.3683595657126915
2022-05-06,nifty50,JSWSTEEL.NS,2,0.3683595657126915
2022-05-06,nifty50,KOTAKBANK.NS,0,0.3683595657126915
2022-05-06,nifty50,LT.NS,2,0.3683595657126915
2022-05-06,nifty50,M&M.NS,0,0.3683595657126915
2022-05-06,nifty50,MARUTI.NS,4,0.3683595657126915
2022-05-06,nifty50,NESTLEIND.NS,5,0.3683595657126915
2022-05-06,nifty50,NTPC.NS,4,0.3683595657126915
2022-05-06,nifty50,ONGC.NS,2,0.3683595657126915
2022-05-06,nifty50,POWERGRID.NS,4,0.3683595657126915
2022-05-06,nifty50,RELIANCE.NS,0,0.3683595657126915
2022-05-06,nifty50,SBIN.NS,4,0.3683595657126915
2022-05-06,nifty50,SHRIRAMFIN.NS,4,0.3683595657126915
2022-05-06,nifty50,SUNPHARMA.NS,5,0.3683595657126915
2022-05-06,nifty50,TATACONSUM.NS,2,0.3683595657126915
2022-05-06,nifty50,TATASTEEL.NS,2,0.3683595657126915
2022-05-06,nifty50,TCS.NS,1,0.3683595657126915
2022-05-06,nifty50,TECHM.NS,1,0.3683595657126915
2022-05-06,nifty50,TITAN.NS,2,0.3683595657126915
2022-05-06,nifty50,ULTRACEMCO.NS,5,0.3683595657126915
2022-05-06,nifty50,WIPRO.NS,1,0.3683595657126915
2022-06-06,nifty50,ADANIENT.NS,0,0.23229471970824728
2022-06-06,nifty50,ADANIPORTS.NS,0,0.23229471970824728
2022-06-06,nifty50,APOLLOHOSP.NS,3,0.23229471970824728
2022-06-06,nifty50,ASIANPAINT.NS,4,0.23229471970824728
2022-06-06,nifty50,AXISBANK.NS,2,0.23229471970824728
2022-06-06,nifty50,BAJAJ-AUTO.NS,2,0.23229471970824728
2022-06-06,nifty50,BAJAJFINSV.NS,2,0.23229471970824728
2022-06-06,nifty50,BAJFINANCE.NS,2,0.23229471970824728
2022-06-06,nifty50,BEL.NS,0,0.23229471970824728
2022-06-06,nifty50,BHARTIARTL.NS,3,0.23229471970824728
2022-06-06,nifty50,BPCL.NS,2,0.23229471970824728
2022-06-06,nifty50,BRITANNIA.NS,4,0.23229471970824728
2022-06-06,nifty50,CIPLA.NS,0,0.23229471970824728
2022-06-06,nifty50,DIVISLAB.NS,2,0.23229471970824728
2022-06-06,nifty50,DRREDDY.NS,0,0.23229471970824728
2022-06-06,nifty50,EICHERMOT.NS,2,0.23229471970824728
2022-06-06,nifty50,GRASIM.NS,4,0.23229471970824728
2022-06-06,nifty50,HCLTECH.NS,1,0.23229471970824728
2022-06-06,nifty50,HDFCBANK.NS,2,0.23229471970824728
2022-06-06,nifty50,HEROMOTOCO.NS,0,0.23229471970824728
2022-06-06,nifty50,HINDALCO.NS,2,0.23229471970824728
2022-06-06,nifty50,HINDUNILVR.NS,4,0.23229471970824728
2022-06-06,nifty50,ICICIBANK.NS,2,0.23229471970824728
2022-06-06,nifty50,INDUSINDBK.NS,2,0.23229471970824728
2022-06-06,nifty50,INFY.NS,1,0.23229471970824728
2022-06-06,nifty50,ITC.NS,4,0.23229471970824728
2022-06-06,nifty50,JSWSTEEL.NS,2,0.23229471970824728
2022-06-06,nifty50,KOTAKBANK.NS,2,0.23229471970824728
2022-06-06,nifty50,LT.NS,0,0.23229471970824728
2022-06-06,nifty50,M&M.NS,0,0.23229471970824728
2022-06-06,nifty50,MARUTI.NS,2,0.23229471970824728
2022-06-06,nifty50,NESTLEIND.NS,4,0.23229471970824728
2022-06-06,nifty50,NTPC.NS,2,0.23229471970824728
2022-06-06,nifty50,ONGC.NS,2,0.23229471970824728
2022-06-06,nifty50,POWERGRID.NS,2,0.23229471970824728
2022-06-06,nifty50,RELIANCE.NS,0,0.23229471970824728
2022-06-06,nifty50,SBIN.NS,2,0.23229471970824728
2022-06-06,nifty50,SHRIRAMFIN.NS,2,0.23229471970824728
2022-06-06,nifty50,SUNPHARMA.NS,0,0.23229471970824728
2022-06-06,nifty50,TATACONSUM.NS,4,0.23229471970824728
2022-06-06,nifty50,TATASTEEL.NS,2,0.23229471970824728
2022-06-06,nifty50,TCS.NS,1,0.23229471970824728
2022-06-06,nifty50,TECHM.NS,1,0.23229471970824728
2022-06-06,nifty50,TITAN.NS,0,0.23229471970824728
2022-06-06,nifty50,ULTRACEMCO.NS,4,0.23229471970824728
2022-06-06,nifty50,WIPRO.NS,1,0.23229471970824728
2022-07-05,nifty50,ADANIENT.NS,0,0.7605120183630592
2022-07-05,nifty50,ADANIPORTS.NS,0,0.7605120183630592
2022-07-05,nifty50,APOLLOHOSP.NS,0,0.7605120183630592
2022-07-05,nifty50,ASIANPAINT.NS,3,0.7605120183630592
2022-07-05,nifty50,AXISBANK.NS,2,0.7605120183630592
2022-07-05,nifty50,BAJAJ-AUTO.NS,2,0.7605120183630592
2022-07-05,nifty50,BAJAJFINSV.NS,2,0.7605120183630592
2022-07-05,nifty50,BAJFINANCE.NS,0,0.7605120183630592
2022-07-05,nifty50,BEL.NS,0,0.7605120183630592
2022-07-05,nifty50,BHARTIARTL.NS,0,0.7605120183630592
2022-07-05,nifty50,BPCL.NS,2,0.7605120183630592
2022-07-05,nifty50,BRITANNIA.NS,3,0.7605120183630592
2022-07-05,nifty50,CIPLA.NS,0,0.7605120183630592
2022-07-05,nifty50,DIVISLAB.NS,3,0.7605120183630592
2022-07-05,nifty50,DRREDDY.NS,0,0.7605120183630592
2022-07-05,nifty50,EICHERMOT.NS,2,0.7605120183630592
2022-07-05,nifty50,GRASIM.NS,3,0.7605120183630592
2022-07-05,nifty50,HCLTECH.NS,1,0.7605120183630592
2022-07-05,nifty50,HDFCBANK.NS,2,0.7605120183630592
2022-07-05,nifty50,HEROMOTOCO.NS,0,0.7605120183630592
2022-07-05,nifty50,HINDALCO.NS,2,0.7605120183630592
2022-07-05,nifty50,HINDUNILVR.NS,3,0.7605120183630592
2022-07-05,nifty50,ICICIBANK.NS,2,0.7605120183630592
2022-07-05,nifty50,INDUSINDBK.NS,2,0.7605120183630592
2022-07-05,nifty50,INFY.NS,1,0.7605120183630592
2022-07-05,nifty50,ITC.NS,0,0.7605120183630592
2022-07-05,nifty50,JSWSTEEL.NS,2,0.7605120183630592
2022-07-05,nifty50,KOTAKBANK.NS,2,0.7605120183630592
2022-07-05,nifty50,LT.NS,0,0.7605120183630592
2022-07-05,nifty50,M&M.NS,0,0.7605120183630592
2022-07-05,nifty50,MARUTI.NS,2,0.7605120183630592
2022-07-05,nifty50,NESTLEIND.NS,3,0.7605120183630592
2022-07-05,nifty50,NTPC.NS,2,0.7605120183630592
2022-07-05,nifty50,ONGC.NS,2,0.7605120183630592
2022-07-05,nifty50,POWERGRID.NS,2,0.7605120183630592
2022-07-05,nifty50,RELIANCE.NS,0,0.7605120183630592
2022-07-05,nifty50,SBIN.NS,2,0.7605120183630592
2022-07-05,nifty50,SHRIRAMFIN.NS,2,0.7605120183630592
2022-07-05,nifty50,SUNPHARMA.NS,0,0.7605120183630592
2022-07-05,nifty50,TATACONSUM.NS,3,0.7605120183630592
2022-07-05,nifty50,TATASTEEL.NS,2,0.7605120183630592
2022-07-05,nifty50,TCS.NS,1,0.7605120183630592
2022-07-05,nifty50,TECHM.NS,1,0.7605120183630592
2022-07-05,nifty50,TITAN.NS,0,0.7605120183630592
2022-07-05,nifty50,ULTRACEMCO.NS,3,0.7605120183630592
2022-07-05,nifty50,WIPRO.NS,1,0.7605120183630592
2022-08-03,nifty50,ADANIENT.NS,0,0.3425788693626932
2022-08-03,nifty50,ADANIPORTS.NS,0,0.3425788693626932
2022-08-03,nifty50,APOLLOHOSP.NS,2,0.3425788693626932
2022-08-03,nifty50,ASIANPAINT.NS,4,0.3425788693626932
2022-08-03,nifty50,AXISBANK.NS,2,0.3425788693626932
2022-08-03,nifty50,BAJAJ-AUTO.NS,3,0.3425788693626932
2022-08-03,nifty50,BAJAJFINSV.NS,2,0.3425788693626932
2022-08-03,nifty50,BAJFINANCE.NS,2,0.3425788693626932
2022-08-03,nifty50,BEL.NS,0,0.3425788693626932
2022-08-03,nifty50,BHARTIARTL.NS,0,0.3425788693626932
2022-08-03,nifty50,BPCL.NS,1,0.3425788693626932
2022-08-03,nifty50,BRITANNIA.NS,4,0.3425788693626932
2022-08-03,nifty50,CIPLA.NS,3,0.3425788693626932
2022-08-03,nifty50,DIVISLAB.NS,4,0.3425788693626932
2022-08-03,nifty50,DRREDDY.NS,4,0.3425788693626932
2022-08-03,nifty50,EICHERMOT.NS,3,0.3425788693626932
2022-08-03,nifty50,GRASIM.NS,4,0.3425788693626932
2022-08-03,nifty50,HCLTECH.NS,1,0.3425788693626932
2022-08-03,nifty50,HDFCBANK.NS,2,0.3425788693626932
2022-08-03,nifty50,HEROMOTOCO.NS,3,0.3425788693626932
2022-08-03,nifty50,HINDALCO.NS,0,0.3425788693626932
2022-08-03,nifty50,HINDUNILVR.NS,4,0.3425788693626932
2022-08-03,nifty50,ICICIBANK.NS,2,0.3425788693626932
2022-08-03,nifty50,INDUSINDBK.NS,2,0.3425788693626932
2022-08-03,nifty50,INFY.NS,1,0.3425788693626932
2022-08-03,nifty50,ITC.NS,0,0.3425788693626932
2022-08-03,nifty50,JSWSTEEL.NS,0,0.3425788693626932
2022-08-03,nifty50,KOTAKBANK.NS,2,0.3425788693626932
2022-08-03,nifty50,LT.NS,1,0.3425788693626932
2022-08-03,nifty50,M&M.NS,3,0.3425788693626932
2022-08-03,nifty50,MARUTI.NS,3,0.3425788693626932
2022-08-03,nifty50,NESTLEIND.NS,4,0.3425788693626932
2022-08-03,nifty50,NTPC.NS,2,0.3425788693626932
2022-08-03,nifty50,ONGC.NS,0,0.3425788693626932
2022-08-03,nifty50,POWERGRID.NS,2,0.3425788693626932
2022-08-03,nifty50,RELIANCE.NS,0,0.3425788693626932
2022-08-03,nifty50,SBIN.NS,2,0.3425788693626932
2022-08-03,nifty50,SHRIRAMFIN.NS,2,0.3425788693626932
2022-08-03,nifty50,SUNPHARMA.NS,0,0.3425788693626932
2022-08-03,nifty50,TATACONSUM.NS,4,0.3425788693626932
2022-08-03,nifty50,TATASTEEL.NS,0,0.3425788693626932
2022-08-03,nifty50,TCS.NS,1,0.3425788693626932
2022-08-03,nifty50,TECHM.NS,1,0.3425788693626932
2022-08-03,nifty50,TITAN.NS,0,0.3425788693626932
2022-08-03,nifty50,ULTRACEMCO.NS,4,0.3425788693626932
2022-08-03,nifty50,WIPRO.NS,1,0.3425788693626932
2022-09-06,nifty50,ADANIENT.NS,0,0.3405615607698392
2022-09-06,nifty50,ADANIPORTS.NS,0,0.3405615607698392
2022-09-06,nifty50,APOLLOHOSP.NS,2,0.3405615607698392
2022-09-06,nifty50,ASIANPAINT.NS,3,0.3405615607698392
2022-09-06,nifty50,AXISBANK.NS,2,0.3405615607698392
2022-09-06,nifty50,BAJAJ-AUTO.NS,3,0.3405615607698392
2022-09-06,nifty50,BAJAJFINSV.NS,2,0.3405615607698392
2022-09-06,nifty50,BAJFINANCE.NS,2,0.3405615607698392
2022-09-06,nifty50,BEL.NS,0,0.3405615607698392
2022-09-06,nifty50,BHARTIARTL.NS,3,0.3405615607698392
2022-09-06,nifty50,BPCL.NS,1,0.3405615607698392
2022-09-06,nifty50,BRITANNIA.NS,3,0.3405615607698392
2022-09-06,nifty50,CIPLA.NS,0,0.3405615607698392
2022-09-06,nifty50,DIVISLAB.NS,2,0.3405615607698392
2022-09-06,nifty50,DRREDDY.NS,0,0.3405615607698392
2022-09-06,nifty50,EICHERMOT.NS,3,0.3405615607698392
2022-09-06,nifty50,GRASIM.NS,2,0.3405615607698392
2022-09-06,nifty50,HCLTECH.NS,1,0.3405615607698392
2022-09-06,nifty50,HDFCBANK.NS,2,0.3405615607698392
2022-09-06,nifty50,HEROMOTOCO.NS,3,0.3405615607698392
2022-09-06,nifty50,HINDALCO.NS,1,0.3405615607698392
2022-09-06,nifty50,HINDUNILVR.NS,3,0.3405615607698392
2022-09-06,nifty50,ICICIBANK.NS,2,0.3405615607698392
2022-09-06,nifty50,INDUSINDBK.NS,2,0.3405615607698392
2022-09-06,nifty50,INFY.NS,1,0.3405615607698392
2022-09-06,nifty50,ITC.NS,0,0.3405615607698392
2022-09-06,nifty50,JSWSTEEL.NS,1,0.3405615607698392
2022-09-06,nifty50,KOTAKBANK.NS,2,0.3405615607698392
2022-09-06,nifty50,LT.NS,0,0.3405615607698392
2022-09-06,nifty50,M&M.NS,0,0.3405615607698392
2022-09-06,nifty50,MARUTI.NS,3,0.3405615607698392
2022-09-06,nifty50,NESTLEIND.NS,3,0.3405615607698392
2022-09-06,nifty50,NTPC.NS,1,0.3405615607698392
2022-09-06,nifty50,ONGC.NS,1,0.3405615607698392
2022-09-06,nifty50,POWERGRID.NS,1,0.3405615607698392
2022-09-06,nifty50,RELIANCE.NS,0,0.3405615607698392
2022-09-06,nifty50,SBIN.NS,2,0.3405615607698392
2022-09-06,nifty50,SHRIRAMFIN.NS,2,0.3405615607698392
2022-09-06,nifty50,SUNPHARMA.NS,0,0.3405615607698392
2022-09-06,nifty50,TATACONSUM.NS,3,0.3405615607698392
2022-09-06,nifty50,TATASTEEL.NS,1,0.3405615607698392
2022-09-06,nifty50,TCS.NS,1,0.3405615607698392
2022-09-06,nifty50,TECHM.NS,1,0.3405615607698392
2022-09-06,nifty50,TITAN.NS,0,0.3405615607698392
2022-09-06,nifty50,ULTRACEMCO.NS,2,0.3405615607698392
2022-09-06,nifty50,WIPRO.NS,1,0.3405615607698392
2022-10-06,nifty50,ADANIENT.NS,4,0.30403511697589475
2022-10-06,nifty50,ADANIPORTS.NS,4,0.30403511697589475
2022-10-06,nifty50,APOLLOHOSP.NS,2,0.30403511697589475
2022-10-06,nifty50,ASIANPAINT.NS,1,0.30403511697589475
2022-10-06,nifty50,AXISBANK.NS,2,0.30403511697589475
2022-10-06,nifty50,BAJAJ-AUTO.NS,0,0.30403511697589475
2022-10-06,nifty50,BAJAJFINSV.NS,2,0.30403511697589475
2022-10-06,nifty50,BAJFINANCE.NS,2,0.30403511697589475
2022-10-06,nifty50,BEL.NS,4,0.30403511697589475
2022-10-06,nifty50,BHARTIARTL.NS,2,0.30403511697589475
2022-10-06,nifty50,BPCL.NS,5,0.30403511697589475
2022-10-06,nifty50,BRITANNIA.NS,1,0.30403511697589475
2022-10-06,nifty50,CIPLA.NS,1,0.30403511697589475
2022-10-06,nifty50,DIVISLAB.NS,4,0.30403511697589475
2022-10-06,nifty50,DRREDDY.NS,1,0.30403511697589475
2022-10-06,nifty50,EICHERMOT.NS,0,0.30403511697589475
2022-10-06,nifty50,GRASIM.NS,4,0.30403511697589475
2022-10-06,nifty50,HCLTECH.NS,5,0.30403511697589475
2022-10-06,nifty50,HDFCBANK.NS,2,0.30403511697589475
2022-10-06,nifty50,HEROMOTOCO.NS,0,0.30403511697589475
2022-10-06,nifty50,HINDALCO.NS,4,0.30403511697589475
2022-10-06,nifty50,HINDUNILVR.NS,1,0.30403511697589475
2022-10-06,nifty50,ICICIBANK.NS,2,0.30403511697589475
2022-10-06,nifty50,INDUSINDBK.NS,2,0.30403511697589475
2022-10-06,nifty50,INFY.NS,5,0.30403511697589475
2022-10-06,nifty50,ITC.NS,4,0.30403511697589475
2022-10-06,nifty50,JSWSTEEL.NS,4,0.30403511697589475
2022-10-06,nifty50,KOTAKBANK.NS,2,0.30403511697589475
2022-10-06,nifty50,LT.NS,3,0.30403511697589475
2022-10-06,nifty50,M&M.NS,0,0.30403511697589475
2022-10-06,nifty50,MARUTI.NS,0,0.30403511697589475
2022-10-06,nifty50,NESTLEIND.NS,1,0.30403511697589475
2022-10-06,nifty50,NTPC.NS,4,0.30403511697589475
2022-10-06,nifty50,ONGC.NS,4,0.30403511697589475
2022-10-06,nifty50,POWERGRID.NS,4,0.30403511697589475
2022-10-06,nifty50,RELIANCE.NS,4,0.30403511697589475
2022-10-06,nifty50,SBIN.NS,2,0.30403511697589475
2022-10-06,nifty50,SHRIRAMFIN.NS,4,0.30403511697589475
2022-10-06,nifty50,SUNPHARMA.NS,1,0.30403511697589475
2022-10-06,nifty50,TATACONSUM.NS,1,0.30403511697589475
2022-10-06,nifty50,TATASTEEL.NS,4,0.30403511697589475
2022-10-06,nifty50,TCS.NS,5,0.30403511697589475
2022-10-06,nifty50,TECHM.NS,5,0.30403511697589475
2022-10-06,nifty50,TITAN.NS,4,0.30403511697589475
2022-10-06,nifty50,ULTRACEMCO.NS,4,0.30403511697589475
2022-10-06,nifty50,WIPRO.NS,5,0.30403511697589475
2022-11-07,nifty50,ADANIENT.NS,3,0.4446207461601486
2022-11-07,nifty50,ADANIPORTS.NS,3,0.4446207461601486
2022-11-07,nifty50,APOLLOHOSP.NS,4,0.4446207461601486
2022-11-07,nifty50,ASIANPAINT.NS,3,0.4446207461601486
2022-11-07,nifty50,AXISBANK.NS,2,0.4446207461601486
2022-11-07,nifty50,BAJAJ-AUTO.NS,4,0.4446207461601486
2022-11-07,nifty50,BAJAJFINSV.NS,2,0.4446207461601486
2022-11-07,nifty50,BAJFINANCE.NS,2,0.4446207461601486
2022-11-07,nifty50,BEL.NS,3,0.4446207461601486
2022-11-07,nifty50,BHARTIARTL.NS,2,0.4446207461601486
2022-11-07,nifty50,BPCL.NS,1,0.4446207461601486
2022-11-07,nifty50,BRITANNIA.NS,3,0.4446207461601486
2022-11-07,nifty50,CIPLA.NS,0,0.4446207461601486
2022-11-07,nifty50,DIVISLAB.NS,1,0.4446207461601486
2022-11-07,nifty50,DRREDDY.NS,0,0.4446207461601486
2022-11-07,nifty50,EICHERMOT.NS,4,0.4446207461601486
2022-11-07,nifty50,GRASIM.NS,3,0.4446207461601486
2022-11-07,nifty50,HCLTECH.NS,1,0.4446207461601486
2022-11-07,nifty50,HDFCBANK.NS,2,0.4446207461601486
2022-11-07,nifty50,HEROMOTOCO.NS,4,0.4446207461601486
2022-11-07,nifty50,HINDALCO.NS,0,0.4446207461601486
2022-11-07,nifty50,HINDUNILVR.NS,3,0.4446207461601486
2022-11-07,nifty50,ICICIBANK.NS,2,0.4446207461601486
2022-11-07,nifty50,INDUSINDBK.NS,2,0.4446207461601486
2022-11-07,nifty50,INFY.NS,1,0.4446207461601486
2022-11-07,nifty50,ITC.NS,0,0.4446207461601486
2022-11-07,nifty50,JSWSTEEL.NS,0,0.4446207461601486
2022-11-07,nifty50,KOTAKBANK.NS,2,0.4446207461601486
2022-11-07,nifty50,LT.NS,3,0.4446207461601486
2022-11-07,nifty50,M&M.NS,4,0.4446207461601486
2022-11-07,nifty50,MARUTI.NS,4,0.4446207461601486
2022-11-07,nifty50,NESTLEIND.NS,3,0.4446207461601486
2022-11-07,nifty50,NTPC.NS,0,0.4446207461601486
2022-11-07,nifty50,ONGC.NS,0,0.4446207461601486
2022-11-07,nifty50,POWERGRID.NS,0,0.4446207461601486
2022-11-07,nifty50,RELIANCE.NS,0,0.4446207461601486
2022-11-07,nifty50,SBIN.NS,2,0.4446207461601486
2022-11-07,nifty50,SHRIRAMFIN.NS,2,0.4446207461601486
2022-11-07,nifty50,SUNPHARMA.NS,0,0.4446207461601486
2022-11-07,nifty50,TATACONSUM.NS,3,0.4446207461601486
2022-11-07,nifty50,TATASTEEL.NS,0,0.4446207461601486
2022-11-07,nifty50,TCS.NS,1,0.4446207461601486
2022-11-07,nifty50,TECHM.NS,1,0.4446207461601486
2022-11-07,nifty50,TITAN.NS,3,0.4446207461601486
2022-11-07,nifty50,ULTRACEMCO.NS,3,0.4446207461601486
2022-11-07,nifty50,WIPRO.NS,1,0.4446207461601486
2022-12-07,nifty50,ADANIENT.NS,4,0.5039163324908232
2022-12-07,nifty50,ADANIPORTS.NS,4,0.5039163324908232
2022-12-07,nifty50,APOLLOHOSP.NS,2,0.5039163324908232
2022-12-07,nifty50,ASIANPAINT.NS,2,0.5039163324908232
2022-12-07,nifty50,AXISBANK.NS,3,0.5039163324908232
2022-12-07,nifty50,BAJAJ-AUTO.NS,4,0.5039163324908232
2022-12-07,nifty50,BAJAJFINSV.NS,3,0.5039163324908232
2022-12-07,nifty50,BAJFINANCE.NS,3,0.5039163324908232
2022-12-07,nifty50,BEL.NS,4,0.5039163324908232
2022-12-07,nifty50,BHARTIARTL.NS,2,0.5039163324908232
2022-12-07,nifty50,BPCL.NS,1,0.5039163324908232
2022-12-07,nifty50,BRITANNIA.NS,4,0.5039163324908232
2022-12-07,nifty50,CIPLA.NS,0,0.5039163324908232
2022-12-07,nifty50,DIVISLAB.NS,1,0.5039163324908232
2022-12-07,nifty50,DRREDDY.NS,0,0.5039163324908232
2022-12-07,nifty50,EICHERMOT.NS,4,0.5039163324908232
2022-12-07,nifty50,GRASIM.NS,3,0.5039163324908232
2022-12-07,nifty50,HCLTECH.NS,1,0.5039163324908232
2022-12-07,nifty50,HDFCBANK.NS,2,0.5039163324908232
2022-12-07,nifty50,HEROMOTOCO.NS,4,0.5039163324908232
2022-12-07,nifty50,HINDALCO.NS,0,0.5039163324908232
2022-12-07,nifty50,HINDUNILVR.NS,4,0.5039163324908232
2022-12-07,nifty50,ICICIBANK.NS,2,0.5039163324908232
2022-12-07,nifty50,INDUSINDBK.NS,3,0.5039163324908232
2022-12-07,nifty50,INFY.NS,1,0.5039163324908232
2022-12-07,nifty50,ITC.NS,4,0.5039163324908232
2022-12-07,nifty50,JSWSTEEL.NS,0,0.5039163324908232
2022-12-07,nifty50,KOTAKBANK.NS,2,0.5039163324908232
2022-12-07,nifty50,LT.NS,2,0.5039163324908232
2022-12-07,nifty50,M&M.NS,4,0.5039163324908232
2022-12-07,nifty50,MARUTI.NS,4,0.5039163324908232
2022-12-07,nifty50,NESTLEIND.NS,4,0.5039163324908232
2022-12-07,nifty50,NTPC.NS,0,0.5039163324908232
2022-12-07,nifty50,ONGC.NS,0,0.5039163324908232
2022-12-07,nifty50,POWERGRID.NS,0,0.5039163324908232
2022-12-07,nifty50,RELIANCE.NS,0,0.5039163324908232
2022-12-07,nifty50,SBIN.NS,3,0.5039163324908232
2022-12-07,nifty50,SHRIRAMFIN.NS,2,0.5039163324908232
2022-12-07,nifty50,SUNPHARMA.NS,0,0.5039163324908232
2022-12-07,nifty50,TATACONSUM.NS,4,0.5039163324908232
2022-12-07,nifty50,TATASTEEL.NS,0,0.5039163324908232
2022-12-07,nifty50,TCS.NS,1,0.5039163324908232
2022-12-07,nifty50,TECHM.NS,1,0.5039163324908232
2022-12-07,nifty50,TITAN.NS,2,0.5039163324908232
2022-12-07,nifty50,ULTRACEMCO.NS,3,0.5039163324908232
2022-12-07,nifty50,WIPRO.NS,1,0.5039163324908232
2023-01-05,nifty50,ADANIENT.NS,3,0.12829678163816144
2023-01-05,nifty50,ADANIPORTS.NS,3,0.12829678163816144
2023-01-05,nifty50,APOLLOHOSP.NS,1,0.12829678163816144
2023-01-05,nifty50,ASIANPAINT.NS,0,0.12829678163816144
2023-01-05,nifty50,AXISBANK.NS,0,0.12829678163816144
2023-01-05,nifty50,BAJAJ-AUTO.NS,0,0.12829678163816144
2023-01-05,nifty50,BAJAJFINSV.NS,0,0.12829678163816144
2023-01-05,nifty50,BAJFINANCE.NS,0,0.12829678163816144
2023-01-05,nifty50,BEL.NS,3,0.12829678163816144
2023-01-05,nifty50,BHARTIARTL.NS,1,0.12829678163816144
2023-01-05,nifty50,BPCL.NS,0,0.12829678163816144
2023-01-05,nifty50,BRITANNIA.NS,3,0.12829678163816144
2023-01-05,nifty50,CIPLA.NS,3,0.12829678163816144
2023-01-05,nifty50,DIVISLAB.NS,3,0.12829678163816144
2023-01-05,nifty50,DRREDDY.NS,3,0.12829678163816144
2023-01-05,nifty50,EICHERMOT.NS,0,0.12829678163816144
2023-01-05,nifty50,GRASIM.NS,3,0.12829678163816144
2023-01-05,nifty50,HCLTECH.NS,1,0.12829678163816144
2023-01-05,nifty50,HDFCBANK.NS,1,0.12829678163816144
2023-01-05,nifty50,HEROMOTOCO.NS,0,0.12829678163816144
2023-01-05,nifty50,HINDALCO.NS,3,0.12829678163816144
2023-01-05,nifty50,HINDUNILVR.NS,3,0.12829678163816144
2023-01-05,nifty50,ICICIBANK.NS,0,0.12829678163816144
2023-01-05,nifty50,INDUSINDBK.NS,0,0.12829678163816144
2023-01-05,nifty50,INFY.NS,1,0.12829678163816144
2023-01-05,nifty50,ITC.NS,3,0.12829678163816144
2023-01-05,nifty50,JSWSTEEL.NS,3,0.12829678163816144
2023-01-05,nifty50,KOTAKBANK.NS,0,0.12829678163816144
2023-01-05,nifty50,LT.NS,3,0.12829678163816144
2023-01-05,nifty50,M&M.NS,0,0.12829678163816144
2023-01-05,nifty50,MARUTI.NS,0,0.12829678163816144
2023-01-05,nifty50,NESTLEIND.NS,3,0.12829678163816144
2023-01-05,nifty50,NTPC.NS,3,0.12829678163816144
2023-01-05,nifty50,ONGC.NS,3,0.12829678163816144
2023-01-05,nifty50,POWERGRID.NS,3,0.12829678163816144
2023-01-05,nifty50,RELIANCE.NS,0,0.12829678163816144
2023-01-05,nifty50,SBIN.NS,3,0.12829678163816144
2023-01-05,nifty50,SHRIRAMFIN.NS,3,0.12829678163816144
2023-01-05,nifty50,SUNPHARMA.NS,3,0.12829678163816144
2023-01-05,nifty50,TATACONSUM.NS,3,0.12829678163816144
2023-01-05,nifty50,TATASTEEL.NS,3,0.12829678163816144
2023-01-05,nifty50,TCS.NS,1,0.12829678163816144
2023-01-05,nifty50,TECHM.NS,1,0.12829678163816144
2023-01-05,nifty50,TITAN.NS,0,0.12829678163816144
2023-01-05,nifty50,ULTRACEMCO.NS,3,0.12829678163816144
2023-01-05,nifty50,WIPRO.NS,1,0.12829678163816144
2023-02-06,nifty50,ADANIENT.NS,2,0.2826454222176716
2023-02-06,nifty50,ADANIPORTS.NS,2,0.2826454222176716
2023-02-06,nifty50,APOLLOHOSP.NS,2,0.2826454222176716
2023-02-06,nifty50,ASIANPAINT.NS,0,0.2826454222176716
2023-02-06,nifty50,AXISBANK.NS,2,0.2826454222176716
2023-02-06,nifty50,BAJAJ-AUTO.NS,0,0.2826454222176716
2023-02-06,nifty50,BAJAJFINSV.NS,0,0.2826454222176716
2023-02-06,nifty50,BAJFINANCE.NS,0,0.2826454222176716
2023-02-06,nifty50,BEL.NS,2,0.2826454222176716
2023-02-06,nifty50,BHARTIARTL.NS,0,0.2826454222176716
2023-02-06,nifty50,BPCL.NS,0,0.2826454222176716
2023-02-06,nifty50,BRITANNIA.NS,0,0.2826454222176716
2023-02-06,nifty50,CIPLA.NS,2,0.2826454222176716
2023-02-06,nifty50,DIVISLAB.NS,2,0.2826454222176716
2023-02-06,nifty50,DRREDDY.NS,2,0.2826454222176716
2023-02-06,nifty50,EICHERMOT.NS,0,0.2826454222176716
2023-02-06,nifty50,GRASIM.NS,2,0.2826454222176716
2023-02-06,nifty50,HCLTECH.NS,1,0.2826454222176716
2023-02-06,nifty50,HDFCBANK.NS,0,0.2826454222176716
2023-02-06,nifty50,HEROMOTOCO.NS,0,0.2826454222176716
2023-02-06,nifty50,HINDALCO.NS,2,0.2826454222176716
2023-02-06,nifty50,HINDUNILVR.NS,0,0.2826454222176716
2023-02-06,nifty50,ICICIBANK.NS,2,0.2826454222176716
2023-02-06,nifty50,INDUSINDBK.NS,2,0.2826454222176716
2023-02-06,nifty50,INFY.NS,1,0.2826454222176716
2023-02-06,nifty50,ITC.NS,0,0.2826454222176716
2023-02-06,nifty50,JSWSTEEL.NS,2,0.2826454222176716
2023-02-06,nifty50,KOTAKBANK.NS,2,0.2826454222176716
2023-02-06,nifty50,LT.NS,2,0.2826454222176716
2023-02-06,nifty50,M&M.NS,0,0.2826454222176716
2023-02-06,nifty50,MARUTI.NS,0,0.2826454222176716
2023-02-06,nifty50,NESTLEIND.NS,0,0.2826454222176716
2023-02-06,nifty50,NTPC.NS,2,0.2826454222176716
2023-02-06,nifty50,ONGC.NS,2,0.2826454222176716
2023-02-06,nifty50,POWERGRID.NS,2,0.2826454222176716
2023-02-06,nifty50,RELIANCE.NS,0,0.2826454222176716
2023-02-06,nifty50,SBIN.NS,2,0.2826454222176716
2023-02-06,nifty50,SHRIRAMFIN.NS,0,0.2826454222176716
2023-02-06,nifty50,SUNPHARMA.NS,2,0.2826454222176716
2023-02-06,nifty50,TATACONSUM.NS,0,0.2826454222176716
2023-02-06,nifty50,TATASTEEL.NS,2,0.2826454222176716
2023-02-06,nifty50,TCS.NS,1,0.2826454222176716
2023-02-06,nifty50,TECHM.NS,1,0.2826454222176716
2023-02-06,nifty50,TITAN.NS,0,0.2826454222176716
2023-02-06,nifty50,ULTRACEMCO.NS,2,0.2826454222176716
2023-02-06,nifty50,WIPRO.NS,1,0.2826454222176716
2023-03-08,nifty50,ADANIENT.NS,2,0.15529577278680498
2023-03-08,nifty50,ADANIPORTS.NS,2,0.15529577278680498
2023-03-08,nifty50,APOLLOHOSP.NS,1,0.15529577278680498
2023-03-08,nifty50,ASIANPAINT.NS,2,0.15529577278680498
2023-03-08,nifty50,AXISBANK.NS,2,0.15529577278680498
2023-03-08,nifty50,BAJAJ-AUTO.NS,3,0.15529577278680498
2023-03-08,nifty50,BAJAJFINSV.NS,2,0.15529577278680498
2023-03-08,nifty50,BAJFINANCE.NS,2,0.15529577278680498
2023-03-08,nifty50,BEL.NS,2,0.15529577278680498
2023-03-08,nifty50,BHARTIARTL.NS,3,0.15529577278680498
2023-03-08,nifty50,BPCL.NS,3,0.15529577278680498
2023-03-08,nifty50,BRITANNIA.NS,3,0.15529577278680498
2023-03-08,nifty50,CIPLA.NS,3,0.15529577278680498
2023-03-08,nifty50,DIVISLAB.NS,3,0.15529577278680498
2023-03-08,nifty50,DRREDDY.NS,3,0.15529577278680498
2023-03-08,nifty50,EICHERMOT.NS,3,0.15529577278680498
2023-03-08,nifty50,GRASIM.NS,0,0.15529577278680498
2023-03-08,nifty50,HCLTECH.NS,1,0.15529577278680498
2023-03-08,nifty50,HDFCBANK.NS,2,0.15529577278680498
2023-03-08,nifty50,HEROMOTOCO.NS,3,0.15529577278680498
2023-03-08,nifty50,HINDALCO.NS,3,0.15529577278680498
2023-03-08,nifty50,HINDUNILVR.NS,3,0.15529577278680498
2023-03-08,nifty50,ICICIBANK.NS,2,0.15529577278680498
2023-03-08,nifty50,INDUSINDBK.NS,2,0.15529577278680498
2023-03-08,nifty50,INFY.NS,1,0.15529577278680498
2023-03-08,nifty50,ITC.NS,3,0.15529577278680498
2023-03-08,nifty50,JSWSTEEL.NS,3,0.15529577278680498
2023-03-08,nifty50,KOTAKBANK.NS,2,0.15529577278680498
2023-03-08,nifty50,LT.NS,3,0.15529577278680498
2023-03-08,nifty50,M&M.NS,3,0.15529577278680498
2023-03-08,nifty50,MARUTI.NS,3,0.15529577278680498
2023-03-08,nifty50,NESTLEIND.NS,3,0.15529577278680498
2023-03-08,nifty50,NTPC.NS,3,0.15529577278680498
2023-03-08,nifty50,ONGC.NS,3,0.15529577278680498
2023-03-08,nifty50,POWERGRID.NS,3,0.15529577278680498
2023-03-08,nifty50,RELIANCE.NS,3,0.15529577278680498
2023-03-08,nifty50,SBIN.NS,2,0.15529577278680498
2023-03-08,nifty50,SHRIRAMFIN.NS,3,0.15529577278680498
2023-03-08,nifty50,SUNPHARMA.NS,3,0.15529577278680498
2023-03-08,nifty50,TATACONSUM.NS,3,0.15529577278680498
2023-03-08,nifty50,TATASTEEL.NS,3,0.15529577278680498
2023-03-08,nifty50,TCS.NS,1,0.15529577278680498
2023-03-08,nifty50,TECHM.NS,1,0.15529577278680498
2023-03-08,nifty50,TITAN.NS,2,0.15529577278680498
2023-03-08,nifty50,ULTRACEMCO.NS,3,0.15529577278680498
2023-03-08,nifty50,WIPRO.NS,1,0.15529577278680498
2023-04-11,nifty50,ADANIENT.NS,0,0.12600882405871103
2023-04-11,nifty50,ADANIPORTS.NS,0,0.12600882405871103
2023-04-11,nifty50,APOLLOHOSP.NS,1,0.12600882405871103
2023-04-11,nifty50,ASIANPAINT.NS,0,0.12600882405871103
2023-04-11,nifty50,AXISBANK.NS,0,0.12600882405871103
2023-04-11,nifty50,BAJAJ-AUTO.NS,2,0.12600882405871103
2023-04-11,nifty50,BAJAJFINSV.NS,0,0.12600882405871103
2023-04-11,nifty50,BAJFINANCE.NS,0,0.12600882405871103
2023-04-11,nifty50,BEL.NS,0,0.12600882405871103
2023-04-11,nifty50,BHARTIARTL.NS,3,0.12600882405871103
2023-04-11,nifty50,BPCL.NS,0,0.12600882405871103
2023-04-11,nifty50,BRITANNIA.NS,0,0.12600882405871103
2023-04-11,nifty50,CIPLA.NS,0,0.12600882405871103
2023-04-11,nifty50,DIVISLAB.NS,0,0.12600882405871103
2023-04-11,nifty50,DRREDDY.NS,0,0.12600882405871103
2023-04-11,nifty50,EICHERMOT.NS,2,0.12600882405871103
2023-04-11,nifty50,GRASIM.NS,2,0.12600882405871103
2023-04-11,nifty50,HCLTECH.NS,1,0.12600882405871103
2023-04-11,nifty50,HDFCBANK.NS,1,0.12600882405871103
2023-04-11,nifty50,HEROMOTOCO.NS,2,0.12600882405871103
2023-04-11,nifty50,HINDALCO.NS,1,0.12600882405871103
2023-04-11,nifty50,HINDUNILVR.NS,0,0.12600882405871103
2023-04-11,nifty50,ICICIBANK.NS,0,0.12600882405871103
2023-04-11,nifty50,INDUSINDBK.NS,0,0.12600882405871103
2023-04-11,nifty50,INFY.NS,1,0.12600882405871103
2023-04-11,nifty50,ITC.NS,0,0.12600882405871103
2023-04-11,nifty50,JSWSTEEL.NS,1,0.12600882405871103
2023-04-11,nifty50,KOTAKBANK.NS,0,0.12600882405871103
2023-04-11,nifty50,LT.NS,1,0.12600882405871103
2023-04-11,nifty50,M&M.NS,2,0.12600882405871103
2023-04-11,nifty50,MARUTI.NS,2,0.12600882405871103
2023-04-11,nifty50,NESTLEIND.NS,0,0.12600882405871103
2023-04-11,nifty50,NTPC.NS,2,0.12600882405871103
2023-04-11,nifty50,ONGC.NS,1,0.12600882405871103
2023-04-11,nifty50,POWERGRID.NS,2,0.12600882405871103
2023-04-11,nifty50,RELIANCE.NS,0,0.12600882405871103
2023-04-11,nifty50,SBIN.NS,0,0.12600882405871103
2023-04-11,nifty50,SHRIRAMFIN.NS,0,0.12600882405871103
2023-04-11,nifty50,SUNPHARMA.NS,1,0.12600882405871103
2023-04-11,nifty50,TATACONSUM.NS,0,0.12600882405871103
2023-04-11,nifty50,TATASTEEL.NS,1,0.12600882405871103
2023-04-11,nifty50,TCS.NS,1,0.12600882405871103
2023-04-11,nifty50,TECHM.NS,1,0.12600882405871103
2023-04-11,nifty50,TITAN.NS,0,0.12600882405871103
2023-04-11,nifty50,ULTRACEMCO.NS,2,0.12600882405871103
2023-04-11,nifty50,WIPRO.NS,1,0.12600882405871103
2023-05-12,nifty50,ADANIENT.NS,2,0.11618568739127326
2023-05-12,nifty50,ADANIPORTS.NS,2,0.11618568739127326
2023-05-12,nifty50,APOLLOHOSP.NS,1,0.11618568739127326
2023-05-12,nifty50,ASIANPAINT.NS,2,0.11618568739127326
2023-05-12,nifty50,AXISBANK.NS,0,0.11618568739127326
2023-05-12,nifty50,BAJAJ-AUTO.NS,2,0.11618568739127326
2023-05-12,nifty50,BAJAJFINSV.NS,2,0.11618568739127326
2023-05-12,nifty50,BAJFINANCE.NS,2,0.11618568739127326
2023-05-12,nifty50,BEL.NS,2,0.11618568739127326
2023-05-12,nifty50,BHARTIARTL.NS,3,0.11618568739127326
2023-05-12,nifty50,BPCL.NS,2,0.11618568739127326
2023-05-12,nifty50,BRITANNIA.NS,0,0.11618568739127326
2023-05-12,nifty50,CIPLA.NS,2,0.11618568739127326
2023-05-12,nifty50,DIVISLAB.NS,2,0.11618568739127326
2023-05-12,nifty50,DRREDDY.NS,2,0.11618568739127326
2023-05-12,nifty50,EICHERMOT.NS,2,0.11618568739127326
2023-05-12,nifty50,GRASIM.NS,2,0.11618568739127326
2023-05-12,nifty50,HCLTECH.NS,1,0.11618568739127326
2023-05-12,nifty50,HDFCBANK.NS,0,0.11618568739127326
2023-05-12,nifty50,HEROMOTOCO.NS,2,0.11618568739127326
2023-05-12,nifty50,HINDALCO.NS,2,0.11618568739127326
2023-05-12,nifty50,HINDUNILVR.NS,0,0.11618568739127326
2023-05-12,nifty50,ICICIBANK.NS,3,0.11618568739127326
2023-05-12,nifty50,INDUSINDBK.NS,2,0.11618568739127326
2023-05-12,nifty50,INFY.NS,1,0.11618568739127326
2023-05-12,nifty50,ITC.NS,0,0.11618568739127326
2023-05-12,nifty50,JSWSTEEL.NS,2,0.11618568739127326
2023-05-12,nifty50,KOTAKBANK.NS,3,0.11618568739127326
2023-05-12,nifty50,LT.NS,2,0.11618568739127326
2023-05-12,nifty50,M&M.NS,2,0.11618568739127326
2023-05-12,nifty50,MARUTI.NS,2,0.11618568739127326
2023-05-12,nifty50,NESTLEIND.NS,0,0.11618568739127326
2023-05-12,nifty50,NTPC.NS,2,0.11618568739127326
2023-05-12,nifty50,ONGC.NS,2,0.11618568739127326
2023-05-12,nifty50,POWERGRID.NS,2,0.11618568739127326
2023-05-12,nifty50,RELIANCE.NS,0,0.11618568739127326
2023-05-12,nifty50,SBIN.NS,2,0.11618568739127326
2023-05-12,nifty50,SHRIRAMFIN.NS,0,0.11618568739127326
2023-05-12,nifty50,SUNPHARMA.NS,1,0.11618568739127326
2023-05-12,nifty50,TATACONSUM.NS,0,0.11618568739127326
2023-05-12,nifty50,TATASTEEL.NS,2,0.11618568739127326
2023-05-12,nifty50,TCS.NS,1,0.11618568739127326
2023-05-12,nifty50,TECHM.NS,1,0.11618568739127326
2023-05-12,nifty50,TITAN.NS,2,0.11618568739127326
2023-05-12,nifty50,ULTRACEMCO.NS,2,0.11618568739127326
2023-05-12,nifty50,WIPRO.NS,1,0.11618568739127326
2023-06-12,nifty50,ADANIENT.NS,3,0.4341027784236955
2023-06-12,nifty50,ADANIPORTS.NS,3,0.4341027784236955
2023-06-12,nifty50,APOLLOHOSP.NS,1,0.4341027784236955
2023-06-12,nifty50,ASIANPAINT.NS,3,0.4341027784236955
2023-06-12,nifty50,AXISBANK.NS,3,0.4341027784236955
2023-06-12,nifty50,BAJAJ-AUTO.NS,3,0.4341027784236955
2023-06-12,nifty50,BAJAJFINSV.NS,3,0.4341027784236955
2023-06-12,nifty50,BAJFINANCE.NS,3,0.4341027784236955
2023-06-12,nifty50,BEL.NS,3,0.4341027784236955
2023-06-12,nifty50,BHARTIARTL.NS,2,0.4341027784236955
2023-06-12,nifty50,BPCL.NS,3,0.4341027784236955
2023-06-12,nifty50,BRITANNIA.NS,4,0.4341027784236955
2023-06-12,nifty50,CIPLA.NS,5,0.4341027784236955
2023-06-12,nifty50,DIVISLAB.NS,5,0.4341027784236955
2023-06-12,nifty50,DRREDDY.NS,5,0.4341027784236955
2023-06-12,nifty50,EICHERMOT.NS,3,0.4341027784236955
2023-06-12,nifty50,GRASIM.NS,4,0.4341027784236955
2023-06-12,nifty50,HCLTECH.NS,1,0.4341027784236955
2023-06-12,nifty50,HDFCBANK.NS,2,0.4341027784236955
2023-06-12,nifty50,HEROMOTOCO.NS,3,0.4341027784236955
2023-06-12,nifty50,HINDALCO.NS,5,0.4341027784236955
2023-06-12,nifty50,HINDUNILVR.NS,4,0.4341027784236955
2023-06-12,nifty50,ICICIBANK.NS,2,0.4341027784236955
2023-06-12,nifty50,INDUSINDBK.NS,3,0.4341027784236955
2023-06-12,nifty50,INFY.NS,1,0.4341027784236955
2023-06-12,nifty50,ITC.NS,4,0.4341027784236955
2023-06-12,nifty50,JSWSTEEL.NS,5,0.4341027784236955
2023-06-12,nifty50,KOTAKBANK.NS,2,0.4341027784236955
2023-06-12,nifty50,LT.NS,5,0.4341027784236955
2023-06-12,nifty50,M&M.NS,3,0.4341027784236955
2023-06-12,nifty50,MARUTI.NS,3,0.4341027784236955
2023-06-12,nifty50,NESTLEIND.NS,4,0.4341027784236955
2023-06-12,nifty50,NTPC.NS,5,0.4341027784236955
2023-06-12,nifty50,ONGC.NS,5,0.4341027784236955
2023-06-12,nifty50,POWERGRID.NS,3,0.4341027784236955
2023-06-12,nifty50,RELIANCE.NS,4,0.4341027784236955
2023-06-12,nifty50,SBIN.NS,3,0.4341027784236955
2023-06-12,nifty50,SHRIRAMFIN.NS,3,0.4341027784236955
2023-06-12,nifty50,SUNPHARMA.NS,1,0.4341027784236955
2023-06-12,nifty50,TATACONSUM.NS,4,0.4341027784236955
2023-06-12,nifty50,TATASTEEL.NS,5,0.4341027784236955
2023-06-12,nifty50,TCS.NS,1,0.4341027784236955
2023-06-12,nifty50,TECHM.NS,1,0.4341027784236955
2023-06-12,nifty50,TITAN.NS,3,0.4341027784236955
2023-06-12,nifty50,ULTRACEMCO.NS,4,0.4341027784236955
2023-06-12,nifty50,WIPRO.NS,1,0.4341027784236955
2023-07-12,nifty50,ADANIENT.NS,3,0.5086273319479792
2023-07-12,nifty50,ADANIPORTS.NS,3,0.5086273319479792
2023-07-12,nifty50,APOLLOHOSP.NS,1,0.5086273319479792
2023-07-12,nifty50,ASIANPAINT.NS,3,0.5086273319479792
2023-07-12,nifty50,AXISBANK.NS,3,0.5086273319479792
2023-07-12,nifty50,BAJAJ-AUTO.NS,2,0.5086273319479792
2023-07-12,nifty50,BAJAJFINSV.NS,3,0.5086273319479792
2023-07-12,nifty50,BAJFINANCE.NS,3,0.5086273319479792
2023-07-12,nifty50,BEL.NS,3,0.5086273319479792
2023-07-12,nifty50,BHARTIARTL.NS,2,0.5086273319479792
2023-07-12,nifty50,BPCL.NS,3,0.5086273319479792
2023-07-12,nifty50,BRITANNIA.NS,1,0.5086273319479792
2023-07-12,nifty50,CIPLA.NS,0,0.5086273319479792
2023-07-12,nifty50,DIVISLAB.NS,0,0.5086273319479792
2023-07-12,nifty50,DRREDDY.NS,0,0.5086273319479792
2023-07-12,nifty50,EICHERMOT.NS,2,0.5086273319479792
2023-07-12,nifty50,GRASIM.NS,2,0.5086273319479792
2023-07-12,nifty50,HCLTECH.NS,1,0.5086273319479792
2023-07-12,nifty50,HDFCBANK.NS,2,0.5086273319479792
2023-07-12,nifty50,HEROMOTOCO.NS,2,0.5086273319479792
2023-07-12,nifty50,HINDALCO.NS,0,0.5086273319479792
2023-07-12,nifty50,HINDUNILVR.NS,1,0.5086273319479792
2023-07-12,nifty50,ICICIBANK.NS,2,0.5086273319479792
2023-07-12,nifty50,INDUSINDBK.NS,3,0.5086273319479792
2023-07-12,nifty50,INFY.NS,1,0.5086273319479792
2023-07-12,nifty50,ITC.NS,1,0.5086273319479792
2023-07-12,nifty50,JSWSTEEL.NS,0,0.5086273319479792
2023-07-12,nifty50,KOTAKBANK.NS,2,0.5086273319479792
2023-07-12,nifty50,LT.NS,0,0.5086273319479792
2023-07-12,nifty50,M&M.NS,2,0.5086273319479792
2023-07-12,nifty50,MARUTI.NS,2,0.5086273319479792
2023-07-12,nifty50,NESTLEIND.NS,1,0.5086273319479792
2023-07-12,nifty50,NTPC.NS,0,0.5086273319479792
2023-07-12,nifty50,ONGC.NS,0,0.5086273319479792
2023-07-12,nifty50,POWERGRID.NS,0,0.5086273319479792
2023-07-12,nifty50,RELIANCE.NS,2,0.5086273319479792
2023-07-12,nifty50,SBIN.NS,3,0.5086273319479792
2023-07-12,nifty50,SHRIRAMFIN.NS,3,0.5086273319479792
2023-07-12,nifty50,SUNPHARMA.NS,1,0.5086273319479792
2023-07-12,nifty50,TATACONSUM.NS,1,0.5086273319479792
2023-07-12,nifty50,TATASTEEL.NS,0,0.5086273319479792
2023-07-12,nifty50,TCS.NS,1,0.5086273319479792
2023-07-12,nifty50,TECHM.NS,1,0.5086273319479792
2023-07-12,nifty50,TITAN.NS,3,0.5086273319479792
2023-07-12,nifty50,ULTRACEMCO.NS,2,0.5086273319479792
2023-07-12,nifty50,WIPRO.NS,1,0.5086273319479792
2023-08-10,nifty50,ADANIENT.NS,3,0.29637367557081035
2023-08-10,nifty50,ADANIPORTS.NS,3,0.29637367557081035
2023-08-10,nifty50,APOLLOHOSP.NS,4,0.29637367557081035
2023-08-10,nifty50,ASIANPAINT.NS,3,0.29637367557081035
2023-08-10,nifty50,AXISBANK.NS,0,0.29637367557081035
2023-08-10,nifty50,BAJAJ-AUTO.NS,2,0.29637367557081035
2023-08-10,nifty50,BAJAJFINSV.NS,2,0.29637367557081035
2023-08-10,nifty50,BAJFINANCE.NS,2,0.29637367557081035
2023-08-10,nifty50,BEL.NS,1,0.29637367557081035
2023-08-10,nifty50,BHARTIARTL.NS,0,0.29637367557081035
2023-08-10,nifty50,BPCL.NS,3,0.29637367557081035
2023-08-10,nifty50,BRITANNIA.NS,3,0.29637367557081035
2023-08-10,nifty50,CIPLA.NS,1,0.29637367557081035
2023-08-10,nifty50,DIVISLAB.NS,4,0.29637367557081035
2023-08-10,nifty50,DRREDDY.NS,4,0.29637367557081035
2023-08-10,nifty50,EICHERMOT.NS,2,0.29637367557081035
2023-08-10,nifty50,GRASIM.NS,3,0.29637367557081035
2023-08-10,nifty50,HCLTECH.NS,1,0.29637367557081035
2023-08-10,nifty50,HDFCBANK.NS,0,0.29637367557081035
2023-08-10,nifty50,HEROMOTOCO.NS,2,0.29637367557081035
2023-08-10,nifty50,HINDALCO.NS,4,0.29637367557081035
2023-08-10,nifty50,HINDUNILVR.NS,3,0.29637367557081035
2023-08-10,nifty50,ICICIBANK.NS,0,0.29637367557081035
2023-08-10,nifty50,INDUSINDBK.NS,2,0.29637367557081035
2023-08-10,nifty50,INFY.NS,1,0.29637367557081035
2023-08-10,nifty50,ITC.NS,3,0.29637367557081035
2023-08-10,nifty50,JSWSTEEL.NS,4,0.29637367557081035
2023-08-10,nifty50,KOTAKBANK.NS,0,0.29637367557081035
2023-08-10,nifty50,LT.NS,4,0.29637367557081035
2023-08-10,nifty50,M&M.NS,2,0.29637367557081035
2023-08-10,nifty50,MARUTI.NS,2,0.29637367557081035
2023-08-10,nifty50,NESTLEIND.NS,3,0.29637367557081035
2023-08-10,nifty50,NTPC.NS,4,0.29637367557081035
2023-08-10,nifty50,ONGC.NS,4,0.29637367557081035
2023-08-10,nifty50,POWERGRID.NS,4,0.29637367557081035
2023-08-10,nifty50,RELIANCE.NS,0,0.29637367557081035
2023-08-10,nifty50,SBIN.NS,2,0.29637367557081035
2023-08-10,nifty50,SHRIRAMFIN.NS,2,0.29637367557081035
2023-08-10,nifty50,SUNPHARMA.NS,4,0.29637367557081035
2023-08-10,nifty50,TATACONSUM.NS,3,0.29637367557081035
2023-08-10,nifty50,TATASTEEL.NS,4,0.29637367557081035
2023-08-10,nifty50,TCS.NS,1,0.29637367557081035
2023-08-10,nifty50,TECHM.NS,1,0.29637367557081035
2023-08-10,nifty50,TITAN.NS,2,0.29637367557081035
2023-08-10,nifty50,ULTRACEMCO.NS,3,0.29637367557081035
2023-08-10,nifty50,WIPRO.NS,1,0.29637367557081035
2023-09-11,nifty50,ADANIENT.NS,3,0.46535666134606146
2023-09-11,nifty50,ADANIPORTS.NS,3,0.46535666134606146
2023-09-11,nifty50,APOLLOHOSP.NS,4,0.46535666134606146
2023-09-11,nifty50,ASIANPAINT.NS,2,0.46535666134606146
2023-09-11,nifty50,AXISBANK.NS,3,0.46535666134606146
2023-09-11,nifty50,BAJAJ-AUTO.NS,3,0.46535666134606146
2023-09-11,nifty50,BAJAJFINSV.NS,3,0.46535666134606146
2023-09-11,nifty50,BAJFINANCE.NS,3,0.46535666134606146
2023-09-11,nifty50,BEL.NS,4,0.46535666134606146
2023-09-11,nifty50,BHARTIARTL.NS,2,0.46535666134606146
2023-09-11,nifty50,BPCL.NS,2,0.46535666134606146
2023-09-11,nifty50,BRITANNIA.NS,2,0.46535666134606146
2023-09-11,nifty50,CIPLA.NS,4,0.46535666134606146
2023-09-11,nifty50,DIVISLAB.NS,3,0.46535666134606146
2023-09-11,nifty50,DRREDDY.NS,4,0.46535666134606146
2023-09-11,nifty50,EICHERMOT.NS,3,0.46535666134606146
2023-09-11,nifty50,GRASIM.NS,3,0.46535666134606146
2023-09-11,nifty50,HCLTECH.NS,1,0.46535666134606146
2023-09-11,nifty50,HDFCBANK.NS,3,0.46535666134606146
2023-09-11,nifty50,HEROMOTOCO.NS,3,0.46535666134606146
2023-09-11,nifty50,HINDALCO.NS,4,0.46535666134606146
2023-09-11,nifty50,HINDUNILVR.NS,2,0.46535666134606146
2023-09-11,nifty50,ICICIBANK.NS,3,0.46535666134606146
2023-09-11,nifty50,INDUSINDBK.NS,3,0.46535666134606146
2023-09-11,nifty50,INFY.NS,1,0.46535666134606146
2023-09-11,nifty50,ITC.NS,2,0.46535666134606146
2023-09-11,nifty50,JSWSTEEL.NS,4,0.46535666134606146
2023-09-11,nifty50,KOTAKBANK.NS,2,0.46535666134606146
2023-09-11,nifty50,LT.NS,4,0.46535666134606146
2023-09-11,nifty50,M&M.NS,3,0.46535666134606146
2023-09-11,nifty50,MARUTI.NS,3,0.46535666134606146
2023-09-11,nifty50,NESTLEIND.NS,2,0.46535666134606146
2023-09-11,nifty50,NTPC.NS,4,0.46535666134606146
2023-09-11,nifty50,ONGC.NS,4,0.46535666134606146
2023-09-11,nifty50,POWERGRID.NS,4,0.46535666134606146
2023-09-11,nifty50,RELIANCE.NS,0,0.46535666134606146
2023-09-11,nifty50,SBIN.NS,3,0.46535666134606146
2023-09-11,nifty50,SHRIRAMFIN.NS,3,0.46535666134606146
2023-09-11,nifty50,SUNPHARMA.NS,4,0.46535666134606146
2023-09-11,nifty50,TATACONSUM.NS,2,0.46535666134606146
2023-09-11,nifty50,TATASTEEL.NS,4,0.46535666134606146
2023-09-11,nifty50,TCS.NS,1,0.46535666134606146
2023-09-11,nifty50,TECHM.NS,1,0.46535666134606146
2023-09-11,nifty50,TITAN.NS,3,0.46535666134606146
2023-09-11,nifty50,ULTRACEMCO.NS,3,0.46535666134606146
2023-09-11,nifty50,WIPRO.NS,1,0.46535666134606146
2023-10-12,nifty50,ADANIENT.NS,0,0.29874339773766256
2023-10-12,nifty50,ADANIPORTS.NS,0,0.29874339773766256
2023-10-12,nifty50,APOLLOHOSP.NS,4,0.29874339773766256
2023-10-12,nifty50,ASIANPAINT.NS,3,0.29874339773766256
2023-10-12,nifty50,AXISBANK.NS,2,0.29874339773766256
2023-10-12,nifty50,BAJAJ-AUTO.NS,2,0.29874339773766256
2023-10-12,nifty50,BAJAJFINSV.NS,2,0.29874339773766256
2023-10-12,nifty50,BAJFINANCE.NS,2,0.29874339773766256
2023-10-12,nifty50,BEL.NS,2,0.29874339773766256
2023-10-12,nifty50,BHARTIARTL.NS,0,0.29874339773766256
2023-10-12,nifty50,BPCL.NS,0,0.29874339773766256
2023-10-12,nifty50,BRITANNIA.NS,3,0.29874339773766256
2023-10-12,nifty50,CIPLA.NS,4,0.29874339773766256
2023-10-12,nifty50,DIVISLAB.NS,4,0.29874339773766256
2023-10-12,nifty50,DRREDDY.NS,4,0.29874339773766256
2023-10-12,nifty50,EICHERMOT.NS,0,0.29874339773766256
2023-10-12,nifty50,GRASIM.NS,0,0.29874339773766256
2023-10-12,nifty50,HCLTECH.NS,1,0.29874339773766256
2023-10-12,nifty50,HDFCBANK.NS,1,0.29874339773766256
2023-10-12,nifty50,HEROMOTOCO.NS,2,0.29874339773766256
2023-10-12,nifty50,HINDALCO.NS,1,0.29874339773766256
2023-10-12,nifty50,HINDUNILVR.NS,3,0.29874339773766256
2023-10-12,nifty50,ICICIBANK.NS,2,0.29874339773766256
2023-10-12,nifty50,INDUSINDBK.NS,2,0.29874339773766256
2023-10-12,nifty50,INFY.NS,1,0.29874339773766256
2023-10-12,nifty50,ITC.NS,3,0.29874339773766256
2023-10-12,nifty50,JSWSTEEL.NS,0,0.29874339773766256
2023-10-12,nifty50,KOTAKBANK.NS,0,0.29874339773766256
2023-10-12,nifty50,LT.NS,4,0.29874339773766256
2023-10-12,nifty50,M&M.NS,2,0.29874339773766256
2023-10-12,nifty50,MARUTI.NS,2,0.29874339773766256
2023-10-12,nifty50,NESTLEIND.NS,3,0.29874339773766256
2023-10-12,nifty50,NTPC.NS,2,0.29874339773766256
2023-10-12,nifty50,ONGC.NS,2,0.29874339773766256
2023-10-12,nifty50,POWERGRID.NS,2,0.29874339773766256
2023-10-12,nifty50,RELIANCE.NS,0,0.29874339773766256
2023-10-12,nifty50,SBIN.NS,2,0.29874339773766256
2023-10-12,nifty50,SHRIRAMFIN.NS,2,0.29874339773766256
2023-10-12,nifty50,SUNPHARMA.NS,4,0.29874339773766256
2023-10-12,nifty50,TATACONSUM.NS,3,0.29874339773766256
2023-10-12,nifty50,TATASTEEL.NS,1,0.29874339773766256
2023-10-12,nifty50,TCS.NS,1,0.29874339773766256
2023-10-12,nifty50,TECHM.NS,1,0.29874339773766256
2023-10-12,nifty50,TITAN.NS,2,0.29874339773766256
2023-10-12,nifty50,ULTRACEMCO.NS,1,0.29874339773766256
2023-10-12,nifty50,WIPRO.NS,1,0.29874339773766256
2023-11-13,nifty50,ADANIENT.NS,2,0.2715110066253473
2023-11-13,nifty50,ADANIPORTS.NS,2,0.2715110066253473
2023-11-13,nifty50,APOLLOHOSP.NS,2,0.2715110066253473
2023-11-13,nifty50,ASIANPAINT.NS,0,0.2715110066253473
2023-11-13,nifty50,AXISBANK.NS,3,0.2715110066253473
2023-11-13,nifty50,BAJAJ-AUTO.NS,0,0.2715110066253473
2023-11-13,nifty50,BAJAJFINSV.NS,4,0.2715110066253473
2023-11-13,nifty50,BAJFINANCE.NS,4,0.2715110066253473
2023-11-13,nifty50,BEL.NS,4,0.2715110066253473
2023-11-13,nifty50,BHARTIARTL.NS,3,0.2715110066253473
2023-11-13,nifty50,BPCL.NS,3,0.2715110066253473
2023-11-13,nifty50,BRITANNIA.NS,0,0.2715110066253473
2023-11-13,nifty50,CIPLA.NS,2,0.2715110066253473
2023-11-13,nifty50,DIVISLAB.NS,2,0.2715110066253473
2023-11-13,nifty50,DRREDDY.NS,2,0.2715110066253473
2023-11-13,nifty50,EICHERMOT.NS,4,0.2715110066253473
2023-11-13,nifty50,GRASIM.NS,3,0.2715110066253473
2023-11-13,nifty50,HCLTECH.NS,1,0.2715110066253473
2023-11-13,nifty50,HDFCBANK.NS,2,0.2715110066253473
2023-11-13,nifty50,HEROMOTOCO.NS,0,0.2715110066253473
2023-11-13,nifty50,HINDALCO.NS,2,0.2715110066253473
2023-11-13,nifty50,HINDUNILVR.NS,0,0.2715110066253473
2023-11-13,nifty50,ICICIBANK.NS,3,0.2715110066253473
2023-11-13,nifty50,INDUSINDBK.NS,3,0.2715110066253473
2023-11-13,nifty50,INFY.NS,1,0.2715110066253473
2023-11-13,nifty50,ITC.NS,0,0.2715110066253473
2023-11-13,nifty50,JSWSTEEL.NS,2,0.2715110066253473
2023-11-13,nifty50,KOTAKBANK.NS,3,0.2715110066253473
2023-11-13,nifty50,LT.NS,3,0.2715110066253473
2023-11-13,nifty50,M&M.NS,3,0.2715110066253473
2023-11-13,nifty50,MARUTI.NS,3,0.2715110066253473
2023-11-13,nifty50,NESTLEIND.NS,0,0.2715110066253473
2023-11-13,nifty50,NTPC.NS,4,0.2715110066253473
2023-11-13,nifty50,ONGC.NS,4,0.2715110066253473
2023-11-13,nifty50,POWERGRID.NS,4,0.2715110066253473
2023-11-13,nifty50,RELIANCE.NS,0,0.2715110066253473
2023-11-13,nifty50,SBIN.NS,3,0.2715110066253473
2023-11-13,nifty50,SHRIRAMFIN.NS,4,0.2715110066253473
2023-11-13,nifty50,SUNPHARMA.NS,2,0.2715110066253473
2023-11-13,nifty50,TATACONSUM.NS,0,0.2715110066253473
2023-11-13,nifty50,TATASTEEL.NS,3,0.2715110066253473
2023-11-13,nifty50,TCS.NS,1,0.2715110066253473
2023-11-13,nifty50,TECHM.NS,1,0.2715110066253473
2023-11-13,nifty50,TITAN.NS,4,0.2715110066253473
2023-11-13,nifty50,ULTRACEMCO.NS,3,0.2715110066253473
2023-11-13,nifty50,WIPRO.NS,1,0.2715110066253473
2023-12-14,nifty50,ADANIENT.NS,5,0.32768667409648145
2023-12-14,nifty50,ADANIPORTS.NS,5,0.32768667409648145
2023-12-14,nifty50,APOLLOHOSP.NS,0,0.32768667409648145
2023-12-14,nifty50,ASIANPAINT.NS,3,0.32768667409648145
2023-12-14,nifty50,AXISBANK.NS,2,0.32768667409648145
2023-12-14,nifty50,BAJAJ-AUTO.NS,4,0.32768667409648145
2023-12-14,nifty50,BAJAJFINSV.NS,4,0.32768667409648145
2023-12-14,nifty50,BAJFINANCE.NS,4,0.32768667409648145
2023-12-14,nifty50,BEL.NS,4,0.32768667409648145
2023-12-14,nifty50,BHARTIARTL.NS,0,0.32768667409648145
2023-12-14,nifty50,BPCL.NS,5,0.32768667409648145
2023-12-14,nifty50,BRITANNIA.NS,3,0.32768667409648145
2023-12-14,nifty50,CIPLA.NS,0,0.32768667409648145
2023-12-14,nifty50,DIVISLAB.NS,5,0.32768667409648145
2023-12-14,nifty50,DRREDDY.NS,0,0.32768667409648145
2023-12-14,nifty50,EICHERMOT.NS,5,0.32768667409648145
2023-12-14,nifty50,GRASIM.NS,5,0.32768667409648145
2023-12-14,nifty50,HCLTECH.NS,1,0.32768667409648145
2023-12-14,nifty50,HDFCBANK.NS,0,0.32768667409648145
2023-12-14,nifty50,HEROMOTOCO.NS,4,0.32768667409648145
2023-12-14,nifty50,HINDALCO.NS,1,0.32768667409648145
2023-12-14,nifty50,HINDUNILVR.NS,3,0.32768667409648145
2023-12-14,nifty50,ICICIBANK.NS,2,0.32768667409648145
2023-12-14,nifty50,INDUSINDBK.NS,2,0.32768667409648145
2023-12-14,nifty50,INFY.NS,1,0.32768667409648145
2023-12-14,nifty50,ITC.NS,3,0.32768667409648145
2023-12-14,nifty50,JSWSTEEL.NS,4,0.32768667409648145
2023-12-14,nifty50,KOTAKBANK.NS,2,0.32768667409648145
2023-12-14,nifty50,LT.NS,2,0.32768667409648145
2023-12-14,nifty50,M&M.NS,4,0.32768667409648145
2023-12-14,nifty50,MARUTI.NS,2,0.32768667409648145
2023-12-14,nifty50,NESTLEIND.NS,3,0.32768667409648145
2023-12-14,nifty50,NTPC.NS,4,0.32768667409648145
2023-12-14,nifty50,ONGC.NS,5,0.32768667409648145
2023-12-14,nifty50,POWERGRID.NS,4,0.32768667409648145
2023-12-14,nifty50,RELIANCE.NS,0,0.32768667409648145
2023-12-14,nifty50,SBIN.NS,2,0.32768667409648145
2023-12-14,nifty50,SHRIRAMFIN.NS,5,0.32768667409648145
2023-12-14,nifty50,SUNPHARMA.NS,0,0.32768667409648145
2023-12-14,nifty50,TATACONSUM.NS,3,0.32768667409648145
2023-12-14,nifty50,TATASTEEL.NS,4,0.32768667409648145
2023-12-14,nifty50,TCS.NS,1,0.32768667409648145
2023-12-14,nifty50,TECHM.NS,1,0.32768667409648145
2023-12-14,nifty50,TITAN.NS,4,0.32768667409648145
2023-12-14,nifty50,ULTRACEMCO.NS,5,0.32768667409648145
2023-12-14,nifty50,WIPRO.NS,1,0.32768667409648145
2024-01-15,nifty50,ADANIENT.NS,4,0.32525442503403873
2024-01-15,nifty50,ADANIPORTS.NS,4,0.32525442503403873
2024-01-15,nifty50,APOLLOHOSP.NS,3,0.32525442503403873
2024-01-15,nifty50,ASIANPAINT.NS,0,0.32525442503403873
2024-01-15,nifty50,AXISBANK.NS,4,0.32525442503403873
2024-01-15,nifty50,BAJAJ-AUTO.NS,2,0.32525442503403873
2024-01-15,nifty50,BAJAJFINSV.NS,4,0.32525442503403873
2024-01-15,nifty50,BAJFINANCE.NS,4,0.32525442503403873
2024-01-15,nifty50,BEL.NS,2,0.32525442503403873
2024-01-15,nifty50,BHARTIARTL.NS,3,0.32525442503403873
2024-01-15,nifty50,BPCL.NS,4,0.32525442503403873
2024-01-15,nifty50,BRITANNIA.NS,0,0.32525442503403873
2024-01-15,nifty50,CIPLA.NS,3,0.32525442503403873
2024-01-15,nifty50,DIVISLAB.NS,3,0.32525442503403873
2024-01-15,nifty50,DRREDDY.NS,1,0.32525442503403873
2024-01-15,nifty50,EICHERMOT.NS,2,0.32525442503403873
2024-01-15,nifty50,GRASIM.NS,4,0.32525442503403873
2024-01-15,nifty50,HCLTECH.NS,1,0.32525442503403873
2024-01-15,nifty50,HDFCBANK.NS,2,0.32525442503403873
2024-01-15,nifty50,HEROMOTOCO.NS,2,0.32525442503403873
2024-01-15,nifty50,HINDALCO.NS,1,0.32525442503403873
2024-01-15,nifty50,HINDUNILVR.NS,0,0.32525442503403873
2024-01-15,nifty50,ICICIBANK.NS,4,0.32525442503403873
2024-01-15,nifty50,INDUSINDBK.NS,4,0.32525442503403873
2024-01-15,nifty50,INFY.NS,1,0.32525442503403873
2024-01-15,nifty50,ITC.NS,0,0.32525442503403873
2024-01-15,nifty50,JSWSTEEL.NS,4,0.32525442503403873
2024-01-15,nifty50,KOTAKBANK.NS,0,0.32525442503403873
2024-01-15,nifty50,LT.NS,4,0.32525442503403873
2024-01-15,nifty50,M&M.NS,4,0.32525442503403873
2024-01-15,nifty50,MARUTI.NS,2,0.32525442503403873
2024-01-15,nifty50,NESTLEIND.NS,0,0.32525442503403873
2024-01-15,nifty50,NTPC.NS,4,0.32525442503403873
2024-01-15,nifty50,ONGC.NS,4,0.32525442503403873
2024-01-15,nifty50,POWERGRID.NS,4,0.32525442503403873
2024-01-15,nifty50,RELIANCE.NS,0,0.32525442503403873
2024-01-15,nifty50,SBIN.NS,4,0.32525442503403873
2024-01-15,nifty50,SHRIRAMFIN.NS,4,0.32525442503403873
2024-01-15,nifty50,SUNPHARMA.NS,3,0.32525442503403873
2024-01-15,nifty50,TATACONSUM.NS,0,0.32525442503403873
2024-01-15,nifty50,TATASTEEL.NS,2,0.32525442503403873
2024-01-15,nifty50,TCS.NS,1,0.32525442503403873
2024-01-15,nifty50,TECHM.NS,1,0.32525442503403873
2024-01-15,nifty50,TITAN.NS,4,0.32525442503403873
2024-01-15,nifty50,ULTRACEMCO.NS,4,0.32525442503403873
2024-01-15,nifty50,WIPRO.NS,1,0.32525442503403873
2024-02-15,nifty50,ADANIENT.NS,0,0.24057773581630695
2024-02-15,nifty50,ADANIPORTS.NS,0,0.24057773581630695
2024-02-15,nifty50,APOLLOHOSP.NS,1,0.24057773581630695
2024-02-15,nifty50,ASIANPAINT.NS,4,0.24057773581630695
2024-02-15,nifty50,AXISBANK.NS,3,0.24057773581630695
2024-02-15,nifty50,BAJAJ-AUTO.NS,0,0.24057773581630695
2024-02-15,nifty50,BAJAJFINSV.NS,4,0.24057773581630695
2024-02-15,nifty50,BAJFINANCE.NS,4,0.24057773581630695
2024-02-15,nifty50,BEL.NS,0,0.24057773581630695
2024-02-15,nifty50,BHARTIARTL.NS,3,0.24057773581630695
2024-02-15,nifty50,BPCL.NS,0,0.24057773581630695
2024-02-15,nifty50,BRITANNIA.NS,4,0.24057773581630695
2024-02-15,nifty50,CIPLA.NS,1,0.24057773581630695
2024-02-15,nifty50,DIVISLAB.NS,1,0.24057773581630695
2024-02-15,nifty50,DRREDDY.NS,1,0.24057773581630695
2024-02-15,nifty50,EICHERMOT.NS,0,0.24057773581630695
2024-02-15,nifty50,GRASIM.NS,2,0.24057773581630695
2024-02-15,nifty50,HCLTECH.NS,1,0.24057773581630695
2024-02-15,nifty50,HDFCBANK.NS,2,0.24057773581630695
2024-02-15,nifty50,HEROMOTOCO.NS,0,0.24057773581630695
2024-02-15,nifty50,HINDALCO.NS,2,0.24057773581630695
2024-02-15,nifty50,HINDUNILVR.NS,4,0.24057773581630695
2024-02-15,nifty50,ICICIBANK.NS,3,0.24057773581630695
2024-02-15,nifty50,INDUSINDBK.NS,3,0.24057773581630695
2024-02-15,nifty50,INFY.NS,1,0.24057773581630695
2024-02-15,nifty50,ITC.NS,4,0.24057773581630695
2024-02-15,nifty50,JSWSTEEL.NS,2,0.24057773581630695
2024-02-15,nifty50,KOTAKBANK.NS,3,0.24057773581630695
2024-02-15,nifty50,LT.NS,0,0.24057773581630695
2024-02-15,nifty50,M&M.NS,0,0.24057773581630695
2024-02-15,nifty50,MARUTI.NS,0,0.24057773581630695
2024-02-15,nifty50,NESTLEIND.NS,4,0.24057773581630695
2024-02-15,nifty50,NTPC.NS,0,0.24057773581630695
2024-02-15,nifty50,ONGC.NS,0,0.24057773581630695
2024-02-15,nifty50,POWERGRID.NS,0,0.24057773581630695
2024-02-15,nifty50,RELIANCE.NS,0,0.24057773581630695
2024-02-15,nifty50,SBIN.NS,0,0.24057773581630695
2024-02-15,nifty50,SHRIRAMFIN.NS,3,0.24057773581630695
2024-02-15,nifty50,SUNPHARMA.NS,1,0.24057773581630695
2024-02-15,nifty50,TATACONSUM.NS,4,0.24057773581630695
2024-02-15,nifty50,TATASTEEL.NS,0,0.24057773581630695
2024-02-15,nifty50,TCS.NS,1,0.24057773581630695
2024-02-15,nifty50,TECHM.NS,1,0.24057773581630695
2024-02-15,nifty50,TITAN.NS,4,0.24057773581630695
2024-02-15,nifty50,ULTRACEMCO.NS,2,0.24057773581630695
2024-02-15,nifty50,WIPRO.NS,1,0.24057773581630695
2024-03-18,nifty50,ADANIENT.NS,0,0.4568916168426409
2024-03-18,nifty50,ADANIPORTS.NS,0,0.4568916168426409
2024-03-18,nifty50,APOLLOHOSP.NS,3,0.4568916168426409
2024-03-18,nifty50,ASIANPAINT.NS,4,0.4568916168426409
2024-03-18,nifty50,AXISBANK.NS,2,0.4568916168426409
2024-03-18,nifty50,BAJAJ-AUTO.NS,4,0.4568916168426409
2024-03-18,nifty50,BAJAJFINSV.NS,2,0.4568916168426409
2024-03-18,nifty50,BAJFINANCE.NS,2,0.4568916168426409
2024-03-18,nifty50,BEL.NS,0,0.4568916168426409
2024-03-18,nifty50,BHARTIARTL.NS,3,0.4568916168426409
2024-03-18,nifty50,BPCL.NS,0,0.4568916168426409
2024-03-18,nifty50,BRITANNIA.NS,4,0.4568916168426409
2024-03-18,nifty50,CIPLA.NS,3,0.4568916168426409
2024-03-18,nifty50,DIVISLAB.NS,3,0.4568916168426409
2024-03-18,nifty50,DRREDDY.NS,3,0.4568916168426409
2024-03-18,nifty50,EICHERMOT.NS,4,0.4568916168426409
2024-03-18,nifty50,GRASIM.NS,2,0.4568916168426409
2024-03-18,nifty50,HCLTECH.NS,3,0.4568916168426409
2024-03-18,nifty50,HDFCBANK.NS,2,0.4568916168426409
2024-03-18,nifty50,HEROMOTOCO.NS,0,0.4568916168426409
2024-03-18,nifty50,HINDALCO.NS,2,0.4568916168426409
2024-03-18,nifty50,HINDUNILVR.NS,0,0.4568916168426409
2024-03-18,nifty50,ICICIBANK.NS,2,0.4568916168426409
2024-03-18,nifty50,INDUSINDBK.NS,0,0.4568916168426409
2024-03-18,nifty50,INFY.NS,3,0.4568916168426409
2024-03-18,nifty50,ITC.NS,4,0.4568916168426409
2024-03-18,nifty50,JSWSTEEL.NS,2,0.4568916168426409
2024-03-18,nifty50,KOTAKBANK.NS,2,0.4568916168426409
2024-03-18,nifty50,LT.NS,0,0.4568916168426409
2024-03-18,nifty50,M&M.NS,4,0.4568916168426409
2024-03-18,nifty50,MARUTI.NS,4,0.4568916168426409
2024-03-18,nifty50,NESTLEIND.NS,4,0.4568916168426409
2024-03-18,nifty50,NTPC.NS,0,0.4568916168426409
2024-03-18,nifty50,ONGC.NS,0,0.4568916168426409
2024-03-18,nifty50,POWERGRID.NS,0,0.4568916168426409
2024-03-18,nifty50,RELIANCE.NS,0,0.4568916168426409
2024-03-18,nifty50,SBIN.NS,0,0.4568916168426409
2024-03-18,nifty50,SHRIRAMFIN.NS,0,0.4568916168426409
2024-03-18,nifty50,SUNPHARMA.NS,3,0.4568916168426409
2024-03-18,nifty50,TATACONSUM.NS,4,0.4568916168426409
2024-03-18,nifty50,TATASTEEL.NS,4,0.4568916168426409
2024-03-18,nifty50,TCS.NS,3,0.4568916168426409
2024-03-18,nifty50,TECHM.NS,3,0.4568916168426409
2024-03-18,nifty50,TITAN.NS,2,0.4568916168426409
2024-03-18,nifty50,ULTRACEMCO.NS,2,0.4568916168426409
2024-03-18,nifty50,WIPRO.NS,3,0.4568916168426409
2024-04-22,nifty50,ADANIENT.NS,0,0.374559646608982
2024-04-22,nifty50,ADANIPORTS.NS,0,0.374559646608982
2024-04-22,nifty50,APOLLOHOSP.NS,2,0.374559646608982
2024-04-22,nifty50,ASIANPAINT.NS,3,0.374559646608982
2024-04-22,nifty50,AXISBANK.NS,0,0.374559646608982
2024-04-22,nifty50,BAJAJ-AUTO.NS,4,0.374559646608982
2024-04-22,nifty50,BAJAJFINSV.NS,3,0.374559646608982
2024-04-22,nifty50,BAJFINANCE.NS,3,0.374559646608982
2024-04-22,nifty50,BEL.NS,2,0.374559646608982
2024-04-22,nifty50,BHARTIARTL.NS,1,0.374559646608982
2024-04-22,nifty50,BPCL.NS,0,0.374559646608982
2024-04-22,nifty50,BRITANNIA.NS,3,0.374559646608982
2024-04-22,nifty50,CIPLA.NS,2,0.374559646608982
2024-04-22,nifty50,DIVISLAB.NS,2,0.374559646608982
2024-04-22,nifty50,DRREDDY.NS,2,0.374559646608982
2024-04-22,nifty50,EICHERMOT.NS,4,0.374559646608982
2024-04-22,nifty50,GRASIM.NS,3,0.374559646608982
2024-04-22,nifty50,HCLTECH.NS,1,0.374559646608982
2024-04-22,nifty50,HDFCBANK.NS,0,0.374559646608982
2024-04-22,nifty50,HEROMOTOCO.NS,0,0.374559646608982
2024-04-22,nifty50,HINDALCO.NS,3,0.374559646608982
2024-04-22,nifty50,HINDUNILVR.NS,3,0.374559646608982
2024-04-22,nifty50,ICICIBANK.NS,0,0.374559646608982
2024-04-22,nifty50,INDUSINDBK.NS,0,0.374559646608982
2024-04-22,nifty50,INFY.NS,1,0.374559646608982
2024-04-22,nifty50,ITC.NS,3,0.374559646608982
2024-04-22,nifty50,JSWSTEEL.NS,3,0.374559646608982
2024-04-22,nifty50,KOTAKBANK.NS,0,0.374559646608982
2024-04-22,nifty50,LT.NS,4,0.374559646608982
2024-04-22,nifty50,M&M.NS,4,0.374559646608982
2024-04-22,nifty50,MARUTI.NS,4,0.374559646608982
2024-04-22,nifty50,NESTLEIND.NS,3,0.374559646608982
2024-04-22,nifty50,NTPC.NS,0,0.374559646608982
2024-04-22,nifty50,ONGC.NS,0,0.374559646608982
2024-04-22,nifty50,POWERGRID.NS,0,0.374559646608982
2024-04-22,nifty50,RELIANCE.NS,0,0.374559646608982
2024-04-22,nifty50,SBIN.NS,0,0.374559646608982
2024-04-22,nifty50,SHRIRAMFIN.NS,0,0.374559646608982
2024-04-22,nifty50,SUNPHARMA.NS,2,0.374559646608982
2024-04-22,nifty50,TATACONSUM.NS,3,0.374559646608982
2024-04-22,nifty50,TATASTEEL.NS,2,0.374559646608982
2024-04-22,nifty50,TCS.NS,1,0.374559646608982
2024-04-22,nifty50,TECHM.NS,1,0.374559646608982
2024-04-22,nifty50,TITAN.NS,3,0.374559646608982
2024-04-22,nifty50,ULTRACEMCO.NS,3,0.374559646608982
2024-04-22,nifty50,WIPRO.NS,1,0.374559646608982
2024-05-23,nifty50,ADANIENT.NS,0,0.2999525760532392
2024-05-23,nifty50,ADANIPORTS.NS,0,0.2999525760532392
2024-05-23,nifty50,APOLLOHOSP.NS,1,0.2999525760532392
2024-05-23,nifty50,ASIANPAINT.NS,2,0.2999525760532392
2024-05-23,nifty50,AXISBANK.NS,3,0.2999525760532392
2024-05-23,nifty50,BAJAJ-AUTO.NS,3,0.2999525760532392
2024-05-23,nifty50,BAJAJFINSV.NS,3,0.2999525760532392
2024-05-23,nifty50,BAJFINANCE.NS,3,0.2999525760532392
2024-05-23,nifty50,BEL.NS,1,0.2999525760532392
2024-05-23,nifty50,BHARTIARTL.NS,1,0.2999525760532392
2024-05-23,nifty50,BPCL.NS,0,0.2999525760532392
2024-05-23,nifty50,BRITANNIA.NS,2,0.2999525760532392
2024-05-23,nifty50,CIPLA.NS,1,0.2999525760532392
2024-05-23,nifty50,DIVISLAB.NS,1,0.2999525760532392
2024-05-23,nifty50,DRREDDY.NS,1,0.2999525760532392
2024-05-23,nifty50,EICHERMOT.NS,3,0.2999525760532392
2024-05-23,nifty50,GRASIM.NS,3,0.2999525760532392
2024-05-23,nifty50,HCLTECH.NS,1,0.2999525760532392
2024-05-23,nifty50,HDFCBANK.NS,2,0.2999525760532392
2024-05-23,nifty50,HEROMOTOCO.NS,0,0.2999525760532392
2024-05-23,nifty50,HINDALCO.NS,1,0.2999525760532392
2024-05-23,nifty50,HINDUNILVR.NS,2,0.2999525760532392
2024-05-23,nifty50,ICICIBANK.NS,3,0.2999525760532392
2024-05-23,nifty50,INDUSINDBK.NS,2,0.2999525760532392
2024-05-23,nifty50,INFY.NS,1,0.2999525760532392
2024-05-23,nifty50,ITC.NS,2,0.2999525760532392
2024-05-23,nifty50,JSWSTEEL.NS,1,0.2999525760532392
2024-05-23,nifty50,KOTAKBANK.NS,3,0.2999525760532392
2024-05-23,nifty50,LT.NS,1,0.2999525760532392
2024-05-23,nifty50,M&M.NS,3,0.2999525760532392
2024-05-23,nifty50,MARUTI.NS,3,0.2999525760532392
2024-05-23,nifty50,NESTLEIND.NS,2,0.2999525760532392
2024-05-23,nifty50,NTPC.NS,0,0.2999525760532392
2024-05-23,nifty50,ONGC.NS,0,0.2999525760532392
2024-05-23,nifty50,POWERGRID.NS,0,0.2999525760532392
2024-05-23,nifty50,RELIANCE.NS,0,0.2999525760532392
2024-05-23,nifty50,SBIN.NS,0,0.2999525760532392
2024-05-23,nifty50,SHRIRAMFIN.NS,0,0.2999525760532392
2024-05-23,nifty50,SUNPHARMA.NS,1,0.2999525760532392
2024-05-23,nifty50,TATACONSUM.NS,2,0.2999525760532392
2024-05-23,nifty50,TATASTEEL.NS,1,0.2999525760532392
2024-05-23,nifty50,TCS.NS,1,0.2999525760532392
2024-05-23,nifty50,TECHM.NS,1,0.2999525760532392
2024-05-23,nifty50,TITAN.NS,0,0.2999525760532392
2024-05-23,nifty50,ULTRACEMCO.NS,3,0.2999525760532392
2024-05-23,nifty50,WIPRO.NS,1,0.2999525760532392
2024-06-24,nifty50,ADANIENT.NS,4,0.2033943106812722
2024-06-24,nifty50,ADANIPORTS.NS,2,0.2033943106812722
2024-06-24,nifty50,APOLLOHOSP.NS,4,0.2033943106812722
2024-06-24,nifty50,ASIANPAINT.NS,4,0.2033943106812722
2024-06-24,nifty50,AXISBANK.NS,2,0.2033943106812722
2024-06-24,nifty50,BAJAJ-AUTO.NS,4,0.2033943106812722
2024-06-24,nifty50,BAJAJFINSV.NS,3,0.2033943106812722
2024-06-24,nifty50,BAJFINANCE.NS,3,0.2033943106812722
2024-06-24,nifty50,BEL.NS,0,0.2033943106812722
2024-06-24,nifty50,BHARTIARTL.NS,0,0.2033943106812722
2024-06-24,nifty50,BPCL.NS,0,0.2033943106812722
2024-06-24,nifty50,BRITANNIA.NS,3,0.2033943106812722
2024-06-24,nifty50,CIPLA.NS,4,0.2033943106812722
2024-06-24,nifty50,DIVISLAB.NS,4,0.2033943106812722
2024-06-24,nifty50,DRREDDY.NS,4,0.2033943106812722
2024-06-24,nifty50,EICHERMOT.NS,4,0.2033943106812722
2024-06-24,nifty50,GRASIM.NS,4,0.2033943106812722
2024-06-24,nifty50,HCLTECH.NS,1,0.2033943106812722
2024-06-24,nifty50,HDFCBANK.NS,2,0.2033943106812722
2024-06-24,nifty50,HEROMOTOCO.NS,0,0.2033943106812722
2024-06-24,nifty50,HINDALCO.NS,4,0.2033943106812722
2024-06-24,nifty50,HINDUNILVR.NS,3,0.2033943106812722
2024-06-24,nifty50,ICICIBANK.NS,2,0.2033943106812722
2024-06-24,nifty50,INDUSINDBK.NS,2,0.2033943106812722
2024-06-24,nifty50,INFY.NS,1,0.2033943106812722
2024-06-24,nifty50,ITC.NS,3,0.2033943106812722
2024-06-24,nifty50,JSWSTEEL.NS,4,0.2033943106812722
2024-06-24,nifty50,KOTAKBANK.NS,2,0.2033943106812722
2024-06-24,nifty50,LT.NS,4,0.2033943106812722
2024-06-24,nifty50,M&M.NS,1,0.2033943106812722
2024-06-24,nifty50,MARUTI.NS,4,0.2033943106812722
2024-06-24,nifty50,NESTLEIND.NS,3,0.2033943106812722
2024-06-24,nifty50,NTPC.NS,0,0.2033943106812722
2024-06-24,nifty50,ONGC.NS,0,0.2033943106812722
2024-06-24,nifty50,POWERGRID.NS,0,0.2033943106812722
2024-06-24,nifty50,RELIANCE.NS,0,0.2033943106812722
2024-06-24,nifty50,SBIN.NS,2,0.2033943106812722
2024-06-24,nifty50,SHRIRAMFIN.NS,4,0.2033943106812722
2024-06-24,nifty50,SUNPHARMA.NS,4,0.2033943106812722
2024-06-24,nifty50,TATACONSUM.NS,3,0.2033943106812722
2024-06-24,nifty50,TATASTEEL.NS,4,0.2033943106812722
2024-06-24,nifty50,TCS.NS,1,0.2033943106812722
2024-06-24,nifty50,TECHM.NS,1,0.2033943106812722
2024-06-24,nifty50,TITAN.NS,0,0.2033943106812722
2024-06-24,nifty50,ULTRACEMCO.NS,4,0.2033943106812722
2024-06-24,nifty50,WIPRO.NS,1,0.2033943106812722
2024-07-24,nifty50,ADANIENT.NS,0,0.23249819727212753
2024-07-24,nifty50,ADANIPORTS.NS,0,0.23249819727212753
2024-07-24,nifty50,APOLLOHOSP.NS,2,0.23249819727212753
2024-07-24,nifty50,ASIANPAINT.NS,3,0.23249819727212753
2024-07-24,nifty50,AXISBANK.NS,0,0.23249819727212753
2024-07-24,nifty50,BAJAJ-AUTO.NS,2,0.23249819727212753
2024-07-24,nifty50,BAJAJFINSV.NS,1,0.23249819727212753
2024-07-24,nifty50,BAJFINANCE.NS,1,0.23249819727212753
2024-07-24,nifty50,BEL.NS,0,0.23249819727212753
2024-07-24,nifty50,BHARTIARTL.NS,0,0.23249819727212753
2024-07-24,nifty50,BPCL.NS,0,0.23249819727212753
2024-07-24,nifty50,BRITANNIA.NS,3,0.23249819727212753
2024-07-24,nifty50,CIPLA.NS,2,0.23249819727212753
2024-07-24,nifty50,DIVISLAB.NS,2,0.23249819727212753
2024-07-24,nifty50,DRREDDY.NS,2,0.23249819727212753
2024-07-24,nifty50,EICHERMOT.NS,0,0.23249819727212753
2024-07-24,nifty50,GRASIM.NS,3,0.23249819727212753
2024-07-24,nifty50,HCLTECH.NS,1,0.23249819727212753
2024-07-24,nifty50,HDFCBANK.NS,2,0.23249819727212753
2024-07-24,nifty50,HEROMOTOCO.NS,3,0.23249819727212753
2024-07-24,nifty50,HINDALCO.NS,2,0.23249819727212753
2024-07-24,nifty50,HINDUNILVR.NS,3,0.23249819727212753
2024-07-24,nifty50,ICICIBANK.NS,0,0.23249819727212753
2024-07-24,nifty50,INDUSINDBK.NS,2,0.23249819727212753
2024-07-24,nifty50,INFY.NS,1,0.23249819727212753
2024-07-24,nifty50,ITC.NS,3,0.23249819727212753
2024-07-24,nifty50,JSWSTEEL.NS,2,0.23249819727212753
2024-07-24,nifty50,KOTAKBANK.NS,0,0.23249819727212753
2024-07-24,nifty50,LT.NS,0,0.23249819727212753
2024-07-24,nifty50,M&M.NS,3,0.23249819727212753
2024-07-24,nifty50,MARUTI.NS,0,0.23249819727212753
2024-07-24,nifty50,NESTLEIND.NS,3,0.23249819727212753
2024-07-24,nifty50,NTPC.NS,0,0.23249819727212753
2024-07-24,nifty50,ONGC.NS,0,0.23249819727212753
2024-07-24,nifty50,POWERGRID.NS,0,0.23249819727212753
2024-07-24,nifty50,RELIANCE.NS,0,0.23249819727212753
2024-07-24,nifty50,SBIN.NS,0,0.23249819727212753
2024-07-24,nifty50,SHRIRAMFIN.NS,0,0.23249819727212753
2024-07-24,nifty50,SUNPHARMA.NS,2,0.23249819727212753
2024-07-24,nifty50,TATACONSUM.NS,3,0.23249819727212753
2024-07-24,nifty50,TATASTEEL.NS,2,0.23249819727212753
2024-07-24,nifty50,TCS.NS,1,0.23249819727212753
2024-07-24,nifty50,TECHM.NS,1,0.23249819727212753
2024-07-24,nifty50,TITAN.NS,3,0.23249819727212753
2024-07-24,nifty50,ULTRACEMCO.NS,3,0.23249819727212753
2024-07-24,nifty50,WIPRO.NS,1,0.23249819727212753
2024-08-23,nifty50,ADANIENT.NS,0,0.46421392026866165
2024-08-23,nifty50,ADANIPORTS.NS,0,0.46421392026866165
2024-08-23,nifty50,APOLLOHOSP.NS,3,0.46421392026866165
2024-08-23,nifty50,ASIANPAINT.NS,3,0.46421392026866165
2024-08-23,nifty50,AXISBANK.NS,2,0.46421392026866165
2024-08-23,nifty50,BAJAJ-AUTO.NS,3,0.46421392026866165
2024-08-23,nifty50,BAJAJFINSV.NS,1,0.46421392026866165
2024-08-23,nifty50,BAJFINANCE.NS,1,0.46421392026866165
2024-08-23,nifty50,BEL.NS,0,0.46421392026866165
2024-08-23,nifty50,BHARTIARTL.NS,0,0.46421392026866165
2024-08-23,nifty50,BPCL.NS,0,0.46421392026866165
2024-08-23,nifty50,BRITANNIA.NS,3,0.46421392026866165
2024-08-23,nifty50,CIPLA.NS,3,0.46421392026866165
2024-08-23,nifty50,DIVISLAB.NS,3,0.46421392026866165
2024-08-23,nifty50,DRREDDY.NS,3,0.46421392026866165
2024-08-23,nifty50,EICHERMOT.NS,4,0.46421392026866165
2024-08-23,nifty50,GRASIM.NS,4,0.46421392026866165
2024-08-23,nifty50,HCLTECH.NS,1,0.46421392026866165
2024-08-23,nifty50,HDFCBANK.NS,2,0.46421392026866165
2024-08-23,nifty50,HEROMOTOCO.NS,4,0.46421392026866165
2024-08-23,nifty50,HINDALCO.NS,3,0.46421392026866165
2024-08-23,nifty50,HINDUNILVR.NS,3,0.46421392026866165
2024-08-23,nifty50,ICICIBANK.NS,2,0.46421392026866165
2024-08-23,nifty50,INDUSINDBK.NS,2,0.46421392026866165
2024-08-23,nifty50,INFY.NS,1,0.46421392026866165
2024-08-23,nifty50,ITC.NS,4,0.46421392026866165
2024-08-23,nifty50,JSWSTEEL.NS,4,0.46421392026866165
2024-08-23,nifty50,KOTAKBANK.NS,2,0.46421392026866165
2024-08-23,nifty50,LT.NS,0,0.46421392026866165
2024-08-23,nifty50,M&M.NS,4,0.46421392026866165
2024-08-23,nifty50,MARUTI.NS,4,0.46421392026866165
2024-08-23,nifty50,NESTLEIND.NS,3,0.46421392026866165
2024-08-23,nifty50,NTPC.NS,0,0.46421392026866165
2024-08-23,nifty50,ONGC.NS,0,0.46421392026866165
2024-08-23,nifty50,POWERGRID.NS,0,0.46421392026866165
2024-08-23,nifty50,RELIANCE.NS,0,0.46421392026866165
2024-08-23,nifty50,SBIN.NS,0,0.46421392026866165
2024-08-23,nifty50,SHRIRAMFIN.NS,0,0.46421392026866165
2024-08-23,nifty50,SUNPHARMA.NS,3,0.46421392026866165
2024-08-23,nifty50,TATACONSUM.NS,3,0.46421392026866165
2024-08-23,nifty50,TATASTEEL.NS,4,0.46421392026866165
2024-08-23,nifty50,TCS.NS,1,0.46421392026866165
2024-08-23,nifty50,TECHM.NS,1,0.46421392026866165
2024-08-23,nifty50,TITAN.NS,4,0.46421392026866165
2024-08-23,nifty50,ULTRACEMCO.NS,4,0.46421392026866165
2024-08-23,nifty50,WIPRO.NS,1,0.46421392026866165
2024-09-23,nifty50,ADANIENT.NS,0,0.2750323958953525
2024-09-23,nifty50,ADANIPORTS.NS,0,0.2750323958953525
2024-09-23,nifty50,APOLLOHOSP.NS,0,0.2750323958953525
2024-09-23,nifty50,ASIANPAINT.NS,4,0.2750323958953525
2024-09-23,nifty50,AXISBANK.NS,2,0.2750323958953525
2024-09-23,nifty50,BAJAJ-AUTO.NS,4,0.2750323958953525
2024-09-23,nifty50,BAJAJFINSV.NS,2,0.2750323958953525
2024-09-23,nifty50,BAJFINANCE.NS,2,0.2750323958953525
2024-09-23,nifty50,BEL.NS,0,0.2750323958953525
2024-09-23,nifty50,BHARTIARTL.NS,0,0.2750323958953525
2024-09-23,nifty50,BPCL.NS,0,0.2750323958953525
2024-09-23,nifty50,BRITANNIA.NS,3,0.2750323958953525
2024-09-23,nifty50,CIPLA.NS,4,0.2750323958953525
2024-09-23,nifty50,DIVISLAB.NS,4,0.2750323958953525
2024-09-23,nifty50,DRREDDY.NS,4,0.2750323958953525
2024-09-23,nifty50,EICHERMOT.NS,0,0.2750323958953525
2024-09-23,nifty50,GRASIM.NS,4,0.2750323958953525
2024-09-23,nifty50,HCLTECH.NS,0,0.2750323958953525
2024-09-23,nifty50,HDFCBANK.NS,0,0.2750323958953525
2024-09-23,nifty50,HEROMOTOCO.NS,4,0.2750323958953525
2024-09-23,nifty50,HINDALCO.NS,4,0.2750323958953525
2024-09-23,nifty50,HINDUNILVR.NS,3,0.2750323958953525
2024-09-23,nifty50,ICICIBANK.NS,2,0.2750323958953525
2024-09-23,nifty50,INDUSINDBK.NS,2,0.2750323958953525
2024-09-23,nifty50,INFY.NS,0,0.2750323958953525
2024-09-23,nifty50,ITC.NS,3,0.2750323958953525
2024-09-23,nifty50,JSWSTEEL.NS,4,0.2750323958953525
2024-09-23,nifty50,KOTAKBANK.NS,2,0.2750323958953525
2024-09-23,nifty50,LT.NS,0,0.2750323958953525
2024-09-23,nifty50,M&M.NS,4,0.2750323958953525
2024-09-23,nifty50,MARUTI.NS,0,0.2750323958953525
2024-09-23,nifty50,NESTLEIND.NS,3,0.2750323958953525
2024-09-23,nifty50,NTPC.NS,0,0.2750323958953525
2024-09-23,nifty50,ONGC.NS,0,0.2750323958953525
2024-09-23,nifty50,POWERGRID.NS,0,0.2750323958953525
2024-09-23,nifty50,RELIANCE.NS,0,0.2750323958953525
2024-09-23,nifty50,SBIN.NS,2,0.2750323958953525
2024-09-23,nifty50,SHRIRAMFIN.NS,0,0.2750323958953525
2024-09-23,nifty50,SUNPHARMA.NS,4,0.2750323958953525
2024-09-23,nifty50,TATACONSUM.NS,3,0.2750323958953525
2024-09-23,nifty50,TATASTEEL.NS,4,0.2750323958953525
2024-09-23,nifty50,TCS.NS,0,0.2750323958953525
2024-09-23,nifty50,TECHM.NS,0,0.2750323958953525
2024-09-23,nifty50,TITAN.NS,3,0.2750323958953525
2024-09-23,nifty50,ULTRACEMCO.NS,3,0.2750323958953525
2024-09-23,nifty50,WIPRO.NS,0,0.2750323958953525
2024-10-23,nifty50,ADANIENT.NS,1,0.31350387621579456
2024-10-23,nifty50,ADANIPORTS.NS,1,0.31350387621579456
2024-10-23,nifty50,APOLLOHOSP.NS,3,0.31350387621579456
2024-10-23,nifty50,ASIANPAINT.NS,2,0.31350387621579456
2024-10-23,nifty50,AXISBANK.NS,3,0.31350387621579456
2024-10-23,nifty50,BAJAJ-AUTO.NS,4,0.31350387621579456
2024-10-23,nifty50,BAJAJFINSV.NS,3,0.31350387621579456
2024-10-23,nifty50,BAJFINANCE.NS,3,0.31350387621579456
2024-10-23,nifty50,BEL.NS,1,0.31350387621579456
2024-10-23,nifty50,BHARTIARTL.NS,2,0.31350387621579456
2024-10-23,nifty50,BPCL.NS,1,0.31350387621579456
2024-10-23,nifty50,BRITANNIA.NS,4,0.31350387621579456
2024-10-23,nifty50,CIPLA.NS,5,0.31350387621579456
2024-10-23,nifty50,DIVISLAB.NS,5,0.31350387621579456
2024-10-23,nifty50,DRREDDY.NS,5,0.31350387621579456
2024-10-23,nifty50,EICHERMOT.NS,2,0.31350387621579456
2024-10-23,nifty50,GRASIM.NS,2,0.31350387621579456
2024-10-23,nifty50,HCLTECH.NS,0,0.31350387621579456
2024-10-23,nifty50,HDFCBANK.NS,1,0.31350387621579456
2024-10-23,nifty50,HEROMOTOCO.NS,4,0.31350387621579456
2024-10-23,nifty50,HINDALCO.NS,5,0.31350387621579456
2024-10-23,nifty50,HINDUNILVR.NS,4,0.31350387621579456
2024-10-23,nifty50,ICICIBANK.NS,3,0.31350387621579456
2024-10-23,nifty50,INDUSINDBK.NS,3,0.31350387621579456
2024-10-23,nifty50,INFY.NS,0,0.31350387621579456
2024-10-23,nifty50,ITC.NS,2,0.31350387621579456
2024-10-23,nifty50,JSWSTEEL.NS,2,0.31350387621579456
2024-10-23,nifty50,KOTAKBANK.NS,3,0.31350387621579456
2024-10-23,nifty50,LT.NS,0,0.31350387621579456
2024-10-23,nifty50,M&M.NS,4,0.31350387621579456
2024-10-23,nifty50,MARUTI.NS,4,0.31350387621579456
2024-10-23,nifty50,NESTLEIND.NS,4,0.31350387621579456
2024-10-23,nifty50,NTPC.NS,1,0.31350387621579456
2024-10-23,nifty50,ONGC.NS,1,0.31350387621579456
2024-10-23,nifty50,POWERGRID.NS,1,0.31350387621579456
2024-10-23,nifty50,RELIANCE.NS,0,0.31350387621579456
2024-10-23,nifty50,SBIN.NS,3,0.31350387621579456
2024-10-23,nifty50,SHRIRAMFIN.NS,3,0.31350387621579456
2024-10-23,nifty50,SUNPHARMA.NS,5,0.31350387621579456
2024-10-23,nifty50,TATACONSUM.NS,4,0.31350387621579456
2024-10-23,nifty50,TATASTEEL.NS,5,0.31350387621579456
2024-10-23,nifty50,TCS.NS,0,0.31350387621579456
2024-10-23,nifty50,TECHM.NS,0,0.31350387621579456
2024-10-23,nifty50,TITAN.NS,2,0.31350387621579456
2024-10-23,nifty50,ULTRACEMCO.NS,2,0.31350387621579456
2024-10-23,nifty50,WIPRO.NS,0,0.31350387621579456
2024-11-25,nifty50,ADANIENT.NS,1,0.5028494928553499
2024-11-25,nifty50,ADANIPORTS.NS,1,0.5028494928553499
2024-11-25,nifty50,APOLLOHOSP.NS,1,0.5028494928553499
2024-11-25,nifty50,ASIANPAINT.NS,2,0.5028494928553499
2024-11-25,nifty50,AXISBANK.NS,1,0.5028494928553499
2024-11-25,nifty50,BAJAJ-AUTO.NS,2,0.5028494928553499
2024-11-25,nifty50,BAJAJFINSV.NS,1,0.5028494928553499
2024-11-25,nifty50,BAJFINANCE.NS,1,0.5028494928553499
2024-11-25,nifty50,BEL.NS,3,0.5028494928553499
2024-11-25,nifty50,BHARTIARTL.NS,2,0.5028494928553499
2024-11-25,nifty50,BPCL.NS,3,0.5028494928553499
2024-11-25,nifty50,BRITANNIA.NS,2,0.5028494928553499
2024-11-25,nifty50,CIPLA.NS,4,0.5028494928553499
2024-11-25,nifty50,DIVISLAB.NS,4,0.5028494928553499
2024-11-25,nifty50,DRREDDY.NS,4,0.5028494928553499
2024-11-25,nifty50,EICHERMOT.NS,4,0.5028494928553499
2024-11-25,nifty50,GRASIM.NS,4,0.5028494928553499
2024-11-25,nifty50,HCLTECH.NS,0,0.5028494928553499
2024-11-25,nifty50,HDFCBANK.NS,1,0.5028494928553499
2024-11-25,nifty50,HEROMOTOCO.NS,2,0.5028494928553499
2024-11-25,nifty50,HINDALCO.NS,4,0.5028494928553499
2024-11-25,nifty50,HINDUNILVR.NS,2,0.5028494928553499
2024-11-25,nifty50,ICICIBANK.NS,1,0.5028494928553499
2024-11-25,nifty50,INDUSINDBK.NS,1,0.5028494928553499
2024-11-25,nifty50,INFY.NS,0,0.5028494928553499
2024-11-25,nifty50,ITC.NS,2,0.5028494928553499
2024-11-25,nifty50,JSWSTEEL.NS,4,0.5028494928553499
2024-11-25,nifty50,KOTAKBANK.NS,1,0.5028494928553499
2024-11-25,nifty50,LT.NS,0,0.5028494928553499
2024-11-25,nifty50,M&M.NS,4,0.5028494928553499
2024-11-25,nifty50,MARUTI.NS,2,0.5028494928553499
2024-11-25,nifty50,NESTLEIND.NS,2,0.5028494928553499
2024-11-25,nifty50,NTPC.NS,4,0.5028494928553499
2024-11-25,nifty50,ONGC.NS,3,0.5028494928553499
2024-11-25,nifty50,POWERGRID.NS,4,0.5028494928553499
2024-11-25,nifty50,RELIANCE.NS,0,0.5028494928553499
2024-11-25,nifty50,SBIN.NS,1,0.5028494928553499
2024-11-25,nifty50,SHRIRAMFIN.NS,1,0.5028494928553499
2024-11-25,nifty50,SUNPHARMA.NS,4,0.5028494928553499
2024-11-25,nifty50,TATACONSUM.NS,2,0.5028494928553499
2024-11-25,nifty50,TATASTEEL.NS,4,0.5028494928553499
2024-11-25,nifty50,TCS.NS,0,0.5028494928553499
2024-11-25,nifty50,TECHM.NS,0,0.5028494928553499
2024-11-25,nifty50,TITAN.NS,2,0.5028494928553499
2024-11-25,nifty50,ULTRACEMCO.NS,4,0.5028494928553499
2024-11-25,nifty50,WIPRO.NS,0,0.5028494928553499
2024-12-24,nifty50,ADANIENT.NS,5,0.427811765999493
2024-12-24,nifty50,ADANIPORTS.NS,5,0.427811765999493
2024-12-24,nifty50,APOLLOHOSP.NS,2,0.427811765999493
2024-12-24,nifty50,ASIANPAINT.NS,4,0.427811765999493
2024-12-24,nifty50,AXISBANK.NS,2,0.427811765999493
2024-12-24,nifty50,BAJAJ-AUTO.NS,3,0.427811765999493
2024-12-24,nifty50,BAJAJFINSV.NS,2,0.427811765999493
2024-12-24,nifty50,BAJFINANCE.NS,2,0.427811765999493
2024-12-24,nifty50,BEL.NS,5,0.427811765999493
2024-12-24,nifty50,BHARTIARTL.NS,3,0.427811765999493
2024-12-24,nifty50,BPCL.NS,2,0.427811765999493
2024-12-24,nifty50,BRITANNIA.NS,4,0.427811765999493
2024-12-24,nifty50,CIPLA.NS,3,0.427811765999493
2024-12-24,nifty50,DIVISLAB.NS,3,0.427811765999493
2024-12-24,nifty50,DRREDDY.NS,3,0.427811765999493
2024-12-24,nifty50,EICHERMOT.NS,0,0.427811765999493
2024-12-24,nifty50,GRASIM.NS,0,0.427811765999493
2024-12-24,nifty50,HCLTECH.NS,1,0.427811765999493
2024-12-24,nifty50,HDFCBANK.NS,2,0.427811765999493
2024-12-24,nifty50,HEROMOTOCO.NS,3,0.427811765999493
2024-12-24,nifty50,HINDALCO.NS,0,0.427811765999493
2024-12-24,nifty50,HINDUNILVR.NS,4,0.427811765999493
2024-12-24,nifty50,ICICIBANK.NS,2,0.427811765999493
2024-12-24,nifty50,INDUSINDBK.NS,2,0.427811765999493
2024-12-24,nifty50,INFY.NS,1,0.427811765999493
2024-12-24,nifty50,ITC.NS,4,0.427811765999493
2024-12-24,nifty50,JSWSTEEL.NS,0,0.427811765999493
2024-12-24,nifty50,KOTAKBANK.NS,2,0.427811765999493
2024-12-24,nifty50,LT.NS,0,0.427811765999493
2024-12-24,nifty50,M&M.NS,3,0.427811765999493
2024-12-24,nifty50,MARUTI.NS,3,0.427811765999493
2024-12-24,nifty50,NESTLEIND.NS,4,0.427811765999493
2024-12-24,nifty50,NTPC.NS,5,0.427811765999493
2024-12-24,nifty50,ONGC.NS,0,0.427811765999493
2024-12-24,nifty50,POWERGRID.NS,5,0.427811765999493
2024-12-24,nifty50,RELIANCE.NS,0,0.427811765999493
2024-12-24,nifty50,SBIN.NS,5,0.427811765999493
2024-12-24,nifty50,SHRIRAMFIN.NS,2,0.427811765999493
2024-12-24,nifty50,SUNPHARMA.NS,3,0.427811765999493
2024-12-24,nifty50,TATACONSUM.NS,4,0.427811765999493
2024-12-24,nifty50,TATASTEEL.NS,0,0.427811765999493
2024-12-24,nifty50,TCS.NS,1,0.427811765999493
2024-12-24,nifty50,TECHM.NS,1,0.427811765999493
2024-12-24,nifty50,TITAN.NS,4,0.427811765999493
2024-12-24,nifty50,ULTRACEMCO.NS,3,0.427811765999493
2024-12-24,nifty50,WIPRO.NS,1,0.427811765999493
